Mouse: 1011, 436 | UIA: None | EW: PySide6.QtCore.QRect(828, 344, 874, 767)
Mouse: 982, 434 | UIA: None | EW: PySide6.QtCore.QRect(828, 344, 874, 767)
Mouse: 980, 432 | UIA: None | EW: PySide6.QtCore.QRect(828, 344, 874, 767)
Mouse: 970, 429 | UIA: None | EW: PySide6.QtCore.QRect(828, 344, 874, 767)
Mouse: 963, 428 | UIA: None | EW: PySide6.QtCore.QRect(828, 344, 874, 767)
Mouse: 956, 424 | UIA: None | EW: PySide6.QtCore.QRect(828, 344, 874, 767)
Mouse: 948, 422 | UIA: None | EW: PySide6.QtCore.QRect(828, 344, 874, 767)
Mouse: 944, 418 | UIA: None | EW: PySide6.QtCore.QRect(828, 344, 874, 767)
Mouse: 938, 418 | UIA: None | EW: PySide6.QtCore.QRect(828, 344, 874, 767)
Mouse: 934, 416 | UIA: None | EW: PySide6.QtCore.QRect(828, 344, 874, 767)
Mouse: 930, 414 | UIA: None | EW: PySide6.QtCore.QRect(828, 344, 874, 767)
Mouse: 926, 412 | UIA: None | EW: PySide6.QtCore.QRect(828, 344, 874, 767)
Mouse: 922, 411 | UIA: None | EW: PySide6.QtCore.QRect(828, 344, 874, 767)
Mouse: 920, 410 | UIA: None | EW: PySide6.QtCore.QRect(828, 344, 874, 767)
Mouse: 918, 410 | UIA: None | EW: PySide6.QtCore.QRect(828, 344, 874, 767)
Mouse: 916, 410 | UIA: None | EW: PySide6.QtCore.QRect(828, 344, 874, 767)
Mouse: 915, 408 | UIA: None | EW: PySide6.QtCore.QRect(828, 344, 874, 767)
Mouse: 914, 406 | UIA: None | EW: PySide6.QtCore.QRect(828, 344, 874, 767)
Mouse: 912, 406 | UIA: None | EW: PySide6.QtCore.QRect(828, 344, 874, 767)
Mouse: 912, 406 | UIA: None | EW: PySide6.QtCore.QRect(828, 344, 874, 767)
Mouse: 912, 405 | UIA: None | EW: PySide6.QtCore.QRect(828, 344, 874, 767)
Mouse: 922, 406 | UIA: None | EW: PySide6.QtCore.QRect(828, 344, 874, 767)
Mouse: 952, 416 | UIA: None | EW: PySide6.QtCore.QRect(828, 344, 874, 767)
Mouse: 986, 424 | UIA: None | EW: PySide6.QtCore.QRect(828, 344, 874, 767)
Mouse: 1000, 430 | UIA: None | EW: PySide6.QtCore.QRect(828, 344, 874, 767)
Mouse: 1532, 386 | UIA: None | EW: PySide6.QtCore.QRect(1455, 100, 1280, 728)
Mouse: 1551, 362 | UIA: None | EW: PySide6.QtCore.QRect(1455, 100, 1280, 728)
Mouse: 1566, 346 | UIA: None | EW: PySide6.QtCore.QRect(1455, 100, 1280, 728)
Mouse: 1580, 330 | UIA: None | EW: PySide6.QtCore.QRect(1455, 100, 1280, 728)
Mouse: 1584, 318 | UIA: None | EW: PySide6.QtCore.QRect(1455, 100, 1280, 728)
Mouse: 1588, 316 | UIA: None | EW: PySide6.QtCore.QRect(1455, 100, 1280, 728)
Mouse: 1594, 312 | UIA: None | EW: PySide6.QtCore.QRect(1455, 100, 1280, 728)
Mouse: 1628, 296 | UIA: None | EW: PySide6.QtCore.QRect(1610, 117, 270, 210)
Mouse: 1660, 279 | UIA: None | EW: PySide6.QtCore.QRect(1610, 117, 270, 210)
Mouse: 1684, 266 | UIA: None | EW: PySide6.QtCore.QRect(1610, 117, 270, 210)
Mouse: 1696, 260 | UIA: None | EW: PySide6.QtCore.QRect(1610, 117, 270, 210)
Mouse: 1716, 248 | UIA: None | EW: PySide6.QtCore.QRect(1610, 117, 270, 210)
Mouse: 1734, 236 | UIA: None | EW: PySide6.QtCore.QRect(1610, 117, 270, 210)
Mouse: 1746, 226 | UIA: None | EW: PySide6.QtCore.QRect(1610, 117, 270, 210)
Mouse: 1758, 218 | UIA: None | EW: PySide6.QtCore.QRect(1610, 117, 270, 210)
Mouse: 1772, 208 | UIA: None | EW: PySide6.QtCore.QRect(1610, 117, 270, 210)
Mouse: 1778, 204 | UIA: None | EW: PySide6.QtCore.QRect(1610, 117, 270, 210)
Mouse: 1792, 196 | UIA: None | EW: PySide6.QtCore.QRect(1610, 117, 270, 210)
Mouse: 1806, 186 | UIA: None | EW: PySide6.QtCore.QRect(1610, 117, 270, 210)
Mouse: 1816, 178 | UIA: None | EW: PySide6.QtCore.QRect(1610, 117, 270, 210)
Mouse: 1822, 174 | UIA: None | EW: PySide6.QtCore.QRect(1610, 117, 270, 210)
Mouse: 1828, 170 | UIA: None | EW: PySide6.QtCore.QRect(1610, 117, 270, 210)
Mouse: 1836, 165 | UIA: None | EW: PySide6.QtCore.QRect(1610, 117, 270, 210)
Mouse: 1840, 160 | UIA: None | EW: PySide6.QtCore.QRect(1610, 117, 270, 210)
Mouse: 1844, 158 | UIA: None | EW: PySide6.QtCore.QRect(1610, 117, 270, 210)
Mouse: 1846, 156 | UIA: None | EW: PySide6.QtCore.QRect(1610, 117, 270, 210)
Mouse: 1846, 154 | UIA: None | EW: PySide6.QtCore.QRect(1610, 117, 270, 210)
Mouse: 1848, 154 | UIA: None | EW: PySide6.QtCore.QRect(1610, 117, 270, 210)
Mouse: 1850, 153 | UIA: None | EW: PySide6.QtCore.QRect(1610, 117, 270, 210)
Mouse: 1850, 152 | UIA: None | EW: PySide6.QtCore.QRect(1610, 117, 270, 210)
Mouse: 1851, 152 | UIA: None | EW: PySide6.QtCore.QRect(1610, 117, 270, 210)
Mouse: 1851, 152 | UIA: None | EW: PySide6.QtCore.QRect(1610, 117, 270, 210)
Mouse: 1852, 152 | UIA: None | EW: PySide6.QtCore.QRect(1610, 117, 270, 210)
Mouse: 1852, 152 | UIA: None | EW: PySide6.QtCore.QRect(1610, 117, 270, 210)
Mouse: 1852, 153 | UIA: None | EW: PySide6.QtCore.QRect(1610, 117, 270, 210)
Mouse: 1852, 154 | UIA: None | EW: PySide6.QtCore.QRect(1610, 117, 270, 210)
Mouse: 1850, 154 | UIA: None | EW: PySide6.QtCore.QRect(1610, 117, 270, 210)
Mouse: 1848, 156 | UIA: None | EW: PySide6.QtCore.QRect(1610, 117, 270, 210)
Mouse: 1846, 158 | UIA: None | EW: PySide6.QtCore.QRect(1610, 117, 270, 210)
Mouse: 1845, 159 | UIA: None | EW: PySide6.QtCore.QRect(1610, 117, 270, 210)
Mouse: 1844, 160 | UIA: None | EW: PySide6.QtCore.QRect(1610, 117, 270, 210)
Mouse: 1842, 160 | UIA: None | EW: PySide6.QtCore.QRect(1610, 117, 270, 210)
Mouse: 1840, 162 | UIA: None | EW: PySide6.QtCore.QRect(1610, 117, 270, 210)
Mouse: 1838, 164 | UIA: None | EW: PySide6.QtCore.QRect(1610, 117, 270, 210)
Mouse: 1836, 164 | UIA: None | EW: PySide6.QtCore.QRect(1610, 117, 270, 210)
Mouse: 1833, 165 | UIA: None | EW: PySide6.QtCore.QRect(1610, 117, 270, 210)
Mouse: 1832, 166 | UIA: None | EW: PySide6.QtCore.QRect(1610, 117, 270, 210)
Mouse: 1832, 166 | UIA: None | EW: PySide6.QtCore.QRect(1610, 117, 270, 210)
Mouse: 1828, 168 | UIA: None | EW: PySide6.QtCore.QRect(1610, 117, 270, 210)
Mouse: 1828, 168 | UIA: None | EW: PySide6.QtCore.QRect(1610, 117, 270, 210)
Mouse: 1827, 170 | UIA: None | EW: PySide6.QtCore.QRect(1610, 117, 270, 210)
Mouse: 1826, 170 | UIA: None | EW: PySide6.QtCore.QRect(1610, 117, 270, 210)
Mouse: 1826, 170 | UIA: None | EW: PySide6.QtCore.QRect(1610, 117, 270, 210)
Mouse: 1824, 170 | UIA: None | EW: PySide6.QtCore.QRect(1610, 117, 270, 210)
Mouse: 1822, 171 | UIA: None | EW: PySide6.QtCore.QRect(1610, 117, 270, 210)
Mouse: 1821, 172 | UIA: None | EW: PySide6.QtCore.QRect(1610, 117, 270, 210)
Mouse: 1820, 172 | UIA: None | EW: PySide6.QtCore.QRect(1610, 117, 270, 210)
Mouse: 1820, 172 | UIA: None | EW: PySide6.QtCore.QRect(1610, 117, 270, 210)
Mouse: 1820, 174 | UIA: None | EW: PySide6.QtCore.QRect(1610, 117, 270, 210)
Mouse: 1818, 174 | UIA: None | EW: PySide6.QtCore.QRect(1610, 117, 270, 210)
Mouse: 1816, 176 | UIA: None | EW: PySide6.QtCore.QRect(1610, 117, 270, 210)
Mouse: 1816, 176 | UIA: None | EW: PySide6.QtCore.QRect(1610, 117, 270, 210)
Mouse: 1815, 176 | UIA: None | EW: PySide6.QtCore.QRect(1610, 117, 270, 210)
Mouse: 1815, 176 | UIA: None | EW: PySide6.QtCore.QRect(1610, 117, 270, 210)
Mouse: 1814, 176 | UIA: None | EW: PySide6.QtCore.QRect(1610, 117, 270, 210)
Mouse: 1814, 177 | UIA: None | EW: PySide6.QtCore.QRect(1610, 117, 270, 210)
Mouse: 1030, 392 | UIA: None | EW: PySide6.QtCore.QRect(828, 344, 874, 767)
Mouse: 1041, 388 | UIA: None | EW: PySide6.QtCore.QRect(828, 344, 874, 767)
Mouse: 1062, 380 | UIA: None | EW: PySide6.QtCore.QRect(828, 344, 874, 767)
Mouse: 1071, 376 | UIA: None | EW: PySide6.QtCore.QRect(828, 344, 874, 767)
Mouse: 1088, 370 | UIA: None | EW: PySide6.QtCore.QRect(828, 344, 874, 767)
Mouse: 1102, 368 | UIA: None | EW: PySide6.QtCore.QRect(828, 344, 874, 767)
Mouse: 1116, 363 | UIA: None | EW: PySide6.QtCore.QRect(828, 344, 874, 767)
Mouse: 1126, 362 | UIA: None | EW: PySide6.QtCore.QRect(828, 344, 874, 767)
Mouse: 1138, 358 | UIA: None | EW: PySide6.QtCore.QRect(828, 344, 874, 767)
Mouse: 1149, 358 | UIA: None | EW: PySide6.QtCore.QRect(828, 344, 874, 767)
Mouse: 1152, 358 | UIA: None | EW: PySide6.QtCore.QRect(828, 344, 874, 767)
Mouse: 1156, 358 | UIA: None | EW: PySide6.QtCore.QRect(828, 344, 874, 767)
Mouse: 1162, 357 | UIA: None | EW: PySide6.QtCore.QRect(828, 344, 874, 767)
Mouse: 1168, 356 | UIA: None | EW: PySide6.QtCore.QRect(828, 344, 874, 767)
Mouse: 1176, 356 | UIA: None | EW: PySide6.QtCore.QRect(828, 344, 874, 767)
Mouse: 1179, 354 | UIA: None | EW: PySide6.QtCore.QRect(828, 344, 874, 767)
Mouse: 1182, 354 | UIA: None | EW: PySide6.QtCore.QRect(828, 344, 874, 767)
Mouse: 1190, 352 | UIA: None | EW: PySide6.QtCore.QRect(828, 344, 874, 767)
Mouse: 1192, 352 | UIA: None | EW: PySide6.QtCore.QRect(828, 344, 874, 767)
Mouse: 1198, 352 | UIA: None | EW: PySide6.QtCore.QRect(828, 344, 874, 767)
Mouse: 1208, 352 | UIA: None | EW: PySide6.QtCore.QRect(828, 344, 874, 767)
Mouse: 1215, 352 | UIA: None | EW: PySide6.QtCore.QRect(828, 344, 874, 767)
Mouse: 1224, 352 | UIA: None | EW: PySide6.QtCore.QRect(828, 344, 874, 767)
Mouse: 1227, 354 | UIA: None | EW: PySide6.QtCore.QRect(828, 344, 874, 767)
Mouse: 1234, 354 | UIA: None | EW: PySide6.QtCore.QRect(828, 344, 874, 767)
Mouse: 1240, 356 | UIA: None | EW: PySide6.QtCore.QRect(828, 344, 874, 767)
Mouse: 1244, 356 | UIA: None | EW: PySide6.QtCore.QRect(828, 344, 874, 767)
Mouse: 1250, 356 | UIA: None | EW: PySide6.QtCore.QRect(828, 344, 874, 767)
Mouse: 1252, 357 | UIA: None | EW: PySide6.QtCore.QRect(828, 344, 874, 767)
Mouse: 1254, 357 | UIA: None | EW: PySide6.QtCore.QRect(828, 344, 874, 767)
Mouse: 1256, 357 | UIA: None | EW: PySide6.QtCore.QRect(828, 344, 874, 767)
Mouse: 1258, 357 | UIA: None | EW: PySide6.QtCore.QRect(828, 344, 874, 767)
Mouse: 1262, 358 | UIA: None | EW: PySide6.QtCore.QRect(828, 344, 874, 767)
Mouse: 1263, 358 | UIA: None | EW: PySide6.QtCore.QRect(828, 344, 874, 767)
Mouse: 1264, 358 | UIA: None | EW: PySide6.QtCore.QRect(828, 344, 874, 767)
Mouse: 1264, 358 | UIA: None | EW: PySide6.QtCore.QRect(828, 344, 874, 767)
Mouse: 1266, 358 | UIA: None | EW: PySide6.QtCore.QRect(828, 344, 874, 767)
Mouse: 1268, 358 | UIA: None | EW: PySide6.QtCore.QRect(828, 344, 874, 767)
Mouse: 1268, 358 | UIA: None | EW: PySide6.QtCore.QRect(828, 344, 874, 767)
Mouse: 1269, 358 | UIA: None | EW: PySide6.QtCore.QRect(828, 344, 874, 767)
Mouse: 1270, 358 | UIA: None | EW: PySide6.QtCore.QRect(828, 344, 874, 767)
Mouse: 1270, 358 | UIA: None | EW: PySide6.QtCore.QRect(828, 344, 874, 767)
Mouse: 1270, 357 | UIA: None | EW: PySide6.QtCore.QRect(828, 344, 874, 767)
Mouse: 1270, 356 | UIA: None | EW: PySide6.QtCore.QRect(828, 344, 874, 767)
Mouse: 1270, 356 | UIA: None | EW: PySide6.QtCore.QRect(828, 344, 874, 767)
Mouse: 1268, 356 | UIA: None | EW: PySide6.QtCore.QRect(828, 344, 874, 767)
Mouse: 1263, 360 | UIA: None | EW: PySide6.QtCore.QRect(828, 344, 874, 767)
Mouse: 1256, 364 | UIA: None | EW: PySide6.QtCore.QRect(828, 344, 874, 767)
Mouse: 1246, 370 | UIA: None | EW: PySide6.QtCore.QRect(828, 344, 874, 767)
Mouse: 1234, 380 | UIA: None | EW: PySide6.QtCore.QRect(828, 344, 874, 767)
Mouse: 1222, 388 | UIA: None | EW: PySide6.QtCore.QRect(828, 344, 874, 767)
Mouse: 1209, 398 | UIA: None | EW: PySide6.QtCore.QRect(828, 344, 874, 767)
Mouse: 1196, 408 | UIA: None | EW: PySide6.QtCore.QRect(828, 344, 874, 767)
Mouse: 1179, 418 | UIA: None | EW: PySide6.QtCore.QRect(828, 344, 874, 767)
Mouse: 1173, 423 | UIA: None | EW: PySide6.QtCore.QRect(828, 344, 874, 767)
Mouse: 1080, 393 | UIA: None | EW: PySide6.QtCore.QRect(828, 344, 874, 767)
Mouse: 1100, 390 | UIA: None | EW: PySide6.QtCore.QRect(828, 344, 874, 767)
Mouse: 1114, 387 | UIA: None | EW: PySide6.QtCore.QRect(828, 344, 874, 767)
Mouse: 1131, 382 | UIA: None | EW: PySide6.QtCore.QRect(828, 344, 874, 767)
Mouse: 1180, 376 | UIA: None | EW: PySide6.QtCore.QRect(828, 344, 874, 767)
Mouse: 1224, 372 | UIA: None | EW: PySide6.QtCore.QRect(828, 344, 874, 767)
Mouse: 1245, 369 | UIA: None | EW: PySide6.QtCore.QRect(828, 344, 874, 767)
Mouse: 1262, 368 | UIA: None | EW: PySide6.QtCore.QRect(828, 344, 874, 767)
Mouse: 1280, 368 | UIA: None | EW: PySide6.QtCore.QRect(828, 344, 874, 767)
Mouse: 1292, 368 | UIA: None | EW: PySide6.QtCore.QRect(828, 344, 874, 767)
Mouse: 1298, 368 | UIA: None | EW: PySide6.QtCore.QRect(828, 344, 874, 767)
Mouse: 1306, 369 | UIA: None | EW: PySide6.QtCore.QRect(828, 344, 874, 767)
Mouse: 1310, 370 | UIA: None | EW: PySide6.QtCore.QRect(828, 344, 874, 767)
Mouse: 1312, 370 | UIA: None | EW: PySide6.QtCore.QRect(828, 344, 874, 767)
Mouse: 1314, 370 | UIA: None | EW: PySide6.QtCore.QRect(828, 344, 874, 767)
Mouse: 1316, 370 | UIA: None | EW: PySide6.QtCore.QRect(828, 344, 874, 767)
Mouse: 1317, 370 | UIA: None | EW: PySide6.QtCore.QRect(828, 344, 874, 767)
Mouse: 1318, 370 | UIA: None | EW: PySide6.QtCore.QRect(828, 344, 874, 767)
Mouse: 1318, 372 | UIA: None | EW: PySide6.QtCore.QRect(828, 344, 874, 767)
Mouse: 1320, 372 | UIA: None | EW: PySide6.QtCore.QRect(828, 344, 874, 767)
Mouse: 1322, 372 | UIA: None | EW: PySide6.QtCore.QRect(828, 344, 874, 767)
Mouse: 1323, 372 | UIA: None | EW: PySide6.QtCore.QRect(828, 344, 874, 767)
Mouse: 1324, 374 | UIA: None | EW: PySide6.QtCore.QRect(828, 344, 874, 767)
Mouse: 1328, 374 | UIA: None | EW: PySide6.QtCore.QRect(828, 344, 874, 767)
Mouse: 1328, 374 | UIA: None | EW: PySide6.QtCore.QRect(828, 344, 874, 767)
Mouse: 1330, 374 | UIA: None | EW: PySide6.QtCore.QRect(828, 344, 874, 767)
Mouse: 1332, 375 | UIA: None | EW: PySide6.QtCore.QRect(828, 344, 874, 767)
Mouse: 1334, 376 | UIA: None | EW: PySide6.QtCore.QRect(828, 344, 874, 767)
Mouse: 1335, 376 | UIA: None | EW: PySide6.QtCore.QRect(828, 344, 874, 767)
Mouse: 1336, 376 | UIA: None | EW: PySide6.QtCore.QRect(828, 344, 874, 767)
Mouse: 1336, 376 | UIA: None | EW: PySide6.QtCore.QRect(828, 344, 874, 767)
Mouse: 1338, 376 | UIA: None | EW: PySide6.QtCore.QRect(828, 344, 874, 767)
Mouse: 1340, 376 | UIA: None | EW: PySide6.QtCore.QRect(828, 344, 874, 767)
Mouse: 1340, 376 | UIA: None | EW: PySide6.QtCore.QRect(828, 344, 874, 767)
Mouse: 1341, 378 | UIA: None | EW: PySide6.QtCore.QRect(828, 344, 874, 767)
Mouse: 1342, 378 | UIA: None | EW: PySide6.QtCore.QRect(828, 344, 874, 767)
Mouse: 1342, 378 | UIA: None | EW: PySide6.QtCore.QRect(828, 344, 874, 767)
Mouse: 1342, 380 | UIA: None | EW: PySide6.QtCore.QRect(828, 344, 874, 767)
Mouse: 1342, 380 | UIA: None | EW: PySide6.QtCore.QRect(828, 344, 874, 767)
Mouse: 1341, 380 | UIA: None | EW: PySide6.QtCore.QRect(828, 344, 874, 767)
Mouse: 1338, 380 | UIA: None | EW: PySide6.QtCore.QRect(828, 344, 874, 767)
Mouse: 1330, 382 | UIA: None | EW: PySide6.QtCore.QRect(828, 344, 874, 767)
Mouse: 1320, 388 | UIA: None | EW: PySide6.QtCore.QRect(828, 344, 874, 767)
Mouse: 1300, 394 | UIA: None | EW: PySide6.QtCore.QRect(828, 344, 874, 767)
Mouse: 1275, 405 | UIA: None | EW: PySide6.QtCore.QRect(828, 344, 874, 767)
Mouse: 1246, 414 | UIA: None | EW: PySide6.QtCore.QRect(828, 344, 874, 767)
Mouse: 1214, 424 | UIA: None | EW: PySide6.QtCore.QRect(828, 344, 874, 767)
Mouse: 1178, 436 | UIA: None | EW: PySide6.QtCore.QRect(828, 344, 874, 767)
Mouse: 1198, 524 | UIA: None | EW: PySide6.QtCore.QRect(828, 344, 874, 767)
Mouse: 1182, 524 | UIA: None | EW: PySide6.QtCore.QRect(828, 344, 874, 767)
Mouse: 992, 394 | UIA: None | EW: PySide6.QtCore.QRect(828, 344, 874, 767)
Mouse: 988, 394 | UIA: None | EW: PySide6.QtCore.QRect(828, 344, 874, 767)
Mouse: 988, 394 | UIA: None | EW: PySide6.QtCore.QRect(828, 344, 874, 767)
Mouse: 987, 394 | UIA: None | EW: PySide6.QtCore.QRect(828, 344, 874, 767)
Mouse: 986, 394 | UIA: None | EW: PySide6.QtCore.QRect(828, 344, 874, 767)
Mouse: 986, 394 | UIA: None | EW: PySide6.QtCore.QRect(828, 344, 874, 767)
Mouse: 984, 394 | UIA: None | EW: PySide6.QtCore.QRect(828, 344, 874, 767)
Mouse: 982, 394 | UIA: None | EW: PySide6.QtCore.QRect(828, 344, 874, 767)
Mouse: 982, 394 | UIA: None | EW: PySide6.QtCore.QRect(828, 344, 874, 767)
Mouse: 984, 394 | UIA: None | EW: PySide6.QtCore.QRect(828, 344, 874, 767)
Mouse: 1164, 434 | UIA: None | EW: PySide6.QtCore.QRect(828, 344, 874, 767)
Mouse: 1166, 434 | UIA: None | EW: PySide6.QtCore.QRect(828, 344, 874, 767)
Mouse: 1167, 434 | UIA: None | EW: PySide6.QtCore.QRect(828, 344, 874, 767)
Mouse: 1168, 434 | UIA: None | EW: PySide6.QtCore.QRect(828, 344, 874, 767)
Mouse: 1168, 434 | UIA: None | EW: PySide6.QtCore.QRect(828, 344, 874, 767)
Mouse: 1170, 434 | UIA: None | EW: PySide6.QtCore.QRect(828, 344, 874, 767)
Mouse: 1170, 434 | UIA: None | EW: PySide6.QtCore.QRect(828, 344, 874, 767)
Mouse: 1170, 432 | UIA: None | EW: PySide6.QtCore.QRect(828, 344, 874, 767)
Mouse: 1170, 430 | UIA: None | EW: PySide6.QtCore.QRect(828, 344, 874, 767)
Mouse: 1170, 430 | UIA: None | EW: PySide6.QtCore.QRect(828, 344, 874, 767)
Mouse: 1168, 430 | UIA: None | EW: PySide6.QtCore.QRect(828, 344, 874, 767)
Mouse: 1168, 429 | UIA: None | EW: PySide6.QtCore.QRect(828, 344, 874, 767)
Mouse: 1167, 429 | UIA: None | EW: PySide6.QtCore.QRect(828, 344, 874, 767)
Mouse: 1166, 428 | UIA: None | EW: PySide6.QtCore.QRect(828, 344, 874, 767)
Mouse: 1162, 426 | UIA: PySide6.QtCore.QRect(672, 441, 480, 600) | EW: PySide6.QtCore.QRect(828, 344, 874, 767)
Mouse: 1170, 484 | UIA: None | EW: PySide6.QtCore.QRect(828, 344, 874, 767)
Mouse: 1179, 477 | UIA: None | EW: PySide6.QtCore.QRect(828, 344, 874, 767)
Mouse: 1184, 472 | UIA: None | EW: PySide6.QtCore.QRect(828, 344, 874, 767)
Mouse: 1188, 468 | UIA: None | EW: PySide6.QtCore.QRect(828, 344, 874, 767)
Mouse: 1196, 464 | UIA: None | EW: PySide6.QtCore.QRect(828, 344, 874, 767)
Mouse: 1204, 456 | UIA: None | EW: PySide6.QtCore.QRect(828, 344, 874, 767)
Mouse: 1216, 448 | UIA: None | EW: PySide6.QtCore.QRect(828, 344, 874, 767)
Mouse: 1228, 441 | UIA: None | EW: PySide6.QtCore.QRect(828, 344, 874, 767)
Mouse: 1239, 436 | UIA: None | EW: PySide6.QtCore.QRect(828, 344, 874, 767)
Mouse: 1246, 434 | UIA: None | EW: PySide6.QtCore.QRect(828, 344, 874, 767)
Mouse: 1250, 430 | UIA: None | EW: PySide6.QtCore.QRect(828, 344, 874, 767)
Mouse: 1254, 429 | UIA: None | EW: PySide6.QtCore.QRect(828, 344, 874, 767)
Mouse: 1264, 428 | UIA: None | EW: PySide6.QtCore.QRect(828, 344, 874, 767)
Mouse: 1275, 422 | UIA: None | EW: PySide6.QtCore.QRect(828, 344, 874, 767)
Mouse: 1287, 416 | UIA: None | EW: PySide6.QtCore.QRect(828, 344, 874, 767)
Mouse: 1298, 414 | UIA: None | EW: PySide6.QtCore.QRect(828, 344, 874, 767)
Mouse: 1310, 410 | UIA: None | EW: PySide6.QtCore.QRect(828, 344, 874, 767)
Mouse: 1314, 408 | UIA: None | EW: PySide6.QtCore.QRect(828, 344, 874, 767)
Mouse: 1324, 404 | UIA: None | EW: PySide6.QtCore.QRect(828, 344, 874, 767)
Mouse: 1329, 404 | UIA: None | EW: PySide6.QtCore.QRect(828, 344, 874, 767)
Mouse: 1336, 400 | UIA: None | EW: PySide6.QtCore.QRect(828, 344, 874, 767)
Mouse: 1340, 400 | UIA: None | EW: PySide6.QtCore.QRect(828, 344, 874, 767)
Mouse: 1342, 398 | UIA: None | EW: PySide6.QtCore.QRect(828, 344, 874, 767)
Mouse: 1346, 398 | UIA: None | EW: PySide6.QtCore.QRect(828, 344, 874, 767)
Mouse: 1348, 398 | UIA: None | EW: PySide6.QtCore.QRect(828, 344, 874, 767)
Mouse: 1348, 396 | UIA: None | EW: PySide6.QtCore.QRect(828, 344, 874, 767)
Mouse: 1352, 396 | UIA: None | EW: PySide6.QtCore.QRect(828, 344, 874, 767)
Mouse: 1352, 394 | UIA: None | EW: PySide6.QtCore.QRect(828, 344, 874, 767)
Mouse: 1352, 394 | UIA: None | EW: PySide6.QtCore.QRect(828, 344, 874, 767)
Mouse: 1352, 394 | UIA: None | EW: PySide6.QtCore.QRect(828, 344, 874, 767)
Mouse: 1350, 394 | UIA: None | EW: PySide6.QtCore.QRect(828, 344, 874, 767)
Mouse: 1348, 394 | UIA: None | EW: PySide6.QtCore.QRect(828, 344, 874, 767)
Mouse: 1344, 394 | UIA: None | EW: PySide6.QtCore.QRect(828, 344, 874, 767)
Mouse: 1340, 394 | UIA: None | EW: PySide6.QtCore.QRect(828, 344, 874, 767)
Mouse: 1334, 394 | UIA: None | EW: PySide6.QtCore.QRect(828, 344, 874, 767)
Mouse: 1324, 394 | UIA: None | EW: PySide6.QtCore.QRect(828, 344, 874, 767)
Mouse: 1320, 398 | UIA: None | EW: PySide6.QtCore.QRect(828, 344, 874, 767)
Mouse: 1314, 398 | UIA: None | EW: PySide6.QtCore.QRect(828, 344, 874, 767)
Mouse: 1306, 399 | UIA: None | EW: PySide6.QtCore.QRect(828, 344, 874, 767)
Mouse: 1294, 400 | UIA: None | EW: PySide6.QtCore.QRect(828, 344, 874, 767)
Mouse: 1282, 404 | UIA: None | EW: PySide6.QtCore.QRect(828, 344, 874, 767)
Mouse: 1268, 406 | UIA: None | EW: PySide6.QtCore.QRect(828, 344, 874, 767)
Mouse: 1264, 408 | UIA: None | EW: PySide6.QtCore.QRect(828, 344, 874, 767)
Mouse: 1252, 410 | UIA: None | EW: PySide6.QtCore.QRect(828, 344, 874, 767)
Mouse: 1242, 412 | UIA: None | EW: PySide6.QtCore.QRect(828, 344, 874, 767)
Mouse: 1234, 414 | UIA: None | EW: PySide6.QtCore.QRect(828, 344, 874, 767)
Mouse: 1233, 416 | UIA: None | EW: PySide6.QtCore.QRect(828, 344, 874, 767)
Mouse: 1228, 416 | UIA: None | EW: PySide6.QtCore.QRect(828, 344, 874, 767)
Mouse: 1226, 416 | UIA: None | EW: PySide6.QtCore.QRect(828, 344, 874, 767)
Mouse: 1221, 416 | UIA: None | EW: PySide6.QtCore.QRect(828, 344, 874, 767)
Mouse: 1216, 417 | UIA: None | EW: PySide6.QtCore.QRect(828, 344, 874, 767)
Mouse: 1215, 417 | UIA: None | EW: PySide6.QtCore.QRect(828, 344, 874, 767)
Mouse: 1209, 420 | UIA: None | EW: PySide6.QtCore.QRect(828, 344, 874, 767)
Mouse: 1206, 420 | UIA: None | EW: PySide6.QtCore.QRect(828, 344, 874, 767)
Mouse: 1202, 422 | UIA: None | EW: PySide6.QtCore.QRect(828, 344, 874, 767)
Mouse: 1194, 424 | UIA: None | EW: PySide6.QtCore.QRect(828, 344, 874, 767)
Mouse: 1191, 424 | UIA: None | EW: PySide6.QtCore.QRect(828, 344, 874, 767)
Mouse: 1184, 428 | UIA: None | EW: PySide6.QtCore.QRect(828, 344, 874, 767)
Mouse: 1180, 428 | UIA: None | EW: PySide6.QtCore.QRect(828, 344, 874, 767)
Mouse: 1178, 430 | UIA: None | EW: PySide6.QtCore.QRect(828, 344, 874, 767)
Mouse: 1172, 430 | UIA: None | EW: PySide6.QtCore.QRect(828, 344, 874, 767)
Mouse: 1168, 434 | UIA: None | EW: PySide6.QtCore.QRect(828, 344, 874, 767)
Mouse: 1166, 434 | UIA: None | EW: PySide6.QtCore.QRect(828, 344, 874, 767)
Mouse: 1162, 434 | UIA: PySide6.QtCore.QRect(672, 441, 480, 600) | EW: PySide6.QtCore.QRect(828, 344, 874, 767)
Mouse: 836, 388 | UIA: None | EW: PySide6.QtCore.QRect(828, 344, 874, 767)
Mouse: 830, 382 | UIA: None | EW: PySide6.QtCore.QRect(828, 344, 874, 767)
Mouse: 820, 368 | UIA: None | EW: PySide6.QtCore.QRect(0, 0, 2560, 1600)
Mouse: 814, 356 | UIA: None | EW: PySide6.QtCore.QRect(0, 0, 2560, 1600)
Mouse: 808, 334 | UIA: None | EW: PySide6.QtCore.QRect(0, 0, 2560, 1600)
Mouse: 804, 322 | UIA: None | EW: PySide6.QtCore.QRect(0, 0, 2560, 1600)
Mouse: 800, 310 | UIA: None | EW: PySide6.QtCore.QRect(0, 0, 2560, 1600)
Mouse: 800, 303 | UIA: None | EW: PySide6.QtCore.QRect(0, 0, 2560, 1600)
Mouse: 798, 296 | UIA: None | EW: PySide6.QtCore.QRect(0, 0, 2560, 1600)
Mouse: 796, 291 | UIA: None | EW: PySide6.QtCore.QRect(0, 0, 2560, 1600)
Mouse: 796, 286 | UIA: None | EW: PySide6.QtCore.QRect(0, 0, 2560, 1600)
Mouse: 796, 282 | UIA: None | EW: PySide6.QtCore.QRect(0, 0, 2560, 1600)
Mouse: 796, 279 | UIA: None | EW: PySide6.QtCore.QRect(0, 0, 2560, 1600)
Mouse: 796, 274 | UIA: None | EW: PySide6.QtCore.QRect(0, 0, 2560, 1600)
Mouse: 796, 268 | UIA: None | EW: PySide6.QtCore.QRect(0, 0, 2560, 1600)
Mouse: 796, 267 | UIA: None | EW: PySide6.QtCore.QRect(0, 0, 2560, 1600)
Mouse: 796, 264 | UIA: None | EW: PySide6.QtCore.QRect(0, 0, 2560, 1600)
Mouse: 796, 262 | UIA: None | EW: PySide6.QtCore.QRect(0, 0, 2560, 1600)
Mouse: 796, 260 | UIA: None | EW: PySide6.QtCore.QRect(0, 0, 2560, 1600)
Mouse: 796, 260 | UIA: None | EW: PySide6.QtCore.QRect(0, 0, 2560, 1600)
Mouse: 796, 258 | UIA: None | EW: PySide6.QtCore.QRect(0, 0, 2560, 1600)
Mouse: 796, 256 | UIA: None | EW: PySide6.QtCore.QRect(0, 0, 2560, 1600)
Mouse: 796, 256 | UIA: None | EW: PySide6.QtCore.QRect(0, 0, 2560, 1600)
Mouse: 796, 255 | UIA: None | EW: PySide6.QtCore.QRect(0, 0, 2560, 1600)
Mouse: 798, 255 | UIA: None | EW: PySide6.QtCore.QRect(0, 0, 2560, 1600)
Mouse: 798, 256 | UIA: None | EW: PySide6.QtCore.QRect(0, 0, 2560, 1600)
Mouse: 798, 258 | UIA: None | EW: PySide6.QtCore.QRect(0, 0, 2560, 1600)
Mouse: 800, 260 | UIA: None | EW: PySide6.QtCore.QRect(0, 0, 2560, 1600)
Mouse: 800, 262 | UIA: None | EW: PySide6.QtCore.QRect(0, 0, 2560, 1600)
Mouse: 800, 266 | UIA: None | EW: PySide6.QtCore.QRect(0, 0, 2560, 1600)
Mouse: 801, 279 | UIA: None | EW: PySide6.QtCore.QRect(0, 0, 2560, 1600)
Mouse: 802, 290 | UIA: None | EW: PySide6.QtCore.QRect(0, 0, 2560, 1600)
Mouse: 807, 310 | UIA: None | EW: PySide6.QtCore.QRect(0, 0, 2560, 1600)
Mouse: 810, 332 | UIA: None | EW: PySide6.QtCore.QRect(0, 0, 2560, 1600)
Mouse: 814, 352 | UIA: None | EW: PySide6.QtCore.QRect(0, 0, 2560, 1600)
Mouse: 816, 364 | UIA: None | EW: PySide6.QtCore.QRect(0, 0, 2560, 1600)
Mouse: 819, 382 | UIA: None | EW: PySide6.QtCore.QRect(0, 0, 2560, 1600)
Mouse: 822, 392 | UIA: None | EW: PySide6.QtCore.QRect(0, 0, 2560, 1600)
Mouse: 1168, 406 | UIA: None | EW: PySide6.QtCore.QRect(828, 344, 874, 767)
Mouse: 1172, 405 | UIA: None | EW: PySide6.QtCore.QRect(828, 344, 874, 767)
Mouse: 1179, 402 | UIA: None | EW: PySide6.QtCore.QRect(828, 344, 874, 767)
Mouse: 1184, 400 | UIA: None | EW: PySide6.QtCore.QRect(828, 344, 874, 767)
Mouse: 1196, 398 | UIA: None | EW: PySide6.QtCore.QRect(828, 344, 874, 767)
Mouse: 1204, 394 | UIA: None | EW: PySide6.QtCore.QRect(828, 344, 874, 767)
Mouse: 1209, 392 | UIA: None | EW: PySide6.QtCore.QRect(828, 344, 874, 767)
Mouse: 1214, 392 | UIA: None | EW: PySide6.QtCore.QRect(828, 344, 874, 767)
Mouse: 1216, 390 | UIA: None | EW: PySide6.QtCore.QRect(828, 344, 874, 767)
Mouse: 1220, 388 | UIA: None | EW: PySide6.QtCore.QRect(828, 344, 874, 767)
Mouse: 1220, 388 | UIA: None | EW: PySide6.QtCore.QRect(828, 344, 874, 767)
Mouse: 1221, 387 | UIA: None | EW: PySide6.QtCore.QRect(828, 344, 874, 767)
Mouse: 1222, 386 | UIA: None | EW: PySide6.QtCore.QRect(828, 344, 874, 767)
Mouse: 1226, 386 | UIA: None | EW: PySide6.QtCore.QRect(828, 344, 874, 767)
Mouse: 1230, 384 | UIA: None | EW: PySide6.QtCore.QRect(828, 344, 874, 767)
Mouse: 1233, 382 | UIA: None | EW: PySide6.QtCore.QRect(828, 344, 874, 767)
Mouse: 1238, 381 | UIA: None | EW: PySide6.QtCore.QRect(828, 344, 874, 767)
Mouse: 1242, 380 | UIA: None | EW: PySide6.QtCore.QRect(828, 344, 874, 767)
Mouse: 1245, 378 | UIA: None | EW: PySide6.QtCore.QRect(828, 344, 874, 767)
Mouse: 1248, 376 | UIA: None | EW: PySide6.QtCore.QRect(828, 344, 874, 767)
Mouse: 1252, 376 | UIA: None | EW: PySide6.QtCore.QRect(828, 344, 874, 767)
Mouse: 1256, 376 | UIA: None | EW: PySide6.QtCore.QRect(828, 344, 874, 767)
Mouse: 1256, 375 | UIA: None | EW: PySide6.QtCore.QRect(828, 344, 874, 767)
Mouse: 1257, 375 | UIA: None | EW: PySide6.QtCore.QRect(828, 344, 874, 767)
Mouse: 1258, 375 | UIA: None | EW: PySide6.QtCore.QRect(828, 344, 874, 767)
Mouse: 1262, 374 | UIA: None | EW: PySide6.QtCore.QRect(828, 344, 874, 767)
Mouse: 1262, 374 | UIA: None | EW: PySide6.QtCore.QRect(828, 344, 874, 767)
Mouse: 1263, 374 | UIA: None | EW: PySide6.QtCore.QRect(828, 344, 874, 767)
Mouse: 1264, 374 | UIA: None | EW: PySide6.QtCore.QRect(828, 344, 874, 767)
Mouse: 1264, 374 | UIA: None | EW: PySide6.QtCore.QRect(828, 344, 874, 767)
Mouse: 1268, 374 | UIA: None | EW: PySide6.QtCore.QRect(828, 344, 874, 767)
Mouse: 1268, 372 | UIA: None | EW: PySide6.QtCore.QRect(828, 344, 874, 767)
Mouse: 1269, 372 | UIA: None | EW: PySide6.QtCore.QRect(828, 344, 874, 767)
Mouse: 1269, 370 | UIA: None | EW: PySide6.QtCore.QRect(828, 344, 874, 767)
Mouse: 1270, 370 | UIA: None | EW: PySide6.QtCore.QRect(828, 344, 874, 767)
Mouse: 1270, 370 | UIA: None | EW: PySide6.QtCore.QRect(828, 344, 874, 767)
Mouse: 1272, 370 | UIA: None | EW: PySide6.QtCore.QRect(828, 344, 874, 767)
Mouse: 1274, 370 | UIA: None | EW: PySide6.QtCore.QRect(828, 344, 874, 767)
Mouse: 1274, 370 | UIA: None | EW: PySide6.QtCore.QRect(828, 344, 874, 767)
Mouse: 1274, 370 | UIA: None | EW: PySide6.QtCore.QRect(828, 344, 874, 767)
Mouse: 1275, 369 | UIA: None | EW: PySide6.QtCore.QRect(828, 344, 874, 767)
Mouse: 1276, 369 | UIA: None | EW: PySide6.QtCore.QRect(828, 344, 874, 767)
Mouse: 1276, 369 | UIA: None | EW: PySide6.QtCore.QRect(828, 344, 874, 767)
Mouse: 1278, 369 | UIA: None | EW: PySide6.QtCore.QRect(828, 344, 874, 767)
Mouse: 1280, 369 | UIA: None | EW: PySide6.QtCore.QRect(828, 344, 874, 767)
Mouse: 1280, 368 | UIA: None | EW: PySide6.QtCore.QRect(828, 344, 874, 767)
Mouse: 1280, 368 | UIA: None | EW: PySide6.QtCore.QRect(828, 344, 874, 767)
Mouse: 1280, 368 | UIA: None | EW: PySide6.QtCore.QRect(828, 344, 874, 767)
Mouse: 1281, 368 | UIA: None | EW: PySide6.QtCore.QRect(828, 344, 874, 767)
Mouse: 1281, 366 | UIA: None | EW: PySide6.QtCore.QRect(828, 344, 874, 767)
Mouse: 1282, 366 | UIA: None | EW: PySide6.QtCore.QRect(828, 344, 874, 767)
Mouse: 1282, 364 | UIA: None | EW: PySide6.QtCore.QRect(828, 344, 874, 767)
Mouse: 1284, 364 | UIA: None | EW: PySide6.QtCore.QRect(828, 344, 874, 767)
Mouse: 1286, 364 | UIA: None | EW: PySide6.QtCore.QRect(828, 344, 874, 767)
Mouse: 1286, 363 | UIA: None | EW: PySide6.QtCore.QRect(828, 344, 874, 767)
Mouse: 1287, 363 | UIA: None | EW: PySide6.QtCore.QRect(828, 344, 874, 767)
Mouse: 1288, 362 | UIA: None | EW: PySide6.QtCore.QRect(828, 344, 874, 767)
Mouse: 1288, 362 | UIA: None | EW: PySide6.QtCore.QRect(828, 344, 874, 767)
Mouse: 1288, 362 | UIA: None | EW: PySide6.QtCore.QRect(828, 344, 874, 767)
Mouse: 1288, 360 | UIA: None | EW: PySide6.QtCore.QRect(828, 344, 874, 767)
Mouse: 1290, 360 | UIA: None | EW: PySide6.QtCore.QRect(828, 344, 874, 767)
Mouse: 1292, 358 | UIA: None | EW: PySide6.QtCore.QRect(828, 344, 874, 767)
Mouse: 1292, 358 | UIA: None | EW: PySide6.QtCore.QRect(828, 344, 874, 767)
Mouse: 1292, 358 | UIA: None | EW: PySide6.QtCore.QRect(828, 344, 874, 767)
Mouse: 1293, 358 | UIA: None | EW: PySide6.QtCore.QRect(828, 344, 874, 767)
Mouse: 1293, 357 | UIA: None | EW: PySide6.QtCore.QRect(828, 344, 874, 767)
Mouse: 1294, 356 | UIA: None | EW: PySide6.QtCore.QRect(828, 344, 874, 767)
Mouse: 1294, 356 | UIA: None | EW: PySide6.QtCore.QRect(828, 344, 874, 767)
Mouse: 1296, 354 | UIA: None | EW: PySide6.QtCore.QRect(828, 344, 874, 767)
Mouse: 1296, 352 | UIA: None | EW: PySide6.QtCore.QRect(828, 344, 874, 767)
Mouse: 1298, 352 | UIA: None | EW: PySide6.QtCore.QRect(828, 344, 874, 767)
Mouse: 1298, 352 | UIA: None | EW: PySide6.QtCore.QRect(828, 344, 874, 767)
Mouse: 1296, 352 | UIA: None | EW: PySide6.QtCore.QRect(828, 344, 874, 767)
Mouse: 1294, 352 | UIA: None | EW: PySide6.QtCore.QRect(828, 344, 874, 767)
Mouse: 1294, 352 | UIA: None | EW: PySide6.QtCore.QRect(828, 344, 874, 767)
Mouse: 1293, 352 | UIA: None | EW: PySide6.QtCore.QRect(828, 344, 874, 767)
Mouse: 1293, 351 | UIA: None | EW: PySide6.QtCore.QRect(828, 344, 874, 767)
Mouse: 1292, 351 | UIA: None | EW: PySide6.QtCore.QRect(828, 344, 874, 767)
Mouse: 1292, 351 | UIA: None | EW: PySide6.QtCore.QRect(828, 344, 874, 767)
Mouse: 1290, 351 | UIA: None | EW: PySide6.QtCore.QRect(828, 344, 874, 767)
Mouse: 1288, 351 | UIA: None | EW: PySide6.QtCore.QRect(828, 344, 874, 767)
Mouse: 1288, 351 | UIA: None | EW: PySide6.QtCore.QRect(828, 344, 874, 767)
Mouse: 1287, 351 | UIA: None | EW: PySide6.QtCore.QRect(828, 344, 874, 767)
Mouse: 1286, 351 | UIA: None | EW: PySide6.QtCore.QRect(828, 344, 874, 767)
Mouse: 1282, 351 | UIA: None | EW: PySide6.QtCore.QRect(828, 344, 874, 767)
Mouse: 1281, 351 | UIA: None | EW: PySide6.QtCore.QRect(828, 344, 874, 767)
Mouse: 1280, 351 | UIA: None | EW: PySide6.QtCore.QRect(828, 344, 874, 767)
Mouse: 1276, 351 | UIA: None | EW: PySide6.QtCore.QRect(828, 344, 874, 767)
Mouse: 1274, 351 | UIA: None | EW: PySide6.QtCore.QRect(828, 344, 874, 767)
Mouse: 1272, 351 | UIA: None | EW: PySide6.QtCore.QRect(828, 344, 874, 767)
Mouse: 1270, 351 | UIA: None | EW: PySide6.QtCore.QRect(828, 344, 874, 767)
Mouse: 1269, 351 | UIA: None | EW: PySide6.QtCore.QRect(828, 344, 874, 767)
Mouse: 1268, 351 | UIA: None | EW: PySide6.QtCore.QRect(828, 344, 874, 767)
Mouse: 1264, 351 | UIA: None | EW: PySide6.QtCore.QRect(828, 344, 874, 767)
Mouse: 1264, 351 | UIA: None | EW: PySide6.QtCore.QRect(828, 344, 874, 767)
Mouse: 1262, 351 | UIA: None | EW: PySide6.QtCore.QRect(828, 344, 874, 767)
Mouse: 1256, 352 | UIA: None | EW: PySide6.QtCore.QRect(828, 344, 874, 767)
Mouse: 1246, 354 | UIA: None | EW: PySide6.QtCore.QRect(828, 344, 874, 767)
Mouse: 1238, 356 | UIA: None | EW: PySide6.QtCore.QRect(828, 344, 874, 767)
Mouse: 1228, 356 | UIA: None | EW: PySide6.QtCore.QRect(828, 344, 874, 767)
Mouse: 1221, 357 | UIA: None | EW: PySide6.QtCore.QRect(828, 344, 874, 767)
Mouse: 1212, 357 | UIA: None | EW: PySide6.QtCore.QRect(828, 344, 874, 767)
Mouse: 1206, 358 | UIA: None | EW: PySide6.QtCore.QRect(828, 344, 874, 767)
Mouse: 1198, 358 | UIA: None | EW: PySide6.QtCore.QRect(828, 344, 874, 767)
Mouse: 1191, 360 | UIA: None | EW: PySide6.QtCore.QRect(828, 344, 874, 767)
Mouse: 1186, 362 | UIA: None | EW: PySide6.QtCore.QRect(828, 344, 874, 767)
Mouse: 1180, 363 | UIA: None | EW: PySide6.QtCore.QRect(828, 344, 874, 767)
Mouse: 1178, 363 | UIA: None | EW: PySide6.QtCore.QRect(828, 344, 874, 767)
Mouse: 1174, 363 | UIA: None | EW: PySide6.QtCore.QRect(828, 344, 874, 767)
Mouse: 1170, 364 | UIA: None | EW: PySide6.QtCore.QRect(828, 344, 874, 767)
Mouse: 1166, 364 | UIA: None | EW: PySide6.QtCore.QRect(828, 344, 874, 767)
Mouse: 1164, 364 | UIA: None | EW: PySide6.QtCore.QRect(828, 344, 874, 767)
Mouse: 1162, 364 | UIA: None | EW: PySide6.QtCore.QRect(828, 344, 874, 767)
Mouse: 1158, 364 | UIA: None | EW: PySide6.QtCore.QRect(828, 344, 874, 767)
Mouse: 1150, 363 | UIA: None | EW: PySide6.QtCore.QRect(828, 344, 874, 767)
Mouse: 1146, 362 | UIA: None | EW: PySide6.QtCore.QRect(828, 344, 874, 767)
Mouse: 1138, 360 | UIA: None | EW: PySide6.QtCore.QRect(828, 344, 874, 767)
Mouse: 1128, 358 | UIA: None | EW: PySide6.QtCore.QRect(828, 344, 874, 767)
Mouse: 1122, 358 | UIA: None | EW: PySide6.QtCore.QRect(828, 344, 874, 767)
Mouse: 1118, 357 | UIA: None | EW: PySide6.QtCore.QRect(828, 344, 874, 767)
Mouse: 1112, 356 | UIA: None | EW: PySide6.QtCore.QRect(828, 344, 874, 767)
Mouse: 1106, 356 | UIA: None | EW: PySide6.QtCore.QRect(828, 344, 874, 767)
Mouse: 1104, 356 | UIA: None | EW: PySide6.QtCore.QRect(828, 344, 874, 767)
Mouse: 1101, 356 | UIA: None | EW: PySide6.QtCore.QRect(828, 344, 874, 767)
Mouse: 1100, 356 | UIA: None | EW: PySide6.QtCore.QRect(828, 344, 874, 767)
Mouse: 1096, 356 | UIA: None | EW: PySide6.QtCore.QRect(828, 344, 874, 767)
Mouse: 1096, 356 | UIA: None | EW: PySide6.QtCore.QRect(828, 344, 874, 767)
Mouse: 1094, 356 | UIA: None | EW: PySide6.QtCore.QRect(828, 344, 874, 767)
Mouse: 1094, 356 | UIA: None | EW: PySide6.QtCore.QRect(828, 344, 874, 767)
Mouse: 1092, 356 | UIA: None | EW: PySide6.QtCore.QRect(828, 344, 874, 767)
Mouse: 1089, 356 | UIA: None | EW: PySide6.QtCore.QRect(828, 344, 874, 767)
Mouse: 1088, 356 | UIA: None | EW: PySide6.QtCore.QRect(828, 344, 874, 767)
Mouse: 1084, 356 | UIA: None | EW: PySide6.QtCore.QRect(828, 344, 874, 767)
Mouse: 1082, 356 | UIA: None | EW: PySide6.QtCore.QRect(828, 344, 874, 767)
Mouse: 1080, 356 | UIA: None | EW: PySide6.QtCore.QRect(828, 344, 874, 767)
Mouse: 1078, 356 | UIA: None | EW: PySide6.QtCore.QRect(828, 344, 874, 767)
Mouse: 1076, 356 | UIA: None | EW: PySide6.QtCore.QRect(828, 344, 874, 767)
Mouse: 1074, 357 | UIA: None | EW: PySide6.QtCore.QRect(828, 344, 874, 767)
Mouse: 1072, 357 | UIA: None | EW: PySide6.QtCore.QRect(828, 344, 874, 767)
Mouse: 1070, 357 | UIA: None | EW: PySide6.QtCore.QRect(828, 344, 874, 767)
Mouse: 1070, 358 | UIA: None | EW: PySide6.QtCore.QRect(828, 344, 874, 767)
Mouse: 1068, 358 | UIA: None | EW: PySide6.QtCore.QRect(828, 344, 874, 767)
Mouse: 1066, 358 | UIA: None | EW: PySide6.QtCore.QRect(828, 344, 874, 767)
Mouse: 1064, 358 | UIA: None | EW: PySide6.QtCore.QRect(828, 344, 874, 767)
Mouse: 1064, 360 | UIA: None | EW: PySide6.QtCore.QRect(828, 344, 874, 767)
Mouse: 1060, 362 | UIA: None | EW: PySide6.QtCore.QRect(828, 344, 874, 767)
Mouse: 1059, 362 | UIA: None | EW: PySide6.QtCore.QRect(828, 344, 874, 767)
Mouse: 1058, 362 | UIA: None | EW: PySide6.QtCore.QRect(828, 344, 874, 767)
Mouse: 1058, 363 | UIA: None | EW: PySide6.QtCore.QRect(828, 344, 874, 767)
Mouse: 1056, 363 | UIA: None | EW: PySide6.QtCore.QRect(828, 344, 874, 767)
Mouse: 1054, 364 | UIA: None | EW: PySide6.QtCore.QRect(828, 344, 874, 767)
Mouse: 1054, 364 | UIA: None | EW: PySide6.QtCore.QRect(828, 344, 874, 767)
Mouse: 1053, 364 | UIA: None | EW: PySide6.QtCore.QRect(828, 344, 874, 767)
Mouse: 1052, 366 | UIA: None | EW: PySide6.QtCore.QRect(828, 344, 874, 767)
Mouse: 1052, 368 | UIA: None | EW: PySide6.QtCore.QRect(828, 344, 874, 767)
Mouse: 1050, 368 | UIA: None | EW: PySide6.QtCore.QRect(828, 344, 874, 767)
Mouse: 1048, 368 | UIA: None | EW: PySide6.QtCore.QRect(828, 344, 874, 767)
Mouse: 1048, 369 | UIA: None | EW: PySide6.QtCore.QRect(828, 344, 874, 767)
Mouse: 1048, 370 | UIA: None | EW: PySide6.QtCore.QRect(828, 344, 874, 767)
Mouse: 1047, 370 | UIA: None | EW: PySide6.QtCore.QRect(828, 344, 874, 767)
Mouse: 1046, 370 | UIA: None | EW: PySide6.QtCore.QRect(828, 344, 874, 767)
Mouse: 1046, 372 | UIA: None | EW: PySide6.QtCore.QRect(828, 344, 874, 767)
Mouse: 1046, 372 | UIA: None | EW: PySide6.QtCore.QRect(828, 344, 874, 767)
Mouse: 1044, 374 | UIA: None | EW: PySide6.QtCore.QRect(828, 344, 874, 767)
Mouse: 1044, 374 | UIA: None | EW: PySide6.QtCore.QRect(828, 344, 874, 767)
Mouse: 1042, 375 | UIA: None | EW: PySide6.QtCore.QRect(828, 344, 874, 767)
Mouse: 1042, 376 | UIA: None | EW: PySide6.QtCore.QRect(828, 344, 874, 767)
Mouse: 1042, 376 | UIA: None | EW: PySide6.QtCore.QRect(828, 344, 874, 767)
Mouse: 1041, 376 | UIA: None | EW: PySide6.QtCore.QRect(828, 344, 874, 767)
Mouse: 1040, 376 | UIA: None | EW: PySide6.QtCore.QRect(828, 344, 874, 767)
Mouse: 1040, 378 | UIA: None | EW: PySide6.QtCore.QRect(828, 344, 874, 767)
Mouse: 1040, 380 | UIA: None | EW: PySide6.QtCore.QRect(828, 344, 874, 767)
Mouse: 1040, 380 | UIA: None | EW: PySide6.QtCore.QRect(828, 344, 874, 767)
Mouse: 1040, 380 | UIA: None | EW: PySide6.QtCore.QRect(828, 344, 874, 767)
Mouse: 1040, 381 | UIA: None | EW: PySide6.QtCore.QRect(828, 344, 874, 767)
Mouse: 1040, 382 | UIA: None | EW: PySide6.QtCore.QRect(828, 344, 874, 767)
Mouse: 1038, 382 | UIA: None | EW: PySide6.QtCore.QRect(828, 344, 874, 767)
Mouse: 1036, 384 | UIA: None | EW: PySide6.QtCore.QRect(828, 344, 874, 767)
Mouse: 1036, 386 | UIA: None | EW: PySide6.QtCore.QRect(828, 344, 874, 767)
Mouse: 1036, 387 | UIA: None | EW: PySide6.QtCore.QRect(828, 344, 874, 767)
Mouse: 1036, 388 | UIA: None | EW: PySide6.QtCore.QRect(828, 344, 874, 767)
Mouse: 1035, 388 | UIA: None | EW: PySide6.QtCore.QRect(828, 344, 874, 767)
Mouse: 1035, 390 | UIA: None | EW: PySide6.QtCore.QRect(828, 344, 874, 767)
Mouse: 1035, 392 | UIA: None | EW: PySide6.QtCore.QRect(828, 344, 874, 767)
Mouse: 1035, 392 | UIA: None | EW: PySide6.QtCore.QRect(828, 344, 874, 767)
Mouse: 1034, 393 | UIA: None | EW: PySide6.QtCore.QRect(828, 344, 874, 767)
Mouse: 1034, 394 | UIA: None | EW: PySide6.QtCore.QRect(828, 344, 874, 767)
Mouse: 1162, 460 | UIA: PySide6.QtCore.QRect(672, 441, 480, 600) | EW: PySide6.QtCore.QRect(828, 344, 874, 767)
Mouse: 1164, 460 | UIA: None | EW: PySide6.QtCore.QRect(828, 344, 874, 767)
Mouse: 1166, 462 | UIA: None | EW: PySide6.QtCore.QRect(828, 344, 874, 767)
Mouse: 1166, 464 | UIA: None | EW: PySide6.QtCore.QRect(828, 344, 874, 767)
Mouse: 1166, 465 | UIA: None | EW: PySide6.QtCore.QRect(828, 344, 874, 767)
Mouse: 1166, 466 | UIA: None | EW: PySide6.QtCore.QRect(828, 344, 874, 767)
Mouse: 1167, 470 | UIA: None | EW: PySide6.QtCore.QRect(828, 344, 874, 767)
Mouse: 1168, 472 | UIA: None | EW: PySide6.QtCore.QRect(828, 344, 874, 767)
Mouse: 1168, 476 | UIA: None | EW: PySide6.QtCore.QRect(828, 344, 874, 767)
Mouse: 1168, 477 | UIA: None | EW: PySide6.QtCore.QRect(828, 344, 874, 767)
Mouse: 1168, 480 | UIA: None | EW: PySide6.QtCore.QRect(828, 344, 874, 767)
Mouse: 1168, 484 | UIA: None | EW: PySide6.QtCore.QRect(828, 344, 874, 767)
Mouse: 1168, 488 | UIA: None | EW: PySide6.QtCore.QRect(828, 344, 874, 767)
Mouse: 1168, 489 | UIA: None | EW: PySide6.QtCore.QRect(828, 344, 874, 767)
Mouse: 1168, 490 | UIA: None | EW: PySide6.QtCore.QRect(828, 344, 874, 767)
Mouse: 1168, 495 | UIA: None | EW: PySide6.QtCore.QRect(828, 344, 874, 767)
Mouse: 1168, 500 | UIA: None | EW: PySide6.QtCore.QRect(828, 344, 874, 767)
Mouse: 1168, 502 | UIA: None | EW: PySide6.QtCore.QRect(828, 344, 874, 767)
Mouse: 1168, 506 | UIA: None | EW: PySide6.QtCore.QRect(828, 344, 874, 767)
Mouse: 1168, 507 | UIA: None | EW: PySide6.QtCore.QRect(828, 344, 874, 767)
Mouse: 1168, 508 | UIA: None | EW: PySide6.QtCore.QRect(828, 344, 874, 767)
Mouse: 1167, 512 | UIA: None | EW: PySide6.QtCore.QRect(828, 344, 874, 767)
Mouse: 1166, 513 | UIA: None | EW: PySide6.QtCore.QRect(828, 344, 874, 767)
Mouse: 1166, 516 | UIA: None | EW: PySide6.QtCore.QRect(828, 344, 874, 767)
Mouse: 1166, 518 | UIA: None | EW: PySide6.QtCore.QRect(828, 344, 874, 767)
Mouse: 1164, 522 | UIA: None | EW: PySide6.QtCore.QRect(828, 344, 874, 767)
Mouse: 1162, 524 | UIA: PySide6.QtCore.QRect(672, 441, 480, 600) | EW: PySide6.QtCore.QRect(828, 344, 874, 767)
Mouse: 1162, 526 | UIA: PySide6.QtCore.QRect(672, 441, 480, 600) | EW: PySide6.QtCore.QRect(828, 344, 874, 767)
Mouse: 1162, 528 | UIA: PySide6.QtCore.QRect(672, 441, 480, 600) | EW: PySide6.QtCore.QRect(828, 344, 874, 767)
Mouse: 1170, 580 | UIA: None | EW: PySide6.QtCore.QRect(828, 344, 874, 767)
Mouse: 1174, 580 | UIA: None | EW: PySide6.QtCore.QRect(828, 344, 874, 767)
Mouse: 1184, 580 | UIA: None | EW: PySide6.QtCore.QRect(828, 344, 874, 767)
Mouse: 1188, 580 | UIA: None | EW: PySide6.QtCore.QRect(828, 344, 874, 767)
Mouse: 1196, 580 | UIA: None | EW: PySide6.QtCore.QRect(828, 344, 874, 767)
Mouse: 1202, 580 | UIA: None | EW: PySide6.QtCore.QRect(828, 344, 874, 767)
Mouse: 1210, 580 | UIA: None | EW: PySide6.QtCore.QRect(828, 344, 874, 767)
Mouse: 1216, 580 | UIA: None | EW: PySide6.QtCore.QRect(828, 344, 874, 767)
Mouse: 1220, 580 | UIA: None | EW: PySide6.QtCore.QRect(828, 344, 874, 767)
Mouse: 1222, 580 | UIA: None | EW: PySide6.QtCore.QRect(828, 344, 874, 767)
Mouse: 1226, 580 | UIA: None | EW: PySide6.QtCore.QRect(828, 344, 874, 767)
Mouse: 1228, 580 | UIA: None | EW: PySide6.QtCore.QRect(828, 344, 874, 767)
Mouse: 1233, 580 | UIA: None | EW: PySide6.QtCore.QRect(828, 344, 874, 767)
Mouse: 1234, 580 | UIA: None | EW: PySide6.QtCore.QRect(828, 344, 874, 767)
Mouse: 1236, 580 | UIA: None | EW: PySide6.QtCore.QRect(828, 344, 874, 767)
Mouse: 1238, 580 | UIA: None | EW: PySide6.QtCore.QRect(828, 344, 874, 767)
Mouse: 1240, 580 | UIA: None | EW: PySide6.QtCore.QRect(828, 344, 874, 767)
Mouse: 1240, 580 | UIA: None | EW: PySide6.QtCore.QRect(828, 344, 874, 767)
Mouse: 1244, 580 | UIA: None | EW: PySide6.QtCore.QRect(828, 344, 874, 767)
Mouse: 1244, 580 | UIA: None | EW: PySide6.QtCore.QRect(828, 344, 874, 767)
Mouse: 1245, 580 | UIA: None | EW: PySide6.QtCore.QRect(828, 344, 874, 767)
Mouse: 1246, 580 | UIA: None | EW: PySide6.QtCore.QRect(828, 344, 874, 767)
Mouse: 1246, 580 | UIA: None | EW: PySide6.QtCore.QRect(828, 344, 874, 767)
Mouse: 1246, 582 | UIA: None | EW: PySide6.QtCore.QRect(828, 344, 874, 767)
Mouse: 1244, 582 | UIA: None | EW: PySide6.QtCore.QRect(828, 344, 874, 767)
Mouse: 1242, 584 | UIA: None | EW: PySide6.QtCore.QRect(828, 344, 874, 767)
Mouse: 1239, 584 | UIA: None | EW: PySide6.QtCore.QRect(828, 344, 874, 767)
Mouse: 1234, 584 | UIA: None | EW: PySide6.QtCore.QRect(828, 344, 874, 767)
Mouse: 1226, 585 | UIA: None | EW: PySide6.QtCore.QRect(828, 344, 874, 767)
Mouse: 1222, 585 | UIA: None | EW: PySide6.QtCore.QRect(828, 344, 874, 767)
Mouse: 1216, 585 | UIA: None | EW: PySide6.QtCore.QRect(828, 344, 874, 767)
Mouse: 1208, 585 | UIA: None | EW: PySide6.QtCore.QRect(828, 344, 874, 767)
Mouse: 1204, 585 | UIA: None | EW: PySide6.QtCore.QRect(828, 344, 874, 767)
Mouse: 1196, 586 | UIA: None | EW: PySide6.QtCore.QRect(828, 344, 874, 767)
Mouse: 1186, 586 | UIA: None | EW: PySide6.QtCore.QRect(828, 344, 874, 767)
Mouse: 1179, 586 | UIA: None | EW: PySide6.QtCore.QRect(828, 344, 874, 767)
Mouse: 1176, 586 | UIA: None | EW: PySide6.QtCore.QRect(828, 344, 874, 767)
Mouse: 1168, 586 | UIA: None | EW: PySide6.QtCore.QRect(828, 344, 874, 767)
Mouse: 1168, 530 | UIA: None | EW: PySide6.QtCore.QRect(828, 344, 874, 767)
Mouse: 1184, 525 | UIA: None | EW: PySide6.QtCore.QRect(828, 344, 874, 767)
Mouse: 1191, 524 | UIA: None | EW: PySide6.QtCore.QRect(828, 344, 874, 767)
Mouse: 1198, 520 | UIA: None | EW: PySide6.QtCore.QRect(828, 344, 874, 767)
Mouse: 1209, 519 | UIA: None | EW: PySide6.QtCore.QRect(828, 344, 874, 767)
Mouse: 1220, 516 | UIA: None | EW: PySide6.QtCore.QRect(828, 344, 874, 767)
Mouse: 1228, 514 | UIA: None | EW: PySide6.QtCore.QRect(828, 344, 874, 767)
Mouse: 1236, 512 | UIA: None | EW: PySide6.QtCore.QRect(828, 344, 874, 767)
Mouse: 1244, 508 | UIA: None | EW: PySide6.QtCore.QRect(828, 344, 874, 767)
Mouse: 1252, 506 | UIA: None | EW: PySide6.QtCore.QRect(828, 344, 874, 767)
Mouse: 1263, 501 | UIA: None | EW: PySide6.QtCore.QRect(828, 344, 874, 767)
Mouse: 1270, 496 | UIA: None | EW: PySide6.QtCore.QRect(828, 344, 874, 767)
Mouse: 1280, 494 | UIA: None | EW: PySide6.QtCore.QRect(828, 344, 874, 767)
Mouse: 1286, 490 | UIA: None | EW: PySide6.QtCore.QRect(828, 344, 874, 767)
Mouse: 1293, 486 | UIA: None | EW: PySide6.QtCore.QRect(828, 344, 874, 767)
Mouse: 1294, 484 | UIA: None | EW: PySide6.QtCore.QRect(828, 344, 874, 767)
Mouse: 1300, 482 | UIA: None | EW: PySide6.QtCore.QRect(828, 344, 874, 767)
Mouse: 1304, 480 | UIA: None | EW: PySide6.QtCore.QRect(828, 344, 874, 767)
Mouse: 1305, 478 | UIA: None | EW: PySide6.QtCore.QRect(828, 344, 874, 767)
Mouse: 1306, 477 | UIA: None | EW: PySide6.QtCore.QRect(828, 344, 874, 767)
Mouse: 1308, 476 | UIA: None | EW: PySide6.QtCore.QRect(828, 344, 874, 767)
Mouse: 1310, 474 | UIA: None | EW: PySide6.QtCore.QRect(828, 344, 874, 767)
Mouse: 1311, 472 | UIA: None | EW: PySide6.QtCore.QRect(828, 344, 874, 767)
Mouse: 1312, 470 | UIA: None | EW: PySide6.QtCore.QRect(828, 344, 874, 767)
Mouse: 1316, 466 | UIA: None | EW: PySide6.QtCore.QRect(828, 344, 874, 767)
Mouse: 1317, 465 | UIA: None | EW: PySide6.QtCore.QRect(828, 344, 874, 767)
Mouse: 1318, 464 | UIA: None | EW: PySide6.QtCore.QRect(828, 344, 874, 767)
Mouse: 1318, 462 | UIA: None | EW: PySide6.QtCore.QRect(828, 344, 874, 767)
Mouse: 1322, 460 | UIA: None | EW: PySide6.QtCore.QRect(828, 344, 874, 767)
Mouse: 1322, 458 | UIA: None | EW: PySide6.QtCore.QRect(828, 344, 874, 767)
Mouse: 1323, 458 | UIA: None | EW: PySide6.QtCore.QRect(828, 344, 874, 767)
Mouse: 1323, 456 | UIA: None | EW: PySide6.QtCore.QRect(828, 344, 874, 767)
Mouse: 1324, 454 | UIA: None | EW: PySide6.QtCore.QRect(828, 344, 874, 767)
Mouse: 1324, 453 | UIA: None | EW: PySide6.QtCore.QRect(828, 344, 874, 767)
Mouse: 1324, 452 | UIA: None | EW: PySide6.QtCore.QRect(828, 344, 874, 767)
Mouse: 1324, 452 | UIA: None | EW: PySide6.QtCore.QRect(828, 344, 874, 767)
Mouse: 1324, 450 | UIA: None | EW: PySide6.QtCore.QRect(828, 344, 874, 767)
Mouse: 1324, 448 | UIA: None | EW: PySide6.QtCore.QRect(828, 344, 874, 767)
Mouse: 1324, 448 | UIA: None | EW: PySide6.QtCore.QRect(828, 344, 874, 767)
Mouse: 1324, 446 | UIA: None | EW: PySide6.QtCore.QRect(828, 344, 874, 767)
Mouse: 1323, 444 | UIA: None | EW: PySide6.QtCore.QRect(828, 344, 874, 767)
Mouse: 1322, 442 | UIA: None | EW: PySide6.QtCore.QRect(828, 344, 874, 767)
Mouse: 1320, 440 | UIA: None | EW: PySide6.QtCore.QRect(828, 344, 874, 767)
Mouse: 1317, 436 | UIA: None | EW: PySide6.QtCore.QRect(828, 344, 874, 767)
Mouse: 1316, 435 | UIA: None | EW: PySide6.QtCore.QRect(828, 344, 874, 767)
Mouse: 1311, 430 | UIA: None | EW: PySide6.QtCore.QRect(828, 344, 874, 767)
Mouse: 1305, 429 | UIA: None | EW: PySide6.QtCore.QRect(828, 344, 874, 767)
Mouse: 1302, 428 | UIA: None | EW: PySide6.QtCore.QRect(828, 344, 874, 767)
Mouse: 1299, 428 | UIA: None | EW: PySide6.QtCore.QRect(828, 344, 874, 767)
Mouse: 1292, 424 | UIA: None | EW: PySide6.QtCore.QRect(828, 344, 874, 767)
Mouse: 1288, 424 | UIA: None | EW: PySide6.QtCore.QRect(828, 344, 874, 767)
Mouse: 1282, 422 | UIA: None | EW: PySide6.QtCore.QRect(828, 344, 874, 767)
Mouse: 1280, 422 | UIA: None | EW: PySide6.QtCore.QRect(828, 344, 874, 767)
Mouse: 1274, 422 | UIA: None | EW: PySide6.QtCore.QRect(828, 344, 874, 767)
Mouse: 1266, 418 | UIA: None | EW: PySide6.QtCore.QRect(828, 344, 874, 767)
Mouse: 1258, 418 | UIA: None | EW: PySide6.QtCore.QRect(828, 344, 874, 767)
Mouse: 1254, 418 | UIA: None | EW: PySide6.QtCore.QRect(828, 344, 874, 767)
Mouse: 1246, 420 | UIA: None | EW: PySide6.QtCore.QRect(828, 344, 874, 767)
Mouse: 1238, 422 | UIA: None | EW: PySide6.QtCore.QRect(828, 344, 874, 767)
Mouse: 1228, 422 | UIA: None | EW: PySide6.QtCore.QRect(828, 344, 874, 767)
Mouse: 1226, 422 | UIA: None | EW: PySide6.QtCore.QRect(828, 344, 874, 767)
Mouse: 1218, 422 | UIA: None | EW: PySide6.QtCore.QRect(828, 344, 874, 767)
Mouse: 1212, 422 | UIA: None | EW: PySide6.QtCore.QRect(828, 344, 874, 767)
Mouse: 1206, 423 | UIA: None | EW: PySide6.QtCore.QRect(828, 344, 874, 767)
Mouse: 1204, 423 | UIA: None | EW: PySide6.QtCore.QRect(828, 344, 874, 767)
Mouse: 1198, 423 | UIA: None | EW: PySide6.QtCore.QRect(828, 344, 874, 767)
Mouse: 1196, 423 | UIA: None | EW: PySide6.QtCore.QRect(828, 344, 874, 767)
Mouse: 1192, 423 | UIA: None | EW: PySide6.QtCore.QRect(828, 344, 874, 767)
Mouse: 1190, 423 | UIA: None | EW: PySide6.QtCore.QRect(828, 344, 874, 767)
Mouse: 1184, 423 | UIA: None | EW: PySide6.QtCore.QRect(828, 344, 874, 767)
Mouse: 1182, 423 | UIA: None | EW: PySide6.QtCore.QRect(828, 344, 874, 767)
Mouse: 1180, 423 | UIA: None | EW: PySide6.QtCore.QRect(828, 344, 874, 767)
Mouse: 1178, 423 | UIA: None | EW: PySide6.QtCore.QRect(828, 344, 874, 767)
Mouse: 1174, 423 | UIA: None | EW: PySide6.QtCore.QRect(828, 344, 874, 767)
Mouse: 1173, 423 | UIA: None | EW: PySide6.QtCore.QRect(828, 344, 874, 767)
Mouse: 1172, 423 | UIA: None | EW: PySide6.QtCore.QRect(828, 344, 874, 767)
Mouse: 1168, 423 | UIA: None | EW: PySide6.QtCore.QRect(828, 344, 874, 767)
Mouse: 1166, 423 | UIA: None | EW: PySide6.QtCore.QRect(828, 344, 874, 767)
Mouse: 1164, 422 | UIA: None | EW: PySide6.QtCore.QRect(828, 344, 874, 767)
Mouse: 1162, 422 | UIA: PySide6.QtCore.QRect(672, 441, 480, 600) | EW: PySide6.QtCore.QRect(828, 344, 874, 767)
Mouse: 1170, 404 | UIA: None | EW: PySide6.QtCore.QRect(828, 344, 874, 767)
Mouse: 1174, 404 | UIA: None | EW: PySide6.QtCore.QRect(828, 344, 874, 767)
Mouse: 1179, 404 | UIA: None | EW: PySide6.QtCore.QRect(828, 344, 874, 767)
Mouse: 1186, 404 | UIA: None | EW: PySide6.QtCore.QRect(828, 344, 874, 767)
Mouse: 1192, 404 | UIA: None | EW: PySide6.QtCore.QRect(828, 344, 874, 767)
Mouse: 1198, 404 | UIA: None | EW: PySide6.QtCore.QRect(828, 344, 874, 767)
Mouse: 1204, 404 | UIA: None | EW: PySide6.QtCore.QRect(828, 344, 874, 767)
Mouse: 1209, 404 | UIA: None | EW: PySide6.QtCore.QRect(828, 344, 874, 767)
Mouse: 1214, 404 | UIA: None | EW: PySide6.QtCore.QRect(828, 344, 874, 767)
Mouse: 1215, 404 | UIA: None | EW: PySide6.QtCore.QRect(828, 344, 874, 767)
Mouse: 1220, 404 | UIA: None | EW: PySide6.QtCore.QRect(828, 344, 874, 767)
Mouse: 1224, 402 | UIA: None | EW: PySide6.QtCore.QRect(828, 344, 874, 767)
Mouse: 1228, 402 | UIA: None | EW: PySide6.QtCore.QRect(828, 344, 874, 767)
Mouse: 1230, 402 | UIA: None | EW: PySide6.QtCore.QRect(828, 344, 874, 767)
Mouse: 1233, 402 | UIA: None | EW: PySide6.QtCore.QRect(828, 344, 874, 767)
Mouse: 1238, 402 | UIA: None | EW: PySide6.QtCore.QRect(828, 344, 874, 767)
Mouse: 1244, 400 | UIA: None | EW: PySide6.QtCore.QRect(828, 344, 874, 767)
Mouse: 1245, 400 | UIA: None | EW: PySide6.QtCore.QRect(828, 344, 874, 767)
Mouse: 1248, 400 | UIA: None | EW: PySide6.QtCore.QRect(828, 344, 874, 767)
Mouse: 1252, 400 | UIA: None | EW: PySide6.QtCore.QRect(828, 344, 874, 767)
Mouse: 1254, 400 | UIA: None | EW: PySide6.QtCore.QRect(828, 344, 874, 767)
Mouse: 1258, 400 | UIA: None | EW: PySide6.QtCore.QRect(828, 344, 874, 767)
Mouse: 1262, 402 | UIA: None | EW: PySide6.QtCore.QRect(828, 344, 874, 767)
Mouse: 1264, 402 | UIA: None | EW: PySide6.QtCore.QRect(828, 344, 874, 767)
Mouse: 1268, 404 | UIA: None | EW: PySide6.QtCore.QRect(828, 344, 874, 767)
Mouse: 1269, 404 | UIA: None | EW: PySide6.QtCore.QRect(828, 344, 874, 767)
Mouse: 1270, 404 | UIA: None | EW: PySide6.QtCore.QRect(828, 344, 874, 767)
Mouse: 1274, 404 | UIA: None | EW: PySide6.QtCore.QRect(828, 344, 874, 767)
Mouse: 1274, 404 | UIA: None | EW: PySide6.QtCore.QRect(828, 344, 874, 767)
Mouse: 1276, 405 | UIA: None | EW: PySide6.QtCore.QRect(828, 344, 874, 767)
Mouse: 1276, 405 | UIA: None | EW: PySide6.QtCore.QRect(828, 344, 874, 767)
Mouse: 1280, 406 | UIA: None | EW: PySide6.QtCore.QRect(828, 344, 874, 767)
Mouse: 1280, 410 | UIA: None | EW: PySide6.QtCore.QRect(828, 344, 874, 767)
Mouse: 1281, 410 | UIA: None | EW: PySide6.QtCore.QRect(828, 344, 874, 767)
Mouse: 1281, 411 | UIA: None | EW: PySide6.QtCore.QRect(828, 344, 874, 767)
Mouse: 1282, 412 | UIA: None | EW: PySide6.QtCore.QRect(828, 344, 874, 767)
Mouse: 1282, 414 | UIA: None | EW: PySide6.QtCore.QRect(828, 344, 874, 767)
Mouse: 1282, 418 | UIA: None | EW: PySide6.QtCore.QRect(828, 344, 874, 767)
Mouse: 1284, 422 | UIA: None | EW: PySide6.QtCore.QRect(828, 344, 874, 767)
Mouse: 1284, 426 | UIA: None | EW: PySide6.QtCore.QRect(828, 344, 874, 767)
Mouse: 1286, 435 | UIA: None | EW: PySide6.QtCore.QRect(828, 344, 874, 767)
Mouse: 1286, 441 | UIA: None | EW: PySide6.QtCore.QRect(828, 344, 874, 767)
Mouse: 1286, 452 | UIA: None | EW: PySide6.QtCore.QRect(828, 344, 874, 767)
Mouse: 1286, 464 | UIA: None | EW: PySide6.QtCore.QRect(828, 344, 874, 767)
Mouse: 1286, 470 | UIA: None | EW: PySide6.QtCore.QRect(828, 344, 874, 767)
Mouse: 1286, 478 | UIA: None | EW: PySide6.QtCore.QRect(828, 344, 874, 767)
Mouse: 1286, 484 | UIA: None | EW: PySide6.QtCore.QRect(828, 344, 874, 767)
Mouse: 1286, 494 | UIA: None | EW: PySide6.QtCore.QRect(828, 344, 874, 767)
Mouse: 1284, 496 | UIA: None | EW: PySide6.QtCore.QRect(828, 344, 874, 767)
Mouse: 1282, 506 | UIA: None | EW: PySide6.QtCore.QRect(828, 344, 874, 767)
Mouse: 1280, 516 | UIA: None | EW: PySide6.QtCore.QRect(828, 344, 874, 767)
Mouse: 1280, 520 | UIA: None | EW: PySide6.QtCore.QRect(828, 344, 874, 767)
Mouse: 1275, 532 | UIA: None | EW: PySide6.QtCore.QRect(828, 344, 874, 767)
Mouse: 1274, 537 | UIA: None | EW: PySide6.QtCore.QRect(828, 344, 874, 767)
Mouse: 1269, 548 | UIA: None | EW: PySide6.QtCore.QRect(828, 344, 874, 767)
Mouse: 1264, 560 | UIA: None | EW: PySide6.QtCore.QRect(828, 344, 874, 767)
Mouse: 1262, 566 | UIA: None | EW: PySide6.QtCore.QRect(828, 344, 874, 767)
Mouse: 1256, 578 | UIA: None | EW: PySide6.QtCore.QRect(828, 344, 874, 767)
Mouse: 1250, 584 | UIA: None | EW: PySide6.QtCore.QRect(828, 344, 874, 767)
Mouse: 1240, 600 | UIA: None | EW: PySide6.QtCore.QRect(828, 344, 874, 767)
Mouse: 1232, 618 | UIA: None | EW: PySide6.QtCore.QRect(828, 344, 874, 767)
Mouse: 1222, 638 | UIA: None | EW: PySide6.QtCore.QRect(828, 344, 874, 767)
Mouse: 1218, 646 | UIA: None | EW: PySide6.QtCore.QRect(828, 344, 874, 767)
Mouse: 1208, 668 | UIA: None | EW: PySide6.QtCore.QRect(828, 344, 874, 767)
Mouse: 1196, 688 | UIA: None | EW: PySide6.QtCore.QRect(828, 344, 874, 767)
Mouse: 1179, 710 | UIA: None | EW: PySide6.QtCore.QRect(828, 344, 874, 767)
Mouse: 1173, 720 | UIA: None | EW: PySide6.QtCore.QRect(828, 344, 874, 767)
Mouse: 1092, 1068 | UIA: None | EW: PySide6.QtCore.QRect(828, 344, 874, 767)
Mouse: 1092, 1090 | UIA: None | EW: PySide6.QtCore.QRect(828, 344, 874, 767)
Mouse: 1094, 1108 | UIA: None | EW: PySide6.QtCore.QRect(828, 344, 874, 767)
Mouse: 1094, 1125 | UIA: None | EW: PySide6.QtCore.QRect(0, 0, 2560, 1600)
Mouse: 1094, 1137 | UIA: None | EW: PySide6.QtCore.QRect(0, 0, 2560, 1600)
Mouse: 1094, 1148 | UIA: None | EW: PySide6.QtCore.QRect(0, 0, 2560, 1600)
Mouse: 1094, 1156 | UIA: None | EW: PySide6.QtCore.QRect(0, 0, 2560, 1600)
Mouse: 1094, 1166 | UIA: None | EW: PySide6.QtCore.QRect(0, 0, 2560, 1600)
Mouse: 1094, 1170 | UIA: None | EW: PySide6.QtCore.QRect(0, 0, 2560, 1600)
Mouse: 1094, 1178 | UIA: None | EW: PySide6.QtCore.QRect(0, 0, 2560, 1600)
Mouse: 1094, 1186 | UIA: None | EW: PySide6.QtCore.QRect(0, 0, 2560, 1600)
Mouse: 1094, 1192 | UIA: None | EW: PySide6.QtCore.QRect(0, 0, 2560, 1600)
Mouse: 1094, 1200 | UIA: None | EW: PySide6.QtCore.QRect(0, 0, 2560, 1600)
Mouse: 1094, 1203 | UIA: None | EW: PySide6.QtCore.QRect(0, 0, 2560, 1600)
Mouse: 1094, 1209 | UIA: None | EW: PySide6.QtCore.QRect(0, 0, 2560, 1600)
Mouse: 1094, 1215 | UIA: None | EW: PySide6.QtCore.QRect(0, 0, 2560, 1600)
Mouse: 1094, 1221 | UIA: None | EW: PySide6.QtCore.QRect(0, 0, 2560, 1600)
Mouse: 1092, 1226 | UIA: None | EW: PySide6.QtCore.QRect(0, 0, 2560, 1600)
Mouse: 1090, 1230 | UIA: None | EW: PySide6.QtCore.QRect(0, 0, 2560, 1600)
Mouse: 1090, 1232 | UIA: None | EW: PySide6.QtCore.QRect(0, 0, 2560, 1600)
Mouse: 1090, 1234 | UIA: None | EW: PySide6.QtCore.QRect(0, 0, 2560, 1600)
Mouse: 1090, 1238 | UIA: None | EW: PySide6.QtCore.QRect(0, 0, 2560, 1600)
Mouse: 1090, 1239 | UIA: None | EW: PySide6.QtCore.QRect(0, 0, 2560, 1600)
Mouse: 1090, 1240 | UIA: None | EW: PySide6.QtCore.QRect(0, 0, 2560, 1600)
Mouse: 1089, 1242 | UIA: None | EW: PySide6.QtCore.QRect(0, 0, 2560, 1600)
Mouse: 1089, 1244 | UIA: None | EW: PySide6.QtCore.QRect(0, 0, 2560, 1600)
Mouse: 1089, 1244 | UIA: None | EW: PySide6.QtCore.QRect(0, 0, 2560, 1600)
Mouse: 1088, 1245 | UIA: None | EW: PySide6.QtCore.QRect(0, 0, 2560, 1600)
Mouse: 1088, 1246 | UIA: None | EW: PySide6.QtCore.QRect(0, 0, 2560, 1600)
Mouse: 1088, 1246 | UIA: None | EW: PySide6.QtCore.QRect(0, 0, 2560, 1600)
Mouse: 1088, 1246 | UIA: None | EW: PySide6.QtCore.QRect(0, 0, 2560, 1600)
Mouse: 1088, 1245 | UIA: None | EW: PySide6.QtCore.QRect(0, 0, 2560, 1600)
Mouse: 1088, 1244 | UIA: None | EW: PySide6.QtCore.QRect(0, 0, 2560, 1600)
Mouse: 1088, 1244 | UIA: None | EW: PySide6.QtCore.QRect(0, 0, 2560, 1600)
Mouse: 1088, 1242 | UIA: None | EW: PySide6.QtCore.QRect(0, 0, 2560, 1600)
Mouse: 1088, 1240 | UIA: None | EW: PySide6.QtCore.QRect(0, 0, 2560, 1600)
Mouse: 1088, 1239 | UIA: None | EW: PySide6.QtCore.QRect(0, 0, 2560, 1600)
Mouse: 1089, 1238 | UIA: None | EW: PySide6.QtCore.QRect(0, 0, 2560, 1600)
Mouse: 1090, 1236 | UIA: None | EW: PySide6.QtCore.QRect(0, 0, 2560, 1600)
Mouse: 1090, 1234 | UIA: None | EW: PySide6.QtCore.QRect(0, 0, 2560, 1600)
Mouse: 1090, 1233 | UIA: None | EW: PySide6.QtCore.QRect(0, 0, 2560, 1600)
Mouse: 1090, 1232 | UIA: None | EW: PySide6.QtCore.QRect(0, 0, 2560, 1600)
Mouse: 1090, 1230 | UIA: None | EW: PySide6.QtCore.QRect(0, 0, 2560, 1600)
Mouse: 1090, 1228 | UIA: None | EW: PySide6.QtCore.QRect(0, 0, 2560, 1600)
Mouse: 1090, 1228 | UIA: None | EW: PySide6.QtCore.QRect(0, 0, 2560, 1600)
Mouse: 1090, 1227 | UIA: None | EW: PySide6.QtCore.QRect(0, 0, 2560, 1600)
Mouse: 1092, 1226 | UIA: None | EW: PySide6.QtCore.QRect(0, 0, 2560, 1600)
Mouse: 1094, 1226 | UIA: None | EW: PySide6.QtCore.QRect(0, 0, 2560, 1600)
Mouse: 1094, 1224 | UIA: None | EW: PySide6.QtCore.QRect(0, 0, 2560, 1600)
Mouse: 1094, 1222 | UIA: None | EW: PySide6.QtCore.QRect(0, 0, 2560, 1600)
Mouse: 1095, 1222 | UIA: None | EW: PySide6.QtCore.QRect(0, 0, 2560, 1600)
Mouse: 1096, 1222 | UIA: None | EW: PySide6.QtCore.QRect(0, 0, 2560, 1600)
Mouse: 1096, 1220 | UIA: None | EW: PySide6.QtCore.QRect(0, 0, 2560, 1600)
Mouse: 1100, 1220 | UIA: None | EW: PySide6.QtCore.QRect(0, 0, 2560, 1600)
Mouse: 1102, 1218 | UIA: None | EW: PySide6.QtCore.QRect(0, 0, 2560, 1600)
Mouse: 1110, 1215 | UIA: None | EW: PySide6.QtCore.QRect(0, 0, 2560, 1600)
Mouse: 1118, 1214 | UIA: None | EW: PySide6.QtCore.QRect(0, 0, 2560, 1600)
Mouse: 1124, 1212 | UIA: None | EW: PySide6.QtCore.QRect(0, 0, 2560, 1600)
Mouse: 1138, 1208 | UIA: None | EW: PySide6.QtCore.QRect(0, 0, 2560, 1600)
Mouse: 1162, 1203 | UIA: None | EW: PySide6.QtCore.QRect(0, 0, 2560, 1600)
Mouse: 1174, 1202 | UIA: None | EW: PySide6.QtCore.QRect(0, 0, 2560, 1600)
Mouse: 1198, 1197 | UIA: None | EW: PySide6.QtCore.QRect(0, 0, 2560, 1600)
Mouse: 1222, 1194 | UIA: None | EW: PySide6.QtCore.QRect(0, 0, 2560, 1600)
Mouse: 1234, 1192 | UIA: None | EW: PySide6.QtCore.QRect(0, 0, 2560, 1600)
Mouse: 1254, 1191 | UIA: None | EW: PySide6.QtCore.QRect(0, 0, 2560, 1600)
Mouse: 1272, 1190 | UIA: None | EW: PySide6.QtCore.QRect(0, 0, 2560, 1600)
Mouse: 1292, 1190 | UIA: None | EW: PySide6.QtCore.QRect(0, 0, 2560, 1600)
Mouse: 1299, 1188 | UIA: None | EW: PySide6.QtCore.QRect(0, 0, 2560, 1600)
Mouse: 1314, 1186 | UIA: None | EW: PySide6.QtCore.QRect(0, 0, 2560, 1600)
Mouse: 1324, 1184 | UIA: None | EW: PySide6.QtCore.QRect(0, 0, 2560, 1600)
Mouse: 1329, 1184 | UIA: None | EW: PySide6.QtCore.QRect(0, 0, 2560, 1600)
Mouse: 1336, 1180 | UIA: None | EW: PySide6.QtCore.QRect(0, 0, 2560, 1600)
Mouse: 1342, 1179 | UIA: None | EW: PySide6.QtCore.QRect(0, 0, 2560, 1600)
Mouse: 1346, 1178 | UIA: None | EW: PySide6.QtCore.QRect(0, 0, 2560, 1600)
Mouse: 1348, 1174 | UIA: None | EW: PySide6.QtCore.QRect(0, 0, 2560, 1600)
Mouse: 1352, 1174 | UIA: None | EW: PySide6.QtCore.QRect(0, 0, 2560, 1600)
Mouse: 1360, 1172 | UIA: None | EW: PySide6.QtCore.QRect(0, 0, 2560, 1600)
Mouse: 1372, 1164 | UIA: None | EW: PySide6.QtCore.QRect(0, 0, 2560, 1600)
Mouse: 1408, 1149 | UIA: None | EW: PySide6.QtCore.QRect(1378, 934, 1280, 728)
Mouse: 1462, 1130 | UIA: None | EW: PySide6.QtCore.QRect(1378, 934, 1280, 728)
Mouse: 1486, 1120 | UIA: None | EW: PySide6.QtCore.QRect(1378, 934, 1280, 728)
Mouse: 1520, 1108 | UIA: None | EW: PySide6.QtCore.QRect(1378, 934, 1280, 728)
Mouse: 1532, 1106 | UIA: None | EW: PySide6.QtCore.QRect(1378, 934, 1280, 728)
Mouse: 1534, 1106 | UIA: None | EW: PySide6.QtCore.QRect(1378, 934, 1280, 728)
Mouse: 1544, 1102 | UIA: None | EW: PySide6.QtCore.QRect(1378, 934, 1280, 728)
Mouse: 1556, 1100 | UIA: None | EW: PySide6.QtCore.QRect(1378, 934, 1280, 728)
Mouse: 1570, 1095 | UIA: None | EW: PySide6.QtCore.QRect(1378, 934, 1280, 728)
Mouse: 1600, 1086 | UIA: None | EW: PySide6.QtCore.QRect(1378, 934, 1280, 728)
Mouse: 1622, 1078 | UIA: None | EW: PySide6.QtCore.QRect(1378, 934, 1280, 728)
Mouse: 1640, 1072 | UIA: None | EW: PySide6.QtCore.QRect(1378, 934, 1280, 728)
Mouse: 1653, 1070 | UIA: None | EW: PySide6.QtCore.QRect(1378, 934, 1280, 728)
Mouse: 1664, 1065 | UIA: None | EW: PySide6.QtCore.QRect(1378, 934, 1280, 728)
Mouse: 1672, 1064 | UIA: None | EW: PySide6.QtCore.QRect(1378, 934, 1280, 728)
Mouse: 1678, 1060 | UIA: None | EW: PySide6.QtCore.QRect(1378, 934, 1280, 728)
Mouse: 1684, 1059 | UIA: None | EW: PySide6.QtCore.QRect(1378, 934, 1280, 728)
Mouse: 1689, 1058 | UIA: None | EW: PySide6.QtCore.QRect(1378, 934, 1280, 728)
Mouse: 1696, 1054 | UIA: None | EW: PySide6.QtCore.QRect(1378, 934, 1280, 728)
Mouse: 1698, 1054 | UIA: None | EW: PySide6.QtCore.QRect(1378, 934, 1280, 728)
Mouse: 1702, 1052 | UIA: None | EW: PySide6.QtCore.QRect(1378, 934, 1280, 728)
Mouse: 1707, 1050 | UIA: None | EW: PySide6.QtCore.QRect(1378, 934, 1280, 728)
Mouse: 1708, 1050 | UIA: None | EW: PySide6.QtCore.QRect(1378, 934, 1280, 728)
Mouse: 1712, 1048 | UIA: None | EW: PySide6.QtCore.QRect(1378, 934, 1280, 728)
Mouse: 1713, 1048 | UIA: None | EW: PySide6.QtCore.QRect(1378, 934, 1280, 728)
Mouse: 1716, 1047 | UIA: None | EW: PySide6.QtCore.QRect(1378, 934, 1280, 728)
Mouse: 1720, 1046 | UIA: None | EW: PySide6.QtCore.QRect(1378, 934, 1280, 728)
Mouse: 1724, 1044 | UIA: None | EW: PySide6.QtCore.QRect(1378, 934, 1280, 728)
Mouse: 1726, 1042 | UIA: None | EW: PySide6.QtCore.QRect(1378, 934, 1280, 728)
Mouse: 1730, 1041 | UIA: None | EW: PySide6.QtCore.QRect(1378, 934, 1280, 728)
Mouse: 1732, 1040 | UIA: None | EW: PySide6.QtCore.QRect(1378, 934, 1280, 728)
Mouse: 1736, 1036 | UIA: None | EW: PySide6.QtCore.QRect(1378, 934, 1280, 728)
Mouse: 1737, 1034 | UIA: None | EW: PySide6.QtCore.QRect(1378, 934, 1280, 728)
Mouse: 1738, 1034 | UIA: None | EW: PySide6.QtCore.QRect(1378, 934, 1280, 728)
Mouse: 1740, 1034 | UIA: None | EW: PySide6.QtCore.QRect(1378, 934, 1280, 728)
Mouse: 1742, 1032 | UIA: None | EW: PySide6.QtCore.QRect(1378, 934, 1280, 728)
Mouse: 1744, 1030 | UIA: None | EW: PySide6.QtCore.QRect(1378, 934, 1280, 728)
Mouse: 1746, 1030 | UIA: None | EW: PySide6.QtCore.QRect(1378, 934, 1280, 728)
Mouse: 1748, 1029 | UIA: None | EW: PySide6.QtCore.QRect(1378, 934, 1280, 728)
Mouse: 1748, 1029 | UIA: None | EW: PySide6.QtCore.QRect(1378, 934, 1280, 728)
Mouse: 1748, 1028 | UIA: None | EW: PySide6.QtCore.QRect(1378, 934, 1280, 728)
Mouse: 1749, 1028 | UIA: None | EW: PySide6.QtCore.QRect(1378, 934, 1280, 728)
Mouse: 1750, 1028 | UIA: None | EW: PySide6.QtCore.QRect(1378, 934, 1280, 728)
Mouse: 1750, 1028 | UIA: None | EW: PySide6.QtCore.QRect(1378, 934, 1280, 728)
Mouse: 1752, 1028 | UIA: None | EW: PySide6.QtCore.QRect(1378, 934, 1280, 728)
Mouse: 1752, 1026 | UIA: None | EW: PySide6.QtCore.QRect(1378, 934, 1280, 728)
Mouse: 1754, 1026 | UIA: None | EW: PySide6.QtCore.QRect(1378, 934, 1280, 728)
Mouse: 1754, 1024 | UIA: None | EW: PySide6.QtCore.QRect(1378, 934, 1280, 728)
Mouse: 1754, 1024 | UIA: None | EW: PySide6.QtCore.QRect(1378, 934, 1280, 728)
Mouse: 1754, 1024 | UIA: None | EW: PySide6.QtCore.QRect(1378, 934, 1280, 728)
Mouse: 1754, 1023 | UIA: None | EW: PySide6.QtCore.QRect(1378, 934, 1280, 728)
Mouse: 1755, 1023 | UIA: None | EW: PySide6.QtCore.QRect(1378, 934, 1280, 728)
Mouse: 1756, 1022 | UIA: None | EW: PySide6.QtCore.QRect(1378, 934, 1280, 728)
Mouse: 1756, 1022 | UIA: None | EW: PySide6.QtCore.QRect(1378, 934, 1280, 728)
Mouse: 1758, 1020 | UIA: None | EW: PySide6.QtCore.QRect(1378, 934, 1280, 728)
Mouse: 1760, 1020 | UIA: None | EW: PySide6.QtCore.QRect(1378, 934, 1280, 728)
Mouse: 1760, 1018 | UIA: None | EW: PySide6.QtCore.QRect(1378, 934, 1280, 728)
Mouse: 1760, 1018 | UIA: None | EW: PySide6.QtCore.QRect(1378, 934, 1280, 728)
Mouse: 1761, 1018 | UIA: None | EW: PySide6.QtCore.QRect(1378, 934, 1280, 728)
Mouse: 1762, 1016 | UIA: None | EW: PySide6.QtCore.QRect(1378, 934, 1280, 728)
Mouse: 1762, 1016 | UIA: None | EW: PySide6.QtCore.QRect(1378, 934, 1280, 728)
Mouse: 1766, 1014 | UIA: None | EW: PySide6.QtCore.QRect(1378, 934, 1280, 728)
Mouse: 1767, 1012 | UIA: None | EW: PySide6.QtCore.QRect(1378, 934, 1280, 728)
Mouse: 1768, 1012 | UIA: None | EW: PySide6.QtCore.QRect(1378, 934, 1280, 728)
Mouse: 1770, 1010 | UIA: None | EW: PySide6.QtCore.QRect(1378, 934, 1280, 728)
Mouse: 1772, 1010 | UIA: None | EW: PySide6.QtCore.QRect(1378, 934, 1280, 728)
Mouse: 1773, 1008 | UIA: None | EW: PySide6.QtCore.QRect(1378, 934, 1280, 728)
Mouse: 1774, 1006 | UIA: None | EW: PySide6.QtCore.QRect(1378, 934, 1280, 728)
Mouse: 1774, 1005 | UIA: None | EW: PySide6.QtCore.QRect(1378, 934, 1280, 728)
Mouse: 1778, 1004 | UIA: None | EW: PySide6.QtCore.QRect(1378, 934, 1280, 728)
Mouse: 1778, 1004 | UIA: None | EW: PySide6.QtCore.QRect(1378, 934, 1280, 728)
Mouse: 1780, 1002 | UIA: None | EW: PySide6.QtCore.QRect(1378, 934, 1280, 728)
Mouse: 1780, 1002 | UIA: None | EW: PySide6.QtCore.QRect(1378, 934, 1280, 728)
Mouse: 1782, 1000 | UIA: None | EW: PySide6.QtCore.QRect(1378, 934, 1280, 728)
Mouse: 1784, 1000 | UIA: None | EW: PySide6.QtCore.QRect(1378, 934, 1280, 728)
Mouse: 1785, 999 | UIA: None | EW: PySide6.QtCore.QRect(1378, 934, 1280, 728)
Mouse: 1786, 998 | UIA: None | EW: PySide6.QtCore.QRect(1378, 934, 1280, 728)
Mouse: 1788, 998 | UIA: None | EW: PySide6.QtCore.QRect(1378, 934, 1280, 728)
Mouse: 1788, 996 | UIA: None | EW: PySide6.QtCore.QRect(1378, 934, 1280, 728)
Mouse: 1790, 996 | UIA: None | EW: PySide6.QtCore.QRect(1378, 934, 1280, 728)
Mouse: 1790, 996 | UIA: None | EW: PySide6.QtCore.QRect(1378, 934, 1280, 728)
Mouse: 1791, 994 | UIA: None | EW: PySide6.QtCore.QRect(1378, 934, 1280, 728)
Mouse: 1792, 994 | UIA: None | EW: PySide6.QtCore.QRect(1378, 934, 1280, 728)
Mouse: 1792, 994 | UIA: None | EW: PySide6.QtCore.QRect(1378, 934, 1280, 728)
Mouse: 1792, 994 | UIA: None | EW: PySide6.QtCore.QRect(1378, 934, 1280, 728)
Mouse: 1792, 993 | UIA: None | EW: PySide6.QtCore.QRect(1378, 934, 1280, 728)
Mouse: 1794, 993 | UIA: None | EW: PySide6.QtCore.QRect(1378, 934, 1280, 728)
Mouse: 1794, 992 | UIA: None | EW: PySide6.QtCore.QRect(1378, 934, 1280, 728)
Mouse: 1796, 992 | UIA: None | EW: PySide6.QtCore.QRect(1378, 934, 1280, 728)
Mouse: 1796, 992 | UIA: None | EW: PySide6.QtCore.QRect(1378, 934, 1280, 728)
Mouse: 1797, 992 | UIA: None | EW: PySide6.QtCore.QRect(1378, 934, 1280, 728)
Mouse: 1798, 992 | UIA: None | EW: PySide6.QtCore.QRect(1378, 934, 1280, 728)
Mouse: 1798, 990 | UIA: None | EW: PySide6.QtCore.QRect(1378, 934, 1280, 728)
Mouse: 1798, 990 | UIA: None | EW: PySide6.QtCore.QRect(1378, 934, 1280, 728)
Mouse: 1798, 988 | UIA: None | EW: PySide6.QtCore.QRect(1378, 934, 1280, 728)
Mouse: 1798, 988 | UIA: None | EW: PySide6.QtCore.QRect(1378, 934, 1280, 728)
Mouse: 1798, 988 | UIA: None | EW: PySide6.QtCore.QRect(1378, 934, 1280, 728)
Mouse: 1796, 986 | UIA: None | EW: PySide6.QtCore.QRect(1378, 934, 1280, 728)
Mouse: 1791, 982 | UIA: None | EW: PySide6.QtCore.QRect(1378, 934, 1280, 728)
Mouse: 1790, 982 | UIA: None | EW: PySide6.QtCore.QRect(1378, 934, 1280, 728)
Mouse: 1786, 982 | UIA: None | EW: PySide6.QtCore.QRect(1378, 934, 1280, 728)
Mouse: 1784, 982 | UIA: None | EW: PySide6.QtCore.QRect(1378, 934, 1280, 728)
Mouse: 1780, 980 | UIA: None | EW: PySide6.QtCore.QRect(1378, 934, 1280, 728)
Mouse: 1778, 980 | UIA: None | EW: PySide6.QtCore.QRect(1378, 934, 1280, 728)
Mouse: 1774, 978 | UIA: None | EW: PySide6.QtCore.QRect(1378, 934, 1280, 728)
Mouse: 1774, 976 | UIA: None | EW: PySide6.QtCore.QRect(1378, 934, 1280, 728)
Mouse: 1772, 976 | UIA: None | EW: PySide6.QtCore.QRect(1378, 934, 1280, 728)
Mouse: 1768, 975 | UIA: None | EW: PySide6.QtCore.QRect(1378, 934, 1280, 728)
Mouse: 1766, 975 | UIA: None | EW: PySide6.QtCore.QRect(1378, 934, 1280, 728)
Mouse: 1766, 974 | UIA: None | EW: PySide6.QtCore.QRect(1378, 934, 1280, 728)
Mouse: 1762, 974 | UIA: None | EW: PySide6.QtCore.QRect(1378, 934, 1280, 728)
Mouse: 1761, 974 | UIA: None | EW: PySide6.QtCore.QRect(1378, 934, 1280, 728)
Mouse: 1760, 974 | UIA: None | EW: PySide6.QtCore.QRect(1378, 934, 1280, 728)
Mouse: 1758, 972 | UIA: None | EW: PySide6.QtCore.QRect(1378, 934, 1280, 728)
Mouse: 1756, 972 | UIA: None | EW: PySide6.QtCore.QRect(1378, 934, 1280, 728)
Mouse: 1754, 970 | UIA: None | EW: PySide6.QtCore.QRect(1378, 934, 1280, 728)
Mouse: 1752, 970 | UIA: None | EW: PySide6.QtCore.QRect(1378, 934, 1280, 728)
Mouse: 1750, 970 | UIA: None | EW: PySide6.QtCore.QRect(1378, 934, 1280, 728)
Mouse: 1749, 970 | UIA: None | EW: PySide6.QtCore.QRect(1378, 934, 1280, 728)
Mouse: 1748, 970 | UIA: None | EW: PySide6.QtCore.QRect(1378, 934, 1280, 728)
Mouse: 1748, 970 | UIA: None | EW: PySide6.QtCore.QRect(1378, 934, 1280, 728)
Mouse: 1746, 970 | UIA: None | EW: PySide6.QtCore.QRect(1378, 934, 1280, 728)
Mouse: 1744, 970 | UIA: None | EW: PySide6.QtCore.QRect(1378, 934, 1280, 728)
Mouse: 1744, 970 | UIA: None | EW: PySide6.QtCore.QRect(1378, 934, 1280, 728)
Mouse: 1742, 970 | UIA: None | EW: PySide6.QtCore.QRect(1378, 934, 1280, 728)
Mouse: 1740, 970 | UIA: None | EW: PySide6.QtCore.QRect(1378, 934, 1280, 728)
Mouse: 1738, 969 | UIA: None | EW: PySide6.QtCore.QRect(1378, 934, 1280, 728)
Mouse: 1736, 969 | UIA: None | EW: PySide6.QtCore.QRect(1378, 934, 1280, 728)
Mouse: 1732, 969 | UIA: None | EW: PySide6.QtCore.QRect(1378, 934, 1280, 728)
Mouse: 1732, 968 | UIA: None | EW: PySide6.QtCore.QRect(1378, 934, 1280, 728)
Mouse: 1730, 968 | UIA: None | EW: PySide6.QtCore.QRect(1378, 934, 1280, 728)
Mouse: 1726, 968 | UIA: None | EW: PySide6.QtCore.QRect(1378, 934, 1280, 728)
Mouse: 1724, 968 | UIA: None | EW: PySide6.QtCore.QRect(1378, 934, 1280, 728)
Mouse: 1724, 968 | UIA: None | EW: PySide6.QtCore.QRect(1378, 934, 1280, 728)
Mouse: 1722, 968 | UIA: None | EW: PySide6.QtCore.QRect(1378, 934, 1280, 728)
Mouse: 1720, 968 | UIA: None | EW: PySide6.QtCore.QRect(1378, 934, 1280, 728)
Mouse: 1719, 966 | UIA: None | EW: PySide6.QtCore.QRect(1378, 934, 1280, 728)
Mouse: 1718, 966 | UIA: None | EW: PySide6.QtCore.QRect(1378, 934, 1280, 728)
Mouse: 1716, 966 | UIA: None | EW: PySide6.QtCore.QRect(1378, 934, 1280, 728)
Mouse: 1713, 964 | UIA: None | EW: PySide6.QtCore.QRect(1378, 934, 1280, 728)
Mouse: 1712, 964 | UIA: None | EW: PySide6.QtCore.QRect(1378, 934, 1280, 728)
Mouse: 1710, 964 | UIA: None | EW: PySide6.QtCore.QRect(1378, 934, 1280, 728)
Mouse: 1708, 963 | UIA: None | EW: PySide6.QtCore.QRect(1378, 934, 1280, 728)
Mouse: 1706, 962 | UIA: None | EW: PySide6.QtCore.QRect(1378, 934, 1280, 728)
Mouse: 1704, 962 | UIA: None | EW: PySide6.QtCore.QRect(1378, 934, 1280, 728)
Mouse: 1702, 962 | UIA: None | EW: PySide6.QtCore.QRect(1378, 934, 1280, 728)
Mouse: 1700, 962 | UIA: None | EW: PySide6.QtCore.QRect(1378, 934, 1280, 728)
Mouse: 1698, 960 | UIA: None | EW: PySide6.QtCore.QRect(1378, 934, 1280, 728)
Mouse: 1696, 960 | UIA: None | EW: PySide6.QtCore.QRect(1378, 934, 1280, 728)
Mouse: 1694, 958 | UIA: None | EW: PySide6.QtCore.QRect(1378, 934, 1280, 728)
Mouse: 1692, 958 | UIA: None | EW: PySide6.QtCore.QRect(1378, 934, 1280, 728)
Mouse: 1690, 958 | UIA: None | EW: PySide6.QtCore.QRect(1378, 934, 1280, 728)
Mouse: 1688, 958 | UIA: None | EW: PySide6.QtCore.QRect(1378, 934, 1280, 728)
Mouse: 1684, 958 | UIA: None | EW: PySide6.QtCore.QRect(1378, 934, 1280, 728)
Mouse: 1678, 958 | UIA: None | EW: PySide6.QtCore.QRect(1378, 934, 1280, 728)
Mouse: 1677, 958 | UIA: None | EW: PySide6.QtCore.QRect(1378, 934, 1280, 728)
Mouse: 1672, 958 | UIA: None | EW: PySide6.QtCore.QRect(1378, 934, 1280, 728)
Mouse: 1670, 958 | UIA: None | EW: PySide6.QtCore.QRect(1378, 934, 1280, 728)
Mouse: 1668, 956 | UIA: None | EW: PySide6.QtCore.QRect(1378, 934, 1280, 728)
Mouse: 1664, 956 | UIA: None | EW: PySide6.QtCore.QRect(1378, 934, 1280, 728)
Mouse: 1660, 956 | UIA: None | EW: PySide6.QtCore.QRect(1378, 934, 1280, 728)
Mouse: 1658, 956 | UIA: None | EW: PySide6.QtCore.QRect(1378, 934, 1280, 728)
Mouse: 1654, 956 | UIA: None | EW: PySide6.QtCore.QRect(1378, 934, 1280, 728)
Mouse: 1652, 956 | UIA: None | EW: PySide6.QtCore.QRect(1378, 934, 1280, 728)
Mouse: 1648, 956 | UIA: None | EW: PySide6.QtCore.QRect(1378, 934, 1280, 728)
Mouse: 1646, 956 | UIA: None | EW: PySide6.QtCore.QRect(1378, 934, 1280, 728)
Mouse: 1642, 956 | UIA: None | EW: PySide6.QtCore.QRect(1378, 934, 1280, 728)
Mouse: 1640, 956 | UIA: None | EW: PySide6.QtCore.QRect(1378, 934, 1280, 728)
Mouse: 1635, 956 | UIA: None | EW: PySide6.QtCore.QRect(1378, 934, 1280, 728)
Mouse: 1632, 956 | UIA: None | EW: PySide6.QtCore.QRect(1378, 934, 1280, 728)
Mouse: 1628, 956 | UIA: None | EW: PySide6.QtCore.QRect(1378, 934, 1280, 728)
Mouse: 1620, 956 | UIA: None | EW: PySide6.QtCore.QRect(1378, 934, 1280, 728)
Mouse: 1616, 956 | UIA: None | EW: PySide6.QtCore.QRect(1378, 934, 1280, 728)
Mouse: 1610, 956 | UIA: None | EW: PySide6.QtCore.QRect(1378, 934, 1280, 728)
Mouse: 1600, 956 | UIA: None | EW: PySide6.QtCore.QRect(1378, 934, 1280, 728)
Mouse: 1598, 956 | UIA: None | EW: PySide6.QtCore.QRect(1378, 934, 1280, 728)
Mouse: 1590, 956 | UIA: None | EW: PySide6.QtCore.QRect(1378, 934, 1280, 728)
Mouse: 1586, 956 | UIA: None | EW: PySide6.QtCore.QRect(1378, 934, 1280, 728)
Mouse: 1580, 956 | UIA: None | EW: PySide6.QtCore.QRect(1378, 934, 1280, 728)
Mouse: 1575, 956 | UIA: None | EW: PySide6.QtCore.QRect(1378, 934, 1280, 728)
Mouse: 1572, 956 | UIA: None | EW: PySide6.QtCore.QRect(1378, 934, 1280, 728)
Mouse: 1564, 956 | UIA: None | EW: PySide6.QtCore.QRect(1378, 934, 1280, 728)
Mouse: 1558, 956 | UIA: None | EW: PySide6.QtCore.QRect(1378, 934, 1280, 728)
Mouse: 1551, 956 | UIA: None | EW: PySide6.QtCore.QRect(1378, 934, 1280, 728)
Mouse: 1548, 956 | UIA: None | EW: PySide6.QtCore.QRect(1378, 934, 1280, 728)
Mouse: 1544, 956 | UIA: None | EW: PySide6.QtCore.QRect(1378, 934, 1280, 728)
Mouse: 1540, 956 | UIA: None | EW: PySide6.QtCore.QRect(1378, 934, 1280, 728)
Mouse: 1534, 957 | UIA: None | EW: PySide6.QtCore.QRect(1378, 934, 1280, 728)
Mouse: 1532, 957 | UIA: None | EW: PySide6.QtCore.QRect(1378, 934, 1280, 728)
Mouse: 1527, 957 | UIA: None | EW: PySide6.QtCore.QRect(1378, 934, 1280, 728)
Mouse: 1522, 958 | UIA: None | EW: PySide6.QtCore.QRect(1378, 934, 1280, 728)
Mouse: 1518, 958 | UIA: None | EW: PySide6.QtCore.QRect(1378, 934, 1280, 728)
Mouse: 1516, 958 | UIA: None | EW: PySide6.QtCore.QRect(1378, 934, 1280, 728)
Mouse: 1514, 958 | UIA: None | EW: PySide6.QtCore.QRect(1378, 934, 1280, 728)
Mouse: 1510, 958 | UIA: None | EW: PySide6.QtCore.QRect(1378, 934, 1280, 728)
Mouse: 1508, 958 | UIA: None | EW: PySide6.QtCore.QRect(1378, 934, 1280, 728)
Mouse: 1506, 958 | UIA: None | EW: PySide6.QtCore.QRect(1378, 934, 1280, 728)
Mouse: 1504, 958 | UIA: None | EW: PySide6.QtCore.QRect(1378, 934, 1280, 728)
Mouse: 1498, 958 | UIA: None | EW: PySide6.QtCore.QRect(1378, 934, 1280, 728)
Mouse: 1492, 958 | UIA: None | EW: PySide6.QtCore.QRect(1378, 934, 1280, 728)
Mouse: 1479, 960 | UIA: None | EW: PySide6.QtCore.QRect(1378, 934, 1280, 728)
Mouse: 1472, 960 | UIA: None | EW: PySide6.QtCore.QRect(1378, 934, 1280, 728)
Mouse: 1460, 960 | UIA: None | EW: PySide6.QtCore.QRect(1378, 934, 1280, 728)
Mouse: 1448, 962 | UIA: None | EW: PySide6.QtCore.QRect(1378, 934, 1280, 728)
Mouse: 1438, 964 | UIA: None | EW: PySide6.QtCore.QRect(1378, 934, 1280, 728)
Mouse: 1430, 964 | UIA: None | EW: PySide6.QtCore.QRect(1378, 934, 1280, 728)
Mouse: 1420, 964 | UIA: None | EW: PySide6.QtCore.QRect(1378, 934, 1280, 728)
Mouse: 1414, 964 | UIA: None | EW: PySide6.QtCore.QRect(1378, 934, 1280, 728)
Mouse: 1406, 964 | UIA: None | EW: PySide6.QtCore.QRect(1378, 934, 1280, 728)
Mouse: 1400, 964 | UIA: None | EW: PySide6.QtCore.QRect(1378, 934, 1280, 728)
Mouse: 1396, 964 | UIA: None | EW: PySide6.QtCore.QRect(1378, 934, 1280, 728)
Mouse: 1392, 964 | UIA: None | EW: PySide6.QtCore.QRect(1378, 934, 1280, 728)
Mouse: 1388, 964 | UIA: None | EW: PySide6.QtCore.QRect(1378, 934, 1280, 728)
Mouse: 1383, 964 | UIA: None | EW: PySide6.QtCore.QRect(1378, 934, 1280, 728)
Mouse: 1382, 966 | UIA: None | EW: PySide6.QtCore.QRect(1378, 934, 1280, 728)
Mouse: 1378, 968 | UIA: None | EW: PySide6.QtCore.QRect(1378, 934, 1280, 728)
Mouse: 1376, 968 | UIA: None | EW: PySide6.QtCore.QRect(1376, 933, 1284, 731)
Mouse: 1372, 968 | UIA: None | EW: PySide6.QtCore.QRect(828, 344, 874, 767)
Mouse: 1370, 968 | UIA: None | EW: PySide6.QtCore.QRect(828, 344, 874, 767)
Mouse: 1364, 968 | UIA: None | EW: PySide6.QtCore.QRect(828, 344, 874, 767)
Mouse: 1360, 969 | UIA: None | EW: PySide6.QtCore.QRect(828, 344, 874, 767)
Mouse: 1354, 972 | UIA: None | EW: PySide6.QtCore.QRect(828, 344, 874, 767)
Mouse: 1348, 972 | UIA: None | EW: PySide6.QtCore.QRect(828, 344, 874, 767)
Mouse: 1346, 972 | UIA: None | EW: PySide6.QtCore.QRect(828, 344, 874, 767)
Mouse: 1341, 974 | UIA: None | EW: PySide6.QtCore.QRect(828, 344, 874, 767)
Mouse: 1335, 974 | UIA: None | EW: PySide6.QtCore.QRect(828, 344, 874, 767)
Mouse: 1332, 975 | UIA: None | EW: PySide6.QtCore.QRect(828, 344, 874, 767)
Mouse: 1326, 975 | UIA: None | EW: PySide6.QtCore.QRect(828, 344, 874, 767)
Mouse: 1322, 976 | UIA: None | EW: PySide6.QtCore.QRect(828, 344, 874, 767)
Mouse: 1317, 976 | UIA: None | EW: PySide6.QtCore.QRect(828, 344, 874, 767)
Mouse: 1312, 976 | UIA: None | EW: PySide6.QtCore.QRect(828, 344, 874, 767)
Mouse: 1311, 976 | UIA: None | EW: PySide6.QtCore.QRect(828, 344, 874, 767)
Mouse: 1308, 978 | UIA: None | EW: PySide6.QtCore.QRect(828, 344, 874, 767)
Mouse: 1305, 980 | UIA: None | EW: PySide6.QtCore.QRect(828, 344, 874, 767)
Mouse: 1302, 980 | UIA: None | EW: PySide6.QtCore.QRect(828, 344, 874, 767)
Mouse: 1299, 980 | UIA: None | EW: PySide6.QtCore.QRect(828, 344, 874, 767)
Mouse: 1298, 980 | UIA: None | EW: PySide6.QtCore.QRect(828, 344, 874, 767)
Mouse: 1296, 981 | UIA: None | EW: PySide6.QtCore.QRect(828, 344, 874, 767)
Mouse: 1293, 982 | UIA: None | EW: PySide6.QtCore.QRect(828, 344, 874, 767)
Mouse: 1290, 982 | UIA: None | EW: PySide6.QtCore.QRect(828, 344, 874, 767)
Mouse: 1288, 982 | UIA: None | EW: PySide6.QtCore.QRect(828, 344, 874, 767)
Mouse: 1286, 984 | UIA: None | EW: PySide6.QtCore.QRect(828, 344, 874, 767)
Mouse: 1282, 984 | UIA: None | EW: PySide6.QtCore.QRect(828, 344, 874, 767)
Mouse: 1282, 984 | UIA: None | EW: PySide6.QtCore.QRect(828, 344, 874, 767)
Mouse: 1280, 984 | UIA: None | EW: PySide6.QtCore.QRect(828, 344, 874, 767)
Mouse: 1275, 986 | UIA: None | EW: PySide6.QtCore.QRect(828, 344, 874, 767)
Mouse: 1274, 987 | UIA: None | EW: PySide6.QtCore.QRect(828, 344, 874, 767)
Mouse: 1270, 987 | UIA: None | EW: PySide6.QtCore.QRect(828, 344, 874, 767)
Mouse: 1270, 988 | UIA: None | EW: PySide6.QtCore.QRect(828, 344, 874, 767)
Mouse: 1268, 988 | UIA: None | EW: PySide6.QtCore.QRect(828, 344, 874, 767)
Mouse: 1264, 990 | UIA: None | EW: PySide6.QtCore.QRect(828, 344, 874, 767)
Mouse: 1263, 990 | UIA: None | EW: PySide6.QtCore.QRect(828, 344, 874, 767)
Mouse: 1262, 992 | UIA: None | EW: PySide6.QtCore.QRect(828, 344, 874, 767)
Mouse: 1258, 992 | UIA: None | EW: PySide6.QtCore.QRect(828, 344, 874, 767)
Mouse: 1257, 993 | UIA: None | EW: PySide6.QtCore.QRect(828, 344, 874, 767)
Mouse: 1256, 994 | UIA: None | EW: PySide6.QtCore.QRect(828, 344, 874, 767)
Mouse: 1252, 994 | UIA: None | EW: PySide6.QtCore.QRect(828, 344, 874, 767)
Mouse: 1250, 994 | UIA: None | EW: PySide6.QtCore.QRect(828, 344, 874, 767)
Mouse: 1248, 996 | UIA: None | EW: PySide6.QtCore.QRect(828, 344, 874, 767)
Mouse: 1246, 996 | UIA: None | EW: PySide6.QtCore.QRect(828, 344, 874, 767)
Mouse: 1244, 998 | UIA: None | EW: PySide6.QtCore.QRect(828, 344, 874, 767)
Mouse: 1240, 998 | UIA: None | EW: PySide6.QtCore.QRect(828, 344, 874, 767)
Mouse: 1238, 999 | UIA: None | EW: PySide6.QtCore.QRect(828, 344, 874, 767)
Mouse: 1238, 1000 | UIA: None | EW: PySide6.QtCore.QRect(828, 344, 874, 767)
Mouse: 1234, 1000 | UIA: None | EW: PySide6.QtCore.QRect(828, 344, 874, 767)
Mouse: 1230, 1002 | UIA: None | EW: PySide6.QtCore.QRect(828, 344, 874, 767)
Mouse: 1228, 1002 | UIA: None | EW: PySide6.QtCore.QRect(828, 344, 874, 767)
Mouse: 1224, 1004 | UIA: None | EW: PySide6.QtCore.QRect(828, 344, 874, 767)
Mouse: 1220, 1004 | UIA: None | EW: PySide6.QtCore.QRect(828, 344, 874, 767)
Mouse: 1215, 1005 | UIA: None | EW: PySide6.QtCore.QRect(828, 344, 874, 767)
Mouse: 1209, 1006 | UIA: None | EW: PySide6.QtCore.QRect(828, 344, 874, 767)
Mouse: 1206, 1006 | UIA: None | EW: PySide6.QtCore.QRect(828, 344, 874, 767)
Mouse: 1202, 1006 | UIA: None | EW: PySide6.QtCore.QRect(828, 344, 874, 767)
Mouse: 1197, 1008 | UIA: None | EW: PySide6.QtCore.QRect(828, 344, 874, 767)
Mouse: 1192, 1008 | UIA: None | EW: PySide6.QtCore.QRect(828, 344, 874, 767)
Mouse: 1191, 1010 | UIA: None | EW: PySide6.QtCore.QRect(828, 344, 874, 767)
Mouse: 1188, 1010 | UIA: None | EW: PySide6.QtCore.QRect(828, 344, 874, 767)
Mouse: 1185, 1010 | UIA: None | EW: PySide6.QtCore.QRect(828, 344, 874, 767)
Mouse: 1182, 1010 | UIA: None | EW: PySide6.QtCore.QRect(828, 344, 874, 767)
Mouse: 1180, 1010 | UIA: None | EW: PySide6.QtCore.QRect(828, 344, 874, 767)
Mouse: 1178, 1011 | UIA: None | EW: PySide6.QtCore.QRect(828, 344, 874, 767)
Mouse: 1176, 1011 | UIA: None | EW: PySide6.QtCore.QRect(828, 344, 874, 767)
Mouse: 1173, 1011 | UIA: None | EW: PySide6.QtCore.QRect(828, 344, 874, 767)
Mouse: 1172, 1011 | UIA: None | EW: PySide6.QtCore.QRect(828, 344, 874, 767)
Mouse: 1170, 1011 | UIA: None | EW: PySide6.QtCore.QRect(828, 344, 874, 767)
Mouse: 1168, 1011 | UIA: None | EW: PySide6.QtCore.QRect(828, 344, 874, 767)
Mouse: 1168, 1011 | UIA: None | EW: PySide6.QtCore.QRect(828, 344, 874, 767)
Mouse: 1167, 1011 | UIA: None | EW: PySide6.QtCore.QRect(828, 344, 874, 767)
Mouse: 1166, 1011 | UIA: None | EW: PySide6.QtCore.QRect(828, 344, 874, 767)
Mouse: 1166, 1011 | UIA: None | EW: PySide6.QtCore.QRect(828, 344, 874, 767)
Mouse: 1164, 1011 | UIA: None | EW: PySide6.QtCore.QRect(828, 344, 874, 767)
Mouse: 1162, 1011 | UIA: PySide6.QtCore.QRect(672, 441, 480, 600) | EW: PySide6.QtCore.QRect(828, 344, 874, 767)
Mouse: 1172, 471 | UIA: None | EW: PySide6.QtCore.QRect(828, 344, 874, 767)
Mouse: 1174, 459 | UIA: None | EW: PySide6.QtCore.QRect(828, 344, 874, 767)
Mouse: 1184, 418 | UIA: None | EW: PySide6.QtCore.QRect(828, 344, 874, 767)
Mouse: 1185, 404 | UIA: None | EW: PySide6.QtCore.QRect(828, 344, 874, 767)
Mouse: 1188, 392 | UIA: None | EW: PySide6.QtCore.QRect(828, 344, 874, 767)
Mouse: 1188, 382 | UIA: None | EW: PySide6.QtCore.QRect(828, 344, 874, 767)
Mouse: 1188, 376 | UIA: None | EW: PySide6.QtCore.QRect(828, 344, 874, 767)
Mouse: 1188, 372 | UIA: None | EW: PySide6.QtCore.QRect(828, 344, 874, 767)
Mouse: 1188, 370 | UIA: None | EW: PySide6.QtCore.QRect(828, 344, 874, 767)
Mouse: 1186, 370 | UIA: None | EW: PySide6.QtCore.QRect(828, 344, 874, 767)
Mouse: 1184, 368 | UIA: None | EW: PySide6.QtCore.QRect(828, 344, 874, 767)
Mouse: 1180, 366 | UIA: None | EW: PySide6.QtCore.QRect(828, 344, 874, 767)
Mouse: 1179, 364 | UIA: None | EW: PySide6.QtCore.QRect(828, 344, 874, 767)
Mouse: 1176, 363 | UIA: None | EW: PySide6.QtCore.QRect(828, 344, 874, 767)
Mouse: 1172, 362 | UIA: None | EW: PySide6.QtCore.QRect(828, 344, 874, 767)
Mouse: 1170, 360 | UIA: None | EW: PySide6.QtCore.QRect(828, 344, 874, 767)
Mouse: 1168, 358 | UIA: None | EW: PySide6.QtCore.QRect(828, 344, 874, 767)
Mouse: 1166, 358 | UIA: None | EW: PySide6.QtCore.QRect(828, 344, 874, 767)
Mouse: 1162, 358 | UIA: None | EW: PySide6.QtCore.QRect(828, 344, 874, 767)
Mouse: 1161, 358 | UIA: None | EW: PySide6.QtCore.QRect(828, 344, 874, 767)
Mouse: 1160, 358 | UIA: None | EW: PySide6.QtCore.QRect(828, 344, 874, 767)
Mouse: 1158, 358 | UIA: None | EW: PySide6.QtCore.QRect(828, 344, 874, 767)
Mouse: 1155, 358 | UIA: None | EW: PySide6.QtCore.QRect(828, 344, 874, 767)
Mouse: 1154, 358 | UIA: None | EW: PySide6.QtCore.QRect(828, 344, 874, 767)
Mouse: 1154, 358 | UIA: None | EW: PySide6.QtCore.QRect(828, 344, 874, 767)
Mouse: 1150, 358 | UIA: None | EW: PySide6.QtCore.QRect(828, 344, 874, 767)
Mouse: 1149, 358 | UIA: None | EW: PySide6.QtCore.QRect(828, 344, 874, 767)
Mouse: 1148, 358 | UIA: None | EW: PySide6.QtCore.QRect(828, 344, 874, 767)
Mouse: 1148, 360 | UIA: None | EW: PySide6.QtCore.QRect(828, 344, 874, 767)
Mouse: 1148, 362 | UIA: None | EW: PySide6.QtCore.QRect(828, 344, 874, 767)
Mouse: 1148, 363 | UIA: None | EW: PySide6.QtCore.QRect(828, 344, 874, 767)
Mouse: 1148, 364 | UIA: None | EW: PySide6.QtCore.QRect(828, 344, 874, 767)
Mouse: 1148, 370 | UIA: None | EW: PySide6.QtCore.QRect(828, 344, 874, 767)
Mouse: 1148, 372 | UIA: None | EW: PySide6.QtCore.QRect(828, 344, 874, 767)
Mouse: 1148, 376 | UIA: None | EW: PySide6.QtCore.QRect(828, 344, 874, 767)
Mouse: 1148, 382 | UIA: None | EW: PySide6.QtCore.QRect(828, 344, 874, 767)
Mouse: 1148, 386 | UIA: None | EW: PySide6.QtCore.QRect(828, 344, 874, 767)
Mouse: 1149, 392 | UIA: None | EW: PySide6.QtCore.QRect(828, 344, 874, 767)
Mouse: 1191, 418 | UIA: None | EW: PySide6.QtCore.QRect(828, 344, 874, 767)
Mouse: 1236, 414 | UIA: None | EW: PySide6.QtCore.QRect(828, 344, 874, 767)
Mouse: 1258, 412 | UIA: None | EW: PySide6.QtCore.QRect(828, 344, 874, 767)
Mouse: 1286, 411 | UIA: None | EW: PySide6.QtCore.QRect(828, 344, 874, 767)
Mouse: 1312, 410 | UIA: None | EW: PySide6.QtCore.QRect(828, 344, 874, 767)
Mouse: 1394, 404 | UIA: None | EW: PySide6.QtCore.QRect(828, 344, 874, 767)
Mouse: 1455, 400 | UIA: None | EW: PySide6.QtCore.QRect(828, 344, 874, 767)
Mouse: 1484, 399 | UIA: None | EW: PySide6.QtCore.QRect(828, 344, 874, 767)
Mouse: 1509, 398 | UIA: None | EW: PySide6.QtCore.QRect(828, 344, 874, 767)
Mouse: 1532, 398 | UIA: None | EW: PySide6.QtCore.QRect(828, 344, 874, 767)
Mouse: 1552, 398 | UIA: None | EW: PySide6.QtCore.QRect(828, 344, 874, 767)
Mouse: 1560, 398 | UIA: None | EW: PySide6.QtCore.QRect(828, 344, 874, 767)
Mouse: 1572, 398 | UIA: None | EW: PySide6.QtCore.QRect(828, 344, 874, 767)
Mouse: 1582, 398 | UIA: None | EW: PySide6.QtCore.QRect(828, 344, 874, 767)
Mouse: 1587, 398 | UIA: None | EW: PySide6.QtCore.QRect(828, 344, 874, 767)
Mouse: 1594, 398 | UIA: None | EW: PySide6.QtCore.QRect(828, 344, 874, 767)
Mouse: 1602, 398 | UIA: None | EW: PySide6.QtCore.QRect(828, 344, 874, 767)
Mouse: 1605, 398 | UIA: None | EW: PySide6.QtCore.QRect(828, 344, 874, 767)
Mouse: 1610, 398 | UIA: None | EW: PySide6.QtCore.QRect(828, 344, 874, 767)
Mouse: 1611, 398 | UIA: None | EW: PySide6.QtCore.QRect(828, 344, 874, 767)
Mouse: 1612, 398 | UIA: None | EW: PySide6.QtCore.QRect(828, 344, 874, 767)
Mouse: 1612, 398 | UIA: None | EW: PySide6.QtCore.QRect(828, 344, 874, 767)
Mouse: 1616, 398 | UIA: None | EW: PySide6.QtCore.QRect(828, 344, 874, 767)
Mouse: 1617, 398 | UIA: None | EW: PySide6.QtCore.QRect(828, 344, 874, 767)
Mouse: 1618, 398 | UIA: None | EW: PySide6.QtCore.QRect(828, 344, 874, 767)
Mouse: 1618, 398 | UIA: None | EW: PySide6.QtCore.QRect(828, 344, 874, 767)
Mouse: 1620, 398 | UIA: None | EW: PySide6.QtCore.QRect(828, 344, 874, 767)
Mouse: 1622, 398 | UIA: None | EW: PySide6.QtCore.QRect(828, 344, 874, 767)
Mouse: 1624, 398 | UIA: None | EW: PySide6.QtCore.QRect(828, 344, 874, 767)
Mouse: 1624, 398 | UIA: None | EW: PySide6.QtCore.QRect(828, 344, 874, 767)
Mouse: 1626, 398 | UIA: None | EW: PySide6.QtCore.QRect(828, 344, 874, 767)
Mouse: 1628, 398 | UIA: None | EW: PySide6.QtCore.QRect(828, 344, 874, 767)
Mouse: 1628, 399 | UIA: None | EW: PySide6.QtCore.QRect(828, 344, 874, 767)
Mouse: 1628, 400 | UIA: None | EW: PySide6.QtCore.QRect(828, 344, 874, 767)
Mouse: 1629, 400 | UIA: None | EW: PySide6.QtCore.QRect(828, 344, 874, 767)
Mouse: 1629, 402 | UIA: None | EW: PySide6.QtCore.QRect(828, 344, 874, 767)
Mouse: 1629, 405 | UIA: None | EW: PySide6.QtCore.QRect(828, 344, 874, 767)
Mouse: 1629, 410 | UIA: None | EW: PySide6.QtCore.QRect(828, 344, 874, 767)
Mouse: 1629, 412 | UIA: None | EW: PySide6.QtCore.QRect(828, 344, 874, 767)
Mouse: 1628, 414 | UIA: None | EW: PySide6.QtCore.QRect(828, 344, 874, 767)
Mouse: 1628, 417 | UIA: None | EW: PySide6.QtCore.QRect(828, 344, 874, 767)
Mouse: 1626, 422 | UIA: None | EW: PySide6.QtCore.QRect(828, 344, 874, 767)
Mouse: 1624, 428 | UIA: None | EW: PySide6.QtCore.QRect(828, 344, 874, 767)
Mouse: 1622, 430 | UIA: None | EW: PySide6.QtCore.QRect(828, 344, 874, 767)
Mouse: 1622, 436 | UIA: None | EW: PySide6.QtCore.QRect(828, 344, 874, 767)
Mouse: 1618, 442 | UIA: None | EW: PySide6.QtCore.QRect(828, 344, 874, 767)
Mouse: 1618, 446 | UIA: None | EW: PySide6.QtCore.QRect(828, 344, 874, 767)
Mouse: 1617, 447 | UIA: None | EW: PySide6.QtCore.QRect(828, 344, 874, 767)
Mouse: 1616, 450 | UIA: None | EW: PySide6.QtCore.QRect(828, 344, 874, 767)
Mouse: 1616, 452 | UIA: None | EW: PySide6.QtCore.QRect(828, 344, 874, 767)
Mouse: 1614, 453 | UIA: None | EW: PySide6.QtCore.QRect(828, 344, 874, 767)
Mouse: 1614, 454 | UIA: None | EW: PySide6.QtCore.QRect(828, 344, 874, 767)
Mouse: 1614, 456 | UIA: None | EW: PySide6.QtCore.QRect(828, 344, 874, 767)
Mouse: 1614, 458 | UIA: None | EW: PySide6.QtCore.QRect(828, 344, 874, 767)
Mouse: 1612, 458 | UIA: None | EW: PySide6.QtCore.QRect(828, 344, 874, 767)
Mouse: 1612, 458 | UIA: None | EW: PySide6.QtCore.QRect(828, 344, 874, 767)
Mouse: 1612, 459 | UIA: None | EW: PySide6.QtCore.QRect(828, 344, 874, 767)
Mouse: 1612, 460 | UIA: None | EW: PySide6.QtCore.QRect(828, 344, 874, 767)
Mouse: 1611, 460 | UIA: None | EW: PySide6.QtCore.QRect(828, 344, 874, 767)
Mouse: 1611, 462 | UIA: None | EW: PySide6.QtCore.QRect(828, 344, 874, 767)
Mouse: 1610, 464 | UIA: None | EW: PySide6.QtCore.QRect(828, 344, 874, 767)
Mouse: 1610, 464 | UIA: None | EW: PySide6.QtCore.QRect(828, 344, 874, 767)
Mouse: 1610, 464 | UIA: None | EW: PySide6.QtCore.QRect(828, 344, 874, 767)
Mouse: 1608, 464 | UIA: None | EW: PySide6.QtCore.QRect(828, 344, 874, 767)
Mouse: 1606, 466 | UIA: None | EW: PySide6.QtCore.QRect(828, 344, 874, 767)
Mouse: 1606, 466 | UIA: None | EW: PySide6.QtCore.QRect(828, 344, 874, 767)
Mouse: 1605, 468 | UIA: None | EW: PySide6.QtCore.QRect(828, 344, 874, 767)
Mouse: 1604, 470 | UIA: None | EW: PySide6.QtCore.QRect(828, 344, 874, 767)
Mouse: 1602, 470 | UIA: None | EW: PySide6.QtCore.QRect(828, 344, 874, 767)
Mouse: 1600, 472 | UIA: None | EW: PySide6.QtCore.QRect(828, 344, 874, 767)
Mouse: 1599, 474 | UIA: None | EW: PySide6.QtCore.QRect(828, 344, 874, 767)
Mouse: 1598, 476 | UIA: None | EW: PySide6.QtCore.QRect(828, 344, 874, 767)
Mouse: 1596, 476 | UIA: None | EW: PySide6.QtCore.QRect(828, 344, 874, 767)
Mouse: 1594, 476 | UIA: None | EW: PySide6.QtCore.QRect(828, 344, 874, 767)
Mouse: 1594, 477 | UIA: None | EW: PySide6.QtCore.QRect(828, 344, 874, 767)
Mouse: 1593, 477 | UIA: None | EW: PySide6.QtCore.QRect(828, 344, 874, 767)
Mouse: 1592, 478 | UIA: None | EW: PySide6.QtCore.QRect(828, 344, 874, 767)
Mouse: 1588, 478 | UIA: None | EW: PySide6.QtCore.QRect(828, 344, 874, 767)
Mouse: 1587, 480 | UIA: None | EW: PySide6.QtCore.QRect(828, 344, 874, 767)
Mouse: 1581, 483 | UIA: None | EW: PySide6.QtCore.QRect(828, 344, 874, 767)
Mouse: 1574, 488 | UIA: None | EW: PySide6.QtCore.QRect(828, 344, 874, 767)
Mouse: 1568, 489 | UIA: None | EW: PySide6.QtCore.QRect(828, 344, 874, 767)
Mouse: 1540, 500 | UIA: None | EW: PySide6.QtCore.QRect(828, 344, 874, 767)
Mouse: 1506, 514 | UIA: None | EW: PySide6.QtCore.QRect(828, 344, 874, 767)
Mouse: 1449, 534 | UIA: None | EW: PySide6.QtCore.QRect(828, 344, 874, 767)
Mouse: 1420, 542 | UIA: None | EW: PySide6.QtCore.QRect(828, 344, 874, 767)
Mouse: 1342, 562 | UIA: None | EW: PySide6.QtCore.QRect(828, 344, 874, 767)
Mouse: 1258, 582 | UIA: None | EW: PySide6.QtCore.QRect(828, 344, 874, 767)
Mouse: 1184, 596 | UIA: None | EW: PySide6.QtCore.QRect(828, 344, 874, 767)
Mouse: 972, 1054 | UIA: None | EW: PySide6.QtCore.QRect(828, 344, 874, 767)
Mouse: 974, 1058 | UIA: None | EW: PySide6.QtCore.QRect(828, 344, 874, 767)
Mouse: 974, 1060 | UIA: None | EW: PySide6.QtCore.QRect(828, 344, 874, 767)
Mouse: 974, 1062 | UIA: None | EW: PySide6.QtCore.QRect(828, 344, 874, 767)
Mouse: 974, 1065 | UIA: None | EW: PySide6.QtCore.QRect(828, 344, 874, 767)
Mouse: 974, 1066 | UIA: None | EW: PySide6.QtCore.QRect(828, 344, 874, 767)
Mouse: 974, 1068 | UIA: None | EW: PySide6.QtCore.QRect(828, 344, 874, 767)
Mouse: 974, 1070 | UIA: None | EW: PySide6.QtCore.QRect(828, 344, 874, 767)
Mouse: 974, 1070 | UIA: None | EW: PySide6.QtCore.QRect(828, 344, 874, 767)
Mouse: 974, 1071 | UIA: None | EW: PySide6.QtCore.QRect(828, 344, 874, 767)
Mouse: 974, 1071 | UIA: None | EW: PySide6.QtCore.QRect(828, 344, 874, 767)
Mouse: 974, 1070 | UIA: None | EW: PySide6.QtCore.QRect(828, 344, 874, 767)
Mouse: 974, 1070 | UIA: None | EW: PySide6.QtCore.QRect(828, 344, 874, 767)
Mouse: 974, 1066 | UIA: None | EW: PySide6.QtCore.QRect(828, 344, 874, 767)
Mouse: 975, 1064 | UIA: None | EW: PySide6.QtCore.QRect(828, 344, 874, 767)
Mouse: 976, 1058 | UIA: None | EW: PySide6.QtCore.QRect(828, 344, 874, 767)
Mouse: 1224, 866 | UIA: None | EW: PySide6.QtCore.QRect(828, 344, 874, 767)
Mouse: 1252, 848 | UIA: None | EW: PySide6.QtCore.QRect(828, 344, 874, 767)
Mouse: 1296, 824 | UIA: None | EW: PySide6.QtCore.QRect(828, 344, 874, 767)
Mouse: 1312, 814 | UIA: None | EW: PySide6.QtCore.QRect(828, 344, 874, 767)
Mouse: 1348, 795 | UIA: None | EW: PySide6.QtCore.QRect(828, 344, 874, 767)
Mouse: 1360, 790 | UIA: None | EW: PySide6.QtCore.QRect(828, 344, 874, 767)
Mouse: 1366, 790 | UIA: None | EW: PySide6.QtCore.QRect(828, 344, 874, 767)
Mouse: 1366, 790 | UIA: None | EW: PySide6.QtCore.QRect(828, 344, 874, 767)
Mouse: 960, 628 | UIA: None | EW: PySide6.QtCore.QRect(828, 344, 874, 767)
All rects available:
  0: 1023, 404, 484x647
  1: 2396, 1364, 90x90
  2: 1610, 117, 270x210
  3: 828, 344, 874x767
  4: 320, 186, 1920x1200
  5: 320, 186, 1920x69
  6: 318, 141, 1924x1247
  7: 728, 138, 448x512
  8: 728, 138, 448x252
  9: 11, 205, 1497x1346
Mouse: 1528, 440 | UIA: None | EW: PySide6.QtCore.QRect(828, 344, 874, 767)
All rects available:
  0: 1023, 404, 484x647
  1: 2396, 1364, 90x90
  2: 1610, 117, 270x210
  3: 828, 344, 874x767
  4: 320, 186, 1920x1200
  5: 320, 186, 1920x69
  6: 318, 141, 1924x1247
  7: 728, 138, 448x512
  8: 728, 138, 448x252
  9: 11, 205, 1497x1346
Mouse: 1550, 436 | UIA: None | EW: PySide6.QtCore.QRect(828, 344, 874, 767)
All rects available:
  0: 1023, 404, 484x647
  1: 2396, 1364, 90x90
  2: 1610, 117, 270x210
  3: 828, 344, 874x767
  4: 320, 186, 1920x1200
  5: 320, 186, 1920x69
  6: 318, 141, 1924x1247
  7: 728, 138, 448x512
  8: 728, 138, 448x252
  9: 11, 205, 1497x1346
Mouse: 1556, 435 | UIA: None | EW: PySide6.QtCore.QRect(828, 344, 874, 767)
All rects available:
  0: 1023, 404, 484x647
  1: 2396, 1364, 90x90
  2: 1610, 117, 270x210
  3: 828, 344, 874x767
  4: 320, 186, 1920x1200
  5: 320, 186, 1920x69
  6: 318, 141, 1924x1247
  7: 728, 138, 448x512
  8: 728, 138, 448x252
  9: 11, 205, 1497x1346
Mouse: 1574, 432 | UIA: None | EW: PySide6.QtCore.QRect(828, 344, 874, 767)
All rects available:
  0: 1023, 404, 484x647
  1: 2396, 1364, 90x90
  2: 1610, 117, 270x210
  3: 828, 344, 874x767
  4: 320, 186, 1920x1200
  5: 320, 186, 1920x69
  6: 318, 141, 1924x1247
  7: 728, 138, 448x512
  8: 728, 138, 448x252
  9: 11, 205, 1497x1346
Mouse: 1580, 430 | UIA: None | EW: PySide6.QtCore.QRect(828, 344, 874, 767)
All rects available:
  0: 1023, 404, 484x647
  1: 2396, 1364, 90x90
  2: 1610, 117, 270x210
  3: 828, 344, 874x767
  4: 320, 186, 1920x1200
  5: 320, 186, 1920x69
  6: 318, 141, 1924x1247
  7: 728, 138, 448x512
  8: 728, 138, 448x252
  9: 11, 205, 1497x1346
Mouse: 1588, 428 | UIA: None | EW: PySide6.QtCore.QRect(828, 344, 874, 767)
All rects available:
  0: 1023, 404, 484x647
  1: 2396, 1364, 90x90
  2: 1610, 117, 270x210
  3: 828, 344, 874x767
  4: 320, 186, 1920x1200
  5: 320, 186, 1920x69
  6: 318, 141, 1924x1247
  7: 728, 138, 448x512
  8: 728, 138, 448x252
  9: 11, 205, 1497x1346
Mouse: 1596, 426 | UIA: None | EW: PySide6.QtCore.QRect(828, 344, 874, 767)
All rects available:
  0: 1023, 404, 484x647
  1: 2396, 1364, 90x90
  2: 1610, 117, 270x210
  3: 828, 344, 874x767
  4: 320, 186, 1920x1200
  5: 320, 186, 1920x69
  6: 318, 141, 1924x1247
  7: 728, 138, 448x512
  8: 728, 138, 448x252
  9: 11, 205, 1497x1346
Mouse: 1602, 424 | UIA: None | EW: PySide6.QtCore.QRect(828, 344, 874, 767)
All rects available:
  0: 1023, 404, 484x647
  1: 2396, 1364, 90x90
  2: 1610, 117, 270x210
  3: 828, 344, 874x767
  4: 320, 186, 1920x1200
  5: 320, 186, 1920x69
  6: 318, 141, 1924x1247
  7: 728, 138, 448x512
  8: 728, 138, 448x252
  9: 11, 205, 1497x1346
Mouse: 1606, 424 | UIA: None | EW: PySide6.QtCore.QRect(828, 344, 874, 767)
All rects available:
  0: 1023, 404, 484x647
  1: 2396, 1364, 90x90
  2: 1610, 117, 270x210
  3: 828, 344, 874x767
  4: 320, 186, 1920x1200
  5: 320, 186, 1920x69
  6: 318, 141, 1924x1247
  7: 728, 138, 448x512
  8: 728, 138, 448x252
  9: 11, 205, 1497x1346
Mouse: 1610, 424 | UIA: None | EW: PySide6.QtCore.QRect(828, 344, 874, 767)
All rects available:
  0: 1023, 404, 484x647
  1: 2396, 1364, 90x90
  2: 1610, 117, 270x210
  3: 828, 344, 874x767
  4: 320, 186, 1920x1200
  5: 320, 186, 1920x69
  6: 318, 141, 1924x1247
  7: 728, 138, 448x512
  8: 728, 138, 448x252
  9: 11, 205, 1497x1346
Mouse: 1612, 423 | UIA: None | EW: PySide6.QtCore.QRect(828, 344, 874, 767)
All rects available:
  0: 1023, 404, 484x647
  1: 2396, 1364, 90x90
  2: 1610, 117, 270x210
  3: 828, 344, 874x767
  4: 320, 186, 1920x1200
  5: 320, 186, 1920x69
  6: 318, 141, 1924x1247
  7: 728, 138, 448x512
  8: 728, 138, 448x252
  9: 11, 205, 1497x1346
Mouse: 1616, 423 | UIA: None | EW: PySide6.QtCore.QRect(828, 344, 874, 767)
All rects available:
  0: 1023, 404, 484x647
  1: 2396, 1364, 90x90
  2: 1610, 117, 270x210
  3: 828, 344, 874x767
  4: 320, 186, 1920x1200
  5: 320, 186, 1920x69
  6: 318, 141, 1924x1247
  7: 728, 138, 448x512
  8: 728, 138, 448x252
  9: 11, 205, 1497x1346
Mouse: 1616, 422 | UIA: None | EW: PySide6.QtCore.QRect(828, 344, 874, 767)
All rects available:
  0: 1023, 404, 484x647
  1: 2396, 1364, 90x90
  2: 1610, 117, 270x210
  3: 828, 344, 874x767
  4: 320, 186, 1920x1200
  5: 320, 186, 1920x69
  6: 318, 141, 1924x1247
  7: 728, 138, 448x512
  8: 728, 138, 448x252
  9: 11, 205, 1497x1346
Mouse: 1618, 422 | UIA: None | EW: PySide6.QtCore.QRect(828, 344, 874, 767)
All rects available:
  0: 1023, 404, 484x647
  1: 2396, 1364, 90x90
  2: 1610, 117, 270x210
  3: 828, 344, 874x767
  4: 320, 186, 1920x1200
  5: 320, 186, 1920x69
  6: 318, 141, 1924x1247
  7: 728, 138, 448x512
  8: 728, 138, 448x252
  9: 11, 205, 1497x1346
Mouse: 1622, 418 | UIA: None | EW: PySide6.QtCore.QRect(828, 344, 874, 767)
All rects available:
  0: 1023, 404, 484x647
  1: 2396, 1364, 90x90
  2: 1610, 117, 270x210
  3: 828, 344, 874x767
  4: 320, 186, 1920x1200
  5: 320, 186, 1920x69
  6: 318, 141, 1924x1247
  7: 728, 138, 448x512
  8: 728, 138, 448x252
  9: 11, 205, 1497x1346
Mouse: 1624, 418 | UIA: None | EW: PySide6.QtCore.QRect(828, 344, 874, 767)
All rects available:
  0: 1023, 404, 484x647
  1: 2396, 1364, 90x90
  2: 1610, 117, 270x210
  3: 828, 344, 874x767
  4: 320, 186, 1920x1200
  5: 320, 186, 1920x69
  6: 318, 141, 1924x1247
  7: 728, 138, 448x512
  8: 728, 138, 448x252
  9: 11, 205, 1497x1346
Mouse: 1624, 418 | UIA: None | EW: PySide6.QtCore.QRect(828, 344, 874, 767)
All rects available:
  0: 1023, 404, 484x647
  1: 2396, 1364, 90x90
  2: 1610, 117, 270x210
  3: 828, 344, 874x767
  4: 320, 186, 1920x1200
  5: 320, 186, 1920x69
  6: 318, 141, 1924x1247
  7: 728, 138, 448x512
  8: 728, 138, 448x252
  9: 11, 205, 1497x1346
Mouse: 1628, 416 | UIA: None | EW: PySide6.QtCore.QRect(828, 344, 874, 767)
All rects available:
  0: 1023, 404, 484x647
  1: 2396, 1364, 90x90
  2: 1610, 117, 270x210
  3: 828, 344, 874x767
  4: 320, 186, 1920x1200
  5: 320, 186, 1920x69
  6: 318, 141, 1924x1247
  7: 728, 138, 448x512
  8: 728, 138, 448x252
  9: 11, 205, 1497x1346
Mouse: 1630, 414 | UIA: None | EW: PySide6.QtCore.QRect(828, 344, 874, 767)
All rects available:
  0: 1023, 404, 484x647
  1: 2396, 1364, 90x90
  2: 1610, 117, 270x210
  3: 828, 344, 874x767
  4: 320, 186, 1920x1200
  5: 320, 186, 1920x69
  6: 318, 141, 1924x1247
  7: 728, 138, 448x512
  8: 728, 138, 448x252
  9: 11, 205, 1497x1346
Mouse: 1632, 412 | UIA: None | EW: PySide6.QtCore.QRect(828, 344, 874, 767)
All rects available:
  0: 1023, 404, 484x647
  1: 2396, 1364, 90x90
  2: 1610, 117, 270x210
  3: 828, 344, 874x767
  4: 320, 186, 1920x1200
  5: 320, 186, 1920x69
  6: 318, 141, 1924x1247
  7: 728, 138, 448x512
  8: 728, 138, 448x252
  9: 11, 205, 1497x1346
Mouse: 1635, 411 | UIA: None | EW: PySide6.QtCore.QRect(828, 344, 874, 767)
All rects available:
  0: 1023, 404, 484x647
  1: 2396, 1364, 90x90
  2: 1610, 117, 270x210
  3: 828, 344, 874x767
  4: 320, 186, 1920x1200
  5: 320, 186, 1920x69
  6: 318, 141, 1924x1247
  7: 728, 138, 448x512
  8: 728, 138, 448x252
  9: 11, 205, 1497x1346
Mouse: 1638, 410 | UIA: None | EW: PySide6.QtCore.QRect(828, 344, 874, 767)
All rects available:
  0: 1023, 404, 484x647
  1: 2396, 1364, 90x90
  2: 1610, 117, 270x210
  3: 828, 344, 874x767
  4: 320, 186, 1920x1200
  5: 320, 186, 1920x69
  6: 318, 141, 1924x1247
  7: 728, 138, 448x512
  8: 728, 138, 448x252
  9: 11, 205, 1497x1346
Mouse: 1640, 410 | UIA: None | EW: PySide6.QtCore.QRect(828, 344, 874, 767)
All rects available:
  0: 1023, 404, 484x647
  1: 2396, 1364, 90x90
  2: 1610, 117, 270x210
  3: 828, 344, 874x767
  4: 320, 186, 1920x1200
  5: 320, 186, 1920x69
  6: 318, 141, 1924x1247
  7: 728, 138, 448x512
  8: 728, 138, 448x252
  9: 11, 205, 1497x1346
Mouse: 1642, 406 | UIA: None | EW: PySide6.QtCore.QRect(828, 344, 874, 767)
All rects available:
  0: 1023, 404, 484x647
  1: 2396, 1364, 90x90
  2: 1610, 117, 270x210
  3: 828, 344, 874x767
  4: 320, 186, 1920x1200
  5: 320, 186, 1920x69
  6: 318, 141, 1924x1247
  7: 728, 138, 448x512
  8: 728, 138, 448x252
  9: 11, 205, 1497x1346
Mouse: 1642, 406 | UIA: None | EW: PySide6.QtCore.QRect(828, 344, 874, 767)
All rects available:
  0: 1023, 404, 484x647
  1: 2396, 1364, 90x90
  2: 1610, 117, 270x210
  3: 828, 344, 874x767
  4: 320, 186, 1920x1200
  5: 320, 186, 1920x69
  6: 318, 141, 1924x1247
  7: 728, 138, 448x512
  8: 728, 138, 448x252
  9: 11, 205, 1497x1346
Mouse: 1644, 405 | UIA: None | EW: PySide6.QtCore.QRect(828, 344, 874, 767)
All rects available:
  0: 1023, 404, 484x647
  1: 2396, 1364, 90x90
  2: 1610, 117, 270x210
  3: 828, 344, 874x767
  4: 320, 186, 1920x1200
  5: 320, 186, 1920x69
  6: 318, 141, 1924x1247
  7: 728, 138, 448x512
  8: 728, 138, 448x252
  9: 11, 205, 1497x1346
Mouse: 1646, 404 | UIA: None | EW: PySide6.QtCore.QRect(828, 344, 874, 767)
All rects available:
  0: 1023, 404, 484x647
  1: 2396, 1364, 90x90
  2: 1610, 117, 270x210
  3: 828, 344, 874x767
  4: 320, 186, 1920x1200
  5: 320, 186, 1920x69
  6: 318, 141, 1924x1247
  7: 728, 138, 448x512
  8: 728, 138, 448x252
  9: 11, 205, 1497x1346
Mouse: 1647, 404 | UIA: None | EW: PySide6.QtCore.QRect(828, 344, 874, 767)
All rects available:
  0: 1023, 404, 484x647
  1: 2396, 1364, 90x90
  2: 1610, 117, 270x210
  3: 828, 344, 874x767
  4: 320, 186, 1920x1200
  5: 320, 186, 1920x69
  6: 318, 141, 1924x1247
  7: 728, 138, 448x512
  8: 728, 138, 448x252
  9: 11, 205, 1497x1346
Mouse: 1648, 404 | UIA: None | EW: PySide6.QtCore.QRect(828, 344, 874, 767)
All rects available:
  0: 1023, 404, 484x647
  1: 2396, 1364, 90x90
  2: 1610, 117, 270x210
  3: 828, 344, 874x767
  4: 320, 186, 1920x1200
  5: 320, 186, 1920x69
  6: 318, 141, 1924x1247
  7: 728, 138, 448x512
  8: 728, 138, 448x252
  9: 11, 205, 1497x1346
Mouse: 1650, 404 | UIA: None | EW: PySide6.QtCore.QRect(828, 344, 874, 767)
All rects available:
  0: 1023, 404, 484x647
  1: 2396, 1364, 90x90
  2: 1610, 117, 270x210
  3: 828, 344, 874x767
  4: 320, 186, 1920x1200
  5: 320, 186, 1920x69
  6: 318, 141, 1924x1247
  7: 728, 138, 448x512
  8: 728, 138, 448x252
  9: 11, 205, 1497x1346
Mouse: 1650, 402 | UIA: None | EW: PySide6.QtCore.QRect(828, 344, 874, 767)
All rects available:
  0: 1023, 404, 484x647
  1: 2396, 1364, 90x90
  2: 1610, 117, 270x210
  3: 828, 344, 874x767
  4: 320, 186, 1920x1200
  5: 320, 186, 1920x69
  6: 318, 141, 1924x1247
  7: 728, 138, 448x512
  8: 728, 138, 448x252
  9: 11, 205, 1497x1346
Mouse: 1652, 402 | UIA: None | EW: PySide6.QtCore.QRect(828, 344, 874, 767)
All rects available:
  0: 1023, 404, 484x647
  1: 2396, 1364, 90x90
  2: 1610, 117, 270x210
  3: 828, 344, 874x767
  4: 320, 186, 1920x1200
  5: 320, 186, 1920x69
  6: 318, 141, 1924x1247
  7: 728, 138, 448x512
  8: 728, 138, 448x252
  9: 11, 205, 1497x1346
Mouse: 1653, 400 | UIA: None | EW: PySide6.QtCore.QRect(828, 344, 874, 767)
All rects available:
  0: 1023, 404, 484x647
  1: 2396, 1364, 90x90
  2: 1610, 117, 270x210
  3: 828, 344, 874x767
  4: 320, 186, 1920x1200
  5: 320, 186, 1920x69
  6: 318, 141, 1924x1247
  7: 728, 138, 448x512
  8: 728, 138, 448x252
  9: 11, 205, 1497x1346
Mouse: 1653, 400 | UIA: None | EW: PySide6.QtCore.QRect(828, 344, 874, 767)
All rects available:
  0: 1023, 404, 484x647
  1: 2396, 1364, 90x90
  2: 1610, 117, 270x210
  3: 828, 344, 874x767
  4: 320, 186, 1920x1200
  5: 320, 186, 1920x69
  6: 318, 141, 1924x1247
  7: 728, 138, 448x512
  8: 728, 138, 448x252
  9: 11, 205, 1497x1346
Mouse: 1654, 400 | UIA: None | EW: PySide6.QtCore.QRect(828, 344, 874, 767)
All rects available:
  0: 1023, 404, 484x647
  1: 2396, 1364, 90x90
  2: 1610, 117, 270x210
  3: 828, 344, 874x767
  4: 320, 186, 1920x1200
  5: 320, 186, 1920x69
  6: 318, 141, 1924x1247
  7: 728, 138, 448x512
  8: 728, 138, 448x252
  9: 11, 205, 1497x1346
Mouse: 1654, 399 | UIA: None | EW: PySide6.QtCore.QRect(828, 344, 874, 767)
All rects available:
  0: 1023, 404, 484x647
  1: 2396, 1364, 90x90
  2: 1610, 117, 270x210
  3: 828, 344, 874x767
  4: 320, 186, 1920x1200
  5: 320, 186, 1920x69
  6: 318, 141, 1924x1247
  7: 728, 138, 448x512
  8: 728, 138, 448x252
  9: 11, 205, 1497x1346
Mouse: 1654, 399 | UIA: None | EW: PySide6.QtCore.QRect(828, 344, 874, 767)
All rects available:
  0: 1023, 404, 484x647
  1: 2396, 1364, 90x90
  2: 1610, 117, 270x210
  3: 828, 344, 874x767
  4: 320, 186, 1920x1200
  5: 320, 186, 1920x69
  6: 318, 141, 1924x1247
  7: 728, 138, 448x512
  8: 728, 138, 448x252
  9: 11, 205, 1497x1346
Mouse: 1656, 398 | UIA: None | EW: PySide6.QtCore.QRect(828, 344, 874, 767)
All rects available:
  0: 1023, 404, 484x647
  1: 2396, 1364, 90x90
  2: 1610, 117, 270x210
  3: 828, 344, 874x767
  4: 320, 186, 1920x1200
  5: 320, 186, 1920x69
  6: 318, 141, 1924x1247
  7: 728, 138, 448x512
  8: 728, 138, 448x252
  9: 11, 205, 1497x1346
Mouse: 1658, 398 | UIA: None | EW: PySide6.QtCore.QRect(828, 344, 874, 767)
All rects available:
  0: 1023, 404, 484x647
  1: 2396, 1364, 90x90
  2: 1610, 117, 270x210
  3: 828, 344, 874x767
  4: 320, 186, 1920x1200
  5: 320, 186, 1920x69
  6: 318, 141, 1924x1247
  7: 728, 138, 448x512
  8: 728, 138, 448x252
  9: 11, 205, 1497x1346
Mouse: 1658, 398 | UIA: None | EW: PySide6.QtCore.QRect(828, 344, 874, 767)
All rects available:
  0: 1023, 404, 484x647
  1: 2396, 1364, 90x90
  2: 1610, 117, 270x210
  3: 828, 344, 874x767
  4: 320, 186, 1920x1200
  5: 320, 186, 1920x69
  6: 318, 141, 1924x1247
  7: 728, 138, 448x512
  8: 728, 138, 448x252
  9: 11, 205, 1497x1346
Mouse: 1658, 398 | UIA: None | EW: PySide6.QtCore.QRect(828, 344, 874, 767)
All rects available:
  0: 1023, 404, 484x647
  1: 2396, 1364, 90x90
  2: 1610, 117, 270x210
  3: 828, 344, 874x767
  4: 320, 186, 1920x1200
  5: 320, 186, 1920x69
  6: 318, 141, 1924x1247
  7: 728, 138, 448x512
  8: 728, 138, 448x252
  9: 11, 205, 1497x1346
Mouse: 1659, 398 | UIA: None | EW: PySide6.QtCore.QRect(828, 344, 874, 767)
All rects available:
  0: 1023, 404, 484x647
  1: 2396, 1364, 90x90
  2: 1610, 117, 270x210
  3: 828, 344, 874x767
  4: 320, 186, 1920x1200
  5: 320, 186, 1920x69
  6: 318, 141, 1924x1247
  7: 728, 138, 448x512
  8: 728, 138, 448x252
  9: 11, 205, 1497x1346
Mouse: 1660, 398 | UIA: None | EW: PySide6.QtCore.QRect(828, 344, 874, 767)
All rects available:
  0: 1023, 404, 484x647
  1: 2396, 1364, 90x90
  2: 1610, 117, 270x210
  3: 828, 344, 874x767
  4: 320, 186, 1920x1200
  5: 320, 186, 1920x69
  6: 318, 141, 1924x1247
  7: 728, 138, 448x512
  8: 728, 138, 448x252
  9: 11, 205, 1497x1346
Mouse: 1660, 396 | UIA: None | EW: PySide6.QtCore.QRect(828, 344, 874, 767)
All rects available:
  0: 1023, 404, 484x647
  1: 2396, 1364, 90x90
  2: 1610, 117, 270x210
  3: 828, 344, 874x767
  4: 320, 186, 1920x1200
  5: 320, 186, 1920x69
  6: 318, 141, 1924x1247
  7: 728, 138, 448x512
  8: 728, 138, 448x252
  9: 11, 205, 1497x1346
Mouse: 1660, 396 | UIA: None | EW: PySide6.QtCore.QRect(828, 344, 874, 767)
All rects available:
  0: 1023, 404, 484x647
  1: 2396, 1364, 90x90
  2: 1610, 117, 270x210
  3: 828, 344, 874x767
  4: 320, 186, 1920x1200
  5: 320, 186, 1920x69
  6: 318, 141, 1924x1247
  7: 728, 138, 448x512
  8: 728, 138, 448x252
  9: 11, 205, 1497x1346
Mouse: 1662, 394 | UIA: None | EW: PySide6.QtCore.QRect(828, 344, 874, 767)
All rects available:
  0: 1023, 404, 484x647
  1: 2396, 1364, 90x90
  2: 1610, 117, 270x210
  3: 828, 344, 874x767
  4: 320, 186, 1920x1200
  5: 320, 186, 1920x69
  6: 318, 141, 1924x1247
  7: 728, 138, 448x512
  8: 728, 138, 448x252
  9: 11, 205, 1497x1346
Mouse: 1664, 394 | UIA: None | EW: PySide6.QtCore.QRect(828, 344, 874, 767)
All rects available:
  0: 1023, 404, 484x647
  1: 2396, 1364, 90x90
  2: 1610, 117, 270x210
  3: 828, 344, 874x767
  4: 320, 186, 1920x1200
  5: 320, 186, 1920x69
  6: 318, 141, 1924x1247
  7: 728, 138, 448x512
  8: 728, 138, 448x252
  9: 11, 205, 1497x1346
Mouse: 1664, 394 | UIA: None | EW: PySide6.QtCore.QRect(828, 344, 874, 767)
All rects available:
  0: 1023, 404, 484x647
  1: 2396, 1364, 90x90
  2: 1610, 117, 270x210
  3: 828, 344, 874x767
  4: 320, 186, 1920x1200
  5: 320, 186, 1920x69
  6: 318, 141, 1924x1247
  7: 728, 138, 448x512
  8: 728, 138, 448x252
  9: 11, 205, 1497x1346
Mouse: 1664, 394 | UIA: None | EW: PySide6.QtCore.QRect(828, 344, 874, 767)
All rects available:
  0: 1023, 404, 484x647
  1: 2396, 1364, 90x90
  2: 1610, 117, 270x210
  3: 828, 344, 874x767
  4: 320, 186, 1920x1200
  5: 320, 186, 1920x69
  6: 318, 141, 1924x1247
  7: 728, 138, 448x512
  8: 728, 138, 448x252
  9: 11, 205, 1497x1346
Mouse: 1665, 393 | UIA: None | EW: PySide6.QtCore.QRect(828, 344, 874, 767)
All rects available:
  0: 1023, 404, 484x647
  1: 2396, 1364, 90x90
  2: 1610, 117, 270x210
  3: 828, 344, 874x767
  4: 320, 186, 1920x1200
  5: 320, 186, 1920x69
  6: 318, 141, 1924x1247
  7: 728, 138, 448x512
  8: 728, 138, 448x252
  9: 11, 205, 1497x1346
Mouse: 1666, 393 | UIA: None | EW: PySide6.QtCore.QRect(828, 344, 874, 767)
All rects available:
  0: 1023, 404, 484x647
  1: 2396, 1364, 90x90
  2: 1610, 117, 270x210
  3: 828, 344, 874x767
  4: 320, 186, 1920x1200
  5: 320, 186, 1920x69
  6: 318, 141, 1924x1247
  7: 728, 138, 448x512
  8: 728, 138, 448x252
  9: 11, 205, 1497x1346
Mouse: 1666, 392 | UIA: None | EW: PySide6.QtCore.QRect(828, 344, 874, 767)
All rects available:
  0: 1023, 404, 484x647
  1: 2396, 1364, 90x90
  2: 1610, 117, 270x210
  3: 828, 344, 874x767
  4: 320, 186, 1920x1200
  5: 320, 186, 1920x69
  6: 318, 141, 1924x1247
  7: 728, 138, 448x512
  8: 728, 138, 448x252
  9: 11, 205, 1497x1346
Mouse: 1666, 392 | UIA: None | EW: PySide6.QtCore.QRect(828, 344, 874, 767)
All rects available:
  0: 1023, 404, 484x647
  1: 2396, 1364, 90x90
  2: 1610, 117, 270x210
  3: 828, 344, 874x767
  4: 320, 186, 1920x1200
  5: 320, 186, 1920x69
  6: 318, 141, 1924x1247
  7: 728, 138, 448x512
  8: 728, 138, 448x252
  9: 11, 205, 1497x1346
Mouse: 1668, 392 | UIA: None | EW: PySide6.QtCore.QRect(828, 344, 874, 767)
All rects available:
  0: 1023, 404, 484x647
  1: 2396, 1364, 90x90
  2: 1610, 117, 270x210
  3: 828, 344, 874x767
  4: 320, 186, 1920x1200
  5: 320, 186, 1920x69
  6: 318, 141, 1924x1247
  7: 728, 138, 448x512
  8: 728, 138, 448x252
  9: 11, 205, 1497x1346
Mouse: 1670, 392 | UIA: None | EW: PySide6.QtCore.QRect(828, 344, 874, 767)
All rects available:
  0: 1023, 404, 484x647
  1: 2396, 1364, 90x90
  2: 1610, 117, 270x210
  3: 828, 344, 874x767
  4: 320, 186, 1920x1200
  5: 320, 186, 1920x69
  6: 318, 141, 1924x1247
  7: 728, 138, 448x512
  8: 728, 138, 448x252
  9: 11, 205, 1497x1346
Mouse: 1670, 392 | UIA: None | EW: PySide6.QtCore.QRect(828, 344, 874, 767)
All rects available:
  0: 1023, 404, 484x647
  1: 2396, 1364, 90x90
  2: 1610, 117, 270x210
  3: 828, 344, 874x767
  4: 320, 186, 1920x1200
  5: 320, 186, 1920x69
  6: 318, 141, 1924x1247
  7: 728, 138, 448x512
  8: 728, 138, 448x252
  9: 11, 205, 1497x1346
Mouse: 1671, 392 | UIA: None | EW: PySide6.QtCore.QRect(828, 344, 874, 767)
All rects available:
  0: 1023, 404, 484x647
  1: 2396, 1364, 90x90
  2: 1610, 117, 270x210
  3: 828, 344, 874x767
  4: 320, 186, 1920x1200
  5: 320, 186, 1920x69
  6: 318, 141, 1924x1247
  7: 728, 138, 448x512
  8: 728, 138, 448x252
  9: 11, 205, 1497x1346
Mouse: 1672, 392 | UIA: None | EW: PySide6.QtCore.QRect(828, 344, 874, 767)
All rects available:
  0: 1023, 404, 484x647
  1: 2396, 1364, 90x90
  2: 1610, 117, 270x210
  3: 828, 344, 874x767
  4: 320, 186, 1920x1200
  5: 320, 186, 1920x69
  6: 318, 141, 1924x1247
  7: 728, 138, 448x512
  8: 728, 138, 448x252
  9: 11, 205, 1497x1346
Mouse: 1672, 392 | UIA: None | EW: PySide6.QtCore.QRect(828, 344, 874, 767)
All rects available:
  0: 1023, 404, 484x647
  1: 2396, 1364, 90x90
  2: 1610, 117, 270x210
  3: 828, 344, 874x767
  4: 320, 186, 1920x1200
  5: 320, 186, 1920x69
  6: 318, 141, 1924x1247
  7: 728, 138, 448x512
  8: 728, 138, 448x252
  9: 11, 205, 1497x1346
Mouse: 1674, 390 | UIA: None | EW: PySide6.QtCore.QRect(828, 344, 874, 767)
All rects available:
  0: 1023, 404, 484x647
  1: 2396, 1364, 90x90
  2: 1610, 117, 270x210
  3: 828, 344, 874x767
  4: 320, 186, 1920x1200
  5: 320, 186, 1920x69
  6: 318, 141, 1924x1247
  7: 728, 138, 448x512
  8: 728, 138, 448x252
  9: 11, 205, 1497x1346
Mouse: 1676, 390 | UIA: None | EW: PySide6.QtCore.QRect(828, 344, 874, 767)
All rects available:
  0: 1023, 404, 484x647
  1: 2396, 1364, 90x90
  2: 1610, 117, 270x210
  3: 828, 344, 874x767
  4: 320, 186, 1920x1200
  5: 320, 186, 1920x69
  6: 318, 141, 1924x1247
  7: 728, 138, 448x512
  8: 728, 138, 448x252
  9: 11, 205, 1497x1346
Mouse: 1676, 390 | UIA: None | EW: PySide6.QtCore.QRect(828, 344, 874, 767)
All rects available:
  0: 1023, 404, 484x647
  1: 2396, 1364, 90x90
  2: 1610, 117, 270x210
  3: 828, 344, 874x767
  4: 320, 186, 1920x1200
  5: 320, 186, 1920x69
  6: 318, 141, 1924x1247
  7: 728, 138, 448x512
  8: 728, 138, 448x252
  9: 11, 205, 1497x1346
Mouse: 1677, 388 | UIA: None | EW: PySide6.QtCore.QRect(828, 344, 874, 767)
All rects available:
  0: 1023, 404, 484x647
  1: 2396, 1364, 90x90
  2: 1610, 117, 270x210
  3: 828, 344, 874x767
  4: 320, 186, 1920x1200
  5: 320, 186, 1920x69
  6: 318, 141, 1924x1247
  7: 728, 138, 448x512
  8: 728, 138, 448x252
  9: 11, 205, 1497x1346
Mouse: 1678, 388 | UIA: None | EW: PySide6.QtCore.QRect(828, 344, 874, 767)
All rects available:
  0: 1023, 404, 484x647
  1: 2396, 1364, 90x90
  2: 1610, 117, 270x210
  3: 828, 344, 874x767
  4: 320, 186, 1920x1200
  5: 320, 186, 1920x69
  6: 318, 141, 1924x1247
  7: 728, 138, 448x512
  8: 728, 138, 448x252
  9: 11, 205, 1497x1346
Mouse: 1678, 388 | UIA: None | EW: PySide6.QtCore.QRect(828, 344, 874, 767)
All rects available:
  0: 1023, 404, 484x647
  1: 2396, 1364, 90x90
  2: 1610, 117, 270x210
  3: 828, 344, 874x767
  4: 320, 186, 1920x1200
  5: 320, 186, 1920x69
  6: 318, 141, 1924x1247
  7: 728, 138, 448x512
  8: 728, 138, 448x252
  9: 11, 205, 1497x1346
Mouse: 1680, 388 | UIA: None | EW: PySide6.QtCore.QRect(828, 344, 874, 767)
All rects available:
  0: 1023, 404, 484x647
  1: 2396, 1364, 90x90
  2: 1610, 117, 270x210
  3: 828, 344, 874x767
  4: 320, 186, 1920x1200
  5: 320, 186, 1920x69
  6: 318, 141, 1924x1247
  7: 728, 138, 448x512
  8: 728, 138, 448x252
  9: 11, 205, 1497x1346
Mouse: 1682, 388 | UIA: None | EW: PySide6.QtCore.QRect(828, 344, 874, 767)
All rects available:
  0: 1023, 404, 484x647
  1: 2396, 1364, 90x90
  2: 1610, 117, 270x210
  3: 828, 344, 874x767
  4: 320, 186, 1920x1200
  5: 320, 186, 1920x69
  6: 318, 141, 1924x1247
  7: 728, 138, 448x512
  8: 728, 138, 448x252
  9: 11, 205, 1497x1346
Mouse: 1683, 388 | UIA: None | EW: PySide6.QtCore.QRect(828, 344, 874, 767)
All rects available:
  0: 1023, 404, 484x647
  1: 2396, 1364, 90x90
  2: 1610, 117, 270x210
  3: 828, 344, 874x767
  4: 320, 186, 1920x1200
  5: 320, 186, 1920x69
  6: 318, 141, 1924x1247
  7: 728, 138, 448x512
  8: 728, 138, 448x252
  9: 11, 205, 1497x1346
Mouse: 1684, 387 | UIA: None | EW: PySide6.QtCore.QRect(828, 344, 874, 767)
All rects available:
  0: 1023, 404, 484x647
  1: 2396, 1364, 90x90
  2: 1610, 117, 270x210
  3: 828, 344, 874x767
  4: 320, 186, 1920x1200
  5: 320, 186, 1920x69
  6: 318, 141, 1924x1247
  7: 728, 138, 448x512
  8: 728, 138, 448x252
  9: 11, 205, 1497x1346
Mouse: 1686, 387 | UIA: None | EW: PySide6.QtCore.QRect(828, 344, 874, 767)
All rects available:
  0: 1023, 404, 484x647
  1: 2396, 1364, 90x90
  2: 1610, 117, 270x210
  3: 828, 344, 874x767
  4: 320, 186, 1920x1200
  5: 320, 186, 1920x69
  6: 318, 141, 1924x1247
  7: 728, 138, 448x512
  8: 728, 138, 448x252
  9: 11, 205, 1497x1346
Mouse: 1686, 386 | UIA: None | EW: PySide6.QtCore.QRect(828, 344, 874, 767)
All rects available:
  0: 1023, 404, 484x647
  1: 2396, 1364, 90x90
  2: 1610, 117, 270x210
  3: 828, 344, 874x767
  4: 320, 186, 1920x1200
  5: 320, 186, 1920x69
  6: 318, 141, 1924x1247
  7: 728, 138, 448x512
  8: 728, 138, 448x252
  9: 11, 205, 1497x1346
Mouse: 1688, 386 | UIA: None | EW: PySide6.QtCore.QRect(828, 344, 874, 767)
All rects available:
  0: 1023, 404, 484x647
  1: 2396, 1364, 90x90
  2: 1610, 117, 270x210
  3: 828, 344, 874x767
  4: 320, 186, 1920x1200
  5: 320, 186, 1920x69
  6: 318, 141, 1924x1247
  7: 728, 138, 448x512
  8: 728, 138, 448x252
  9: 11, 205, 1497x1346
Mouse: 1688, 386 | UIA: None | EW: PySide6.QtCore.QRect(828, 344, 874, 767)
All rects available:
  0: 1023, 404, 484x647
  1: 2396, 1364, 90x90
  2: 1610, 117, 270x210
  3: 828, 344, 874x767
  4: 320, 186, 1920x1200
  5: 320, 186, 1920x69
  6: 318, 141, 1924x1247
  7: 728, 138, 448x512
  8: 728, 138, 448x252
  9: 11, 205, 1497x1346
Mouse: 1689, 386 | UIA: None | EW: PySide6.QtCore.QRect(828, 344, 874, 767)
All rects available:
  0: 1023, 404, 484x647
  1: 2396, 1364, 90x90
  2: 1610, 117, 270x210
  3: 828, 344, 874x767
  4: 320, 186, 1920x1200
  5: 320, 186, 1920x69
  6: 318, 141, 1924x1247
  7: 728, 138, 448x512
  8: 728, 138, 448x252
  9: 11, 205, 1497x1346
Mouse: 1689, 386 | UIA: None | EW: PySide6.QtCore.QRect(828, 344, 874, 767)
All rects available:
  0: 1023, 404, 484x647
  1: 2396, 1364, 90x90
  2: 1610, 117, 270x210
  3: 828, 344, 874x767
  4: 320, 186, 1920x1200
  5: 320, 186, 1920x69
  6: 318, 141, 1924x1247
  7: 728, 138, 448x512
  8: 728, 138, 448x252
  9: 11, 205, 1497x1346
Mouse: 1690, 386 | UIA: None | EW: PySide6.QtCore.QRect(828, 344, 874, 767)
All rects available:
  0: 1023, 404, 484x647
  1: 2396, 1364, 90x90
  2: 1610, 117, 270x210
  3: 828, 344, 874x767
  4: 320, 186, 1920x1200
  5: 320, 186, 1920x69
  6: 318, 141, 1924x1247
  7: 728, 138, 448x512
  8: 728, 138, 448x252
  9: 11, 205, 1497x1346
Mouse: 1690, 386 | UIA: None | EW: PySide6.QtCore.QRect(828, 344, 874, 767)
All rects available:
  0: 1023, 404, 484x647
  1: 2396, 1364, 90x90
  2: 1610, 117, 270x210
  3: 828, 344, 874x767
  4: 320, 186, 1920x1200
  5: 320, 186, 1920x69
  6: 318, 141, 1924x1247
  7: 728, 138, 448x512
  8: 728, 138, 448x252
  9: 11, 205, 1497x1346
Mouse: 1692, 386 | UIA: None | EW: PySide6.QtCore.QRect(828, 344, 874, 767)
All rects available:
  0: 1023, 404, 484x647
  1: 2396, 1364, 90x90
  2: 1610, 117, 270x210
  3: 828, 344, 874x767
  4: 320, 186, 1920x1200
  5: 320, 186, 1920x69
  6: 318, 141, 1924x1247
  7: 728, 138, 448x512
  8: 728, 138, 448x252
  9: 11, 205, 1497x1346
Mouse: 1694, 386 | UIA: None | EW: PySide6.QtCore.QRect(828, 344, 874, 767)
All rects available:
  0: 1023, 404, 484x647
  1: 2396, 1364, 90x90
  2: 1610, 117, 270x210
  3: 828, 344, 874x767
  4: 320, 186, 1920x1200
  5: 320, 186, 1920x69
  6: 318, 141, 1924x1247
  7: 728, 138, 448x512
  8: 728, 138, 448x252
  9: 11, 205, 1497x1346
Mouse: 1694, 386 | UIA: None | EW: PySide6.QtCore.QRect(828, 344, 874, 767)
All rects available:
  0: 1023, 404, 484x647
  1: 2396, 1364, 90x90
  2: 1610, 117, 270x210
  3: 828, 344, 874x767
  4: 320, 186, 1920x1200
  5: 320, 186, 1920x69
  6: 318, 141, 1924x1247
  7: 728, 138, 448x512
  8: 728, 138, 448x252
  9: 11, 205, 1497x1346
Mouse: 1695, 386 | UIA: None | EW: PySide6.QtCore.QRect(828, 344, 874, 767)
All rects available:
  0: 1023, 404, 484x647
  1: 2396, 1364, 90x90
  2: 1610, 117, 270x210
  3: 828, 344, 874x767
  4: 320, 186, 1920x1200
  5: 320, 186, 1920x69
  6: 318, 141, 1924x1247
  7: 728, 138, 448x512
  8: 728, 138, 448x252
  9: 11, 205, 1497x1346
Mouse: 1696, 386 | UIA: None | EW: PySide6.QtCore.QRect(828, 344, 874, 767)
All rects available:
  0: 1023, 404, 484x647
  1: 2396, 1364, 90x90
  2: 1610, 117, 270x210
  3: 828, 344, 874x767
  4: 320, 186, 1920x1200
  5: 320, 186, 1920x69
  6: 318, 141, 1924x1247
  7: 728, 138, 448x512
  8: 728, 138, 448x252
  9: 11, 205, 1497x1346
Mouse: 1696, 386 | UIA: None | EW: PySide6.QtCore.QRect(828, 344, 874, 767)
All rects available:
  0: 1023, 404, 484x647
  1: 2396, 1364, 90x90
  2: 1610, 117, 270x210
  3: 828, 344, 874x767
  4: 320, 186, 1920x1200
  5: 320, 186, 1920x69
  6: 318, 141, 1924x1247
  7: 728, 138, 448x512
  8: 728, 138, 448x252
  9: 11, 205, 1497x1346
Mouse: 1698, 386 | UIA: None | EW: PySide6.QtCore.QRect(828, 344, 874, 767)
All rects available:
  0: 1023, 404, 484x647
  1: 2396, 1364, 90x90
  2: 1610, 117, 270x210
  3: 828, 344, 874x767
  4: 320, 186, 1920x1200
  5: 320, 186, 1920x69
  6: 318, 141, 1924x1247
  7: 728, 138, 448x512
  8: 728, 138, 448x252
  9: 11, 205, 1497x1346
Mouse: 1700, 386 | UIA: None | EW: PySide6.QtCore.QRect(828, 344, 874, 767)
All rects available:
  0: 1023, 404, 484x647
  1: 2396, 1364, 90x90
  2: 1610, 117, 270x210
  3: 828, 344, 874x767
  4: 320, 186, 1920x1200
  5: 320, 186, 1920x69
  6: 318, 141, 1924x1247
  7: 728, 138, 448x512
  8: 728, 138, 448x252
  9: 11, 205, 1497x1346
Mouse: 1700, 386 | UIA: None | EW: PySide6.QtCore.QRect(828, 344, 874, 767)
All rects available:
  0: 1023, 404, 484x647
  1: 2396, 1364, 90x90
  2: 1610, 117, 270x210
  3: 828, 344, 874x767
  4: 320, 186, 1920x1200
  5: 320, 186, 1920x69
  6: 318, 141, 1924x1247
  7: 728, 138, 448x512
  8: 728, 138, 448x252
  9: 11, 205, 1497x1346
Mouse: 1701, 386 | UIA: None | EW: PySide6.QtCore.QRect(828, 344, 874, 767)
All rects available:
  0: 1023, 404, 484x647
  1: 2396, 1364, 90x90
  2: 1610, 117, 270x210
  3: 828, 344, 874x767
  4: 320, 186, 1920x1200
  5: 320, 186, 1920x69
  6: 318, 141, 1924x1247
  7: 728, 138, 448x512
  8: 728, 138, 448x252
  9: 11, 205, 1497x1346
Mouse: 1701, 386 | UIA: None | EW: PySide6.QtCore.QRect(828, 344, 874, 767)
All rects available:
  0: 1023, 404, 484x647
  1: 2396, 1364, 90x90
  2: 1610, 117, 270x210
  3: 828, 344, 874x767
  4: 320, 186, 1920x1200
  5: 320, 186, 1920x69
  6: 318, 141, 1924x1247
  7: 728, 138, 448x512
  8: 728, 138, 448x252
  9: 11, 205, 1497x1346
Mouse: 1701, 387 | UIA: None | EW: PySide6.QtCore.QRect(828, 344, 874, 767)
All rects available:
  0: 1023, 404, 484x647
  1: 2396, 1364, 90x90
  2: 1610, 117, 270x210
  3: 828, 344, 874x767
  4: 320, 186, 1920x1200
  5: 320, 186, 1920x69
  6: 318, 141, 1924x1247
  7: 728, 138, 448x512
  8: 728, 138, 448x252
  9: 11, 205, 1497x1346
Mouse: 1700, 388 | UIA: None | EW: PySide6.QtCore.QRect(828, 344, 874, 767)
All rects available:
  0: 1023, 404, 484x647
  1: 2396, 1364, 90x90
  2: 1610, 117, 270x210
  3: 828, 344, 874x767
  4: 320, 186, 1920x1200
  5: 320, 186, 1920x69
  6: 318, 141, 1924x1247
  7: 728, 138, 448x512
  8: 728, 138, 448x252
  9: 11, 205, 1497x1346
Mouse: 1700, 393 | UIA: None | EW: PySide6.QtCore.QRect(828, 344, 874, 767)
All rects available:
  0: 1023, 404, 484x647
  1: 2396, 1364, 90x90
  2: 1610, 117, 270x210
  3: 828, 344, 874x767
  4: 320, 186, 1920x1200
  5: 320, 186, 1920x69
  6: 318, 141, 1924x1247
  7: 728, 138, 448x512
  8: 728, 138, 448x252
  9: 11, 205, 1497x1346
Mouse: 1696, 400 | UIA: None | EW: PySide6.QtCore.QRect(828, 344, 874, 767)
All rects available:
  0: 1023, 404, 484x647
  1: 2396, 1364, 90x90
  2: 1610, 117, 270x210
  3: 828, 344, 874x767
  4: 320, 186, 1920x1200
  5: 320, 186, 1920x69
  6: 318, 141, 1924x1247
  7: 728, 138, 448x512
  8: 728, 138, 448x252
  9: 11, 205, 1497x1346
Mouse: 1694, 412 | UIA: None | EW: PySide6.QtCore.QRect(828, 344, 874, 767)
All rects available:
  0: 1023, 404, 484x647
  1: 2396, 1364, 90x90
  2: 1610, 117, 270x210
  3: 828, 344, 874x767
  4: 320, 186, 1920x1200
  5: 320, 186, 1920x69
  6: 318, 141, 1924x1247
  7: 728, 138, 448x512
  8: 728, 138, 448x252
  9: 11, 205, 1497x1346
Mouse: 1688, 428 | UIA: None | EW: PySide6.QtCore.QRect(828, 344, 874, 767)
All rects available:
  0: 1023, 404, 484x647
  1: 2396, 1364, 90x90
  2: 1610, 117, 270x210
  3: 828, 344, 874x767
  4: 320, 186, 1920x1200
  5: 320, 186, 1920x69
  6: 318, 141, 1924x1247
  7: 728, 138, 448x512
  8: 728, 138, 448x252
  9: 11, 205, 1497x1346
Mouse: 1684, 447 | UIA: None | EW: PySide6.QtCore.QRect(828, 344, 874, 767)
All rects available:
  0: 1023, 404, 484x647
  1: 2396, 1364, 90x90
  2: 1610, 117, 270x210
  3: 828, 344, 874x767
  4: 320, 186, 1920x1200
  5: 320, 186, 1920x69
  6: 318, 141, 1924x1247
  7: 728, 138, 448x512
  8: 728, 138, 448x252
  9: 11, 205, 1497x1346
Mouse: 1678, 466 | UIA: None | EW: PySide6.QtCore.QRect(828, 344, 874, 767)
All rects available:
  0: 1023, 404, 484x647
  1: 2396, 1364, 90x90
  2: 1610, 117, 270x210
  3: 828, 344, 874x767
  4: 320, 186, 1920x1200
  5: 320, 186, 1920x69
  6: 318, 141, 1924x1247
  7: 728, 138, 448x512
  8: 728, 138, 448x252
  9: 11, 205, 1497x1346
Mouse: 1672, 488 | UIA: None | EW: PySide6.QtCore.QRect(828, 344, 874, 767)
All rects available:
  0: 1023, 404, 484x647
  1: 2396, 1364, 90x90
  2: 1610, 117, 270x210
  3: 828, 344, 874x767
  4: 320, 186, 1920x1200
  5: 320, 186, 1920x69
  6: 318, 141, 1924x1247
  7: 728, 138, 448x512
  8: 728, 138, 448x252
  9: 11, 205, 1497x1346
Mouse: 1668, 508 | UIA: None | EW: PySide6.QtCore.QRect(828, 344, 874, 767)
All rects available:
  0: 1023, 404, 484x647
  1: 2396, 1364, 90x90
  2: 1610, 117, 270x210
  3: 828, 344, 874x767
  4: 320, 186, 1920x1200
  5: 320, 186, 1920x69
  6: 318, 141, 1924x1247
  7: 728, 138, 448x512
  8: 728, 138, 448x252
  9: 11, 205, 1497x1346
Mouse: 1665, 514 | UIA: None | EW: PySide6.QtCore.QRect(828, 344, 874, 767)
All rects available:
  0: 1023, 404, 484x647
  1: 2396, 1364, 90x90
  2: 1610, 117, 270x210
  3: 828, 344, 874x767
  4: 320, 186, 1920x1200
  5: 320, 186, 1920x69
  6: 318, 141, 1924x1247
  7: 728, 138, 448x512
  8: 728, 138, 448x252
  9: 11, 205, 1497x1346
Mouse: 1660, 530 | UIA: None | EW: PySide6.QtCore.QRect(828, 344, 874, 767)
All rects available:
  0: 1023, 404, 484x647
  1: 2396, 1364, 90x90
  2: 1610, 117, 270x210
  3: 828, 344, 874x767
  4: 320, 186, 1920x1200
  5: 320, 186, 1920x69
  6: 318, 141, 1924x1247
  7: 728, 138, 448x512
  8: 728, 138, 448x252
  9: 11, 205, 1497x1346
Mouse: 1658, 538 | UIA: None | EW: PySide6.QtCore.QRect(828, 344, 874, 767)
All rects available:
  0: 1023, 404, 484x647
  1: 2396, 1364, 90x90
  2: 1610, 117, 270x210
  3: 828, 344, 874x767
  4: 320, 186, 1920x1200
  5: 320, 186, 1920x69
  6: 318, 141, 1924x1247
  7: 728, 138, 448x512
  8: 728, 138, 448x252
  9: 11, 205, 1497x1346
Mouse: 1654, 556 | UIA: None | EW: PySide6.QtCore.QRect(828, 344, 874, 767)
All rects available:
  0: 1023, 404, 484x647
  1: 2396, 1364, 90x90
  2: 1610, 117, 270x210
  3: 828, 344, 874x767
  4: 320, 186, 1920x1200
  5: 320, 186, 1920x69
  6: 318, 141, 1924x1247
  7: 728, 138, 448x512
  8: 728, 138, 448x252
  9: 11, 205, 1497x1346
Mouse: 1648, 578 | UIA: None | EW: PySide6.QtCore.QRect(828, 344, 874, 767)
All rects available:
  0: 1023, 404, 484x647
  1: 2396, 1364, 90x90
  2: 1610, 117, 270x210
  3: 828, 344, 874x767
  4: 320, 186, 1920x1200
  5: 320, 186, 1920x69
  6: 318, 141, 1924x1247
  7: 728, 138, 448x512
  8: 728, 138, 448x252
  9: 11, 205, 1497x1346
Mouse: 1642, 596 | UIA: None | EW: PySide6.QtCore.QRect(828, 344, 874, 767)
All rects available:
  0: 1023, 404, 484x647
  1: 2396, 1364, 90x90
  2: 1610, 117, 270x210
  3: 828, 344, 874x767
  4: 320, 186, 1920x1200
  5: 320, 186, 1920x69
  6: 318, 141, 1924x1247
  7: 728, 138, 448x512
  8: 728, 138, 448x252
  9: 11, 205, 1497x1346
Mouse: 1640, 614 | UIA: None | EW: PySide6.QtCore.QRect(828, 344, 874, 767)
All rects available:
  0: 1023, 404, 484x647
  1: 2396, 1364, 90x90
  2: 1610, 117, 270x210
  3: 828, 344, 874x767
  4: 320, 186, 1920x1200
  5: 320, 186, 1920x69
  6: 318, 141, 1924x1247
  7: 728, 138, 448x512
  8: 728, 138, 448x252
  9: 11, 205, 1497x1346
Mouse: 1638, 620 | UIA: None | EW: PySide6.QtCore.QRect(828, 344, 874, 767)
All rects available:
  0: 1023, 404, 484x647
  1: 2396, 1364, 90x90
  2: 1610, 117, 270x210
  3: 828, 344, 874x767
  4: 320, 186, 1920x1200
  5: 320, 186, 1920x69
  6: 318, 141, 1924x1247
  7: 728, 138, 448x512
  8: 728, 138, 448x252
  9: 11, 205, 1497x1346
Mouse: 1634, 632 | UIA: None | EW: PySide6.QtCore.QRect(828, 344, 874, 767)
All rects available:
  0: 1023, 404, 484x647
  1: 2396, 1364, 90x90
  2: 1610, 117, 270x210
  3: 828, 344, 874x767
  4: 320, 186, 1920x1200
  5: 320, 186, 1920x69
  6: 318, 141, 1924x1247
  7: 728, 138, 448x512
  8: 728, 138, 448x252
  9: 11, 205, 1497x1346
Mouse: 1630, 636 | UIA: None | EW: PySide6.QtCore.QRect(828, 344, 874, 767)
All rects available:
  0: 1023, 404, 484x647
  1: 2396, 1364, 90x90
  2: 1610, 117, 270x210
  3: 828, 344, 874x767
  4: 320, 186, 1920x1200
  5: 320, 186, 1920x69
  6: 318, 141, 1924x1247
  7: 728, 138, 448x512
  8: 728, 138, 448x252
  9: 11, 205, 1497x1346
Mouse: 1630, 640 | UIA: None | EW: PySide6.QtCore.QRect(828, 344, 874, 767)
All rects available:
  0: 1023, 404, 484x647
  1: 2396, 1364, 90x90
  2: 1610, 117, 270x210
  3: 828, 344, 874x767
  4: 320, 186, 1920x1200
  5: 320, 186, 1920x69
  6: 318, 141, 1924x1247
  7: 728, 138, 448x512
  8: 728, 138, 448x252
  9: 11, 205, 1497x1346
Mouse: 1629, 645 | UIA: None | EW: PySide6.QtCore.QRect(828, 344, 874, 767)
All rects available:
  0: 1023, 404, 484x647
  1: 2396, 1364, 90x90
  2: 1610, 117, 270x210
  3: 828, 344, 874x767
  4: 320, 186, 1920x1200
  5: 320, 186, 1920x69
  6: 318, 141, 1924x1247
  7: 728, 138, 448x512
  8: 728, 138, 448x252
  9: 11, 205, 1497x1346
Mouse: 1623, 666 | UIA: None | EW: PySide6.QtCore.QRect(828, 344, 874, 767)
All rects available:
  0: 1023, 404, 484x647
  1: 2396, 1364, 90x90
  2: 1610, 117, 270x210
  3: 828, 344, 874x767
  4: 320, 186, 1920x1200
  5: 320, 186, 1920x69
  6: 318, 141, 1924x1247
  7: 728, 138, 448x512
  8: 728, 138, 448x252
  9: 11, 205, 1497x1346
Mouse: 1616, 686 | UIA: None | EW: PySide6.QtCore.QRect(828, 344, 874, 767)
All rects available:
  0: 1023, 404, 484x647
  1: 2396, 1364, 90x90
  2: 1610, 117, 270x210
  3: 828, 344, 874x767
  4: 320, 186, 1920x1200
  5: 320, 186, 1920x69
  6: 318, 141, 1924x1247
  7: 728, 138, 448x512
  8: 728, 138, 448x252
  9: 11, 205, 1497x1346
Mouse: 1611, 704 | UIA: None | EW: PySide6.QtCore.QRect(828, 344, 874, 767)
All rects available:
  0: 1023, 404, 484x647
  1: 2396, 1364, 90x90
  2: 1610, 117, 270x210
  3: 828, 344, 874x767
  4: 320, 186, 1920x1200
  5: 320, 186, 1920x69
  6: 318, 141, 1924x1247
  7: 728, 138, 448x512
  8: 728, 138, 448x252
  9: 11, 205, 1497x1346
Mouse: 1608, 712 | UIA: None | EW: PySide6.QtCore.QRect(828, 344, 874, 767)
All rects available:
  0: 1023, 404, 484x647
  1: 2396, 1364, 90x90
  2: 1610, 117, 270x210
  3: 828, 344, 874x767
  4: 320, 186, 1920x1200
  5: 320, 186, 1920x69
  6: 318, 141, 1924x1247
  7: 728, 138, 448x512
  8: 728, 138, 448x252
  9: 11, 205, 1497x1346
Mouse: 1605, 724 | UIA: None | EW: PySide6.QtCore.QRect(828, 344, 874, 767)
All rects available:
  0: 1023, 404, 484x647
  1: 2396, 1364, 90x90
  2: 1610, 117, 270x210
  3: 828, 344, 874x767
  4: 320, 186, 1920x1200
  5: 320, 186, 1920x69
  6: 318, 141, 1924x1247
  7: 728, 138, 448x512
  8: 728, 138, 448x252
  9: 11, 205, 1497x1346
Mouse: 1600, 734 | UIA: None | EW: PySide6.QtCore.QRect(828, 344, 874, 767)
All rects available:
  0: 1023, 404, 484x647
  1: 2396, 1364, 90x90
  2: 1610, 117, 270x210
  3: 828, 344, 874x767
  4: 320, 186, 1920x1200
  5: 320, 186, 1920x69
  6: 318, 141, 1924x1247
  7: 728, 138, 448x512
  8: 728, 138, 448x252
  9: 11, 205, 1497x1346
Mouse: 1600, 736 | UIA: None | EW: PySide6.QtCore.QRect(828, 344, 874, 767)
All rects available:
  0: 1023, 404, 484x647
  1: 2396, 1364, 90x90
  2: 1610, 117, 270x210
  3: 828, 344, 874x767
  4: 320, 186, 1920x1200
  5: 320, 186, 1920x69
  6: 318, 141, 1924x1247
  7: 728, 138, 448x512
  8: 728, 138, 448x252
  9: 11, 205, 1497x1346
Mouse: 1598, 744 | UIA: None | EW: PySide6.QtCore.QRect(828, 344, 874, 767)
All rects available:
  0: 1023, 404, 484x647
  1: 2396, 1364, 90x90
  2: 1610, 117, 270x210
  3: 828, 344, 874x767
  4: 320, 186, 1920x1200
  5: 320, 186, 1920x69
  6: 318, 141, 1924x1247
  7: 728, 138, 448x512
  8: 728, 138, 448x252
  9: 11, 205, 1497x1346
Mouse: 1598, 746 | UIA: None | EW: PySide6.QtCore.QRect(828, 344, 874, 767)
All rects available:
  0: 1023, 404, 484x647
  1: 2396, 1364, 90x90
  2: 1610, 117, 270x210
  3: 828, 344, 874x767
  4: 320, 186, 1920x1200
  5: 320, 186, 1920x69
  6: 318, 141, 1924x1247
  7: 728, 138, 448x512
  8: 728, 138, 448x252
  9: 11, 205, 1497x1346
Mouse: 1598, 746 | UIA: None | EW: PySide6.QtCore.QRect(828, 344, 874, 767)
All rects available:
  0: 1023, 404, 484x647
  1: 2396, 1364, 90x90
  2: 1610, 117, 270x210
  3: 828, 344, 874x767
  4: 320, 186, 1920x1200
  5: 320, 186, 1920x69
  6: 318, 141, 1924x1247
  7: 728, 138, 448x512
  8: 728, 138, 448x252
  9: 11, 205, 1497x1346
Mouse: 1598, 747 | UIA: None | EW: PySide6.QtCore.QRect(828, 344, 874, 767)
All rects available:
  0: 1023, 404, 484x647
  1: 2396, 1364, 90x90
  2: 1610, 117, 270x210
  3: 828, 344, 874x767
  4: 320, 186, 1920x1200
  5: 320, 186, 1920x69
  6: 318, 141, 1924x1247
  7: 728, 138, 448x512
  8: 728, 138, 448x252
  9: 11, 205, 1497x1346
Mouse: 1592, 742 | UIA: None | EW: PySide6.QtCore.QRect(828, 344, 874, 767)
All rects available:
  0: 1023, 404, 484x647
  1: 2396, 1364, 90x90
  2: 1610, 117, 270x210
  3: 828, 344, 874x767
  4: 320, 186, 1920x1200
  5: 320, 186, 1920x69
  6: 318, 141, 1924x1247
  7: 728, 138, 448x512
  8: 728, 138, 448x252
  9: 11, 205, 1497x1346
Mouse: 1587, 736 | UIA: None | EW: PySide6.QtCore.QRect(828, 344, 874, 767)
All rects available:
  0: 1023, 404, 484x647
  1: 2396, 1364, 90x90
  2: 1610, 117, 270x210
  3: 828, 344, 874x767
  4: 320, 186, 1920x1200
  5: 320, 186, 1920x69
  6: 318, 141, 1924x1247
  7: 728, 138, 448x512
  8: 728, 138, 448x252
  9: 11, 205, 1497x1346
Mouse: 1563, 714 | UIA: None | EW: PySide6.QtCore.QRect(828, 344, 874, 767)
All rects available:
  0: 1023, 404, 484x647
  1: 2396, 1364, 90x90
  2: 1610, 117, 270x210
  3: 828, 344, 874x767
  4: 320, 186, 1920x1200
  5: 320, 186, 1920x69
  6: 318, 141, 1924x1247
  7: 728, 138, 448x512
  8: 728, 138, 448x252
  9: 11, 205, 1497x1346
Mouse: 1544, 696 | UIA: None | EW: PySide6.QtCore.QRect(828, 344, 874, 767)
All rects available:
  0: 1023, 404, 484x647
  1: 2396, 1364, 90x90
  2: 1610, 117, 270x210
  3: 828, 344, 874x767
  4: 320, 186, 1920x1200
  5: 320, 186, 1920x69
  6: 318, 141, 1924x1247
  7: 728, 138, 448x512
  8: 728, 138, 448x252
  9: 11, 205, 1497x1346
Mouse: 1532, 686 | UIA: None | EW: PySide6.QtCore.QRect(828, 344, 874, 767)
All rects available:
  0: 1023, 404, 484x647
  1: 2396, 1364, 90x90
  2: 1610, 117, 270x210
  3: 828, 344, 874x767
  4: 320, 186, 1920x1200
  5: 320, 186, 1920x69
  6: 318, 141, 1924x1247
  7: 728, 138, 448x512
  8: 728, 138, 448x252
  9: 11, 205, 1497x1346
Mouse: 1522, 674 | UIA: None | EW: PySide6.QtCore.QRect(828, 344, 874, 767)
All rects available:
  0: 1023, 404, 484x647
  1: 2396, 1364, 90x90
  2: 1610, 117, 270x210
  3: 828, 344, 874x767
  4: 320, 186, 1920x1200
  5: 320, 186, 1920x69
  6: 318, 141, 1924x1247
  7: 728, 138, 448x512
  8: 728, 138, 448x252
  9: 11, 205, 1497x1346
Mouse: 1035, 246 | UIA: None | EW: PySide6.QtCore.QRect(320, 186, 1920, 1200)
All rects available:
  0: 1023, 404, 484x647
  1: 2396, 1364, 90x90
  2: 1610, 117, 270x210
  3: 828, 344, 874x767
  4: 320, 186, 1920x1200
  5: 320, 186, 1920x69
  6: 318, 141, 1924x1247
  7: 728, 138, 448x512
  8: 728, 138, 448x252
  9: 11, 205, 1497x1346
Mouse: 1052, 279 | UIA: None | EW: PySide6.QtCore.QRect(320, 186, 1920, 1200)
All rects available:
  0: 1023, 404, 484x647
  1: 2396, 1364, 90x90
  2: 1610, 117, 270x210
  3: 828, 344, 874x767
  4: 320, 186, 1920x1200
  5: 320, 186, 1920x69
  6: 318, 141, 1924x1247
  7: 728, 138, 448x512
  8: 728, 138, 448x252
  9: 11, 205, 1497x1346
Mouse: 1054, 291 | UIA: None | EW: PySide6.QtCore.QRect(320, 186, 1920, 1200)
All rects available:
  0: 1023, 404, 484x647
  1: 2396, 1364, 90x90
  2: 1610, 117, 270x210
  3: 828, 344, 874x767
  4: 320, 186, 1920x1200
  5: 320, 186, 1920x69
  6: 318, 141, 1924x1247
  7: 728, 138, 448x512
  8: 728, 138, 448x252
  9: 11, 205, 1497x1346
Mouse: 1076, 332 | UIA: None | EW: PySide6.QtCore.QRect(320, 186, 1920, 1200)
All rects available:
  0: 1023, 404, 484x647
  1: 2396, 1364, 90x90
  2: 1610, 117, 270x210
  3: 828, 344, 874x767
  4: 320, 186, 1920x1200
  5: 320, 186, 1920x69
  6: 318, 141, 1924x1247
  7: 728, 138, 448x512
  8: 728, 138, 448x252
  9: 11, 205, 1497x1346
Mouse: 1084, 345 | UIA: None | EW: PySide6.QtCore.QRect(828, 344, 874, 767)
All rects available:
  0: 1023, 404, 484x647
  1: 2396, 1364, 90x90
  2: 1610, 117, 270x210
  3: 828, 344, 874x767
  4: 320, 186, 1920x1200
  5: 320, 186, 1920x69
  6: 318, 141, 1924x1247
  7: 728, 138, 448x512
  8: 728, 138, 448x252
  9: 11, 205, 1497x1346
Mouse: 1094, 358 | UIA: None | EW: PySide6.QtCore.QRect(828, 344, 874, 767)
All rects available:
  0: 1023, 404, 484x647
  1: 2396, 1364, 90x90
  2: 1610, 117, 270x210
  3: 828, 344, 874x767
  4: 320, 186, 1920x1200
  5: 320, 186, 1920x69
  6: 318, 141, 1924x1247
  7: 728, 138, 448x512
  8: 728, 138, 448x252
  9: 11, 205, 1497x1346
Mouse: 1104, 369 | UIA: None | EW: PySide6.QtCore.QRect(828, 344, 874, 767)
All rects available:
  0: 1023, 404, 484x647
  1: 2396, 1364, 90x90
  2: 1610, 117, 270x210
  3: 828, 344, 874x767
  4: 320, 186, 1920x1200
  5: 320, 186, 1920x69
  6: 318, 141, 1924x1247
  7: 728, 138, 448x512
  8: 728, 138, 448x252
  9: 11, 205, 1497x1346
Mouse: 1113, 382 | UIA: None | EW: PySide6.QtCore.QRect(828, 344, 874, 767)
All rects available:
  0: 1023, 404, 484x647
  1: 2396, 1364, 90x90
  2: 1610, 117, 270x210
  3: 828, 344, 874x767
  4: 320, 186, 1920x1200
  5: 320, 186, 1920x69
  6: 318, 141, 1924x1247
  7: 728, 138, 448x512
  8: 728, 138, 448x252
  9: 11, 205, 1497x1346
Mouse: 1130, 400 | UIA: None | EW: PySide6.QtCore.QRect(828, 344, 874, 767)
All rects available:
  0: 1023, 404, 484x647
  1: 2396, 1364, 90x90
  2: 1610, 117, 270x210
  3: 828, 344, 874x767
  4: 320, 186, 1920x1200
  5: 320, 186, 1920x69
  6: 318, 141, 1924x1247
  7: 728, 138, 448x512
  8: 728, 138, 448x252
  9: 11, 205, 1497x1346
Mouse: 1520, 556 | UIA: None | EW: PySide6.QtCore.QRect(828, 344, 874, 767)
All rects available:
  0: 1023, 404, 484x647
  1: 2396, 1364, 90x90
  2: 1610, 117, 270x210
  3: 828, 344, 874x767
  4: 320, 186, 1920x1200
  5: 320, 186, 1920x69
  6: 318, 141, 1924x1247
  7: 728, 138, 448x512
  8: 728, 138, 448x252
  9: 11, 205, 1497x1346
Mouse: 1526, 556 | UIA: None | EW: PySide6.QtCore.QRect(828, 344, 874, 767)
All rects available:
  0: 1023, 404, 484x647
  1: 2396, 1364, 90x90
  2: 1610, 117, 270x210
  3: 828, 344, 874x767
  4: 320, 186, 1920x1200
  5: 320, 186, 1920x69
  6: 318, 141, 1924x1247
  7: 728, 138, 448x512
  8: 728, 138, 448x252
  9: 11, 205, 1497x1346
Mouse: 1528, 556 | UIA: None | EW: PySide6.QtCore.QRect(828, 344, 874, 767)
All rects available:
  0: 1023, 404, 484x647
  1: 2396, 1364, 90x90
  2: 1610, 117, 270x210
  3: 828, 344, 874x767
  4: 320, 186, 1920x1200
  5: 320, 186, 1920x69
  6: 318, 141, 1924x1247
  7: 728, 138, 448x512
  8: 728, 138, 448x252
  9: 11, 205, 1497x1346
Mouse: 1530, 556 | UIA: None | EW: PySide6.QtCore.QRect(828, 344, 874, 767)
All rects available:
  0: 1023, 404, 484x647
  1: 2396, 1364, 90x90
  2: 1610, 117, 270x210
  3: 828, 344, 874x767
  4: 320, 186, 1920x1200
  5: 320, 186, 1920x69
  6: 318, 141, 1924x1247
  7: 728, 138, 448x512
  8: 728, 138, 448x252
  9: 11, 205, 1497x1346
Mouse: 1533, 556 | UIA: None | EW: PySide6.QtCore.QRect(828, 344, 874, 767)
All rects available:
  0: 1023, 404, 484x647
  1: 2396, 1364, 90x90
  2: 1610, 117, 270x210
  3: 828, 344, 874x767
  4: 320, 186, 1920x1200
  5: 320, 186, 1920x69
  6: 318, 141, 1924x1247
  7: 728, 138, 448x512
  8: 728, 138, 448x252
  9: 11, 205, 1497x1346
Mouse: 1538, 556 | UIA: None | EW: PySide6.QtCore.QRect(828, 344, 874, 767)
All rects available:
  0: 1023, 404, 484x647
  1: 2396, 1364, 90x90
  2: 1610, 117, 270x210
  3: 828, 344, 874x767
  4: 320, 186, 1920x1200
  5: 320, 186, 1920x69
  6: 318, 141, 1924x1247
  7: 728, 138, 448x512
  8: 728, 138, 448x252
  9: 11, 205, 1497x1346
Mouse: 1542, 556 | UIA: None | EW: PySide6.QtCore.QRect(828, 344, 874, 767)
All rects available:
  0: 1023, 404, 484x647
  1: 2396, 1364, 90x90
  2: 1610, 117, 270x210
  3: 828, 344, 874x767
  4: 320, 186, 1920x1200
  5: 320, 186, 1920x69
  6: 318, 141, 1924x1247
  7: 728, 138, 448x512
  8: 728, 138, 448x252
  9: 11, 205, 1497x1346
Mouse: 1545, 556 | UIA: None | EW: PySide6.QtCore.QRect(828, 344, 874, 767)
All rects available:
  0: 1023, 404, 484x647
  1: 2396, 1364, 90x90
  2: 1610, 117, 270x210
  3: 828, 344, 874x767
  4: 320, 186, 1920x1200
  5: 320, 186, 1920x69
  6: 318, 141, 1924x1247
  7: 728, 138, 448x512
  8: 728, 138, 448x252
  9: 11, 205, 1497x1346
Mouse: 1550, 556 | UIA: None | EW: PySide6.QtCore.QRect(828, 344, 874, 767)
All rects available:
  0: 1023, 404, 484x647
  1: 2396, 1364, 90x90
  2: 1610, 117, 270x210
  3: 828, 344, 874x767
  4: 320, 186, 1920x1200
  5: 320, 186, 1920x69
  6: 318, 141, 1924x1247
  7: 728, 138, 448x512
  8: 728, 138, 448x252
  9: 11, 205, 1497x1346
Mouse: 1552, 555 | UIA: None | EW: PySide6.QtCore.QRect(828, 344, 874, 767)
All rects available:
  0: 1023, 404, 484x647
  1: 2396, 1364, 90x90
  2: 1610, 117, 270x210
  3: 828, 344, 874x767
  4: 320, 186, 1920x1200
  5: 320, 186, 1920x69
  6: 318, 141, 1924x1247
  7: 728, 138, 448x512
  8: 728, 138, 448x252
  9: 11, 205, 1497x1346
Mouse: 1554, 554 | UIA: None | EW: PySide6.QtCore.QRect(828, 344, 874, 767)
All rects available:
  0: 1023, 404, 484x647
  1: 2396, 1364, 90x90
  2: 1610, 117, 270x210
  3: 828, 344, 874x767
  4: 320, 186, 1920x1200
  5: 320, 186, 1920x69
  6: 318, 141, 1924x1247
  7: 728, 138, 448x512
  8: 728, 138, 448x252
  9: 11, 205, 1497x1346
Mouse: 1556, 554 | UIA: None | EW: PySide6.QtCore.QRect(828, 344, 874, 767)
All rects available:
  0: 1023, 404, 484x647
  1: 2396, 1364, 90x90
  2: 1610, 117, 270x210
  3: 828, 344, 874x767
  4: 320, 186, 1920x1200
  5: 320, 186, 1920x69
  6: 318, 141, 1924x1247
  7: 728, 138, 448x512
  8: 728, 138, 448x252
  9: 11, 205, 1497x1346
Mouse: 1558, 554 | UIA: None | EW: PySide6.QtCore.QRect(828, 344, 874, 767)
All rects available:
  0: 1023, 404, 484x647
  1: 2396, 1364, 90x90
  2: 1610, 117, 270x210
  3: 828, 344, 874x767
  4: 320, 186, 1920x1200
  5: 320, 186, 1920x69
  6: 318, 141, 1924x1247
  7: 728, 138, 448x512
  8: 728, 138, 448x252
  9: 11, 205, 1497x1346
Mouse: 1566, 550 | UIA: None | EW: PySide6.QtCore.QRect(828, 344, 874, 767)
All rects available:
  0: 1023, 404, 484x647
  1: 2396, 1364, 90x90
  2: 1610, 117, 270x210
  3: 828, 344, 874x767
  4: 320, 186, 1920x1200
  5: 320, 186, 1920x69
  6: 318, 141, 1924x1247
  7: 728, 138, 448x512
  8: 728, 138, 448x252
  9: 11, 205, 1497x1346
Mouse: 1588, 544 | UIA: None | EW: PySide6.QtCore.QRect(828, 344, 874, 767)
All rects available:
  0: 1023, 404, 484x647
  1: 2396, 1364, 90x90
  2: 1610, 117, 270x210
  3: 828, 344, 874x767
  4: 320, 186, 1920x1200
  5: 320, 186, 1920x69
  6: 318, 141, 1924x1247
  7: 728, 138, 448x512
  8: 728, 138, 448x252
  9: 11, 205, 1497x1346
Mouse: 1598, 542 | UIA: None | EW: PySide6.QtCore.QRect(828, 344, 874, 767)
All rects available:
  0: 1023, 404, 484x647
  1: 2396, 1364, 90x90
  2: 1610, 117, 270x210
  3: 828, 344, 874x767
  4: 320, 186, 1920x1200
  5: 320, 186, 1920x69
  6: 318, 141, 1924x1247
  7: 728, 138, 448x512
  8: 728, 138, 448x252
  9: 11, 205, 1497x1346
Mouse: 1604, 540 | UIA: None | EW: PySide6.QtCore.QRect(828, 344, 874, 767)
All rects available:
  0: 1023, 404, 484x647
  1: 2396, 1364, 90x90
  2: 1610, 117, 270x210
  3: 828, 344, 874x767
  4: 320, 186, 1920x1200
  5: 320, 186, 1920x69
  6: 318, 141, 1924x1247
  7: 728, 138, 448x512
  8: 728, 138, 448x252
  9: 11, 205, 1497x1346
Mouse: 1612, 537 | UIA: None | EW: PySide6.QtCore.QRect(828, 344, 874, 767)
All rects available:
  0: 1023, 404, 484x647
  1: 2396, 1364, 90x90
  2: 1610, 117, 270x210
  3: 828, 344, 874x767
  4: 320, 186, 1920x1200
  5: 320, 186, 1920x69
  6: 318, 141, 1924x1247
  7: 728, 138, 448x512
  8: 728, 138, 448x252
  9: 11, 205, 1497x1346
Mouse: 1624, 532 | UIA: None | EW: PySide6.QtCore.QRect(828, 344, 874, 767)
All rects available:
  0: 1023, 404, 484x647
  1: 2396, 1364, 90x90
  2: 1610, 117, 270x210
  3: 828, 344, 874x767
  4: 320, 186, 1920x1200
  5: 320, 186, 1920x69
  6: 318, 141, 1924x1247
  7: 728, 138, 448x512
  8: 728, 138, 448x252
  9: 11, 205, 1497x1346
Mouse: 1632, 530 | UIA: None | EW: PySide6.QtCore.QRect(828, 344, 874, 767)
All rects available:
  0: 1023, 404, 484x647
  1: 2396, 1364, 90x90
  2: 1610, 117, 270x210
  3: 828, 344, 874x767
  4: 320, 186, 1920x1200
  5: 320, 186, 1920x69
  6: 318, 141, 1924x1247
  7: 728, 138, 448x512
  8: 728, 138, 448x252
  9: 11, 205, 1497x1346
Mouse: 1640, 525 | UIA: None | EW: PySide6.QtCore.QRect(828, 344, 874, 767)
All rects available:
  0: 1023, 404, 484x647
  1: 2396, 1364, 90x90
  2: 1610, 117, 270x210
  3: 828, 344, 874x767
  4: 320, 186, 1920x1200
  5: 320, 186, 1920x69
  6: 318, 141, 1924x1247
  7: 728, 138, 448x512
  8: 728, 138, 448x252
  9: 11, 205, 1497x1346
Mouse: 1646, 520 | UIA: None | EW: PySide6.QtCore.QRect(828, 344, 874, 767)
All rects available:
  0: 1023, 404, 484x647
  1: 2396, 1364, 90x90
  2: 1610, 117, 270x210
  3: 828, 344, 874x767
  4: 320, 186, 1920x1200
  5: 320, 186, 1920x69
  6: 318, 141, 1924x1247
  7: 728, 138, 448x512
  8: 728, 138, 448x252
  9: 11, 205, 1497x1346
Mouse: 1652, 516 | UIA: None | EW: PySide6.QtCore.QRect(828, 344, 874, 767)
All rects available:
  0: 1023, 404, 484x647
  1: 2396, 1364, 90x90
  2: 1610, 117, 270x210
  3: 828, 344, 874x767
  4: 320, 186, 1920x1200
  5: 320, 186, 1920x69
  6: 318, 141, 1924x1247
  7: 728, 138, 448x512
  8: 728, 138, 448x252
  9: 11, 205, 1497x1346
Mouse: 1658, 512 | UIA: None | EW: PySide6.QtCore.QRect(828, 344, 874, 767)
All rects available:
  0: 1023, 404, 484x647
  1: 2396, 1364, 90x90
  2: 1610, 117, 270x210
  3: 828, 344, 874x767
  4: 320, 186, 1920x1200
  5: 320, 186, 1920x69
  6: 318, 141, 1924x1247
  7: 728, 138, 448x512
  8: 728, 138, 448x252
  9: 11, 205, 1497x1346
Mouse: 1662, 508 | UIA: None | EW: PySide6.QtCore.QRect(828, 344, 874, 767)
All rects available:
  0: 1023, 404, 484x647
  1: 2396, 1364, 90x90
  2: 1610, 117, 270x210
  3: 828, 344, 874x767
  4: 320, 186, 1920x1200
  5: 320, 186, 1920x69
  6: 318, 141, 1924x1247
  7: 728, 138, 448x512
  8: 728, 138, 448x252
  9: 11, 205, 1497x1346
Mouse: 1666, 506 | UIA: None | EW: PySide6.QtCore.QRect(828, 344, 874, 767)
All rects available:
  0: 1023, 404, 484x647
  1: 2396, 1364, 90x90
  2: 1610, 117, 270x210
  3: 828, 344, 874x767
  4: 320, 186, 1920x1200
  5: 320, 186, 1920x69
  6: 318, 141, 1924x1247
  7: 728, 138, 448x512
  8: 728, 138, 448x252
  9: 11, 205, 1497x1346
Mouse: 1666, 504 | UIA: None | EW: PySide6.QtCore.QRect(828, 344, 874, 767)
All rects available:
  0: 1023, 404, 484x647
  1: 2396, 1364, 90x90
  2: 1610, 117, 270x210
  3: 828, 344, 874x767
  4: 320, 186, 1920x1200
  5: 320, 186, 1920x69
  6: 318, 141, 1924x1247
  7: 728, 138, 448x512
  8: 728, 138, 448x252
  9: 11, 205, 1497x1346
Mouse: 1670, 501 | UIA: None | EW: PySide6.QtCore.QRect(828, 344, 874, 767)
All rects available:
  0: 1023, 404, 484x647
  1: 2396, 1364, 90x90
  2: 1610, 117, 270x210
  3: 828, 344, 874x767
  4: 320, 186, 1920x1200
  5: 320, 186, 1920x69
  6: 318, 141, 1924x1247
  7: 728, 138, 448x512
  8: 728, 138, 448x252
  9: 11, 205, 1497x1346
Mouse: 1672, 498 | UIA: None | EW: PySide6.QtCore.QRect(828, 344, 874, 767)
All rects available:
  0: 1023, 404, 484x647
  1: 2396, 1364, 90x90
  2: 1610, 117, 270x210
  3: 828, 344, 874x767
  4: 320, 186, 1920x1200
  5: 320, 186, 1920x69
  6: 318, 141, 1924x1247
  7: 728, 138, 448x512
  8: 728, 138, 448x252
  9: 11, 205, 1497x1346
Mouse: 1674, 496 | UIA: None | EW: PySide6.QtCore.QRect(828, 344, 874, 767)
All rects available:
  0: 1023, 404, 484x647
  1: 2396, 1364, 90x90
  2: 1610, 117, 270x210
  3: 828, 344, 874x767
  4: 320, 186, 1920x1200
  5: 320, 186, 1920x69
  6: 318, 141, 1924x1247
  7: 728, 138, 448x512
  8: 728, 138, 448x252
  9: 11, 205, 1497x1346
Mouse: 1676, 494 | UIA: None | EW: PySide6.QtCore.QRect(828, 344, 874, 767)
All rects available:
  0: 1023, 404, 484x647
  1: 2396, 1364, 90x90
  2: 1610, 117, 270x210
  3: 828, 344, 874x767
  4: 320, 186, 1920x1200
  5: 320, 186, 1920x69
  6: 318, 141, 1924x1247
  7: 728, 138, 448x512
  8: 728, 138, 448x252
  9: 11, 205, 1497x1346
Mouse: 1678, 489 | UIA: None | EW: PySide6.QtCore.QRect(828, 344, 874, 767)
All rects available:
  0: 1023, 404, 484x647
  1: 2396, 1364, 90x90
  2: 1610, 117, 270x210
  3: 828, 344, 874x767
  4: 320, 186, 1920x1200
  5: 320, 186, 1920x69
  6: 318, 141, 1924x1247
  7: 728, 138, 448x512
  8: 728, 138, 448x252
  9: 11, 205, 1497x1346
Mouse: 1682, 482 | UIA: None | EW: PySide6.QtCore.QRect(828, 344, 874, 767)
All rects available:
  0: 1023, 404, 484x647
  1: 2396, 1364, 90x90
  2: 1610, 117, 270x210
  3: 828, 344, 874x767
  4: 320, 186, 1920x1200
  5: 320, 186, 1920x69
  6: 318, 141, 1924x1247
  7: 728, 138, 448x512
  8: 728, 138, 448x252
  9: 11, 205, 1497x1346
Mouse: 1684, 478 | UIA: None | EW: PySide6.QtCore.QRect(828, 344, 874, 767)
All rects available:
  0: 1023, 404, 484x647
  1: 2396, 1364, 90x90
  2: 1610, 117, 270x210
  3: 828, 344, 874x767
  4: 320, 186, 1920x1200
  5: 320, 186, 1920x69
  6: 318, 141, 1924x1247
  7: 728, 138, 448x512
  8: 728, 138, 448x252
  9: 11, 205, 1497x1346
Mouse: 1688, 472 | UIA: None | EW: PySide6.QtCore.QRect(828, 344, 874, 767)
All rects available:
  0: 1023, 404, 484x647
  1: 2396, 1364, 90x90
  2: 1610, 117, 270x210
  3: 828, 344, 874x767
  4: 320, 186, 1920x1200
  5: 320, 186, 1920x69
  6: 318, 141, 1924x1247
  7: 728, 138, 448x512
  8: 728, 138, 448x252
  9: 11, 205, 1497x1346
Mouse: 1690, 468 | UIA: None | EW: PySide6.QtCore.QRect(828, 344, 874, 767)
All rects available:
  0: 1023, 404, 484x647
  1: 2396, 1364, 90x90
  2: 1610, 117, 270x210
  3: 828, 344, 874x767
  4: 320, 186, 1920x1200
  5: 320, 186, 1920x69
  6: 318, 141, 1924x1247
  7: 728, 138, 448x512
  8: 728, 138, 448x252
  9: 11, 205, 1497x1346
Mouse: 1690, 465 | UIA: None | EW: PySide6.QtCore.QRect(828, 344, 874, 767)
All rects available:
  0: 1023, 404, 484x647
  1: 2396, 1364, 90x90
  2: 1610, 117, 270x210
  3: 828, 344, 874x767
  4: 320, 186, 1920x1200
  5: 320, 186, 1920x69
  6: 318, 141, 1924x1247
  7: 728, 138, 448x512
  8: 728, 138, 448x252
  9: 11, 205, 1497x1346
Mouse: 1692, 459 | UIA: None | EW: PySide6.QtCore.QRect(828, 344, 874, 767)
All rects available:
  0: 1023, 404, 484x647
  1: 2396, 1364, 90x90
  2: 1610, 117, 270x210
  3: 828, 344, 874x767
  4: 320, 186, 1920x1200
  5: 320, 186, 1920x69
  6: 318, 141, 1924x1247
  7: 728, 138, 448x512
  8: 728, 138, 448x252
  9: 11, 205, 1497x1346
Mouse: 1695, 454 | UIA: None | EW: PySide6.QtCore.QRect(828, 344, 874, 767)
All rects available:
  0: 1023, 404, 484x647
  1: 2396, 1364, 90x90
  2: 1610, 117, 270x210
  3: 828, 344, 874x767
  4: 320, 186, 1920x1200
  5: 320, 186, 1920x69
  6: 318, 141, 1924x1247
  7: 728, 138, 448x512
  8: 728, 138, 448x252
  9: 11, 205, 1497x1346
Mouse: 1696, 453 | UIA: None | EW: PySide6.QtCore.QRect(828, 344, 874, 767)
All rects available:
  0: 1023, 404, 484x647
  1: 2396, 1364, 90x90
  2: 1610, 117, 270x210
  3: 828, 344, 874x767
  4: 320, 186, 1920x1200
  5: 320, 186, 1920x69
  6: 318, 141, 1924x1247
  7: 728, 138, 448x512
  8: 728, 138, 448x252
  9: 11, 205, 1497x1346
Mouse: 1698, 450 | UIA: None | EW: PySide6.QtCore.QRect(828, 344, 874, 767)
All rects available:
  0: 1023, 404, 484x647
  1: 2396, 1364, 90x90
  2: 1610, 117, 270x210
  3: 828, 344, 874x767
  4: 320, 186, 1920x1200
  5: 320, 186, 1920x69
  6: 318, 141, 1924x1247
  7: 728, 138, 448x512
  8: 728, 138, 448x252
  9: 11, 205, 1497x1346
Mouse: 1700, 446 | UIA: None | EW: PySide6.QtCore.QRect(828, 344, 874, 767)
All rects available:
  0: 1023, 404, 484x647
  1: 2396, 1364, 90x90
  2: 1610, 117, 270x210
  3: 828, 344, 874x767
  4: 320, 186, 1920x1200
  5: 320, 186, 1920x69
  6: 318, 141, 1924x1247
  7: 728, 138, 448x512
  8: 728, 138, 448x252
  9: 11, 205, 1497x1346
Mouse: 1702, 444 | UIA: None | EW: PySide6.QtCore.QRect(320, 186, 1920, 1200)
All rects available:
  0: 1023, 404, 484x647
  1: 2396, 1364, 90x90
  2: 1610, 117, 270x210
  3: 828, 344, 874x767
  4: 320, 186, 1920x1200
  5: 320, 186, 1920x69
  6: 318, 141, 1924x1247
  7: 728, 138, 448x512
  8: 728, 138, 448x252
  9: 11, 205, 1497x1346
Mouse: 1702, 442 | UIA: None | EW: PySide6.QtCore.QRect(320, 186, 1920, 1200)
All rects available:
  0: 1023, 404, 484x647
  1: 2396, 1364, 90x90
  2: 1610, 117, 270x210
  3: 828, 344, 874x767
  4: 320, 186, 1920x1200
  5: 320, 186, 1920x69
  6: 318, 141, 1924x1247
  7: 728, 138, 448x512
  8: 728, 138, 448x252
  9: 11, 205, 1497x1346
Mouse: 1704, 440 | UIA: None | EW: PySide6.QtCore.QRect(320, 186, 1920, 1200)
All rects available:
  0: 1023, 404, 484x647
  1: 2396, 1364, 90x90
  2: 1610, 117, 270x210
  3: 828, 344, 874x767
  4: 320, 186, 1920x1200
  5: 320, 186, 1920x69
  6: 318, 141, 1924x1247
  7: 728, 138, 448x512
  8: 728, 138, 448x252
  9: 11, 205, 1497x1346
Mouse: 1706, 440 | UIA: None | EW: PySide6.QtCore.QRect(320, 186, 1920, 1200)
All rects available:
  0: 1023, 404, 484x647
  1: 2396, 1364, 90x90
  2: 1610, 117, 270x210
  3: 828, 344, 874x767
  4: 320, 186, 1920x1200
  5: 320, 186, 1920x69
  6: 318, 141, 1924x1247
  7: 728, 138, 448x512
  8: 728, 138, 448x252
  9: 11, 205, 1497x1346
Mouse: 1706, 436 | UIA: None | EW: PySide6.QtCore.QRect(320, 186, 1920, 1200)
All rects available:
  0: 1023, 404, 484x647
  1: 2396, 1364, 90x90
  2: 1610, 117, 270x210
  3: 828, 344, 874x767
  4: 320, 186, 1920x1200
  5: 320, 186, 1920x69
  6: 318, 141, 1924x1247
  7: 728, 138, 448x512
  8: 728, 138, 448x252
  9: 11, 205, 1497x1346
Mouse: 1707, 435 | UIA: None | EW: PySide6.QtCore.QRect(320, 186, 1920, 1200)
All rects available:
  0: 1023, 404, 484x647
  1: 2396, 1364, 90x90
  2: 1610, 117, 270x210
  3: 828, 344, 874x767
  4: 320, 186, 1920x1200
  5: 320, 186, 1920x69
  6: 318, 141, 1924x1247
  7: 728, 138, 448x512
  8: 728, 138, 448x252
  9: 11, 205, 1497x1346
Mouse: 1708, 434 | UIA: None | EW: PySide6.QtCore.QRect(320, 186, 1920, 1200)
All rects available:
  0: 1023, 404, 484x647
  1: 2396, 1364, 90x90
  2: 1610, 117, 270x210
  3: 828, 344, 874x767
  4: 320, 186, 1920x1200
  5: 320, 186, 1920x69
  6: 318, 141, 1924x1247
  7: 728, 138, 448x512
  8: 728, 138, 448x252
  9: 11, 205, 1497x1346
Mouse: 1708, 432 | UIA: None | EW: PySide6.QtCore.QRect(320, 186, 1920, 1200)
All rects available:
  0: 1023, 404, 484x647
  1: 2396, 1364, 90x90
  2: 1610, 117, 270x210
  3: 828, 344, 874x767
  4: 320, 186, 1920x1200
  5: 320, 186, 1920x69
  6: 318, 141, 1924x1247
  7: 728, 138, 448x512
  8: 728, 138, 448x252
  9: 11, 205, 1497x1346
Mouse: 1710, 432 | UIA: None | EW: PySide6.QtCore.QRect(320, 186, 1920, 1200)
All rects available:
  0: 1023, 404, 484x647
  1: 2396, 1364, 90x90
  2: 1610, 117, 270x210
  3: 828, 344, 874x767
  4: 320, 186, 1920x1200
  5: 320, 186, 1920x69
  6: 318, 141, 1924x1247
  7: 728, 138, 448x512
  8: 728, 138, 448x252
  9: 11, 205, 1497x1346
Mouse: 1712, 430 | UIA: None | EW: PySide6.QtCore.QRect(320, 186, 1920, 1200)
All rects available:
  0: 1023, 404, 484x647
  1: 2396, 1364, 90x90
  2: 1610, 117, 270x210
  3: 828, 344, 874x767
  4: 320, 186, 1920x1200
  5: 320, 186, 1920x69
  6: 318, 141, 1924x1247
  7: 728, 138, 448x512
  8: 728, 138, 448x252
  9: 11, 205, 1497x1346
Mouse: 1712, 429 | UIA: None | EW: PySide6.QtCore.QRect(320, 186, 1920, 1200)
All rects available:
  0: 1023, 404, 484x647
  1: 2396, 1364, 90x90
  2: 1610, 117, 270x210
  3: 828, 344, 874x767
  4: 320, 186, 1920x1200
  5: 320, 186, 1920x69
  6: 318, 141, 1924x1247
  7: 728, 138, 448x512
  8: 728, 138, 448x252
  9: 11, 205, 1497x1346
Mouse: 1712, 428 | UIA: None | EW: PySide6.QtCore.QRect(320, 186, 1920, 1200)
All rects available:
  0: 1023, 404, 484x647
  1: 2396, 1364, 90x90
  2: 1610, 117, 270x210
  3: 828, 344, 874x767
  4: 320, 186, 1920x1200
  5: 320, 186, 1920x69
  6: 318, 141, 1924x1247
  7: 728, 138, 448x512
  8: 728, 138, 448x252
  9: 11, 205, 1497x1346
Mouse: 1713, 424 | UIA: None | EW: PySide6.QtCore.QRect(320, 186, 1920, 1200)
All rects available:
  0: 1023, 404, 484x647
  1: 2396, 1364, 90x90
  2: 1610, 117, 270x210
  3: 828, 344, 874x767
  4: 320, 186, 1920x1200
  5: 320, 186, 1920x69
  6: 318, 141, 1924x1247
  7: 728, 138, 448x512
  8: 728, 138, 448x252
  9: 11, 205, 1497x1346
Mouse: 1714, 424 | UIA: None | EW: PySide6.QtCore.QRect(320, 186, 1920, 1200)
All rects available:
  0: 1023, 404, 484x647
  1: 2396, 1364, 90x90
  2: 1610, 117, 270x210
  3: 828, 344, 874x767
  4: 320, 186, 1920x1200
  5: 320, 186, 1920x69
  6: 318, 141, 1924x1247
  7: 728, 138, 448x512
  8: 728, 138, 448x252
  9: 11, 205, 1497x1346
Mouse: 1714, 423 | UIA: None | EW: PySide6.QtCore.QRect(320, 186, 1920, 1200)
All rects available:
  0: 1023, 404, 484x647
  1: 2396, 1364, 90x90
  2: 1610, 117, 270x210
  3: 828, 344, 874x767
  4: 320, 186, 1920x1200
  5: 320, 186, 1920x69
  6: 318, 141, 1924x1247
  7: 728, 138, 448x512
  8: 728, 138, 448x252
  9: 11, 205, 1497x1346
Mouse: 1718, 422 | UIA: None | EW: PySide6.QtCore.QRect(320, 186, 1920, 1200)
All rects available:
  0: 1023, 404, 484x647
  1: 2396, 1364, 90x90
  2: 1610, 117, 270x210
  3: 828, 344, 874x767
  4: 320, 186, 1920x1200
  5: 320, 186, 1920x69
  6: 318, 141, 1924x1247
  7: 728, 138, 448x512
  8: 728, 138, 448x252
  9: 11, 205, 1497x1346
Mouse: 1718, 420 | UIA: None | EW: PySide6.QtCore.QRect(320, 186, 1920, 1200)
All rects available:
  0: 1023, 404, 484x647
  1: 2396, 1364, 90x90
  2: 1610, 117, 270x210
  3: 828, 344, 874x767
  4: 320, 186, 1920x1200
  5: 320, 186, 1920x69
  6: 318, 141, 1924x1247
  7: 728, 138, 448x512
  8: 728, 138, 448x252
  9: 11, 205, 1497x1346
Mouse: 1718, 418 | UIA: None | EW: PySide6.QtCore.QRect(320, 186, 1920, 1200)
All rects available:
  0: 1023, 404, 484x647
  1: 2396, 1364, 90x90
  2: 1610, 117, 270x210
  3: 828, 344, 874x767
  4: 320, 186, 1920x1200
  5: 320, 186, 1920x69
  6: 318, 141, 1924x1247
  7: 728, 138, 448x512
  8: 728, 138, 448x252
  9: 11, 205, 1497x1346
Mouse: 1718, 418 | UIA: None | EW: PySide6.QtCore.QRect(320, 186, 1920, 1200)
All rects available:
  0: 1023, 404, 484x647
  1: 2396, 1364, 90x90
  2: 1610, 117, 270x210
  3: 828, 344, 874x767
  4: 320, 186, 1920x1200
  5: 320, 186, 1920x69
  6: 318, 141, 1924x1247
  7: 728, 138, 448x512
  8: 728, 138, 448x252
  9: 11, 205, 1497x1346
Mouse: 1718, 417 | UIA: None | EW: PySide6.QtCore.QRect(320, 186, 1920, 1200)
All rects available:
  0: 1023, 404, 484x647
  1: 2396, 1364, 90x90
  2: 1610, 117, 270x210
  3: 828, 344, 874x767
  4: 320, 186, 1920x1200
  5: 320, 186, 1920x69
  6: 318, 141, 1924x1247
  7: 728, 138, 448x512
  8: 728, 138, 448x252
  9: 11, 205, 1497x1346
Mouse: 1719, 416 | UIA: None | EW: PySide6.QtCore.QRect(320, 186, 1920, 1200)
All rects available:
  0: 1023, 404, 484x647
  1: 2396, 1364, 90x90
  2: 1610, 117, 270x210
  3: 828, 344, 874x767
  4: 320, 186, 1920x1200
  5: 320, 186, 1920x69
  6: 318, 141, 1924x1247
  7: 728, 138, 448x512
  8: 728, 138, 448x252
  9: 11, 205, 1497x1346
Mouse: 1719, 416 | UIA: None | EW: PySide6.QtCore.QRect(320, 186, 1920, 1200)
All rects available:
  0: 1023, 404, 484x647
  1: 2396, 1364, 90x90
  2: 1610, 117, 270x210
  3: 828, 344, 874x767
  4: 320, 186, 1920x1200
  5: 320, 186, 1920x69
  6: 318, 141, 1924x1247
  7: 728, 138, 448x512
  8: 728, 138, 448x252
  9: 11, 205, 1497x1346
Mouse: 1720, 416 | UIA: None | EW: PySide6.QtCore.QRect(320, 186, 1920, 1200)
All rects available:
  0: 1023, 404, 484x647
  1: 2396, 1364, 90x90
  2: 1610, 117, 270x210
  3: 828, 344, 874x767
  4: 320, 186, 1920x1200
  5: 320, 186, 1920x69
  6: 318, 141, 1924x1247
  7: 728, 138, 448x512
  8: 728, 138, 448x252
  9: 11, 205, 1497x1346
Mouse: 1720, 414 | UIA: None | EW: PySide6.QtCore.QRect(320, 186, 1920, 1200)
All rects available:
  0: 1023, 404, 484x647
  1: 2396, 1364, 90x90
  2: 1610, 117, 270x210
  3: 828, 344, 874x767
  4: 320, 186, 1920x1200
  5: 320, 186, 1920x69
  6: 318, 141, 1924x1247
  7: 728, 138, 448x512
  8: 728, 138, 448x252
  9: 11, 205, 1497x1346
Mouse: 1720, 412 | UIA: None | EW: PySide6.QtCore.QRect(320, 186, 1920, 1200)
All rects available:
  0: 1023, 404, 484x647
  1: 2396, 1364, 90x90
  2: 1610, 117, 270x210
  3: 828, 344, 874x767
  4: 320, 186, 1920x1200
  5: 320, 186, 1920x69
  6: 318, 141, 1924x1247
  7: 728, 138, 448x512
  8: 728, 138, 448x252
  9: 11, 205, 1497x1346
Mouse: 1720, 412 | UIA: None | EW: PySide6.QtCore.QRect(320, 186, 1920, 1200)
All rects available:
  0: 1023, 404, 484x647
  1: 2396, 1364, 90x90
  2: 1610, 117, 270x210
  3: 828, 344, 874x767
  4: 320, 186, 1920x1200
  5: 320, 186, 1920x69
  6: 318, 141, 1924x1247
  7: 728, 138, 448x512
  8: 728, 138, 448x252
  9: 11, 205, 1497x1346
Mouse: 1720, 411 | UIA: None | EW: PySide6.QtCore.QRect(320, 186, 1920, 1200)
All rects available:
  0: 1023, 404, 484x647
  1: 2396, 1364, 90x90
  2: 1610, 117, 270x210
  3: 828, 344, 874x767
  4: 320, 186, 1920x1200
  5: 320, 186, 1920x69
  6: 318, 141, 1924x1247
  7: 728, 138, 448x512
  8: 728, 138, 448x252
  9: 11, 205, 1497x1346
Mouse: 1722, 411 | UIA: None | EW: PySide6.QtCore.QRect(320, 186, 1920, 1200)
All rects available:
  0: 1023, 404, 484x647
  1: 2396, 1364, 90x90
  2: 1610, 117, 270x210
  3: 828, 344, 874x767
  4: 320, 186, 1920x1200
  5: 320, 186, 1920x69
  6: 318, 141, 1924x1247
  7: 728, 138, 448x512
  8: 728, 138, 448x252
  9: 11, 205, 1497x1346
Mouse: 1722, 410 | UIA: None | EW: PySide6.QtCore.QRect(320, 186, 1920, 1200)
All rects available:
  0: 1023, 404, 484x647
  1: 2396, 1364, 90x90
  2: 1610, 117, 270x210
  3: 828, 344, 874x767
  4: 320, 186, 1920x1200
  5: 320, 186, 1920x69
  6: 318, 141, 1924x1247
  7: 728, 138, 448x512
  8: 728, 138, 448x252
  9: 11, 205, 1497x1346
Mouse: 1720, 410 | UIA: None | EW: PySide6.QtCore.QRect(320, 186, 1920, 1200)
All rects available:
  0: 1023, 404, 484x647
  1: 2396, 1364, 90x90
  2: 1610, 117, 270x210
  3: 828, 344, 874x767
  4: 320, 186, 1920x1200
  5: 320, 186, 1920x69
  6: 318, 141, 1924x1247
  7: 728, 138, 448x512
  8: 728, 138, 448x252
  9: 11, 205, 1497x1346
Mouse: 1720, 410 | UIA: None | EW: PySide6.QtCore.QRect(320, 186, 1920, 1200)
All rects available:
  0: 1023, 404, 484x647
  1: 2396, 1364, 90x90
  2: 1610, 117, 270x210
  3: 828, 344, 874x767
  4: 320, 186, 1920x1200
  5: 320, 186, 1920x69
  6: 318, 141, 1924x1247
  7: 728, 138, 448x512
  8: 728, 138, 448x252
  9: 11, 205, 1497x1346
Mouse: 1720, 411 | UIA: None | EW: PySide6.QtCore.QRect(320, 186, 1920, 1200)
All rects available:
  0: 1023, 404, 484x647
  1: 2396, 1364, 90x90
  2: 1610, 117, 270x210
  3: 828, 344, 874x767
  4: 320, 186, 1920x1200
  5: 320, 186, 1920x69
  6: 318, 141, 1924x1247
  7: 728, 138, 448x512
  8: 728, 138, 448x252
  9: 11, 205, 1497x1346
Mouse: 1719, 411 | UIA: None | EW: PySide6.QtCore.QRect(320, 186, 1920, 1200)
All rects available:
  0: 1023, 404, 484x647
  1: 2396, 1364, 90x90
  2: 1610, 117, 270x210
  3: 828, 344, 874x767
  4: 320, 186, 1920x1200
  5: 320, 186, 1920x69
  6: 318, 141, 1924x1247
  7: 728, 138, 448x512
  8: 728, 138, 448x252
  9: 11, 205, 1497x1346
Mouse: 1718, 412 | UIA: None | EW: PySide6.QtCore.QRect(320, 186, 1920, 1200)
All rects available:
  0: 1023, 404, 484x647
  1: 2396, 1364, 90x90
  2: 1610, 117, 270x210
  3: 828, 344, 874x767
  4: 320, 186, 1920x1200
  5: 320, 186, 1920x69
  6: 318, 141, 1924x1247
  7: 728, 138, 448x512
  8: 728, 138, 448x252
  9: 11, 205, 1497x1346
Mouse: 1718, 412 | UIA: None | EW: PySide6.QtCore.QRect(320, 186, 1920, 1200)
All rects available:
  0: 1023, 404, 484x647
  1: 2396, 1364, 90x90
  2: 1610, 117, 270x210
  3: 828, 344, 874x767
  4: 320, 186, 1920x1200
  5: 320, 186, 1920x69
  6: 318, 141, 1924x1247
  7: 728, 138, 448x512
  8: 728, 138, 448x252
  9: 11, 205, 1497x1346
Mouse: 1716, 412 | UIA: None | EW: PySide6.QtCore.QRect(320, 186, 1920, 1200)
All rects available:
  0: 1023, 404, 484x647
  1: 2396, 1364, 90x90
  2: 1610, 117, 270x210
  3: 828, 344, 874x767
  4: 320, 186, 1920x1200
  5: 320, 186, 1920x69
  6: 318, 141, 1924x1247
  7: 728, 138, 448x512
  8: 728, 138, 448x252
  9: 11, 205, 1497x1346
Mouse: 1714, 414 | UIA: None | EW: PySide6.QtCore.QRect(320, 186, 1920, 1200)
All rects available:
  0: 1023, 404, 484x647
  1: 2396, 1364, 90x90
  2: 1610, 117, 270x210
  3: 828, 344, 874x767
  4: 320, 186, 1920x1200
  5: 320, 186, 1920x69
  6: 318, 141, 1924x1247
  7: 728, 138, 448x512
  8: 728, 138, 448x252
  9: 11, 205, 1497x1346
Mouse: 1714, 416 | UIA: None | EW: PySide6.QtCore.QRect(320, 186, 1920, 1200)
All rects available:
  0: 1023, 404, 484x647
  1: 2396, 1364, 90x90
  2: 1610, 117, 270x210
  3: 828, 344, 874x767
  4: 320, 186, 1920x1200
  5: 320, 186, 1920x69
  6: 318, 141, 1924x1247
  7: 728, 138, 448x512
  8: 728, 138, 448x252
  9: 11, 205, 1497x1346
Mouse: 1713, 416 | UIA: None | EW: PySide6.QtCore.QRect(320, 186, 1920, 1200)
All rects available:
  0: 1023, 404, 484x647
  1: 2396, 1364, 90x90
  2: 1610, 117, 270x210
  3: 828, 344, 874x767
  4: 320, 186, 1920x1200
  5: 320, 186, 1920x69
  6: 318, 141, 1924x1247
  7: 728, 138, 448x512
  8: 728, 138, 448x252
  9: 11, 205, 1497x1346
Mouse: 1712, 416 | UIA: None | EW: PySide6.QtCore.QRect(320, 186, 1920, 1200)
All rects available:
  0: 1023, 404, 484x647
  1: 2396, 1364, 90x90
  2: 1610, 117, 270x210
  3: 828, 344, 874x767
  4: 320, 186, 1920x1200
  5: 320, 186, 1920x69
  6: 318, 141, 1924x1247
  7: 728, 138, 448x512
  8: 728, 138, 448x252
  9: 11, 205, 1497x1346
Mouse: 1710, 416 | UIA: None | EW: PySide6.QtCore.QRect(320, 186, 1920, 1200)
All rects available:
  0: 1023, 404, 484x647
  1: 2396, 1364, 90x90
  2: 1610, 117, 270x210
  3: 828, 344, 874x767
  4: 320, 186, 1920x1200
  5: 320, 186, 1920x69
  6: 318, 141, 1924x1247
  7: 728, 138, 448x512
  8: 728, 138, 448x252
  9: 11, 205, 1497x1346
Mouse: 1710, 417 | UIA: None | EW: PySide6.QtCore.QRect(320, 186, 1920, 1200)
All rects available:
  0: 1023, 404, 484x647
  1: 2396, 1364, 90x90
  2: 1610, 117, 270x210
  3: 828, 344, 874x767
  4: 320, 186, 1920x1200
  5: 320, 186, 1920x69
  6: 318, 141, 1924x1247
  7: 728, 138, 448x512
  8: 728, 138, 448x252
  9: 11, 205, 1497x1346
Mouse: 1708, 417 | UIA: None | EW: PySide6.QtCore.QRect(320, 186, 1920, 1200)
All rects available:
  0: 1023, 404, 484x647
  1: 2396, 1364, 90x90
  2: 1610, 117, 270x210
  3: 828, 344, 874x767
  4: 320, 186, 1920x1200
  5: 320, 186, 1920x69
  6: 318, 141, 1924x1247
  7: 728, 138, 448x512
  8: 728, 138, 448x252
  9: 11, 205, 1497x1346
Mouse: 1708, 417 | UIA: None | EW: PySide6.QtCore.QRect(320, 186, 1920, 1200)
All rects available:
  0: 1023, 404, 484x647
  1: 2396, 1364, 90x90
  2: 1610, 117, 270x210
  3: 828, 344, 874x767
  4: 320, 186, 1920x1200
  5: 320, 186, 1920x69
  6: 318, 141, 1924x1247
  7: 728, 138, 448x512
  8: 728, 138, 448x252
  9: 11, 205, 1497x1346
Mouse: 1707, 418 | UIA: None | EW: PySide6.QtCore.QRect(320, 186, 1920, 1200)
All rects available:
  0: 1023, 404, 484x647
  1: 2396, 1364, 90x90
  2: 1610, 117, 270x210
  3: 828, 344, 874x767
  4: 320, 186, 1920x1200
  5: 320, 186, 1920x69
  6: 318, 141, 1924x1247
  7: 728, 138, 448x512
  8: 728, 138, 448x252
  9: 11, 205, 1497x1346
Mouse: 1706, 418 | UIA: None | EW: PySide6.QtCore.QRect(320, 186, 1920, 1200)
All rects available:
  0: 1023, 404, 484x647
  1: 2396, 1364, 90x90
  2: 1610, 117, 270x210
  3: 828, 344, 874x767
  4: 320, 186, 1920x1200
  5: 320, 186, 1920x69
  6: 318, 141, 1924x1247
  7: 728, 138, 448x512
  8: 728, 138, 448x252
  9: 11, 205, 1497x1346
Mouse: 1706, 420 | UIA: None | EW: PySide6.QtCore.QRect(320, 186, 1920, 1200)
All rects available:
  0: 1023, 404, 484x647
  1: 2396, 1364, 90x90
  2: 1610, 117, 270x210
  3: 828, 344, 874x767
  4: 320, 186, 1920x1200
  5: 320, 186, 1920x69
  6: 318, 141, 1924x1247
  7: 728, 138, 448x512
  8: 728, 138, 448x252
  9: 11, 205, 1497x1346
Mouse: 1706, 420 | UIA: None | EW: PySide6.QtCore.QRect(320, 186, 1920, 1200)
All rects available:
  0: 1023, 404, 484x647
  1: 2396, 1364, 90x90
  2: 1610, 117, 270x210
  3: 828, 344, 874x767
  4: 320, 186, 1920x1200
  5: 320, 186, 1920x69
  6: 318, 141, 1924x1247
  7: 728, 138, 448x512
  8: 728, 138, 448x252
  9: 11, 205, 1497x1346
Mouse: 1704, 420 | UIA: None | EW: PySide6.QtCore.QRect(320, 186, 1920, 1200)
All rects available:
  0: 1023, 404, 484x647
  1: 2396, 1364, 90x90
  2: 1610, 117, 270x210
  3: 828, 344, 874x767
  4: 320, 186, 1920x1200
  5: 320, 186, 1920x69
  6: 318, 141, 1924x1247
  7: 728, 138, 448x512
  8: 728, 138, 448x252
  9: 11, 205, 1497x1346
Mouse: 1704, 422 | UIA: None | EW: PySide6.QtCore.QRect(320, 186, 1920, 1200)
All rects available:
  0: 1023, 404, 484x647
  1: 2396, 1364, 90x90
  2: 1610, 117, 270x210
  3: 828, 344, 874x767
  4: 320, 186, 1920x1200
  5: 320, 186, 1920x69
  6: 318, 141, 1924x1247
  7: 728, 138, 448x512
  8: 728, 138, 448x252
  9: 11, 205, 1497x1346
Mouse: 1702, 422 | UIA: None | EW: PySide6.QtCore.QRect(320, 186, 1920, 1200)
All rects available:
  0: 1023, 404, 484x647
  1: 2396, 1364, 90x90
  2: 1610, 117, 270x210
  3: 828, 344, 874x767
  4: 320, 186, 1920x1200
  5: 320, 186, 1920x69
  6: 318, 141, 1924x1247
  7: 728, 138, 448x512
  8: 728, 138, 448x252
  9: 11, 205, 1497x1346
Mouse: 1702, 422 | UIA: None | EW: PySide6.QtCore.QRect(320, 186, 1920, 1200)
All rects available:
  0: 1023, 404, 484x647
  1: 2396, 1364, 90x90
  2: 1610, 117, 270x210
  3: 828, 344, 874x767
  4: 320, 186, 1920x1200
  5: 320, 186, 1920x69
  6: 318, 141, 1924x1247
  7: 728, 138, 448x512
  8: 728, 138, 448x252
  9: 11, 205, 1497x1346
Mouse: 1701, 422 | UIA: None | EW: PySide6.QtCore.QRect(828, 344, 874, 767)
All rects available:
  0: 1023, 404, 484x647
  1: 2396, 1364, 90x90
  2: 1610, 117, 270x210
  3: 828, 344, 874x767
  4: 320, 186, 1920x1200
  5: 320, 186, 1920x69
  6: 318, 141, 1924x1247
  7: 728, 138, 448x512
  8: 728, 138, 448x252
  9: 11, 205, 1497x1346
Mouse: 1700, 422 | UIA: None | EW: PySide6.QtCore.QRect(828, 344, 874, 767)
All rects available:
  0: 1023, 404, 484x647
  1: 2396, 1364, 90x90
  2: 1610, 117, 270x210
  3: 828, 344, 874x767
  4: 320, 186, 1920x1200
  5: 320, 186, 1920x69
  6: 318, 141, 1924x1247
  7: 728, 138, 448x512
  8: 728, 138, 448x252
  9: 11, 205, 1497x1346
Mouse: 1700, 420 | UIA: None | EW: PySide6.QtCore.QRect(828, 344, 874, 767)
All rects available:
  0: 1023, 404, 484x647
  1: 2396, 1364, 90x90
  2: 1610, 117, 270x210
  3: 828, 344, 874x767
  4: 320, 186, 1920x1200
  5: 320, 186, 1920x69
  6: 318, 141, 1924x1247
  7: 728, 138, 448x512
  8: 728, 138, 448x252
  9: 11, 205, 1497x1346
Mouse: 1700, 418 | UIA: None | EW: PySide6.QtCore.QRect(828, 344, 874, 767)
All rects available:
  0: 1023, 404, 484x647
  1: 2396, 1364, 90x90
  2: 1610, 117, 270x210
  3: 828, 344, 874x767
  4: 320, 186, 1920x1200
  5: 320, 186, 1920x69
  6: 318, 141, 1924x1247
  7: 728, 138, 448x512
  8: 728, 138, 448x252
  9: 11, 205, 1497x1346
Mouse: 1700, 418 | UIA: None | EW: PySide6.QtCore.QRect(828, 344, 874, 767)
All rects available:
  0: 1023, 404, 484x647
  1: 2396, 1364, 90x90
  2: 1610, 117, 270x210
  3: 828, 344, 874x767
  4: 320, 186, 1920x1200
  5: 320, 186, 1920x69
  6: 318, 141, 1924x1247
  7: 728, 138, 448x512
  8: 728, 138, 448x252
  9: 11, 205, 1497x1346
Mouse: 1700, 417 | UIA: None | EW: PySide6.QtCore.QRect(828, 344, 874, 767)
All rects available:
  0: 1023, 404, 484x647
  1: 2396, 1364, 90x90
  2: 1610, 117, 270x210
  3: 828, 344, 874x767
  4: 320, 186, 1920x1200
  5: 320, 186, 1920x69
  6: 318, 141, 1924x1247
  7: 728, 138, 448x512
  8: 728, 138, 448x252
  9: 11, 205, 1497x1346
Mouse: 1700, 416 | UIA: None | EW: PySide6.QtCore.QRect(828, 344, 874, 767)
All rects available:
  0: 1023, 404, 484x647
  1: 2396, 1364, 90x90
  2: 1610, 117, 270x210
  3: 828, 344, 874x767
  4: 320, 186, 1920x1200
  5: 320, 186, 1920x69
  6: 318, 141, 1924x1247
  7: 728, 138, 448x512
  8: 728, 138, 448x252
  9: 11, 205, 1497x1346
Mouse: 1701, 412 | UIA: None | EW: PySide6.QtCore.QRect(828, 344, 874, 767)
All rects available:
  0: 1023, 404, 484x647
  1: 2396, 1364, 90x90
  2: 1610, 117, 270x210
  3: 828, 344, 874x767
  4: 320, 186, 1920x1200
  5: 320, 186, 1920x69
  6: 318, 141, 1924x1247
  7: 728, 138, 448x512
  8: 728, 138, 448x252
  9: 11, 205, 1497x1346
Mouse: 1702, 410 | UIA: None | EW: PySide6.QtCore.QRect(320, 186, 1920, 1200)
All rects available:
  0: 1023, 404, 484x647
  1: 2396, 1364, 90x90
  2: 1610, 117, 270x210
  3: 828, 344, 874x767
  4: 320, 186, 1920x1200
  5: 320, 186, 1920x69
  6: 318, 141, 1924x1247
  7: 728, 138, 448x512
  8: 728, 138, 448x252
  9: 11, 205, 1497x1346
Mouse: 1706, 408 | UIA: None | EW: PySide6.QtCore.QRect(320, 186, 1920, 1200)
All rects available:
  0: 1023, 404, 484x647
  1: 2396, 1364, 90x90
  2: 1610, 117, 270x210
  3: 828, 344, 874x767
  4: 320, 186, 1920x1200
  5: 320, 186, 1920x69
  6: 318, 141, 1924x1247
  7: 728, 138, 448x512
  8: 728, 138, 448x252
  9: 11, 205, 1497x1346
Mouse: 1710, 402 | UIA: None | EW: PySide6.QtCore.QRect(320, 186, 1920, 1200)
All rects available:
  0: 1023, 404, 484x647
  1: 2396, 1364, 90x90
  2: 1610, 117, 270x210
  3: 828, 344, 874x767
  4: 320, 186, 1920x1200
  5: 320, 186, 1920x69
  6: 318, 141, 1924x1247
  7: 728, 138, 448x512
  8: 728, 138, 448x252
  9: 11, 205, 1497x1346
Mouse: 1714, 398 | UIA: None | EW: PySide6.QtCore.QRect(320, 186, 1920, 1200)
All rects available:
  0: 1023, 404, 484x647
  1: 2396, 1364, 90x90
  2: 1610, 117, 270x210
  3: 828, 344, 874x767
  4: 320, 186, 1920x1200
  5: 320, 186, 1920x69
  6: 318, 141, 1924x1247
  7: 728, 138, 448x512
  8: 728, 138, 448x252
  9: 11, 205, 1497x1346
Mouse: 1718, 392 | UIA: None | EW: PySide6.QtCore.QRect(320, 186, 1920, 1200)
All rects available:
  0: 1023, 404, 484x647
  1: 2396, 1364, 90x90
  2: 1610, 117, 270x210
  3: 828, 344, 874x767
  4: 320, 186, 1920x1200
  5: 320, 186, 1920x69
  6: 318, 141, 1924x1247
  7: 728, 138, 448x512
  8: 728, 138, 448x252
  9: 11, 205, 1497x1346
Mouse: 1724, 388 | UIA: None | EW: PySide6.QtCore.QRect(320, 186, 1920, 1200)
All rects available:
  0: 1023, 404, 484x647
  1: 2396, 1364, 90x90
  2: 1610, 117, 270x210
  3: 828, 344, 874x767
  4: 320, 186, 1920x1200
  5: 320, 186, 1920x69
  6: 318, 141, 1924x1247
  7: 728, 138, 448x512
  8: 728, 138, 448x252
  9: 11, 205, 1497x1346
Mouse: 1725, 386 | UIA: None | EW: PySide6.QtCore.QRect(320, 186, 1920, 1200)
All rects available:
  0: 1023, 404, 484x647
  1: 2396, 1364, 90x90
  2: 1610, 117, 270x210
  3: 828, 344, 874x767
  4: 320, 186, 1920x1200
  5: 320, 186, 1920x69
  6: 318, 141, 1924x1247
  7: 728, 138, 448x512
  8: 728, 138, 448x252
  9: 11, 205, 1497x1346
Mouse: 1730, 382 | UIA: None | EW: PySide6.QtCore.QRect(320, 186, 1920, 1200)
All rects available:
  0: 1023, 404, 484x647
  1: 2396, 1364, 90x90
  2: 1610, 117, 270x210
  3: 828, 344, 874x767
  4: 320, 186, 1920x1200
  5: 320, 186, 1920x69
  6: 318, 141, 1924x1247
  7: 728, 138, 448x512
  8: 728, 138, 448x252
  9: 11, 205, 1497x1346
Mouse: 1732, 380 | UIA: None | EW: PySide6.QtCore.QRect(320, 186, 1920, 1200)
All rects available:
  0: 1023, 404, 484x647
  1: 2396, 1364, 90x90
  2: 1610, 117, 270x210
  3: 828, 344, 874x767
  4: 320, 186, 1920x1200
  5: 320, 186, 1920x69
  6: 318, 141, 1924x1247
  7: 728, 138, 448x512
  8: 728, 138, 448x252
  9: 11, 205, 1497x1346
Mouse: 1736, 378 | UIA: None | EW: PySide6.QtCore.QRect(320, 186, 1920, 1200)
All rects available:
  0: 1023, 404, 484x647
  1: 2396, 1364, 90x90
  2: 1610, 117, 270x210
  3: 828, 344, 874x767
  4: 320, 186, 1920x1200
  5: 320, 186, 1920x69
  6: 318, 141, 1924x1247
  7: 728, 138, 448x512
  8: 728, 138, 448x252
  9: 11, 205, 1497x1346
Mouse: 1738, 376 | UIA: None | EW: PySide6.QtCore.QRect(320, 186, 1920, 1200)
All rects available:
  0: 1023, 404, 484x647
  1: 2396, 1364, 90x90
  2: 1610, 117, 270x210
  3: 828, 344, 874x767
  4: 320, 186, 1920x1200
  5: 320, 186, 1920x69
  6: 318, 141, 1924x1247
  7: 728, 138, 448x512
  8: 728, 138, 448x252
  9: 11, 205, 1497x1346
Mouse: 1738, 375 | UIA: None | EW: PySide6.QtCore.QRect(320, 186, 1920, 1200)
All rects available:
  0: 1023, 404, 484x647
  1: 2396, 1364, 90x90
  2: 1610, 117, 270x210
  3: 828, 344, 874x767
  4: 320, 186, 1920x1200
  5: 320, 186, 1920x69
  6: 318, 141, 1924x1247
  7: 728, 138, 448x512
  8: 728, 138, 448x252
  9: 11, 205, 1497x1346
Mouse: 1742, 374 | UIA: None | EW: PySide6.QtCore.QRect(320, 186, 1920, 1200)
All rects available:
  0: 1023, 404, 484x647
  1: 2396, 1364, 90x90
  2: 1610, 117, 270x210
  3: 828, 344, 874x767
  4: 320, 186, 1920x1200
  5: 320, 186, 1920x69
  6: 318, 141, 1924x1247
  7: 728, 138, 448x512
  8: 728, 138, 448x252
  9: 11, 205, 1497x1346
Mouse: 1743, 374 | UIA: None | EW: PySide6.QtCore.QRect(320, 186, 1920, 1200)
All rects available:
  0: 1023, 404, 484x647
  1: 2396, 1364, 90x90
  2: 1610, 117, 270x210
  3: 828, 344, 874x767
  4: 320, 186, 1920x1200
  5: 320, 186, 1920x69
  6: 318, 141, 1924x1247
  7: 728, 138, 448x512
  8: 728, 138, 448x252
  9: 11, 205, 1497x1346
Mouse: 1746, 372 | UIA: None | EW: PySide6.QtCore.QRect(320, 186, 1920, 1200)
All rects available:
  0: 1023, 404, 484x647
  1: 2396, 1364, 90x90
  2: 1610, 117, 270x210
  3: 828, 344, 874x767
  4: 320, 186, 1920x1200
  5: 320, 186, 1920x69
  6: 318, 141, 1924x1247
  7: 728, 138, 448x512
  8: 728, 138, 448x252
  9: 11, 205, 1497x1346
Mouse: 1746, 370 | UIA: None | EW: PySide6.QtCore.QRect(320, 186, 1920, 1200)
All rects available:
  0: 1023, 404, 484x647
  1: 2396, 1364, 90x90
  2: 1610, 117, 270x210
  3: 828, 344, 874x767
  4: 320, 186, 1920x1200
  5: 320, 186, 1920x69
  6: 318, 141, 1924x1247
  7: 728, 138, 448x512
  8: 728, 138, 448x252
  9: 11, 205, 1497x1346
Mouse: 1748, 370 | UIA: None | EW: PySide6.QtCore.QRect(320, 186, 1920, 1200)
All rects available:
  0: 1023, 404, 484x647
  1: 2396, 1364, 90x90
  2: 1610, 117, 270x210
  3: 828, 344, 874x767
  4: 320, 186, 1920x1200
  5: 320, 186, 1920x69
  6: 318, 141, 1924x1247
  7: 728, 138, 448x512
  8: 728, 138, 448x252
  9: 11, 205, 1497x1346
Mouse: 1749, 369 | UIA: None | EW: PySide6.QtCore.QRect(320, 186, 1920, 1200)
All rects available:
  0: 1023, 404, 484x647
  1: 2396, 1364, 90x90
  2: 1610, 117, 270x210
  3: 828, 344, 874x767
  4: 320, 186, 1920x1200
  5: 320, 186, 1920x69
  6: 318, 141, 1924x1247
  7: 728, 138, 448x512
  8: 728, 138, 448x252
  9: 11, 205, 1497x1346
Mouse: 1750, 368 | UIA: None | EW: PySide6.QtCore.QRect(320, 186, 1920, 1200)
All rects available:
  0: 1023, 404, 484x647
  1: 2396, 1364, 90x90
  2: 1610, 117, 270x210
  3: 828, 344, 874x767
  4: 320, 186, 1920x1200
  5: 320, 186, 1920x69
  6: 318, 141, 1924x1247
  7: 728, 138, 448x512
  8: 728, 138, 448x252
  9: 11, 205, 1497x1346
Mouse: 1752, 368 | UIA: None | EW: PySide6.QtCore.QRect(320, 186, 1920, 1200)
All rects available:
  0: 1023, 404, 484x647
  1: 2396, 1364, 90x90
  2: 1610, 117, 270x210
  3: 828, 344, 874x767
  4: 320, 186, 1920x1200
  5: 320, 186, 1920x69
  6: 318, 141, 1924x1247
  7: 728, 138, 448x512
  8: 728, 138, 448x252
  9: 11, 205, 1497x1346
Mouse: 1754, 368 | UIA: None | EW: PySide6.QtCore.QRect(320, 186, 1920, 1200)
All rects available:
  0: 1023, 404, 484x647
  1: 2396, 1364, 90x90
  2: 1610, 117, 270x210
  3: 828, 344, 874x767
  4: 320, 186, 1920x1200
  5: 320, 186, 1920x69
  6: 318, 141, 1924x1247
  7: 728, 138, 448x512
  8: 728, 138, 448x252
  9: 11, 205, 1497x1346
Mouse: 1755, 366 | UIA: None | EW: PySide6.QtCore.QRect(320, 186, 1920, 1200)
All rects available:
  0: 1023, 404, 484x647
  1: 2396, 1364, 90x90
  2: 1610, 117, 270x210
  3: 828, 344, 874x767
  4: 320, 186, 1920x1200
  5: 320, 186, 1920x69
  6: 318, 141, 1924x1247
  7: 728, 138, 448x512
  8: 728, 138, 448x252
  9: 11, 205, 1497x1346
Mouse: 1756, 366 | UIA: None | EW: PySide6.QtCore.QRect(320, 186, 1920, 1200)
All rects available:
  0: 1023, 404, 484x647
  1: 2396, 1364, 90x90
  2: 1610, 117, 270x210
  3: 828, 344, 874x767
  4: 320, 186, 1920x1200
  5: 320, 186, 1920x69
  6: 318, 141, 1924x1247
  7: 728, 138, 448x512
  8: 728, 138, 448x252
  9: 11, 205, 1497x1346
Mouse: 1760, 364 | UIA: None | EW: PySide6.QtCore.QRect(320, 186, 1920, 1200)
All rects available:
  0: 1023, 404, 484x647
  1: 2396, 1364, 90x90
  2: 1610, 117, 270x210
  3: 828, 344, 874x767
  4: 320, 186, 1920x1200
  5: 320, 186, 1920x69
  6: 318, 141, 1924x1247
  7: 728, 138, 448x512
  8: 728, 138, 448x252
  9: 11, 205, 1497x1346
Mouse: 1766, 362 | UIA: None | EW: PySide6.QtCore.QRect(320, 186, 1920, 1200)
All rects available:
  0: 1023, 404, 484x647
  1: 2396, 1364, 90x90
  2: 1610, 117, 270x210
  3: 828, 344, 874x767
  4: 320, 186, 1920x1200
  5: 320, 186, 1920x69
  6: 318, 141, 1924x1247
  7: 728, 138, 448x512
  8: 728, 138, 448x252
  9: 11, 205, 1497x1346
Mouse: 1768, 362 | UIA: None | EW: PySide6.QtCore.QRect(320, 186, 1920, 1200)
All rects available:
  0: 1023, 404, 484x647
  1: 2396, 1364, 90x90
  2: 1610, 117, 270x210
  3: 828, 344, 874x767
  4: 320, 186, 1920x1200
  5: 320, 186, 1920x69
  6: 318, 141, 1924x1247
  7: 728, 138, 448x512
  8: 728, 138, 448x252
  9: 11, 205, 1497x1346
Mouse: 1780, 358 | UIA: None | EW: PySide6.QtCore.QRect(320, 186, 1920, 1200)
All rects available:
  0: 1023, 404, 484x647
  1: 2396, 1364, 90x90
  2: 1610, 117, 270x210
  3: 828, 344, 874x767
  4: 320, 186, 1920x1200
  5: 320, 186, 1920x69
  6: 318, 141, 1924x1247
  7: 728, 138, 448x512
  8: 728, 138, 448x252
  9: 11, 205, 1497x1346
Mouse: 1792, 356 | UIA: None | EW: PySide6.QtCore.QRect(320, 186, 1920, 1200)
All rects available:
  0: 1023, 404, 484x647
  1: 2396, 1364, 90x90
  2: 1610, 117, 270x210
  3: 828, 344, 874x767
  4: 320, 186, 1920x1200
  5: 320, 186, 1920x69
  6: 318, 141, 1924x1247
  7: 728, 138, 448x512
  8: 728, 138, 448x252
  9: 11, 205, 1497x1346
Mouse: 1808, 350 | UIA: None | EW: PySide6.QtCore.QRect(320, 186, 1920, 1200)
All rects available:
  0: 1023, 404, 484x647
  1: 2396, 1364, 90x90
  2: 1610, 117, 270x210
  3: 828, 344, 874x767
  4: 320, 186, 1920x1200
  5: 320, 186, 1920x69
  6: 318, 141, 1924x1247
  7: 728, 138, 448x512
  8: 728, 138, 448x252
  9: 11, 205, 1497x1346
Mouse: 1822, 346 | UIA: None | EW: PySide6.QtCore.QRect(320, 186, 1920, 1200)
All rects available:
  0: 1023, 404, 484x647
  1: 2396, 1364, 90x90
  2: 1610, 117, 270x210
  3: 828, 344, 874x767
  4: 320, 186, 1920x1200
  5: 320, 186, 1920x69
  6: 318, 141, 1924x1247
  7: 728, 138, 448x512
  8: 728, 138, 448x252
  9: 11, 205, 1497x1346
Mouse: 1830, 344 | UIA: None | EW: PySide6.QtCore.QRect(320, 186, 1920, 1200)
All rects available:
  0: 1023, 404, 484x647
  1: 2396, 1364, 90x90
  2: 1610, 117, 270x210
  3: 828, 344, 874x767
  4: 320, 186, 1920x1200
  5: 320, 186, 1920x69
  6: 318, 141, 1924x1247
  7: 728, 138, 448x512
  8: 728, 138, 448x252
  9: 11, 205, 1497x1346
Mouse: 1844, 340 | UIA: None | EW: PySide6.QtCore.QRect(320, 186, 1920, 1200)
All rects available:
  0: 1023, 404, 484x647
  1: 2396, 1364, 90x90
  2: 1610, 117, 270x210
  3: 828, 344, 874x767
  4: 320, 186, 1920x1200
  5: 320, 186, 1920x69
  6: 318, 141, 1924x1247
  7: 728, 138, 448x512
  8: 728, 138, 448x252
  9: 11, 205, 1497x1346
Mouse: 1850, 339 | UIA: None | EW: PySide6.QtCore.QRect(320, 186, 1920, 1200)
All rects available:
  0: 1023, 404, 484x647
  1: 2396, 1364, 90x90
  2: 1610, 117, 270x210
  3: 828, 344, 874x767
  4: 320, 186, 1920x1200
  5: 320, 186, 1920x69
  6: 318, 141, 1924x1247
  7: 728, 138, 448x512
  8: 728, 138, 448x252
  9: 11, 205, 1497x1346
Mouse: 1862, 334 | UIA: None | EW: PySide6.QtCore.QRect(320, 186, 1920, 1200)
All rects available:
  0: 1023, 404, 484x647
  1: 2396, 1364, 90x90
  2: 1610, 117, 270x210
  3: 828, 344, 874x767
  4: 320, 186, 1920x1200
  5: 320, 186, 1920x69
  6: 318, 141, 1924x1247
  7: 728, 138, 448x512
  8: 728, 138, 448x252
  9: 11, 205, 1497x1346
Mouse: 1872, 332 | UIA: None | EW: PySide6.QtCore.QRect(320, 186, 1920, 1200)
All rects available:
  0: 1023, 404, 484x647
  1: 2396, 1364, 90x90
  2: 1610, 117, 270x210
  3: 828, 344, 874x767
  4: 320, 186, 1920x1200
  5: 320, 186, 1920x69
  6: 318, 141, 1924x1247
  7: 728, 138, 448x512
  8: 728, 138, 448x252
  9: 11, 205, 1497x1346
Mouse: 1876, 332 | UIA: None | EW: PySide6.QtCore.QRect(320, 186, 1920, 1200)
All rects available:
  0: 1023, 404, 484x647
  1: 2396, 1364, 90x90
  2: 1610, 117, 270x210
  3: 828, 344, 874x767
  4: 320, 186, 1920x1200
  5: 320, 186, 1920x69
  6: 318, 141, 1924x1247
  7: 728, 138, 448x512
  8: 728, 138, 448x252
  9: 11, 205, 1497x1346
Mouse: 1882, 332 | UIA: None | EW: PySide6.QtCore.QRect(320, 186, 1920, 1200)
All rects available:
  0: 1023, 404, 484x647
  1: 2396, 1364, 90x90
  2: 1610, 117, 270x210
  3: 828, 344, 874x767
  4: 320, 186, 1920x1200
  5: 320, 186, 1920x69
  6: 318, 141, 1924x1247
  7: 728, 138, 448x512
  8: 728, 138, 448x252
  9: 11, 205, 1497x1346
Mouse: 1888, 332 | UIA: None | EW: PySide6.QtCore.QRect(320, 186, 1920, 1200)
All rects available:
  0: 1023, 404, 484x647
  1: 2396, 1364, 90x90
  2: 1610, 117, 270x210
  3: 828, 344, 874x767
  4: 320, 186, 1920x1200
  5: 320, 186, 1920x69
  6: 318, 141, 1924x1247
  7: 728, 138, 448x512
  8: 728, 138, 448x252
  9: 11, 205, 1497x1346
Mouse: 1912, 332 | UIA: None | EW: PySide6.QtCore.QRect(320, 186, 1920, 1200)
All rects available:
  0: 1023, 404, 484x647
  1: 2396, 1364, 90x90
  2: 1610, 117, 270x210
  3: 828, 344, 874x767
  4: 320, 186, 1920x1200
  5: 320, 186, 1920x69
  6: 318, 141, 1924x1247
  7: 728, 138, 448x512
  8: 728, 138, 448x252
  9: 11, 205, 1497x1346
Mouse: 1942, 328 | UIA: None | EW: PySide6.QtCore.QRect(320, 186, 1920, 1200)
All rects available:
  0: 1023, 404, 484x647
  1: 2396, 1364, 90x90
  2: 1610, 117, 270x210
  3: 828, 344, 874x767
  4: 320, 186, 1920x1200
  5: 320, 186, 1920x69
  6: 318, 141, 1924x1247
  7: 728, 138, 448x512
  8: 728, 138, 448x252
  9: 11, 205, 1497x1346
Mouse: 1966, 328 | UIA: None | EW: PySide6.QtCore.QRect(320, 186, 1920, 1200)
All rects available:
  0: 1023, 404, 484x647
  1: 2396, 1364, 90x90
  2: 1610, 117, 270x210
  3: 828, 344, 874x767
  4: 320, 186, 1920x1200
  5: 320, 186, 1920x69
  6: 318, 141, 1924x1247
  7: 728, 138, 448x512
  8: 728, 138, 448x252
  9: 11, 205, 1497x1346
Mouse: 1982, 326 | UIA: None | EW: PySide6.QtCore.QRect(320, 186, 1920, 1200)
All rects available:
  0: 1023, 404, 484x647
  1: 2396, 1364, 90x90
  2: 1610, 117, 270x210
  3: 828, 344, 874x767
  4: 320, 186, 1920x1200
  5: 320, 186, 1920x69
  6: 318, 141, 1924x1247
  7: 728, 138, 448x512
  8: 728, 138, 448x252
  9: 11, 205, 1497x1346
Mouse: 1988, 324 | UIA: None | EW: PySide6.QtCore.QRect(320, 186, 1920, 1200)
All rects available:
  0: 1023, 404, 484x647
  1: 2396, 1364, 90x90
  2: 1610, 117, 270x210
  3: 828, 344, 874x767
  4: 320, 186, 1920x1200
  5: 320, 186, 1920x69
  6: 318, 141, 1924x1247
  7: 728, 138, 448x512
  8: 728, 138, 448x252
  9: 11, 205, 1497x1346
Mouse: 2000, 320 | UIA: None | EW: PySide6.QtCore.QRect(320, 186, 1920, 1200)
All rects available:
  0: 1023, 404, 484x647
  1: 2396, 1364, 90x90
  2: 1610, 117, 270x210
  3: 828, 344, 874x767
  4: 320, 186, 1920x1200
  5: 320, 186, 1920x69
  6: 318, 141, 1924x1247
  7: 728, 138, 448x512
  8: 728, 138, 448x252
  9: 11, 205, 1497x1346
Mouse: 2012, 316 | UIA: None | EW: PySide6.QtCore.QRect(320, 186, 1920, 1200)
All rects available:
  0: 1023, 404, 484x647
  1: 2396, 1364, 90x90
  2: 1610, 117, 270x210
  3: 828, 344, 874x767
  4: 320, 186, 1920x1200
  5: 320, 186, 1920x69
  6: 318, 141, 1924x1247
  7: 728, 138, 448x512
  8: 728, 138, 448x252
  9: 11, 205, 1497x1346
Mouse: 2016, 314 | UIA: None | EW: PySide6.QtCore.QRect(320, 186, 1920, 1200)
All rects available:
  0: 1023, 404, 484x647
  1: 2396, 1364, 90x90
  2: 1610, 117, 270x210
  3: 828, 344, 874x767
  4: 320, 186, 1920x1200
  5: 320, 186, 1920x69
  6: 318, 141, 1924x1247
  7: 728, 138, 448x512
  8: 728, 138, 448x252
  9: 11, 205, 1497x1346
Mouse: 2024, 310 | UIA: None | EW: PySide6.QtCore.QRect(320, 186, 1920, 1200)
All rects available:
  0: 1023, 404, 484x647
  1: 2396, 1364, 90x90
  2: 1610, 117, 270x210
  3: 828, 344, 874x767
  4: 320, 186, 1920x1200
  5: 320, 186, 1920x69
  6: 318, 141, 1924x1247
  7: 728, 138, 448x512
  8: 728, 138, 448x252
  9: 11, 205, 1497x1346
Mouse: 2031, 308 | UIA: None | EW: PySide6.QtCore.QRect(320, 186, 1920, 1200)
All rects available:
  0: 1023, 404, 484x647
  1: 2396, 1364, 90x90
  2: 1610, 117, 270x210
  3: 828, 344, 874x767
  4: 320, 186, 1920x1200
  5: 320, 186, 1920x69
  6: 318, 141, 1924x1247
  7: 728, 138, 448x512
  8: 728, 138, 448x252
  9: 11, 205, 1497x1346
Mouse: 2036, 306 | UIA: None | EW: PySide6.QtCore.QRect(320, 186, 1920, 1200)
All rects available:
  0: 1023, 404, 484x647
  1: 2396, 1364, 90x90
  2: 1610, 117, 270x210
  3: 828, 344, 874x767
  4: 320, 186, 1920x1200
  5: 320, 186, 1920x69
  6: 318, 141, 1924x1247
  7: 728, 138, 448x512
  8: 728, 138, 448x252
  9: 11, 205, 1497x1346
Mouse: 2043, 302 | UIA: None | EW: PySide6.QtCore.QRect(320, 186, 1920, 1200)
All rects available:
  0: 1023, 404, 484x647
  1: 2396, 1364, 90x90
  2: 1610, 117, 270x210
  3: 828, 344, 874x767
  4: 320, 186, 1920x1200
  5: 320, 186, 1920x69
  6: 318, 141, 1924x1247
  7: 728, 138, 448x512
  8: 728, 138, 448x252
  9: 11, 205, 1497x1346
Mouse: 2050, 296 | UIA: None | EW: PySide6.QtCore.QRect(320, 186, 1920, 1200)
All rects available:
  0: 1023, 404, 484x647
  1: 2396, 1364, 90x90
  2: 1610, 117, 270x210
  3: 828, 344, 874x767
  4: 320, 186, 1920x1200
  5: 320, 186, 1920x69
  6: 318, 141, 1924x1247
  7: 728, 138, 448x512
  8: 728, 138, 448x252
  9: 11, 205, 1497x1346
Mouse: 2060, 290 | UIA: None | EW: PySide6.QtCore.QRect(320, 186, 1920, 1200)
All rects available:
  0: 1023, 404, 484x647
  1: 2396, 1364, 90x90
  2: 1610, 117, 270x210
  3: 828, 344, 874x767
  4: 320, 186, 1920x1200
  5: 320, 186, 1920x69
  6: 318, 141, 1924x1247
  7: 728, 138, 448x512
  8: 728, 138, 448x252
  9: 11, 205, 1497x1346
Mouse: 2064, 286 | UIA: None | EW: PySide6.QtCore.QRect(320, 186, 1920, 1200)
All rects available:
  0: 1023, 404, 484x647
  1: 2396, 1364, 90x90
  2: 1610, 117, 270x210
  3: 828, 344, 874x767
  4: 320, 186, 1920x1200
  5: 320, 186, 1920x69
  6: 318, 141, 1924x1247
  7: 728, 138, 448x512
  8: 728, 138, 448x252
  9: 11, 205, 1497x1346
Mouse: 2068, 285 | UIA: None | EW: PySide6.QtCore.QRect(320, 186, 1920, 1200)
All rects available:
  0: 1023, 404, 484x647
  1: 2396, 1364, 90x90
  2: 1610, 117, 270x210
  3: 828, 344, 874x767
  4: 320, 186, 1920x1200
  5: 320, 186, 1920x69
  6: 318, 141, 1924x1247
  7: 728, 138, 448x512
  8: 728, 138, 448x252
  9: 11, 205, 1497x1346
Mouse: 2074, 279 | UIA: None | EW: PySide6.QtCore.QRect(320, 186, 1920, 1200)
All rects available:
  0: 1023, 404, 484x647
  1: 2396, 1364, 90x90
  2: 1610, 117, 270x210
  3: 828, 344, 874x767
  4: 320, 186, 1920x1200
  5: 320, 186, 1920x69
  6: 318, 141, 1924x1247
  7: 728, 138, 448x512
  8: 728, 138, 448x252
  9: 11, 205, 1497x1346
Mouse: 2078, 278 | UIA: None | EW: PySide6.QtCore.QRect(320, 186, 1920, 1200)
All rects available:
  0: 1023, 404, 484x647
  1: 2396, 1364, 90x90
  2: 1610, 117, 270x210
  3: 828, 344, 874x767
  4: 320, 186, 1920x1200
  5: 320, 186, 1920x69
  6: 318, 141, 1924x1247
  7: 728, 138, 448x512
  8: 728, 138, 448x252
  9: 11, 205, 1497x1346
Mouse: 2082, 274 | UIA: None | EW: PySide6.QtCore.QRect(320, 186, 1920, 1200)
All rects available:
  0: 1023, 404, 484x647
  1: 2396, 1364, 90x90
  2: 1610, 117, 270x210
  3: 828, 344, 874x767
  4: 320, 186, 1920x1200
  5: 320, 186, 1920x69
  6: 318, 141, 1924x1247
  7: 728, 138, 448x512
  8: 728, 138, 448x252
  9: 11, 205, 1497x1346
Mouse: 2086, 272 | UIA: None | EW: PySide6.QtCore.QRect(320, 186, 1920, 1200)
All rects available:
  0: 1023, 404, 484x647
  1: 2396, 1364, 90x90
  2: 1610, 117, 270x210
  3: 828, 344, 874x767
  4: 320, 186, 1920x1200
  5: 320, 186, 1920x69
  6: 318, 141, 1924x1247
  7: 728, 138, 448x512
  8: 728, 138, 448x252
  9: 11, 205, 1497x1346
Mouse: 2090, 270 | UIA: None | EW: PySide6.QtCore.QRect(320, 186, 1920, 1200)
All rects available:
  0: 1023, 404, 484x647
  1: 2396, 1364, 90x90
  2: 1610, 117, 270x210
  3: 828, 344, 874x767
  4: 320, 186, 1920x1200
  5: 320, 186, 1920x69
  6: 318, 141, 1924x1247
  7: 728, 138, 448x512
  8: 728, 138, 448x252
  9: 11, 205, 1497x1346
Mouse: 2092, 267 | UIA: None | EW: PySide6.QtCore.QRect(320, 186, 1920, 1200)
All rects available:
  0: 1023, 404, 484x647
  1: 2396, 1364, 90x90
  2: 1610, 117, 270x210
  3: 828, 344, 874x767
  4: 320, 186, 1920x1200
  5: 320, 186, 1920x69
  6: 318, 141, 1924x1247
  7: 728, 138, 448x512
  8: 728, 138, 448x252
  9: 11, 205, 1497x1346
Mouse: 2096, 266 | UIA: None | EW: PySide6.QtCore.QRect(320, 186, 1920, 1200)
All rects available:
  0: 1023, 404, 484x647
  1: 2396, 1364, 90x90
  2: 1610, 117, 270x210
  3: 828, 344, 874x767
  4: 320, 186, 1920x1200
  5: 320, 186, 1920x69
  6: 318, 141, 1924x1247
  7: 728, 138, 448x512
  8: 728, 138, 448x252
  9: 11, 205, 1497x1346
Mouse: 2097, 262 | UIA: None | EW: PySide6.QtCore.QRect(320, 186, 1920, 1200)
All rects available:
  0: 1023, 404, 484x647
  1: 2396, 1364, 90x90
  2: 1610, 117, 270x210
  3: 828, 344, 874x767
  4: 320, 186, 1920x1200
  5: 320, 186, 1920x69
  6: 318, 141, 1924x1247
  7: 728, 138, 448x512
  8: 728, 138, 448x252
  9: 11, 205, 1497x1346
Mouse: 2100, 260 | UIA: None | EW: PySide6.QtCore.QRect(320, 186, 1920, 1200)
All rects available:
  0: 1023, 404, 484x647
  1: 2396, 1364, 90x90
  2: 1610, 117, 270x210
  3: 828, 344, 874x767
  4: 320, 186, 1920x1200
  5: 320, 186, 1920x69
  6: 318, 141, 1924x1247
  7: 728, 138, 448x512
  8: 728, 138, 448x252
  9: 11, 205, 1497x1346
Mouse: 2103, 255 | UIA: None | EW: PySide6.QtCore.QRect(320, 186, 1920, 1200)
All rects available:
  0: 1023, 404, 484x647
  1: 2396, 1364, 90x90
  2: 1610, 117, 270x210
  3: 828, 344, 874x767
  4: 320, 186, 1920x1200
  5: 320, 186, 1920x69
  6: 318, 141, 1924x1247
  7: 728, 138, 448x512
  8: 728, 138, 448x252
  9: 11, 205, 1497x1346
Mouse: 2104, 254 | UIA: None | EW: PySide6.QtCore.QRect(320, 186, 1920, 1200)
All rects available:
  0: 1023, 404, 484x647
  1: 2396, 1364, 90x90
  2: 1610, 117, 270x210
  3: 828, 344, 874x767
  4: 320, 186, 1920x1200
  5: 320, 186, 1920x69
  6: 318, 141, 1924x1247
  7: 728, 138, 448x512
  8: 728, 138, 448x252
  9: 11, 205, 1497x1346
Mouse: 2108, 249 | UIA: None | EW: PySide6.QtCore.QRect(320, 186, 1920, 1200)
All rects available:
  0: 1023, 404, 484x647
  1: 2396, 1364, 90x90
  2: 1610, 117, 270x210
  3: 828, 344, 874x767
  4: 320, 186, 1920x1200
  5: 320, 186, 1920x69
  6: 318, 141, 1924x1247
  7: 728, 138, 448x512
  8: 728, 138, 448x252
  9: 11, 205, 1497x1346
Mouse: 2110, 244 | UIA: None | EW: PySide6.QtCore.QRect(320, 186, 1920, 1200)
All rects available:
  0: 1023, 404, 484x647
  1: 2396, 1364, 90x90
  2: 1610, 117, 270x210
  3: 828, 344, 874x767
  4: 320, 186, 1920x1200
  5: 320, 186, 1920x69
  6: 318, 141, 1924x1247
  7: 728, 138, 448x512
  8: 728, 138, 448x252
  9: 11, 205, 1497x1346
Mouse: 2112, 242 | UIA: None | EW: PySide6.QtCore.QRect(320, 186, 1920, 1200)
All rects available:
  0: 1023, 404, 484x647
  1: 2396, 1364, 90x90
  2: 1610, 117, 270x210
  3: 828, 344, 874x767
  4: 320, 186, 1920x1200
  5: 320, 186, 1920x69
  6: 318, 141, 1924x1247
  7: 728, 138, 448x512
  8: 728, 138, 448x252
  9: 11, 205, 1497x1346
Mouse: 2112, 240 | UIA: None | EW: PySide6.QtCore.QRect(320, 186, 1920, 1200)
All rects available:
  0: 1023, 404, 484x647
  1: 2396, 1364, 90x90
  2: 1610, 117, 270x210
  3: 828, 344, 874x767
  4: 320, 186, 1920x1200
  5: 320, 186, 1920x69
  6: 318, 141, 1924x1247
  7: 728, 138, 448x512
  8: 728, 138, 448x252
  9: 11, 205, 1497x1346
Mouse: 2115, 237 | UIA: None | EW: PySide6.QtCore.QRect(320, 186, 1920, 1200)
All rects available:
  0: 1023, 404, 484x647
  1: 2396, 1364, 90x90
  2: 1610, 117, 270x210
  3: 828, 344, 874x767
  4: 320, 186, 1920x1200
  5: 320, 186, 1920x69
  6: 318, 141, 1924x1247
  7: 728, 138, 448x512
  8: 728, 138, 448x252
  9: 11, 205, 1497x1346
Mouse: 2116, 236 | UIA: None | EW: PySide6.QtCore.QRect(320, 186, 1920, 1200)
All rects available:
  0: 1023, 404, 484x647
  1: 2396, 1364, 90x90
  2: 1610, 117, 270x210
  3: 828, 344, 874x767
  4: 320, 186, 1920x1200
  5: 320, 186, 1920x69
  6: 318, 141, 1924x1247
  7: 728, 138, 448x512
  8: 728, 138, 448x252
  9: 11, 205, 1497x1346
Mouse: 2116, 234 | UIA: None | EW: PySide6.QtCore.QRect(320, 186, 1920, 1200)
All rects available:
  0: 1023, 404, 484x647
  1: 2396, 1364, 90x90
  2: 1610, 117, 270x210
  3: 828, 344, 874x767
  4: 320, 186, 1920x1200
  5: 320, 186, 1920x69
  6: 318, 141, 1924x1247
  7: 728, 138, 448x512
  8: 728, 138, 448x252
  9: 11, 205, 1497x1346
Mouse: 2116, 232 | UIA: None | EW: PySide6.QtCore.QRect(320, 186, 1920, 1200)
All rects available:
  0: 1023, 404, 484x647
  1: 2396, 1364, 90x90
  2: 1610, 117, 270x210
  3: 828, 344, 874x767
  4: 320, 186, 1920x1200
  5: 320, 186, 1920x69
  6: 318, 141, 1924x1247
  7: 728, 138, 448x512
  8: 728, 138, 448x252
  9: 11, 205, 1497x1346
Mouse: 2118, 232 | UIA: None | EW: PySide6.QtCore.QRect(320, 186, 1920, 1200)
All rects available:
  0: 1023, 404, 484x647
  1: 2396, 1364, 90x90
  2: 1610, 117, 270x210
  3: 828, 344, 874x767
  4: 320, 186, 1920x1200
  5: 320, 186, 1920x69
  6: 318, 141, 1924x1247
  7: 728, 138, 448x512
  8: 728, 138, 448x252
  9: 11, 205, 1497x1346
Mouse: 2118, 231 | UIA: None | EW: PySide6.QtCore.QRect(320, 186, 1920, 1200)
All rects available:
  0: 1023, 404, 484x647
  1: 2396, 1364, 90x90
  2: 1610, 117, 270x210
  3: 828, 344, 874x767
  4: 320, 186, 1920x1200
  5: 320, 186, 1920x69
  6: 318, 141, 1924x1247
  7: 728, 138, 448x512
  8: 728, 138, 448x252
  9: 11, 205, 1497x1346
Mouse: 2118, 230 | UIA: None | EW: PySide6.QtCore.QRect(320, 186, 1920, 1200)
All rects available:
  0: 1023, 404, 484x647
  1: 2396, 1364, 90x90
  2: 1610, 117, 270x210
  3: 828, 344, 874x767
  4: 320, 186, 1920x1200
  5: 320, 186, 1920x69
  6: 318, 141, 1924x1247
  7: 728, 138, 448x512
  8: 728, 138, 448x252
  9: 11, 205, 1497x1346
Mouse: 2120, 230 | UIA: None | EW: PySide6.QtCore.QRect(320, 186, 1920, 1200)
All rects available:
  0: 1023, 404, 484x647
  1: 2396, 1364, 90x90
  2: 1610, 117, 270x210
  3: 828, 344, 874x767
  4: 320, 186, 1920x1200
  5: 320, 186, 1920x69
  6: 318, 141, 1924x1247
  7: 728, 138, 448x512
  8: 728, 138, 448x252
  9: 11, 205, 1497x1346
Mouse: 2120, 226 | UIA: None | EW: PySide6.QtCore.QRect(320, 186, 1920, 1200)
All rects available:
  0: 1023, 404, 484x647
  1: 2396, 1364, 90x90
  2: 1610, 117, 270x210
  3: 828, 344, 874x767
  4: 320, 186, 1920x1200
  5: 320, 186, 1920x69
  6: 318, 141, 1924x1247
  7: 728, 138, 448x512
  8: 728, 138, 448x252
  9: 11, 205, 1497x1346
Mouse: 2120, 226 | UIA: None | EW: PySide6.QtCore.QRect(320, 186, 1920, 1200)
All rects available:
  0: 1023, 404, 484x647
  1: 2396, 1364, 90x90
  2: 1610, 117, 270x210
  3: 828, 344, 874x767
  4: 320, 186, 1920x1200
  5: 320, 186, 1920x69
  6: 318, 141, 1924x1247
  7: 728, 138, 448x512
  8: 728, 138, 448x252
  9: 11, 205, 1497x1346
Mouse: 2120, 225 | UIA: None | EW: PySide6.QtCore.QRect(320, 186, 1920, 1200)
All rects available:
  0: 1023, 404, 484x647
  1: 2396, 1364, 90x90
  2: 1610, 117, 270x210
  3: 828, 344, 874x767
  4: 320, 186, 1920x1200
  5: 320, 186, 1920x69
  6: 318, 141, 1924x1247
  7: 728, 138, 448x512
  8: 728, 138, 448x252
  9: 11, 205, 1497x1346
Mouse: 2121, 224 | UIA: None | EW: PySide6.QtCore.QRect(320, 186, 1920, 1200)
All rects available:
  0: 1023, 404, 484x647
  1: 2396, 1364, 90x90
  2: 1610, 117, 270x210
  3: 828, 344, 874x767
  4: 320, 186, 1920x1200
  5: 320, 186, 1920x69
  6: 318, 141, 1924x1247
  7: 728, 138, 448x512
  8: 728, 138, 448x252
  9: 11, 205, 1497x1346
Mouse: 2122, 220 | UIA: None | EW: PySide6.QtCore.QRect(320, 186, 1920, 1200)
All rects available:
  0: 1023, 404, 484x647
  1: 2396, 1364, 90x90
  2: 1610, 117, 270x210
  3: 828, 344, 874x767
  4: 320, 186, 1920x1200
  5: 320, 186, 1920x69
  6: 318, 141, 1924x1247
  7: 728, 138, 448x512
  8: 728, 138, 448x252
  9: 11, 205, 1497x1346
Mouse: 2122, 220 | UIA: None | EW: PySide6.QtCore.QRect(320, 186, 1920, 1200)
All rects available:
  0: 1023, 404, 484x647
  1: 2396, 1364, 90x90
  2: 1610, 117, 270x210
  3: 828, 344, 874x767
  4: 320, 186, 1920x1200
  5: 320, 186, 1920x69
  6: 318, 141, 1924x1247
  7: 728, 138, 448x512
  8: 728, 138, 448x252
  9: 11, 205, 1497x1346
Mouse: 2122, 218 | UIA: None | EW: PySide6.QtCore.QRect(320, 186, 1920, 1200)
All rects available:
  0: 1023, 404, 484x647
  1: 2396, 1364, 90x90
  2: 1610, 117, 270x210
  3: 828, 344, 874x767
  4: 320, 186, 1920x1200
  5: 320, 186, 1920x69
  6: 318, 141, 1924x1247
  7: 728, 138, 448x512
  8: 728, 138, 448x252
  9: 11, 205, 1497x1346
Mouse: 2124, 218 | UIA: None | EW: PySide6.QtCore.QRect(320, 186, 1920, 1200)
All rects available:
  0: 1023, 404, 484x647
  1: 2396, 1364, 90x90
  2: 1610, 117, 270x210
  3: 828, 344, 874x767
  4: 320, 186, 1920x1200
  5: 320, 186, 1920x69
  6: 318, 141, 1924x1247
  7: 728, 138, 448x512
  8: 728, 138, 448x252
  9: 11, 205, 1497x1346
Mouse: 2124, 218 | UIA: None | EW: PySide6.QtCore.QRect(320, 186, 1920, 1200)
All rects available:
  0: 1023, 404, 484x647
  1: 2396, 1364, 90x90
  2: 1610, 117, 270x210
  3: 828, 344, 874x767
  4: 320, 186, 1920x1200
  5: 320, 186, 1920x69
  6: 318, 141, 1924x1247
  7: 728, 138, 448x512
  8: 728, 138, 448x252
  9: 11, 205, 1497x1346
Mouse: 2126, 216 | UIA: None | EW: PySide6.QtCore.QRect(320, 186, 1920, 1200)
All rects available:
  0: 1023, 404, 484x647
  1: 2396, 1364, 90x90
  2: 1610, 117, 270x210
  3: 828, 344, 874x767
  4: 320, 186, 1920x1200
  5: 320, 186, 1920x69
  6: 318, 141, 1924x1247
  7: 728, 138, 448x512
  8: 728, 138, 448x252
  9: 11, 205, 1497x1346
Mouse: 2126, 214 | UIA: None | EW: PySide6.QtCore.QRect(320, 186, 1920, 1200)
All rects available:
  0: 1023, 404, 484x647
  1: 2396, 1364, 90x90
  2: 1610, 117, 270x210
  3: 828, 344, 874x767
  4: 320, 186, 1920x1200
  5: 320, 186, 1920x69
  6: 318, 141, 1924x1247
  7: 728, 138, 448x512
  8: 728, 138, 448x252
  9: 11, 205, 1497x1346
Mouse: 2126, 214 | UIA: None | EW: PySide6.QtCore.QRect(320, 186, 1920, 1200)
All rects available:
  0: 1023, 404, 484x647
  1: 2396, 1364, 90x90
  2: 1610, 117, 270x210
  3: 828, 344, 874x767
  4: 320, 186, 1920x1200
  5: 320, 186, 1920x69
  6: 318, 141, 1924x1247
  7: 728, 138, 448x512
  8: 728, 138, 448x252
  9: 11, 205, 1497x1346
Mouse: 2126, 213 | UIA: None | EW: PySide6.QtCore.QRect(320, 186, 1920, 1200)
All rects available:
  0: 1023, 404, 484x647
  1: 2396, 1364, 90x90
  2: 1610, 117, 270x210
  3: 828, 344, 874x767
  4: 320, 186, 1920x1200
  5: 320, 186, 1920x69
  6: 318, 141, 1924x1247
  7: 728, 138, 448x512
  8: 728, 138, 448x252
  9: 11, 205, 1497x1346
Mouse: 2126, 213 | UIA: None | EW: PySide6.QtCore.QRect(320, 186, 1920, 1200)
All rects available:
  0: 1023, 404, 484x647
  1: 2396, 1364, 90x90
  2: 1610, 117, 270x210
  3: 828, 344, 874x767
  4: 320, 186, 1920x1200
  5: 320, 186, 1920x69
  6: 318, 141, 1924x1247
  7: 728, 138, 448x512
  8: 728, 138, 448x252
  9: 11, 205, 1497x1346
Mouse: 2126, 212 | UIA: None | EW: PySide6.QtCore.QRect(320, 186, 1920, 1200)
All rects available:
  0: 1023, 404, 484x647
  1: 2396, 1364, 90x90
  2: 1610, 117, 270x210
  3: 828, 344, 874x767
  4: 320, 186, 1920x1200
  5: 320, 186, 1920x69
  6: 318, 141, 1924x1247
  7: 728, 138, 448x512
  8: 728, 138, 448x252
  9: 11, 205, 1497x1346
Mouse: 2127, 212 | UIA: None | EW: PySide6.QtCore.QRect(320, 186, 1920, 1200)
All rects available:
  0: 1023, 404, 484x647
  1: 2396, 1364, 90x90
  2: 1610, 117, 270x210
  3: 828, 344, 874x767
  4: 320, 186, 1920x1200
  5: 320, 186, 1920x69
  6: 318, 141, 1924x1247
  7: 728, 138, 448x512
  8: 728, 138, 448x252
  9: 11, 205, 1497x1346
Mouse: 2127, 210 | UIA: None | EW: PySide6.QtCore.QRect(320, 186, 1920, 1200)
All rects available:
  0: 1023, 404, 484x647
  1: 2396, 1364, 90x90
  2: 1610, 117, 270x210
  3: 828, 344, 874x767
  4: 320, 186, 1920x1200
  5: 320, 186, 1920x69
  6: 318, 141, 1924x1247
  7: 728, 138, 448x512
  8: 728, 138, 448x252
  9: 11, 205, 1497x1346
Mouse: 2127, 208 | UIA: None | EW: PySide6.QtCore.QRect(320, 186, 1920, 1200)
All rects available:
  0: 1023, 404, 484x647
  1: 2396, 1364, 90x90
  2: 1610, 117, 270x210
  3: 828, 344, 874x767
  4: 320, 186, 1920x1200
  5: 320, 186, 1920x69
  6: 318, 141, 1924x1247
  7: 728, 138, 448x512
  8: 728, 138, 448x252
  9: 11, 205, 1497x1346
Mouse: 2127, 208 | UIA: None | EW: PySide6.QtCore.QRect(320, 186, 1920, 1200)
All rects available:
  0: 1023, 404, 484x647
  1: 2396, 1364, 90x90
  2: 1610, 117, 270x210
  3: 828, 344, 874x767
  4: 320, 186, 1920x1200
  5: 320, 186, 1920x69
  6: 318, 141, 1924x1247
  7: 728, 138, 448x512
  8: 728, 138, 448x252
  9: 11, 205, 1497x1346
Mouse: 2127, 207 | UIA: None | EW: PySide6.QtCore.QRect(320, 186, 1920, 1200)
All rects available:
  0: 1023, 404, 484x647
  1: 2396, 1364, 90x90
  2: 1610, 117, 270x210
  3: 828, 344, 874x767
  4: 320, 186, 1920x1200
  5: 320, 186, 1920x69
  6: 318, 141, 1924x1247
  7: 728, 138, 448x512
  8: 728, 138, 448x252
  9: 11, 205, 1497x1346
Mouse: 2128, 207 | UIA: None | EW: PySide6.QtCore.QRect(320, 186, 1920, 1200)
All rects available:
  0: 1023, 404, 484x647
  1: 2396, 1364, 90x90
  2: 1610, 117, 270x210
  3: 828, 344, 874x767
  4: 320, 186, 1920x1200
  5: 320, 186, 1920x69
  6: 318, 141, 1924x1247
  7: 728, 138, 448x512
  8: 728, 138, 448x252
  9: 11, 205, 1497x1346
Mouse: 2128, 206 | UIA: None | EW: PySide6.QtCore.QRect(320, 186, 1920, 1200)
All rects available:
  0: 1023, 404, 484x647
  1: 2396, 1364, 90x90
  2: 1610, 117, 270x210
  3: 828, 344, 874x767
  4: 320, 186, 1920x1200
  5: 320, 186, 1920x69
  6: 318, 141, 1924x1247
  7: 728, 138, 448x512
  8: 728, 138, 448x252
  9: 11, 205, 1497x1346
Mouse: 2128, 206 | UIA: None | EW: PySide6.QtCore.QRect(320, 186, 1920, 1200)
All rects available:
  0: 1023, 404, 484x647
  1: 2396, 1364, 90x90
  2: 1610, 117, 270x210
  3: 828, 344, 874x767
  4: 320, 186, 1920x1200
  5: 320, 186, 1920x69
  6: 318, 141, 1924x1247
  7: 728, 138, 448x512
  8: 728, 138, 448x252
  9: 11, 205, 1497x1346
Mouse: 2130, 204 | UIA: None | EW: PySide6.QtCore.QRect(320, 186, 1920, 1200)
All rects available:
  0: 1023, 404, 484x647
  1: 2396, 1364, 90x90
  2: 1610, 117, 270x210
  3: 828, 344, 874x767
  4: 320, 186, 1920x1200
  5: 320, 186, 1920x69
  6: 318, 141, 1924x1247
  7: 728, 138, 448x512
  8: 728, 138, 448x252
  9: 11, 205, 1497x1346
Mouse: 2130, 202 | UIA: None | EW: PySide6.QtCore.QRect(320, 186, 1920, 1200)
All rects available:
  0: 1023, 404, 484x647
  1: 2396, 1364, 90x90
  2: 1610, 117, 270x210
  3: 828, 344, 874x767
  4: 320, 186, 1920x1200
  5: 320, 186, 1920x69
  6: 318, 141, 1924x1247
  7: 728, 138, 448x512
  8: 728, 138, 448x252
  9: 11, 205, 1497x1346
Mouse: 2130, 202 | UIA: None | EW: PySide6.QtCore.QRect(320, 186, 1920, 1200)
All rects available:
  0: 1023, 404, 484x647
  1: 2396, 1364, 90x90
  2: 1610, 117, 270x210
  3: 828, 344, 874x767
  4: 320, 186, 1920x1200
  5: 320, 186, 1920x69
  6: 318, 141, 1924x1247
  7: 728, 138, 448x512
  8: 728, 138, 448x252
  9: 11, 205, 1497x1346
Mouse: 2132, 201 | UIA: None | EW: PySide6.QtCore.QRect(320, 186, 1920, 1200)
All rects available:
  0: 1023, 404, 484x647
  1: 2396, 1364, 90x90
  2: 1610, 117, 270x210
  3: 828, 344, 874x767
  4: 320, 186, 1920x1200
  5: 320, 186, 1920x69
  6: 318, 141, 1924x1247
  7: 728, 138, 448x512
  8: 728, 138, 448x252
  9: 11, 205, 1497x1346
Mouse: 2132, 200 | UIA: None | EW: PySide6.QtCore.QRect(320, 186, 1920, 1200)
All rects available:
  0: 1023, 404, 484x647
  1: 2396, 1364, 90x90
  2: 1610, 117, 270x210
  3: 828, 344, 874x767
  4: 320, 186, 1920x1200
  5: 320, 186, 1920x69
  6: 318, 141, 1924x1247
  7: 728, 138, 448x512
  8: 728, 138, 448x252
  9: 11, 205, 1497x1346
Mouse: 2132, 198 | UIA: None | EW: PySide6.QtCore.QRect(320, 186, 1920, 1200)
All rects available:
  0: 1023, 404, 484x647
  1: 2396, 1364, 90x90
  2: 1610, 117, 270x210
  3: 828, 344, 874x767
  4: 320, 186, 1920x1200
  5: 320, 186, 1920x69
  6: 318, 141, 1924x1247
  7: 728, 138, 448x512
  8: 728, 138, 448x252
  9: 11, 205, 1497x1346
Mouse: 2132, 196 | UIA: None | EW: PySide6.QtCore.QRect(320, 186, 1920, 1200)
All rects available:
  0: 1023, 404, 484x647
  1: 2396, 1364, 90x90
  2: 1610, 117, 270x210
  3: 828, 344, 874x767
  4: 320, 186, 1920x1200
  5: 320, 186, 1920x69
  6: 318, 141, 1924x1247
  7: 728, 138, 448x512
  8: 728, 138, 448x252
  9: 11, 205, 1497x1346
Mouse: 2132, 195 | UIA: None | EW: PySide6.QtCore.QRect(320, 186, 1920, 1200)
All rects available:
  0: 1023, 404, 484x647
  1: 2396, 1364, 90x90
  2: 1610, 117, 270x210
  3: 828, 344, 874x767
  4: 320, 186, 1920x1200
  5: 320, 186, 1920x69
  6: 318, 141, 1924x1247
  7: 728, 138, 448x512
  8: 728, 138, 448x252
  9: 11, 205, 1497x1346
Mouse: 2132, 194 | UIA: None | EW: PySide6.QtCore.QRect(320, 186, 1920, 1200)
All rects available:
  0: 1023, 404, 484x647
  1: 2396, 1364, 90x90
  2: 1610, 117, 270x210
  3: 828, 344, 874x767
  4: 320, 186, 1920x1200
  5: 320, 186, 1920x69
  6: 318, 141, 1924x1247
  7: 728, 138, 448x512
  8: 728, 138, 448x252
  9: 11, 205, 1497x1346
Mouse: 2132, 192 | UIA: None | EW: PySide6.QtCore.QRect(320, 186, 1920, 1200)
All rects available:
  0: 1023, 404, 484x647
  1: 2396, 1364, 90x90
  2: 1610, 117, 270x210
  3: 828, 344, 874x767
  4: 320, 186, 1920x1200
  5: 320, 186, 1920x69
  6: 318, 141, 1924x1247
  7: 728, 138, 448x512
  8: 728, 138, 448x252
  9: 11, 205, 1497x1346
Mouse: 2132, 189 | UIA: None | EW: PySide6.QtCore.QRect(320, 186, 1920, 1200)
All rects available:
  0: 1023, 404, 484x647
  1: 2396, 1364, 90x90
  2: 1610, 117, 270x210
  3: 828, 344, 874x767
  4: 320, 186, 1920x1200
  5: 320, 186, 1920x69
  6: 318, 141, 1924x1247
  7: 728, 138, 448x512
  8: 728, 138, 448x252
  9: 11, 205, 1497x1346
Mouse: 2132, 188 | UIA: None | EW: PySide6.QtCore.QRect(320, 186, 1920, 1200)
All rects available:
  0: 1023, 404, 484x647
  1: 2396, 1364, 90x90
  2: 1610, 117, 270x210
  3: 828, 344, 874x767
  4: 320, 186, 1920x1200
  5: 320, 186, 1920x69
  6: 318, 141, 1924x1247
  7: 728, 138, 448x512
  8: 728, 138, 448x252
  9: 11, 205, 1497x1346
Mouse: 2132, 188 | UIA: None | EW: PySide6.QtCore.QRect(320, 186, 1920, 1200)
All rects available:
  0: 1023, 404, 484x647
  1: 2396, 1364, 90x90
  2: 1610, 117, 270x210
  3: 828, 344, 874x767
  4: 320, 186, 1920x1200
  5: 320, 186, 1920x69
  6: 318, 141, 1924x1247
  7: 728, 138, 448x512
  8: 728, 138, 448x252
  9: 11, 205, 1497x1346
Mouse: 2132, 184 | UIA: None | EW: PySide6.QtCore.QRect(318, 141, 1924, 1247)
All rects available:
  0: 1023, 404, 484x647
  1: 2396, 1364, 90x90
  2: 1610, 117, 270x210
  3: 828, 344, 874x767
  4: 320, 186, 1920x1200
  5: 320, 186, 1920x69
  6: 318, 141, 1924x1247
  7: 728, 138, 448x512
  8: 728, 138, 448x252
  9: 11, 205, 1497x1346
Mouse: 2132, 182 | UIA: None | EW: PySide6.QtCore.QRect(318, 141, 1924, 1247)
All rects available:
  0: 1023, 404, 484x647
  1: 2396, 1364, 90x90
  2: 1610, 117, 270x210
  3: 828, 344, 874x767
  4: 320, 186, 1920x1200
  5: 320, 186, 1920x69
  6: 318, 141, 1924x1247
  7: 728, 138, 448x512
  8: 728, 138, 448x252
  9: 11, 205, 1497x1346
Mouse: 2132, 182 | UIA: None | EW: PySide6.QtCore.QRect(318, 141, 1924, 1247)
All rects available:
  0: 1023, 404, 484x647
  1: 2396, 1364, 90x90
  2: 1610, 117, 270x210
  3: 828, 344, 874x767
  4: 320, 186, 1920x1200
  5: 320, 186, 1920x69
  6: 318, 141, 1924x1247
  7: 728, 138, 448x512
  8: 728, 138, 448x252
  9: 11, 205, 1497x1346
Mouse: 2132, 180 | UIA: None | EW: PySide6.QtCore.QRect(318, 141, 1924, 1247)
All rects available:
  0: 1023, 404, 484x647
  1: 2396, 1364, 90x90
  2: 1610, 117, 270x210
  3: 828, 344, 874x767
  4: 320, 186, 1920x1200
  5: 320, 186, 1920x69
  6: 318, 141, 1924x1247
  7: 728, 138, 448x512
  8: 728, 138, 448x252
  9: 11, 205, 1497x1346
Mouse: 2132, 178 | UIA: None | EW: PySide6.QtCore.QRect(318, 141, 1924, 1247)
All rects available:
  0: 1023, 404, 484x647
  1: 2396, 1364, 90x90
  2: 1610, 117, 270x210
  3: 828, 344, 874x767
  4: 320, 186, 1920x1200
  5: 320, 186, 1920x69
  6: 318, 141, 1924x1247
  7: 728, 138, 448x512
  8: 728, 138, 448x252
  9: 11, 205, 1497x1346
Mouse: 2132, 176 | UIA: None | EW: PySide6.QtCore.QRect(318, 141, 1924, 1247)
All rects available:
  0: 1023, 404, 484x647
  1: 2396, 1364, 90x90
  2: 1610, 117, 270x210
  3: 828, 344, 874x767
  4: 320, 186, 1920x1200
  5: 320, 186, 1920x69
  6: 318, 141, 1924x1247
  7: 728, 138, 448x512
  8: 728, 138, 448x252
  9: 11, 205, 1497x1346
Mouse: 2130, 176 | UIA: None | EW: PySide6.QtCore.QRect(318, 141, 1924, 1247)
All rects available:
  0: 1023, 404, 484x647
  1: 2396, 1364, 90x90
  2: 1610, 117, 270x210
  3: 828, 344, 874x767
  4: 320, 186, 1920x1200
  5: 320, 186, 1920x69
  6: 318, 141, 1924x1247
  7: 728, 138, 448x512
  8: 728, 138, 448x252
  9: 11, 205, 1497x1346
Mouse: 2130, 172 | UIA: None | EW: PySide6.QtCore.QRect(318, 141, 1924, 1247)
All rects available:
  0: 1023, 404, 484x647
  1: 2396, 1364, 90x90
  2: 1610, 117, 270x210
  3: 828, 344, 874x767
  4: 320, 186, 1920x1200
  5: 320, 186, 1920x69
  6: 318, 141, 1924x1247
  7: 728, 138, 448x512
  8: 728, 138, 448x252
  9: 11, 205, 1497x1346
Mouse: 2128, 171 | UIA: None | EW: PySide6.QtCore.QRect(318, 141, 1924, 1247)
All rects available:
  0: 1023, 404, 484x647
  1: 2396, 1364, 90x90
  2: 1610, 117, 270x210
  3: 828, 344, 874x767
  4: 320, 186, 1920x1200
  5: 320, 186, 1920x69
  6: 318, 141, 1924x1247
  7: 728, 138, 448x512
  8: 728, 138, 448x252
  9: 11, 205, 1497x1346
Mouse: 2128, 170 | UIA: None | EW: PySide6.QtCore.QRect(318, 141, 1924, 1247)
All rects available:
  0: 1023, 404, 484x647
  1: 2396, 1364, 90x90
  2: 1610, 117, 270x210
  3: 828, 344, 874x767
  4: 320, 186, 1920x1200
  5: 320, 186, 1920x69
  6: 318, 141, 1924x1247
  7: 728, 138, 448x512
  8: 728, 138, 448x252
  9: 11, 205, 1497x1346
Mouse: 2128, 168 | UIA: None | EW: PySide6.QtCore.QRect(318, 141, 1924, 1247)
All rects available:
  0: 1023, 404, 484x647
  1: 2396, 1364, 90x90
  2: 1610, 117, 270x210
  3: 828, 344, 874x767
  4: 320, 186, 1920x1200
  5: 320, 186, 1920x69
  6: 318, 141, 1924x1247
  7: 728, 138, 448x512
  8: 728, 138, 448x252
  9: 11, 205, 1497x1346
Mouse: 2127, 166 | UIA: None | EW: PySide6.QtCore.QRect(318, 141, 1924, 1247)
All rects available:
  0: 1023, 404, 484x647
  1: 2396, 1364, 90x90
  2: 1610, 117, 270x210
  3: 828, 344, 874x767
  4: 320, 186, 1920x1200
  5: 320, 186, 1920x69
  6: 318, 141, 1924x1247
  7: 728, 138, 448x512
  8: 728, 138, 448x252
  9: 11, 205, 1497x1346
Mouse: 2127, 166 | UIA: None | EW: PySide6.QtCore.QRect(318, 141, 1924, 1247)
All rects available:
  0: 1023, 404, 484x647
  1: 2396, 1364, 90x90
  2: 1610, 117, 270x210
  3: 828, 344, 874x767
  4: 320, 186, 1920x1200
  5: 320, 186, 1920x69
  6: 318, 141, 1924x1247
  7: 728, 138, 448x512
  8: 728, 138, 448x252
  9: 11, 205, 1497x1346
Mouse: 2126, 164 | UIA: None | EW: PySide6.QtCore.QRect(318, 141, 1924, 1247)
All rects available:
  0: 1023, 404, 484x647
  1: 2396, 1364, 90x90
  2: 1610, 117, 270x210
  3: 828, 344, 874x767
  4: 320, 186, 1920x1200
  5: 320, 186, 1920x69
  6: 318, 141, 1924x1247
  7: 728, 138, 448x512
  8: 728, 138, 448x252
  9: 11, 205, 1497x1346
Mouse: 2126, 164 | UIA: None | EW: PySide6.QtCore.QRect(318, 141, 1924, 1247)
All rects available:
  0: 1023, 404, 484x647
  1: 2396, 1364, 90x90
  2: 1610, 117, 270x210
  3: 828, 344, 874x767
  4: 320, 186, 1920x1200
  5: 320, 186, 1920x69
  6: 318, 141, 1924x1247
  7: 728, 138, 448x512
  8: 728, 138, 448x252
  9: 11, 205, 1497x1346
Mouse: 2126, 160 | UIA: None | EW: PySide6.QtCore.QRect(318, 141, 1924, 1247)
All rects available:
  0: 1023, 404, 484x647
  1: 2396, 1364, 90x90
  2: 1610, 117, 270x210
  3: 828, 344, 874x767
  4: 320, 186, 1920x1200
  5: 320, 186, 1920x69
  6: 318, 141, 1924x1247
  7: 728, 138, 448x512
  8: 728, 138, 448x252
  9: 11, 205, 1497x1346
Mouse: 2126, 160 | UIA: None | EW: PySide6.QtCore.QRect(318, 141, 1924, 1247)
All rects available:
  0: 1023, 404, 484x647
  1: 2396, 1364, 90x90
  2: 1610, 117, 270x210
  3: 828, 344, 874x767
  4: 320, 186, 1920x1200
  5: 320, 186, 1920x69
  6: 318, 141, 1924x1247
  7: 728, 138, 448x512
  8: 728, 138, 448x252
  9: 11, 205, 1497x1346
Mouse: 2124, 160 | UIA: None | EW: PySide6.QtCore.QRect(318, 141, 1924, 1247)
All rects available:
  0: 1023, 404, 484x647
  1: 2396, 1364, 90x90
  2: 1610, 117, 270x210
  3: 828, 344, 874x767
  4: 320, 186, 1920x1200
  5: 320, 186, 1920x69
  6: 318, 141, 1924x1247
  7: 728, 138, 448x512
  8: 728, 138, 448x252
  9: 11, 205, 1497x1346
Mouse: 2124, 159 | UIA: None | EW: PySide6.QtCore.QRect(318, 141, 1924, 1247)
All rects available:
  0: 1023, 404, 484x647
  1: 2396, 1364, 90x90
  2: 1610, 117, 270x210
  3: 828, 344, 874x767
  4: 320, 186, 1920x1200
  5: 320, 186, 1920x69
  6: 318, 141, 1924x1247
  7: 728, 138, 448x512
  8: 728, 138, 448x252
  9: 11, 205, 1497x1346
Mouse: 2122, 158 | UIA: None | EW: PySide6.QtCore.QRect(318, 141, 1924, 1247)
All rects available:
  0: 1023, 404, 484x647
  1: 2396, 1364, 90x90
  2: 1610, 117, 270x210
  3: 828, 344, 874x767
  4: 320, 186, 1920x1200
  5: 320, 186, 1920x69
  6: 318, 141, 1924x1247
  7: 728, 138, 448x512
  8: 728, 138, 448x252
  9: 11, 205, 1497x1346
Mouse: 2122, 158 | UIA: None | EW: PySide6.QtCore.QRect(318, 141, 1924, 1247)
All rects available:
  0: 1023, 404, 484x647
  1: 2396, 1364, 90x90
  2: 1610, 117, 270x210
  3: 828, 344, 874x767
  4: 320, 186, 1920x1200
  5: 320, 186, 1920x69
  6: 318, 141, 1924x1247
  7: 728, 138, 448x512
  8: 728, 138, 448x252
  9: 11, 205, 1497x1346
Mouse: 2122, 158 | UIA: None | EW: PySide6.QtCore.QRect(318, 141, 1924, 1247)
All rects available:
  0: 1023, 404, 484x647
  1: 2396, 1364, 90x90
  2: 1610, 117, 270x210
  3: 828, 344, 874x767
  4: 320, 186, 1920x1200
  5: 320, 186, 1920x69
  6: 318, 141, 1924x1247
  7: 728, 138, 448x512
  8: 728, 138, 448x252
  9: 11, 205, 1497x1346
Mouse: 2121, 156 | UIA: None | EW: PySide6.QtCore.QRect(318, 141, 1924, 1247)
All rects available:
  0: 1023, 404, 484x647
  1: 2396, 1364, 90x90
  2: 1610, 117, 270x210
  3: 828, 344, 874x767
  4: 320, 186, 1920x1200
  5: 320, 186, 1920x69
  6: 318, 141, 1924x1247
  7: 728, 138, 448x512
  8: 728, 138, 448x252
  9: 11, 205, 1497x1346
Mouse: 2121, 154 | UIA: None | EW: PySide6.QtCore.QRect(318, 141, 1924, 1247)
All rects available:
  0: 1023, 404, 484x647
  1: 2396, 1364, 90x90
  2: 1610, 117, 270x210
  3: 828, 344, 874x767
  4: 320, 186, 1920x1200
  5: 320, 186, 1920x69
  6: 318, 141, 1924x1247
  7: 728, 138, 448x512
  8: 728, 138, 448x252
  9: 11, 205, 1497x1346
Mouse: 2120, 154 | UIA: None | EW: PySide6.QtCore.QRect(318, 141, 1924, 1247)
All rects available:
  0: 1023, 404, 484x647
  1: 2396, 1364, 90x90
  2: 1610, 117, 270x210
  3: 828, 344, 874x767
  4: 320, 186, 1920x1200
  5: 320, 186, 1920x69
  6: 318, 141, 1924x1247
  7: 728, 138, 448x512
  8: 728, 138, 448x252
  9: 11, 205, 1497x1346
Mouse: 2120, 154 | UIA: None | EW: PySide6.QtCore.QRect(318, 141, 1924, 1247)
All rects available:
  0: 1023, 404, 484x647
  1: 2396, 1364, 90x90
  2: 1610, 117, 270x210
  3: 828, 344, 874x767
  4: 320, 186, 1920x1200
  5: 320, 186, 1920x69
  6: 318, 141, 1924x1247
  7: 728, 138, 448x512
  8: 728, 138, 448x252
  9: 11, 205, 1497x1346
Mouse: 2120, 154 | UIA: None | EW: PySide6.QtCore.QRect(318, 141, 1924, 1247)
All rects available:
  0: 1023, 404, 484x647
  1: 2396, 1364, 90x90
  2: 1610, 117, 270x210
  3: 828, 344, 874x767
  4: 320, 186, 1920x1200
  5: 320, 186, 1920x69
  6: 318, 141, 1924x1247
  7: 728, 138, 448x512
  8: 728, 138, 448x252
  9: 11, 205, 1497x1346
Mouse: 2120, 153 | UIA: None | EW: PySide6.QtCore.QRect(318, 141, 1924, 1247)
All rects available:
  0: 1023, 404, 484x647
  1: 2396, 1364, 90x90
  2: 1610, 117, 270x210
  3: 828, 344, 874x767
  4: 320, 186, 1920x1200
  5: 320, 186, 1920x69
  6: 318, 141, 1924x1247
  7: 728, 138, 448x512
  8: 728, 138, 448x252
  9: 11, 205, 1497x1346
Mouse: 2118, 152 | UIA: None | EW: PySide6.QtCore.QRect(318, 141, 1924, 1247)
All rects available:
  0: 1023, 404, 484x647
  1: 2396, 1364, 90x90
  2: 1610, 117, 270x210
  3: 828, 344, 874x767
  4: 320, 186, 1920x1200
  5: 320, 186, 1920x69
  6: 318, 141, 1924x1247
  7: 728, 138, 448x512
  8: 728, 138, 448x252
  9: 11, 205, 1497x1346
Mouse: 2116, 152 | UIA: None | EW: PySide6.QtCore.QRect(318, 141, 1924, 1247)
All rects available:
  0: 1023, 404, 484x647
  1: 2396, 1364, 90x90
  2: 1610, 117, 270x210
  3: 828, 344, 874x767
  4: 320, 186, 1920x1200
  5: 320, 186, 1920x69
  6: 318, 141, 1924x1247
  7: 728, 138, 448x512
  8: 728, 138, 448x252
  9: 11, 205, 1497x1346
Mouse: 2116, 152 | UIA: None | EW: PySide6.QtCore.QRect(318, 141, 1924, 1247)
All rects available:
  0: 1023, 404, 484x647
  1: 2396, 1364, 90x90
  2: 1610, 117, 270x210
  3: 828, 344, 874x767
  4: 320, 186, 1920x1200
  5: 320, 186, 1920x69
  6: 318, 141, 1924x1247
  7: 728, 138, 448x512
  8: 728, 138, 448x252
  9: 11, 205, 1497x1346
Mouse: 2115, 152 | UIA: None | EW: PySide6.QtCore.QRect(318, 141, 1924, 1247)
All rects available:
  0: 1023, 404, 484x647
  1: 2396, 1364, 90x90
  2: 1610, 117, 270x210
  3: 828, 344, 874x767
  4: 320, 186, 1920x1200
  5: 320, 186, 1920x69
  6: 318, 141, 1924x1247
  7: 728, 138, 448x512
  8: 728, 138, 448x252
  9: 11, 205, 1497x1346
Mouse: 2114, 152 | UIA: None | EW: PySide6.QtCore.QRect(318, 141, 1924, 1247)
All rects available:
  0: 1023, 404, 484x647
  1: 2396, 1364, 90x90
  2: 1610, 117, 270x210
  3: 828, 344, 874x767
  4: 320, 186, 1920x1200
  5: 320, 186, 1920x69
  6: 318, 141, 1924x1247
  7: 728, 138, 448x512
  8: 728, 138, 448x252
  9: 11, 205, 1497x1346
Mouse: 2114, 152 | UIA: None | EW: PySide6.QtCore.QRect(318, 141, 1924, 1247)
All rects available:
  0: 1023, 404, 484x647
  1: 2396, 1364, 90x90
  2: 1610, 117, 270x210
  3: 828, 344, 874x767
  4: 320, 186, 1920x1200
  5: 320, 186, 1920x69
  6: 318, 141, 1924x1247
  7: 728, 138, 448x512
  8: 728, 138, 448x252
  9: 11, 205, 1497x1346
Mouse: 2112, 153 | UIA: None | EW: PySide6.QtCore.QRect(318, 141, 1924, 1247)
All rects available:
  0: 1023, 404, 484x647
  1: 2396, 1364, 90x90
  2: 1610, 117, 270x210
  3: 828, 344, 874x767
  4: 320, 186, 1920x1200
  5: 320, 186, 1920x69
  6: 318, 141, 1924x1247
  7: 728, 138, 448x512
  8: 728, 138, 448x252
  9: 11, 205, 1497x1346
Mouse: 2109, 154 | UIA: None | EW: PySide6.QtCore.QRect(318, 141, 1924, 1247)
All rects available:
  0: 1023, 404, 484x647
  1: 2396, 1364, 90x90
  2: 1610, 117, 270x210
  3: 828, 344, 874x767
  4: 320, 186, 1920x1200
  5: 320, 186, 1920x69
  6: 318, 141, 1924x1247
  7: 728, 138, 448x512
  8: 728, 138, 448x252
  9: 11, 205, 1497x1346
Mouse: 2106, 154 | UIA: None | EW: PySide6.QtCore.QRect(318, 141, 1924, 1247)
All rects available:
  0: 1023, 404, 484x647
  1: 2396, 1364, 90x90
  2: 1610, 117, 270x210
  3: 828, 344, 874x767
  4: 320, 186, 1920x1200
  5: 320, 186, 1920x69
  6: 318, 141, 1924x1247
  7: 728, 138, 448x512
  8: 728, 138, 448x252
  9: 11, 205, 1497x1346
Mouse: 2091, 159 | UIA: None | EW: PySide6.QtCore.QRect(318, 141, 1924, 1247)
All rects available:
  0: 1023, 404, 484x647
  1: 2396, 1364, 90x90
  2: 1610, 117, 270x210
  3: 828, 344, 874x767
  4: 320, 186, 1920x1200
  5: 320, 186, 1920x69
  6: 318, 141, 1924x1247
  7: 728, 138, 448x512
  8: 728, 138, 448x252
  9: 11, 205, 1497x1346
Mouse: 2066, 165 | UIA: None | EW: PySide6.QtCore.QRect(318, 141, 1924, 1247)
All rects available:
  0: 1023, 404, 484x647
  1: 2396, 1364, 90x90
  2: 1610, 117, 270x210
  3: 828, 344, 874x767
  4: 320, 186, 1920x1200
  5: 320, 186, 1920x69
  6: 318, 141, 1924x1247
  7: 728, 138, 448x512
  8: 728, 138, 448x252
  9: 11, 205, 1497x1346
Mouse: 2026, 174 | UIA: None | EW: PySide6.QtCore.QRect(318, 141, 1924, 1247)
All rects available:
  0: 1023, 404, 484x647
  1: 2396, 1364, 90x90
  2: 1610, 117, 270x210
  3: 828, 344, 874x767
  4: 320, 186, 1920x1200
  5: 320, 186, 1920x69
  6: 318, 141, 1924x1247
  7: 728, 138, 448x512
  8: 728, 138, 448x252
  9: 11, 205, 1497x1346
Mouse: 1978, 188 | UIA: None | EW: PySide6.QtCore.QRect(320, 186, 1920, 1200)
All rects available:
  0: 1023, 404, 484x647
  1: 2396, 1364, 90x90
  2: 1610, 117, 270x210
  3: 828, 344, 874x767
  4: 320, 186, 1920x1200
  5: 320, 186, 1920x69
  6: 318, 141, 1924x1247
  7: 728, 138, 448x512
  8: 728, 138, 448x252
  9: 11, 205, 1497x1346
Mouse: 1934, 194 | UIA: None | EW: PySide6.QtCore.QRect(320, 186, 1920, 1200)
All rects available:
  0: 1023, 404, 484x647
  1: 2396, 1364, 90x90
  2: 1610, 117, 270x210
  3: 828, 344, 874x767
  4: 320, 186, 1920x1200
  5: 320, 186, 1920x69
  6: 318, 141, 1924x1247
  7: 728, 138, 448x512
  8: 728, 138, 448x252
  9: 11, 205, 1497x1346
Mouse: 1876, 200 | UIA: None | EW: PySide6.QtCore.QRect(1610, 117, 270, 210)
All rects available:
  0: 1023, 404, 484x647
  1: 2396, 1364, 90x90
  2: 1610, 117, 270x210
  3: 828, 344, 874x767
  4: 320, 186, 1920x1200
  5: 320, 186, 1920x69
  6: 318, 141, 1924x1247
  7: 728, 138, 448x512
  8: 728, 138, 448x252
  9: 11, 205, 1497x1346
Mouse: 1852, 202 | UIA: None | EW: PySide6.QtCore.QRect(1610, 117, 270, 210)
All rects available:
  0: 1023, 404, 484x647
  1: 2396, 1364, 90x90
  2: 1610, 117, 270x210
  3: 828, 344, 874x767
  4: 320, 186, 1920x1200
  5: 320, 186, 1920x69
  6: 318, 141, 1924x1247
  7: 728, 138, 448x512
  8: 728, 138, 448x252
  9: 11, 205, 1497x1346
Mouse: 1802, 206 | UIA: None | EW: PySide6.QtCore.QRect(1610, 117, 270, 210)
All rects available:
  0: 1023, 404, 484x647
  1: 2396, 1364, 90x90
  2: 1610, 117, 270x210
  3: 828, 344, 874x767
  4: 320, 186, 1920x1200
  5: 320, 186, 1920x69
  6: 318, 141, 1924x1247
  7: 728, 138, 448x512
  8: 728, 138, 448x252
  9: 11, 205, 1497x1346
Mouse: 1761, 206 | UIA: None | EW: PySide6.QtCore.QRect(1610, 117, 270, 210)
All rects available:
  0: 1023, 404, 484x647
  1: 2396, 1364, 90x90
  2: 1610, 117, 270x210
  3: 828, 344, 874x767
  4: 320, 186, 1920x1200
  5: 320, 186, 1920x69
  6: 318, 141, 1924x1247
  7: 728, 138, 448x512
  8: 728, 138, 448x252
  9: 11, 205, 1497x1346
Mouse: 1708, 206 | UIA: None | EW: PySide6.QtCore.QRect(1610, 117, 270, 210)
All rects available:
  0: 1023, 404, 484x647
  1: 2396, 1364, 90x90
  2: 1610, 117, 270x210
  3: 828, 344, 874x767
  4: 320, 186, 1920x1200
  5: 320, 186, 1920x69
  6: 318, 141, 1924x1247
  7: 728, 138, 448x512
  8: 728, 138, 448x252
  9: 11, 205, 1497x1346
Mouse: 1632, 200 | UIA: None | EW: PySide6.QtCore.QRect(1610, 117, 270, 210)
All rects available:
  0: 1023, 404, 484x647
  1: 2396, 1364, 90x90
  2: 1610, 117, 270x210
  3: 828, 344, 874x767
  4: 320, 186, 1920x1200
  5: 320, 186, 1920x69
  6: 318, 141, 1924x1247
  7: 728, 138, 448x512
  8: 728, 138, 448x252
  9: 11, 205, 1497x1346
Mouse: 1564, 194 | UIA: None | EW: PySide6.QtCore.QRect(320, 186, 1920, 1200)
All rects available:
  0: 1023, 404, 484x647
  1: 2396, 1364, 90x90
  2: 1610, 117, 270x210
  3: 828, 344, 874x767
  4: 320, 186, 1920x1200
  5: 320, 186, 1920x69
  6: 318, 141, 1924x1247
  7: 728, 138, 448x512
  8: 728, 138, 448x252
  9: 11, 205, 1497x1346
Mouse: 1532, 188 | UIA: None | EW: PySide6.QtCore.QRect(320, 186, 1920, 1200)
All rects available:
  0: 1023, 404, 484x647
  1: 2396, 1364, 90x90
  2: 1610, 117, 270x210
  3: 828, 344, 874x767
  4: 320, 186, 1920x1200
  5: 320, 186, 1920x69
  6: 318, 141, 1924x1247
  7: 728, 138, 448x512
  8: 728, 138, 448x252
  9: 11, 205, 1497x1346
Mouse: 1474, 177 | UIA: None | EW: PySide6.QtCore.QRect(318, 141, 1924, 1247)
All rects available:
  0: 1023, 404, 484x647
  1: 2396, 1364, 90x90
  2: 1610, 117, 270x210
  3: 828, 344, 874x767
  4: 320, 186, 1920x1200
  5: 320, 186, 1920x69
  6: 318, 141, 1924x1247
  7: 728, 138, 448x512
  8: 728, 138, 448x252
  9: 11, 205, 1497x1346
Mouse: 1430, 168 | UIA: None | EW: PySide6.QtCore.QRect(318, 141, 1924, 1247)
All rects available:
  0: 1023, 404, 484x647
  1: 2396, 1364, 90x90
  2: 1610, 117, 270x210
  3: 828, 344, 874x767
  4: 320, 186, 1920x1200
  5: 320, 186, 1920x69
  6: 318, 141, 1924x1247
  7: 728, 138, 448x512
  8: 728, 138, 448x252
  9: 11, 205, 1497x1346
Mouse: 1395, 158 | UIA: None | EW: PySide6.QtCore.QRect(318, 141, 1924, 1247)
All rects available:
  0: 1023, 404, 484x647
  1: 2396, 1364, 90x90
  2: 1610, 117, 270x210
  3: 828, 344, 874x767
  4: 320, 186, 1920x1200
  5: 320, 186, 1920x69
  6: 318, 141, 1924x1247
  7: 728, 138, 448x512
  8: 728, 138, 448x252
  9: 11, 205, 1497x1346
Mouse: 1364, 150 | UIA: None | EW: PySide6.QtCore.QRect(318, 141, 1924, 1247)
All rects available:
  0: 1023, 404, 484x647
  1: 2396, 1364, 90x90
  2: 1610, 117, 270x210
  3: 828, 344, 874x767
  4: 320, 186, 1920x1200
  5: 320, 186, 1920x69
  6: 318, 141, 1924x1247
  7: 728, 138, 448x512
  8: 728, 138, 448x252
  9: 11, 205, 1497x1346
Mouse: 1352, 146 | UIA: None | EW: PySide6.QtCore.QRect(318, 141, 1924, 1247)
All rects available:
  0: 1023, 404, 484x647
  1: 2396, 1364, 90x90
  2: 1610, 117, 270x210
  3: 828, 344, 874x767
  4: 320, 186, 1920x1200
  5: 320, 186, 1920x69
  6: 318, 141, 1924x1247
  7: 728, 138, 448x512
  8: 728, 138, 448x252
  9: 11, 205, 1497x1346
Mouse: 1334, 141 | UIA: None | EW: PySide6.QtCore.QRect(318, 141, 1924, 1247)
All rects available:
  0: 1023, 404, 484x647
  1: 2396, 1364, 90x90
  2: 1610, 117, 270x210
  3: 828, 344, 874x767
  4: 320, 186, 1920x1200
  5: 320, 186, 1920x69
  6: 318, 141, 1924x1247
  7: 728, 138, 448x512
  8: 728, 138, 448x252
  9: 11, 205, 1497x1346
Mouse: 1318, 135 | UIA: None | EW: PySide6.QtCore.QRect(11, 24, 1496, 1527)
All rects available:
  0: 1023, 404, 484x647
  1: 2396, 1364, 90x90
  2: 1610, 117, 270x210
  3: 828, 344, 874x767
  4: 320, 186, 1920x1200
  5: 320, 186, 1920x69
  6: 318, 141, 1924x1247
  7: 728, 138, 448x512
  8: 728, 138, 448x252
  9: 11, 205, 1497x1346
Mouse: 1314, 134 | UIA: None | EW: PySide6.QtCore.QRect(11, 24, 1496, 1527)
All rects available:
  0: 1023, 404, 484x647
  1: 2396, 1364, 90x90
  2: 1610, 117, 270x210
  3: 828, 344, 874x767
  4: 320, 186, 1920x1200
  5: 320, 186, 1920x69
  6: 318, 141, 1924x1247
  7: 728, 138, 448x512
  8: 728, 138, 448x252
  9: 11, 205, 1497x1346
Mouse: 1311, 134 | UIA: None | EW: PySide6.QtCore.QRect(11, 24, 1496, 1527)
All rects available:
  0: 1023, 404, 484x647
  1: 2396, 1364, 90x90
  2: 1610, 117, 270x210
  3: 828, 344, 874x767
  4: 320, 186, 1920x1200
  5: 320, 186, 1920x69
  6: 318, 141, 1924x1247
  7: 728, 138, 448x512
  8: 728, 138, 448x252
  9: 11, 205, 1497x1346
Mouse: 1304, 142 | UIA: None | EW: PySide6.QtCore.QRect(318, 141, 1924, 1247)
All rects available:
  0: 1023, 404, 484x647
  1: 2396, 1364, 90x90
  2: 1610, 117, 270x210
  3: 828, 344, 874x767
  4: 320, 186, 1920x1200
  5: 320, 186, 1920x69
  6: 318, 141, 1924x1247
  7: 728, 138, 448x512
  8: 728, 138, 448x252
  9: 11, 205, 1497x1346
Mouse: 1296, 154 | UIA: None | EW: PySide6.QtCore.QRect(318, 141, 1924, 1247)
All rects available:
  0: 1023, 404, 484x647
  1: 2396, 1364, 90x90
  2: 1610, 117, 270x210
  3: 828, 344, 874x767
  4: 320, 186, 1920x1200
  5: 320, 186, 1920x69
  6: 318, 141, 1924x1247
  7: 728, 138, 448x512
  8: 728, 138, 448x252
  9: 11, 205, 1497x1346
Mouse: 1274, 195 | UIA: None | EW: PySide6.QtCore.QRect(320, 186, 1920, 1200)
All rects available:
  0: 1023, 404, 484x647
  1: 2396, 1364, 90x90
  2: 1610, 117, 270x210
  3: 828, 344, 874x767
  4: 320, 186, 1920x1200
  5: 320, 186, 1920x69
  6: 318, 141, 1924x1247
  7: 728, 138, 448x512
  8: 728, 138, 448x252
  9: 11, 205, 1497x1346
Mouse: 1256, 238 | UIA: None | EW: PySide6.QtCore.QRect(320, 186, 1920, 1200)
All rects available:
  0: 1023, 404, 484x647
  1: 2396, 1364, 90x90
  2: 1610, 117, 270x210
  3: 828, 344, 874x767
  4: 320, 186, 1920x1200
  5: 320, 186, 1920x69
  6: 318, 141, 1924x1247
  7: 728, 138, 448x512
  8: 728, 138, 448x252
  9: 11, 205, 1497x1346
Mouse: 1244, 268 | UIA: None | EW: PySide6.QtCore.QRect(320, 186, 1920, 1200)
All rects available:
  0: 1023, 404, 484x647
  1: 2396, 1364, 90x90
  2: 1610, 117, 270x210
  3: 828, 344, 874x767
  4: 320, 186, 1920x1200
  5: 320, 186, 1920x69
  6: 318, 141, 1924x1247
  7: 728, 138, 448x512
  8: 728, 138, 448x252
  9: 11, 205, 1497x1346
Mouse: 1234, 302 | UIA: None | EW: PySide6.QtCore.QRect(320, 186, 1920, 1200)
All rects available:
  0: 1023, 404, 484x647
  1: 2396, 1364, 90x90
  2: 1610, 117, 270x210
  3: 828, 344, 874x767
  4: 320, 186, 1920x1200
  5: 320, 186, 1920x69
  6: 318, 141, 1924x1247
  7: 728, 138, 448x512
  8: 728, 138, 448x252
  9: 11, 205, 1497x1346
Mouse: 1226, 332 | UIA: None | EW: PySide6.QtCore.QRect(320, 186, 1920, 1200)
All rects available:
  0: 1023, 404, 484x647
  1: 2396, 1364, 90x90
  2: 1610, 117, 270x210
  3: 828, 344, 874x767
  4: 320, 186, 1920x1200
  5: 320, 186, 1920x69
  6: 318, 141, 1924x1247
  7: 728, 138, 448x512
  8: 728, 138, 448x252
  9: 11, 205, 1497x1346
Mouse: 1216, 358 | UIA: None | EW: PySide6.QtCore.QRect(828, 344, 874, 767)
All rects available:
  0: 1023, 404, 484x647
  1: 2396, 1364, 90x90
  2: 1610, 117, 270x210
  3: 828, 344, 874x767
  4: 320, 186, 1920x1200
  5: 320, 186, 1920x69
  6: 318, 141, 1924x1247
  7: 728, 138, 448x512
  8: 728, 138, 448x252
  9: 11, 205, 1497x1346
Mouse: 1210, 380 | UIA: None | EW: PySide6.QtCore.QRect(828, 344, 874, 767)
All rects available:
  0: 1023, 404, 484x647
  1: 2396, 1364, 90x90
  2: 1610, 117, 270x210
  3: 828, 344, 874x767
  4: 320, 186, 1920x1200
  5: 320, 186, 1920x69
  6: 318, 141, 1924x1247
  7: 728, 138, 448x512
  8: 728, 138, 448x252
  9: 11, 205, 1497x1346
Mouse: 1206, 399 | UIA: None | EW: PySide6.QtCore.QRect(828, 344, 874, 767)
All rects available:
  0: 1023, 404, 484x647
  1: 2396, 1364, 90x90
  2: 1610, 117, 270x210
  3: 828, 344, 874x767
  4: 320, 186, 1920x1200
  5: 320, 186, 1920x69
  6: 318, 141, 1924x1247
  7: 728, 138, 448x512
  8: 728, 138, 448x252
  9: 11, 205, 1497x1346
Mouse: 1520, 1047 | UIA: None | EW: PySide6.QtCore.QRect(828, 344, 874, 767)
All rects available:
  0: 1023, 404, 484x647
  1: 2396, 1364, 90x90
  2: 1610, 117, 270x210
  3: 828, 344, 874x767
  4: 320, 186, 1920x1200
  5: 320, 186, 1920x69
  6: 318, 141, 1924x1247
  7: 728, 138, 448x512
  8: 728, 138, 448x252
  9: 11, 205, 1497x1346
Mouse: 1521, 1048 | UIA: None | EW: PySide6.QtCore.QRect(828, 344, 874, 767)
All rects available:
  0: 1023, 404, 484x647
  1: 2396, 1364, 90x90
  2: 1610, 117, 270x210
  3: 828, 344, 874x767
  4: 320, 186, 1920x1200
  5: 320, 186, 1920x69
  6: 318, 141, 1924x1247
  7: 728, 138, 448x512
  8: 728, 138, 448x252
  9: 11, 205, 1497x1346
Mouse: 1522, 1048 | UIA: None | EW: PySide6.QtCore.QRect(828, 344, 874, 767)
All rects available:
  0: 1023, 404, 484x647
  1: 2396, 1364, 90x90
  2: 1610, 117, 270x210
  3: 828, 344, 874x767
  4: 320, 186, 1920x1200
  5: 320, 186, 1920x69
  6: 318, 141, 1924x1247
  7: 728, 138, 448x512
  8: 728, 138, 448x252
  9: 11, 205, 1497x1346
Mouse: 1522, 1048 | UIA: None | EW: PySide6.QtCore.QRect(828, 344, 874, 767)
All rects available:
  0: 1023, 404, 484x647
  1: 2396, 1364, 90x90
  2: 1610, 117, 270x210
  3: 828, 344, 874x767
  4: 320, 186, 1920x1200
  5: 320, 186, 1920x69
  6: 318, 141, 1924x1247
  7: 728, 138, 448x512
  8: 728, 138, 448x252
  9: 11, 205, 1497x1346
Mouse: 1524, 1048 | UIA: None | EW: PySide6.QtCore.QRect(828, 344, 874, 767)
All rects available:
  0: 1023, 404, 484x647
  1: 2396, 1364, 90x90
  2: 1610, 117, 270x210
  3: 828, 344, 874x767
  4: 320, 186, 1920x1200
  5: 320, 186, 1920x69
  6: 318, 141, 1924x1247
  7: 728, 138, 448x512
  8: 728, 138, 448x252
  9: 11, 205, 1497x1346
Mouse: 1526, 1048 | UIA: None | EW: PySide6.QtCore.QRect(828, 344, 874, 767)
All rects available:
  0: 1023, 404, 484x647
  1: 2396, 1364, 90x90
  2: 1610, 117, 270x210
  3: 828, 344, 874x767
  4: 320, 186, 1920x1200
  5: 320, 186, 1920x69
  6: 318, 141, 1924x1247
  7: 728, 138, 448x512
  8: 728, 138, 448x252
  9: 11, 205, 1497x1346
Mouse: 1527, 1050 | UIA: None | EW: PySide6.QtCore.QRect(828, 344, 874, 767)
All rects available:
  0: 1023, 404, 484x647
  1: 2396, 1364, 90x90
  2: 1610, 117, 270x210
  3: 828, 344, 874x767
  4: 320, 186, 1920x1200
  5: 320, 186, 1920x69
  6: 318, 141, 1924x1247
  7: 728, 138, 448x512
  8: 728, 138, 448x252
  9: 11, 205, 1497x1346
Mouse: 1528, 1050 | UIA: None | EW: PySide6.QtCore.QRect(828, 344, 874, 767)
All rects available:
  0: 1023, 404, 484x647
  1: 2396, 1364, 90x90
  2: 1610, 117, 270x210
  3: 828, 344, 874x767
  4: 320, 186, 1920x1200
  5: 320, 186, 1920x69
  6: 318, 141, 1924x1247
  7: 728, 138, 448x512
  8: 728, 138, 448x252
  9: 11, 205, 1497x1346
Mouse: 1530, 1050 | UIA: None | EW: PySide6.QtCore.QRect(828, 344, 874, 767)
All rects available:
  0: 1023, 404, 484x647
  1: 2396, 1364, 90x90
  2: 1610, 117, 270x210
  3: 828, 344, 874x767
  4: 320, 186, 1920x1200
  5: 320, 186, 1920x69
  6: 318, 141, 1924x1247
  7: 728, 138, 448x512
  8: 728, 138, 448x252
  9: 11, 205, 1497x1346
Mouse: 1532, 1050 | UIA: None | EW: PySide6.QtCore.QRect(828, 344, 874, 767)
All rects available:
  0: 1023, 404, 484x647
  1: 2396, 1364, 90x90
  2: 1610, 117, 270x210
  3: 828, 344, 874x767
  4: 320, 186, 1920x1200
  5: 320, 186, 1920x69
  6: 318, 141, 1924x1247
  7: 728, 138, 448x512
  8: 728, 138, 448x252
  9: 11, 205, 1497x1346
Mouse: 1532, 1050 | UIA: None | EW: PySide6.QtCore.QRect(828, 344, 874, 767)
All rects available:
  0: 1023, 404, 484x647
  1: 2396, 1364, 90x90
  2: 1610, 117, 270x210
  3: 828, 344, 874x767
  4: 320, 186, 1920x1200
  5: 320, 186, 1920x69
  6: 318, 141, 1924x1247
  7: 728, 138, 448x512
  8: 728, 138, 448x252
  9: 11, 205, 1497x1346
Mouse: 1533, 1050 | UIA: None | EW: PySide6.QtCore.QRect(828, 344, 874, 767)
All rects available:
  0: 1023, 404, 484x647
  1: 2396, 1364, 90x90
  2: 1610, 117, 270x210
  3: 828, 344, 874x767
  4: 320, 186, 1920x1200
  5: 320, 186, 1920x69
  6: 318, 141, 1924x1247
  7: 728, 138, 448x512
  8: 728, 138, 448x252
  9: 11, 205, 1497x1346
Mouse: 1534, 1050 | UIA: None | EW: PySide6.QtCore.QRect(828, 344, 874, 767)
All rects available:
  0: 1023, 404, 484x647
  1: 2396, 1364, 90x90
  2: 1610, 117, 270x210
  3: 828, 344, 874x767
  4: 320, 186, 1920x1200
  5: 320, 186, 1920x69
  6: 318, 141, 1924x1247
  7: 728, 138, 448x512
  8: 728, 138, 448x252
  9: 11, 205, 1497x1346
Mouse: 1534, 1050 | UIA: None | EW: PySide6.QtCore.QRect(828, 344, 874, 767)
All rects available:
  0: 1023, 404, 484x647
  1: 2396, 1364, 90x90
  2: 1610, 117, 270x210
  3: 828, 344, 874x767
  4: 320, 186, 1920x1200
  5: 320, 186, 1920x69
  6: 318, 141, 1924x1247
  7: 728, 138, 448x512
  8: 728, 138, 448x252
  9: 11, 205, 1497x1346
Mouse: 1536, 1050 | UIA: None | EW: PySide6.QtCore.QRect(828, 344, 874, 767)
All rects available:
  0: 1023, 404, 484x647
  1: 2396, 1364, 90x90
  2: 1610, 117, 270x210
  3: 828, 344, 874x767
  4: 320, 186, 1920x1200
  5: 320, 186, 1920x69
  6: 318, 141, 1924x1247
  7: 728, 138, 448x512
  8: 728, 138, 448x252
  9: 11, 205, 1497x1346
Mouse: 1538, 1048 | UIA: None | EW: PySide6.QtCore.QRect(828, 344, 874, 767)
All rects available:
  0: 1023, 404, 484x647
  1: 2396, 1364, 90x90
  2: 1610, 117, 270x210
  3: 828, 344, 874x767
  4: 320, 186, 1920x1200
  5: 320, 186, 1920x69
  6: 318, 141, 1924x1247
  7: 728, 138, 448x512
  8: 728, 138, 448x252
  9: 11, 205, 1497x1346
Mouse: 1538, 1048 | UIA: None | EW: PySide6.QtCore.QRect(828, 344, 874, 767)
All rects available:
  0: 1023, 404, 484x647
  1: 2396, 1364, 90x90
  2: 1610, 117, 270x210
  3: 828, 344, 874x767
  4: 320, 186, 1920x1200
  5: 320, 186, 1920x69
  6: 318, 141, 1924x1247
  7: 728, 138, 448x512
  8: 728, 138, 448x252
  9: 11, 205, 1497x1346
Mouse: 1539, 1048 | UIA: None | EW: PySide6.QtCore.QRect(828, 344, 874, 767)
All rects available:
  0: 1023, 404, 484x647
  1: 2396, 1364, 90x90
  2: 1610, 117, 270x210
  3: 828, 344, 874x767
  4: 320, 186, 1920x1200
  5: 320, 186, 1920x69
  6: 318, 141, 1924x1247
  7: 728, 138, 448x512
  8: 728, 138, 448x252
  9: 11, 205, 1497x1346
Mouse: 1540, 1047 | UIA: None | EW: PySide6.QtCore.QRect(828, 344, 874, 767)
All rects available:
  0: 1023, 404, 484x647
  1: 2396, 1364, 90x90
  2: 1610, 117, 270x210
  3: 828, 344, 874x767
  4: 320, 186, 1920x1200
  5: 320, 186, 1920x69
  6: 318, 141, 1924x1247
  7: 728, 138, 448x512
  8: 728, 138, 448x252
  9: 11, 205, 1497x1346
Mouse: 1542, 1047 | UIA: None | EW: PySide6.QtCore.QRect(828, 344, 874, 767)
All rects available:
  0: 1023, 404, 484x647
  1: 2396, 1364, 90x90
  2: 1610, 117, 270x210
  3: 828, 344, 874x767
  4: 320, 186, 1920x1200
  5: 320, 186, 1920x69
  6: 318, 141, 1924x1247
  7: 728, 138, 448x512
  8: 728, 138, 448x252
  9: 11, 205, 1497x1346
Mouse: 1544, 1046 | UIA: None | EW: PySide6.QtCore.QRect(828, 344, 874, 767)
All rects available:
  0: 1023, 404, 484x647
  1: 2396, 1364, 90x90
  2: 1610, 117, 270x210
  3: 828, 344, 874x767
  4: 320, 186, 1920x1200
  5: 320, 186, 1920x69
  6: 318, 141, 1924x1247
  7: 728, 138, 448x512
  8: 728, 138, 448x252
  9: 11, 205, 1497x1346
Mouse: 1545, 1046 | UIA: None | EW: PySide6.QtCore.QRect(828, 344, 874, 767)
All rects available:
  0: 1023, 404, 484x647
  1: 2396, 1364, 90x90
  2: 1610, 117, 270x210
  3: 828, 344, 874x767
  4: 320, 186, 1920x1200
  5: 320, 186, 1920x69
  6: 318, 141, 1924x1247
  7: 728, 138, 448x512
  8: 728, 138, 448x252
  9: 11, 205, 1497x1346
Mouse: 1546, 1046 | UIA: None | EW: PySide6.QtCore.QRect(828, 344, 874, 767)
All rects available:
  0: 1023, 404, 484x647
  1: 2396, 1364, 90x90
  2: 1610, 117, 270x210
  3: 828, 344, 874x767
  4: 320, 186, 1920x1200
  5: 320, 186, 1920x69
  6: 318, 141, 1924x1247
  7: 728, 138, 448x512
  8: 728, 138, 448x252
  9: 11, 205, 1497x1346
Mouse: 1550, 1044 | UIA: None | EW: PySide6.QtCore.QRect(828, 344, 874, 767)
All rects available:
  0: 1023, 404, 484x647
  1: 2396, 1364, 90x90
  2: 1610, 117, 270x210
  3: 828, 344, 874x767
  4: 320, 186, 1920x1200
  5: 320, 186, 1920x69
  6: 318, 141, 1924x1247
  7: 728, 138, 448x512
  8: 728, 138, 448x252
  9: 11, 205, 1497x1346
Mouse: 1550, 1042 | UIA: None | EW: PySide6.QtCore.QRect(828, 344, 874, 767)
All rects available:
  0: 1023, 404, 484x647
  1: 2396, 1364, 90x90
  2: 1610, 117, 270x210
  3: 828, 344, 874x767
  4: 320, 186, 1920x1200
  5: 320, 186, 1920x69
  6: 318, 141, 1924x1247
  7: 728, 138, 448x512
  8: 728, 138, 448x252
  9: 11, 205, 1497x1346
Mouse: 1551, 1042 | UIA: None | EW: PySide6.QtCore.QRect(828, 344, 874, 767)
All rects available:
  0: 1023, 404, 484x647
  1: 2396, 1364, 90x90
  2: 1610, 117, 270x210
  3: 828, 344, 874x767
  4: 320, 186, 1920x1200
  5: 320, 186, 1920x69
  6: 318, 141, 1924x1247
  7: 728, 138, 448x512
  8: 728, 138, 448x252
  9: 11, 205, 1497x1346
Mouse: 1552, 1042 | UIA: None | EW: PySide6.QtCore.QRect(828, 344, 874, 767)
All rects available:
  0: 1023, 404, 484x647
  1: 2396, 1364, 90x90
  2: 1610, 117, 270x210
  3: 828, 344, 874x767
  4: 320, 186, 1920x1200
  5: 320, 186, 1920x69
  6: 318, 141, 1924x1247
  7: 728, 138, 448x512
  8: 728, 138, 448x252
  9: 11, 205, 1497x1346
Mouse: 1552, 1041 | UIA: None | EW: PySide6.QtCore.QRect(828, 344, 874, 767)
All rects available:
  0: 1023, 404, 484x647
  1: 2396, 1364, 90x90
  2: 1610, 117, 270x210
  3: 828, 344, 874x767
  4: 320, 186, 1920x1200
  5: 320, 186, 1920x69
  6: 318, 141, 1924x1247
  7: 728, 138, 448x512
  8: 728, 138, 448x252
  9: 11, 205, 1497x1346
Mouse: 1554, 1040 | UIA: None | EW: PySide6.QtCore.QRect(828, 344, 874, 767)
All rects available:
  0: 1023, 404, 484x647
  1: 2396, 1364, 90x90
  2: 1610, 117, 270x210
  3: 828, 344, 874x767
  4: 320, 186, 1920x1200
  5: 320, 186, 1920x69
  6: 318, 141, 1924x1247
  7: 728, 138, 448x512
  8: 728, 138, 448x252
  9: 11, 205, 1497x1346
Mouse: 1556, 1040 | UIA: None | EW: PySide6.QtCore.QRect(828, 344, 874, 767)
All rects available:
  0: 1023, 404, 484x647
  1: 2396, 1364, 90x90
  2: 1610, 117, 270x210
  3: 828, 344, 874x767
  4: 320, 186, 1920x1200
  5: 320, 186, 1920x69
  6: 318, 141, 1924x1247
  7: 728, 138, 448x512
  8: 728, 138, 448x252
  9: 11, 205, 1497x1346
Mouse: 1556, 1040 | UIA: None | EW: PySide6.QtCore.QRect(828, 344, 874, 767)
All rects available:
  0: 1023, 404, 484x647
  1: 2396, 1364, 90x90
  2: 1610, 117, 270x210
  3: 828, 344, 874x767
  4: 320, 186, 1920x1200
  5: 320, 186, 1920x69
  6: 318, 141, 1924x1247
  7: 728, 138, 448x512
  8: 728, 138, 448x252
  9: 11, 205, 1497x1346
Mouse: 1556, 1040 | UIA: None | EW: PySide6.QtCore.QRect(828, 344, 874, 767)
All rects available:
  0: 1023, 404, 484x647
  1: 2396, 1364, 90x90
  2: 1610, 117, 270x210
  3: 828, 344, 874x767
  4: 320, 186, 1920x1200
  5: 320, 186, 1920x69
  6: 318, 141, 1924x1247
  7: 728, 138, 448x512
  8: 728, 138, 448x252
  9: 11, 205, 1497x1346
Mouse: 1556, 1038 | UIA: None | EW: PySide6.QtCore.QRect(828, 344, 874, 767)
All rects available:
  0: 1023, 404, 484x647
  1: 2396, 1364, 90x90
  2: 1610, 117, 270x210
  3: 828, 344, 874x767
  4: 320, 186, 1920x1200
  5: 320, 186, 1920x69
  6: 318, 141, 1924x1247
  7: 728, 138, 448x512
  8: 728, 138, 448x252
  9: 11, 205, 1497x1346
Mouse: 1557, 1036 | UIA: None | EW: PySide6.QtCore.QRect(828, 344, 874, 767)
All rects available:
  0: 1023, 404, 484x647
  1: 2396, 1364, 90x90
  2: 1610, 117, 270x210
  3: 828, 344, 874x767
  4: 320, 186, 1920x1200
  5: 320, 186, 1920x69
  6: 318, 141, 1924x1247
  7: 728, 138, 448x512
  8: 728, 138, 448x252
  9: 11, 205, 1497x1346
Mouse: 1557, 1036 | UIA: None | EW: PySide6.QtCore.QRect(828, 344, 874, 767)
All rects available:
  0: 1023, 404, 484x647
  1: 2396, 1364, 90x90
  2: 1610, 117, 270x210
  3: 828, 344, 874x767
  4: 320, 186, 1920x1200
  5: 320, 186, 1920x69
  6: 318, 141, 1924x1247
  7: 728, 138, 448x512
  8: 728, 138, 448x252
  9: 11, 205, 1497x1346
Mouse: 1557, 1035 | UIA: None | EW: PySide6.QtCore.QRect(828, 344, 874, 767)
All rects available:
  0: 1023, 404, 484x647
  1: 2396, 1364, 90x90
  2: 1610, 117, 270x210
  3: 828, 344, 874x767
  4: 320, 186, 1920x1200
  5: 320, 186, 1920x69
  6: 318, 141, 1924x1247
  7: 728, 138, 448x512
  8: 728, 138, 448x252
  9: 11, 205, 1497x1346
Mouse: 1558, 1035 | UIA: None | EW: PySide6.QtCore.QRect(828, 344, 874, 767)
All rects available:
  0: 1023, 404, 484x647
  1: 2396, 1364, 90x90
  2: 1610, 117, 270x210
  3: 828, 344, 874x767
  4: 320, 186, 1920x1200
  5: 320, 186, 1920x69
  6: 318, 141, 1924x1247
  7: 728, 138, 448x512
  8: 728, 138, 448x252
  9: 11, 205, 1497x1346
Mouse: 1558, 1034 | UIA: None | EW: PySide6.QtCore.QRect(828, 344, 874, 767)
All rects available:
  0: 1023, 404, 484x647
  1: 2396, 1364, 90x90
  2: 1610, 117, 270x210
  3: 828, 344, 874x767
  4: 320, 186, 1920x1200
  5: 320, 186, 1920x69
  6: 318, 141, 1924x1247
  7: 728, 138, 448x512
  8: 728, 138, 448x252
  9: 11, 205, 1497x1346
Mouse: 1558, 1034 | UIA: None | EW: PySide6.QtCore.QRect(828, 344, 874, 767)
All rects available:
  0: 1023, 404, 484x647
  1: 2396, 1364, 90x90
  2: 1610, 117, 270x210
  3: 828, 344, 874x767
  4: 320, 186, 1920x1200
  5: 320, 186, 1920x69
  6: 318, 141, 1924x1247
  7: 728, 138, 448x512
  8: 728, 138, 448x252
  9: 11, 205, 1497x1346
Mouse: 1558, 1032 | UIA: None | EW: PySide6.QtCore.QRect(828, 344, 874, 767)
All rects available:
  0: 1023, 404, 484x647
  1: 2396, 1364, 90x90
  2: 1610, 117, 270x210
  3: 828, 344, 874x767
  4: 320, 186, 1920x1200
  5: 320, 186, 1920x69
  6: 318, 141, 1924x1247
  7: 728, 138, 448x512
  8: 728, 138, 448x252
  9: 11, 205, 1497x1346
Mouse: 1558, 1030 | UIA: None | EW: PySide6.QtCore.QRect(828, 344, 874, 767)
All rects available:
  0: 1023, 404, 484x647
  1: 2396, 1364, 90x90
  2: 1610, 117, 270x210
  3: 828, 344, 874x767
  4: 320, 186, 1920x1200
  5: 320, 186, 1920x69
  6: 318, 141, 1924x1247
  7: 728, 138, 448x512
  8: 728, 138, 448x252
  9: 11, 205, 1497x1346
Mouse: 1558, 1030 | UIA: None | EW: PySide6.QtCore.QRect(828, 344, 874, 767)
All rects available:
  0: 1023, 404, 484x647
  1: 2396, 1364, 90x90
  2: 1610, 117, 270x210
  3: 828, 344, 874x767
  4: 320, 186, 1920x1200
  5: 320, 186, 1920x69
  6: 318, 141, 1924x1247
  7: 728, 138, 448x512
  8: 728, 138, 448x252
  9: 11, 205, 1497x1346
Mouse: 1558, 1029 | UIA: None | EW: PySide6.QtCore.QRect(828, 344, 874, 767)
All rects available:
  0: 1023, 404, 484x647
  1: 2396, 1364, 90x90
  2: 1610, 117, 270x210
  3: 828, 344, 874x767
  4: 320, 186, 1920x1200
  5: 320, 186, 1920x69
  6: 318, 141, 1924x1247
  7: 728, 138, 448x512
  8: 728, 138, 448x252
  9: 11, 205, 1497x1346
Mouse: 1558, 1028 | UIA: None | EW: PySide6.QtCore.QRect(828, 344, 874, 767)
All rects available:
  0: 1023, 404, 484x647
  1: 2396, 1364, 90x90
  2: 1610, 117, 270x210
  3: 828, 344, 874x767
  4: 320, 186, 1920x1200
  5: 320, 186, 1920x69
  6: 318, 141, 1924x1247
  7: 728, 138, 448x512
  8: 728, 138, 448x252
  9: 11, 205, 1497x1346
Mouse: 1558, 1028 | UIA: None | EW: PySide6.QtCore.QRect(828, 344, 874, 767)
All rects available:
  0: 1023, 404, 484x647
  1: 2396, 1364, 90x90
  2: 1610, 117, 270x210
  3: 828, 344, 874x767
  4: 320, 186, 1920x1200
  5: 320, 186, 1920x69
  6: 318, 141, 1924x1247
  7: 728, 138, 448x512
  8: 728, 138, 448x252
  9: 11, 205, 1497x1346
Mouse: 1558, 1026 | UIA: None | EW: PySide6.QtCore.QRect(828, 344, 874, 767)
All rects available:
  0: 1023, 404, 484x647
  1: 2396, 1364, 90x90
  2: 1610, 117, 270x210
  3: 828, 344, 874x767
  4: 320, 186, 1920x1200
  5: 320, 186, 1920x69
  6: 318, 141, 1924x1247
  7: 728, 138, 448x512
  8: 728, 138, 448x252
  9: 11, 205, 1497x1346
Mouse: 1558, 1024 | UIA: None | EW: PySide6.QtCore.QRect(828, 344, 874, 767)
All rects available:
  0: 1023, 404, 484x647
  1: 2396, 1364, 90x90
  2: 1610, 117, 270x210
  3: 828, 344, 874x767
  4: 320, 186, 1920x1200
  5: 320, 186, 1920x69
  6: 318, 141, 1924x1247
  7: 728, 138, 448x512
  8: 728, 138, 448x252
  9: 11, 205, 1497x1346
Mouse: 1558, 1024 | UIA: None | EW: PySide6.QtCore.QRect(828, 344, 874, 767)
All rects available:
  0: 1023, 404, 484x647
  1: 2396, 1364, 90x90
  2: 1610, 117, 270x210
  3: 828, 344, 874x767
  4: 320, 186, 1920x1200
  5: 320, 186, 1920x69
  6: 318, 141, 1924x1247
  7: 728, 138, 448x512
  8: 728, 138, 448x252
  9: 11, 205, 1497x1346
Mouse: 1558, 1023 | UIA: None | EW: PySide6.QtCore.QRect(828, 344, 874, 767)
All rects available:
  0: 1023, 404, 484x647
  1: 2396, 1364, 90x90
  2: 1610, 117, 270x210
  3: 828, 344, 874x767
  4: 320, 186, 1920x1200
  5: 320, 186, 1920x69
  6: 318, 141, 1924x1247
  7: 728, 138, 448x512
  8: 728, 138, 448x252
  9: 11, 205, 1497x1346
Mouse: 1558, 1022 | UIA: None | EW: PySide6.QtCore.QRect(828, 344, 874, 767)
All rects available:
  0: 1023, 404, 484x647
  1: 2396, 1364, 90x90
  2: 1610, 117, 270x210
  3: 828, 344, 874x767
  4: 320, 186, 1920x1200
  5: 320, 186, 1920x69
  6: 318, 141, 1924x1247
  7: 728, 138, 448x512
  8: 728, 138, 448x252
  9: 11, 205, 1497x1346
Mouse: 1558, 1022 | UIA: None | EW: PySide6.QtCore.QRect(828, 344, 874, 767)
All rects available:
  0: 1023, 404, 484x647
  1: 2396, 1364, 90x90
  2: 1610, 117, 270x210
  3: 828, 344, 874x767
  4: 320, 186, 1920x1200
  5: 320, 186, 1920x69
  6: 318, 141, 1924x1247
  7: 728, 138, 448x512
  8: 728, 138, 448x252
  9: 11, 205, 1497x1346
Mouse: 1558, 1020 | UIA: None | EW: PySide6.QtCore.QRect(828, 344, 874, 767)
All rects available:
  0: 1023, 404, 484x647
  1: 2396, 1364, 90x90
  2: 1610, 117, 270x210
  3: 828, 344, 874x767
  4: 320, 186, 1920x1200
  5: 320, 186, 1920x69
  6: 318, 141, 1924x1247
  7: 728, 138, 448x512
  8: 728, 138, 448x252
  9: 11, 205, 1497x1346
Mouse: 1558, 1018 | UIA: None | EW: PySide6.QtCore.QRect(828, 344, 874, 767)
All rects available:
  0: 1023, 404, 484x647
  1: 2396, 1364, 90x90
  2: 1610, 117, 270x210
  3: 828, 344, 874x767
  4: 320, 186, 1920x1200
  5: 320, 186, 1920x69
  6: 318, 141, 1924x1247
  7: 728, 138, 448x512
  8: 728, 138, 448x252
  9: 11, 205, 1497x1346
Mouse: 1558, 1018 | UIA: None | EW: PySide6.QtCore.QRect(828, 344, 874, 767)
All rects available:
  0: 1023, 404, 484x647
  1: 2396, 1364, 90x90
  2: 1610, 117, 270x210
  3: 828, 344, 874x767
  4: 320, 186, 1920x1200
  5: 320, 186, 1920x69
  6: 318, 141, 1924x1247
  7: 728, 138, 448x512
  8: 728, 138, 448x252
  9: 11, 205, 1497x1346
Mouse: 1558, 1017 | UIA: None | EW: PySide6.QtCore.QRect(828, 344, 874, 767)
All rects available:
  0: 1023, 404, 484x647
  1: 2396, 1364, 90x90
  2: 1610, 117, 270x210
  3: 828, 344, 874x767
  4: 320, 186, 1920x1200
  5: 320, 186, 1920x69
  6: 318, 141, 1924x1247
  7: 728, 138, 448x512
  8: 728, 138, 448x252
  9: 11, 205, 1497x1346
Mouse: 1558, 1016 | UIA: None | EW: PySide6.QtCore.QRect(828, 344, 874, 767)
All rects available:
  0: 1023, 404, 484x647
  1: 2396, 1364, 90x90
  2: 1610, 117, 270x210
  3: 828, 344, 874x767
  4: 320, 186, 1920x1200
  5: 320, 186, 1920x69
  6: 318, 141, 1924x1247
  7: 728, 138, 448x512
  8: 728, 138, 448x252
  9: 11, 205, 1497x1346
Mouse: 1558, 1016 | UIA: None | EW: PySide6.QtCore.QRect(828, 344, 874, 767)
All rects available:
  0: 1023, 404, 484x647
  1: 2396, 1364, 90x90
  2: 1610, 117, 270x210
  3: 828, 344, 874x767
  4: 320, 186, 1920x1200
  5: 320, 186, 1920x69
  6: 318, 141, 1924x1247
  7: 728, 138, 448x512
  8: 728, 138, 448x252
  9: 11, 205, 1497x1346
Mouse: 1558, 1014 | UIA: None | EW: PySide6.QtCore.QRect(828, 344, 874, 767)
All rects available:
  0: 1023, 404, 484x647
  1: 2396, 1364, 90x90
  2: 1610, 117, 270x210
  3: 828, 344, 874x767
  4: 320, 186, 1920x1200
  5: 320, 186, 1920x69
  6: 318, 141, 1924x1247
  7: 728, 138, 448x512
  8: 728, 138, 448x252
  9: 11, 205, 1497x1346
Mouse: 1558, 1012 | UIA: None | EW: PySide6.QtCore.QRect(828, 344, 874, 767)
All rects available:
  0: 1023, 404, 484x647
  1: 2396, 1364, 90x90
  2: 1610, 117, 270x210
  3: 828, 344, 874x767
  4: 320, 186, 1920x1200
  5: 320, 186, 1920x69
  6: 318, 141, 1924x1247
  7: 728, 138, 448x512
  8: 728, 138, 448x252
  9: 11, 205, 1497x1346
Mouse: 1558, 1012 | UIA: None | EW: PySide6.QtCore.QRect(828, 344, 874, 767)
All rects available:
  0: 1023, 404, 484x647
  1: 2396, 1364, 90x90
  2: 1610, 117, 270x210
  3: 828, 344, 874x767
  4: 320, 186, 1920x1200
  5: 320, 186, 1920x69
  6: 318, 141, 1924x1247
  7: 728, 138, 448x512
  8: 728, 138, 448x252
  9: 11, 205, 1497x1346
Mouse: 1557, 1012 | UIA: None | EW: PySide6.QtCore.QRect(828, 344, 874, 767)
All rects available:
  0: 1023, 404, 484x647
  1: 2396, 1364, 90x90
  2: 1610, 117, 270x210
  3: 828, 344, 874x767
  4: 320, 186, 1920x1200
  5: 320, 186, 1920x69
  6: 318, 141, 1924x1247
  7: 728, 138, 448x512
  8: 728, 138, 448x252
  9: 11, 205, 1497x1346
Mouse: 1557, 1011 | UIA: None | EW: PySide6.QtCore.QRect(828, 344, 874, 767)
All rects available:
  0: 1023, 404, 484x647
  1: 2396, 1364, 90x90
  2: 1610, 117, 270x210
  3: 828, 344, 874x767
  4: 320, 186, 1920x1200
  5: 320, 186, 1920x69
  6: 318, 141, 1924x1247
  7: 728, 138, 448x512
  8: 728, 138, 448x252
  9: 11, 205, 1497x1346
Mouse: 1557, 1010 | UIA: None | EW: PySide6.QtCore.QRect(828, 344, 874, 767)
All rects available:
  0: 1023, 404, 484x647
  1: 2396, 1364, 90x90
  2: 1610, 117, 270x210
  3: 828, 344, 874x767
  4: 320, 186, 1920x1200
  5: 320, 186, 1920x69
  6: 318, 141, 1924x1247
  7: 728, 138, 448x512
  8: 728, 138, 448x252
  9: 11, 205, 1497x1346
Mouse: 1557, 1010 | UIA: None | EW: PySide6.QtCore.QRect(828, 344, 874, 767)
All rects available:
  0: 1023, 404, 484x647
  1: 2396, 1364, 90x90
  2: 1610, 117, 270x210
  3: 828, 344, 874x767
  4: 320, 186, 1920x1200
  5: 320, 186, 1920x69
  6: 318, 141, 1924x1247
  7: 728, 138, 448x512
  8: 728, 138, 448x252
  9: 11, 205, 1497x1346
Mouse: 1557, 1008 | UIA: None | EW: PySide6.QtCore.QRect(828, 344, 874, 767)
All rects available:
  0: 1023, 404, 484x647
  1: 2396, 1364, 90x90
  2: 1610, 117, 270x210
  3: 828, 344, 874x767
  4: 320, 186, 1920x1200
  5: 320, 186, 1920x69
  6: 318, 141, 1924x1247
  7: 728, 138, 448x512
  8: 728, 138, 448x252
  9: 11, 205, 1497x1346
Mouse: 1557, 1006 | UIA: None | EW: PySide6.QtCore.QRect(828, 344, 874, 767)
All rects available:
  0: 1023, 404, 484x647
  1: 2396, 1364, 90x90
  2: 1610, 117, 270x210
  3: 828, 344, 874x767
  4: 320, 186, 1920x1200
  5: 320, 186, 1920x69
  6: 318, 141, 1924x1247
  7: 728, 138, 448x512
  8: 728, 138, 448x252
  9: 11, 205, 1497x1346
Mouse: 1557, 1006 | UIA: None | EW: PySide6.QtCore.QRect(828, 344, 874, 767)
All rects available:
  0: 1023, 404, 484x647
  1: 2396, 1364, 90x90
  2: 1610, 117, 270x210
  3: 828, 344, 874x767
  4: 320, 186, 1920x1200
  5: 320, 186, 1920x69
  6: 318, 141, 1924x1247
  7: 728, 138, 448x512
  8: 728, 138, 448x252
  9: 11, 205, 1497x1346
Mouse: 1556, 1006 | UIA: None | EW: PySide6.QtCore.QRect(828, 344, 874, 767)
All rects available:
  0: 1023, 404, 484x647
  1: 2396, 1364, 90x90
  2: 1610, 117, 270x210
  3: 828, 344, 874x767
  4: 320, 186, 1920x1200
  5: 320, 186, 1920x69
  6: 318, 141, 1924x1247
  7: 728, 138, 448x512
  8: 728, 138, 448x252
  9: 11, 205, 1497x1346
Mouse: 1556, 1004 | UIA: None | EW: PySide6.QtCore.QRect(828, 344, 874, 767)
All rects available:
  0: 1023, 404, 484x647
  1: 2396, 1364, 90x90
  2: 1610, 117, 270x210
  3: 828, 344, 874x767
  4: 320, 186, 1920x1200
  5: 320, 186, 1920x69
  6: 318, 141, 1924x1247
  7: 728, 138, 448x512
  8: 728, 138, 448x252
  9: 11, 205, 1497x1346
Mouse: 1556, 1002 | UIA: None | EW: PySide6.QtCore.QRect(828, 344, 874, 767)
All rects available:
  0: 1023, 404, 484x647
  1: 2396, 1364, 90x90
  2: 1610, 117, 270x210
  3: 828, 344, 874x767
  4: 320, 186, 1920x1200
  5: 320, 186, 1920x69
  6: 318, 141, 1924x1247
  7: 728, 138, 448x512
  8: 728, 138, 448x252
  9: 11, 205, 1497x1346
Mouse: 1556, 1000 | UIA: None | EW: PySide6.QtCore.QRect(828, 344, 874, 767)
All rects available:
  0: 1023, 404, 484x647
  1: 2396, 1364, 90x90
  2: 1610, 117, 270x210
  3: 828, 344, 874x767
  4: 320, 186, 1920x1200
  5: 320, 186, 1920x69
  6: 318, 141, 1924x1247
  7: 728, 138, 448x512
  8: 728, 138, 448x252
  9: 11, 205, 1497x1346
Mouse: 1556, 1000 | UIA: None | EW: PySide6.QtCore.QRect(828, 344, 874, 767)
All rects available:
  0: 1023, 404, 484x647
  1: 2396, 1364, 90x90
  2: 1610, 117, 270x210
  3: 828, 344, 874x767
  4: 320, 186, 1920x1200
  5: 320, 186, 1920x69
  6: 318, 141, 1924x1247
  7: 728, 138, 448x512
  8: 728, 138, 448x252
  9: 11, 205, 1497x1346
Mouse: 1556, 999 | UIA: None | EW: PySide6.QtCore.QRect(828, 344, 874, 767)
All rects available:
  0: 1023, 404, 484x647
  1: 2396, 1364, 90x90
  2: 1610, 117, 270x210
  3: 828, 344, 874x767
  4: 320, 186, 1920x1200
  5: 320, 186, 1920x69
  6: 318, 141, 1924x1247
  7: 728, 138, 448x512
  8: 728, 138, 448x252
  9: 11, 205, 1497x1346
Mouse: 1556, 996 | UIA: None | EW: PySide6.QtCore.QRect(828, 344, 874, 767)
All rects available:
  0: 1023, 404, 484x647
  1: 2396, 1364, 90x90
  2: 1610, 117, 270x210
  3: 828, 344, 874x767
  4: 320, 186, 1920x1200
  5: 320, 186, 1920x69
  6: 318, 141, 1924x1247
  7: 728, 138, 448x512
  8: 728, 138, 448x252
  9: 11, 205, 1497x1346
Mouse: 1556, 994 | UIA: None | EW: PySide6.QtCore.QRect(828, 344, 874, 767)
All rects available:
  0: 1023, 404, 484x647
  1: 2396, 1364, 90x90
  2: 1610, 117, 270x210
  3: 828, 344, 874x767
  4: 320, 186, 1920x1200
  5: 320, 186, 1920x69
  6: 318, 141, 1924x1247
  7: 728, 138, 448x512
  8: 728, 138, 448x252
  9: 11, 205, 1497x1346
Mouse: 1556, 992 | UIA: None | EW: PySide6.QtCore.QRect(828, 344, 874, 767)
All rects available:
  0: 1023, 404, 484x647
  1: 2396, 1364, 90x90
  2: 1610, 117, 270x210
  3: 828, 344, 874x767
  4: 320, 186, 1920x1200
  5: 320, 186, 1920x69
  6: 318, 141, 1924x1247
  7: 728, 138, 448x512
  8: 728, 138, 448x252
  9: 11, 205, 1497x1346
Mouse: 1554, 984 | UIA: None | EW: PySide6.QtCore.QRect(828, 344, 874, 767)
All rects available:
  0: 1023, 404, 484x647
  1: 2396, 1364, 90x90
  2: 1610, 117, 270x210
  3: 828, 344, 874x767
  4: 320, 186, 1920x1200
  5: 320, 186, 1920x69
  6: 318, 141, 1924x1247
  7: 728, 138, 448x512
  8: 728, 138, 448x252
  9: 11, 205, 1497x1346
Mouse: 1554, 980 | UIA: None | EW: PySide6.QtCore.QRect(828, 344, 874, 767)
All rects available:
  0: 1023, 404, 484x647
  1: 2396, 1364, 90x90
  2: 1610, 117, 270x210
  3: 828, 344, 874x767
  4: 320, 186, 1920x1200
  5: 320, 186, 1920x69
  6: 318, 141, 1924x1247
  7: 728, 138, 448x512
  8: 728, 138, 448x252
  9: 11, 205, 1497x1346
Mouse: 1554, 978 | UIA: None | EW: PySide6.QtCore.QRect(828, 344, 874, 767)
All rects available:
  0: 1023, 404, 484x647
  1: 2396, 1364, 90x90
  2: 1610, 117, 270x210
  3: 828, 344, 874x767
  4: 320, 186, 1920x1200
  5: 320, 186, 1920x69
  6: 318, 141, 1924x1247
  7: 728, 138, 448x512
  8: 728, 138, 448x252
  9: 11, 205, 1497x1346
Mouse: 1554, 975 | UIA: None | EW: PySide6.QtCore.QRect(828, 344, 874, 767)
All rects available:
  0: 1023, 404, 484x647
  1: 2396, 1364, 90x90
  2: 1610, 117, 270x210
  3: 828, 344, 874x767
  4: 320, 186, 1920x1200
  5: 320, 186, 1920x69
  6: 318, 141, 1924x1247
  7: 728, 138, 448x512
  8: 728, 138, 448x252
  9: 11, 205, 1497x1346
Mouse: 1554, 970 | UIA: None | EW: PySide6.QtCore.QRect(828, 344, 874, 767)
All rects available:
  0: 1023, 404, 484x647
  1: 2396, 1364, 90x90
  2: 1610, 117, 270x210
  3: 828, 344, 874x767
  4: 320, 186, 1920x1200
  5: 320, 186, 1920x69
  6: 318, 141, 1924x1247
  7: 728, 138, 448x512
  8: 728, 138, 448x252
  9: 11, 205, 1497x1346
Mouse: 1554, 968 | UIA: None | EW: PySide6.QtCore.QRect(828, 344, 874, 767)
All rects available:
  0: 1023, 404, 484x647
  1: 2396, 1364, 90x90
  2: 1610, 117, 270x210
  3: 828, 344, 874x767
  4: 320, 186, 1920x1200
  5: 320, 186, 1920x69
  6: 318, 141, 1924x1247
  7: 728, 138, 448x512
  8: 728, 138, 448x252
  9: 11, 205, 1497x1346
Mouse: 1554, 966 | UIA: None | EW: PySide6.QtCore.QRect(828, 344, 874, 767)
All rects available:
  0: 1023, 404, 484x647
  1: 2396, 1364, 90x90
  2: 1610, 117, 270x210
  3: 828, 344, 874x767
  4: 320, 186, 1920x1200
  5: 320, 186, 1920x69
  6: 318, 141, 1924x1247
  7: 728, 138, 448x512
  8: 728, 138, 448x252
  9: 11, 205, 1497x1346
Mouse: 1554, 964 | UIA: None | EW: PySide6.QtCore.QRect(828, 344, 874, 767)
All rects available:
  0: 1023, 404, 484x647
  1: 2396, 1364, 90x90
  2: 1610, 117, 270x210
  3: 828, 344, 874x767
  4: 320, 186, 1920x1200
  5: 320, 186, 1920x69
  6: 318, 141, 1924x1247
  7: 728, 138, 448x512
  8: 728, 138, 448x252
  9: 11, 205, 1497x1346
Mouse: 1554, 963 | UIA: None | EW: PySide6.QtCore.QRect(828, 344, 874, 767)
All rects available:
  0: 1023, 404, 484x647
  1: 2396, 1364, 90x90
  2: 1610, 117, 270x210
  3: 828, 344, 874x767
  4: 320, 186, 1920x1200
  5: 320, 186, 1920x69
  6: 318, 141, 1924x1247
  7: 728, 138, 448x512
  8: 728, 138, 448x252
  9: 11, 205, 1497x1346
Mouse: 1552, 962 | UIA: None | EW: PySide6.QtCore.QRect(828, 344, 874, 767)
All rects available:
  0: 1023, 404, 484x647
  1: 2396, 1364, 90x90
  2: 1610, 117, 270x210
  3: 828, 344, 874x767
  4: 320, 186, 1920x1200
  5: 320, 186, 1920x69
  6: 318, 141, 1924x1247
  7: 728, 138, 448x512
  8: 728, 138, 448x252
  9: 11, 205, 1497x1346
Mouse: 1552, 958 | UIA: None | EW: PySide6.QtCore.QRect(828, 344, 874, 767)
All rects available:
  0: 1023, 404, 484x647
  1: 2396, 1364, 90x90
  2: 1610, 117, 270x210
  3: 828, 344, 874x767
  4: 320, 186, 1920x1200
  5: 320, 186, 1920x69
  6: 318, 141, 1924x1247
  7: 728, 138, 448x512
  8: 728, 138, 448x252
  9: 11, 205, 1497x1346
Mouse: 1552, 958 | UIA: None | EW: PySide6.QtCore.QRect(828, 344, 874, 767)
All rects available:
  0: 1023, 404, 484x647
  1: 2396, 1364, 90x90
  2: 1610, 117, 270x210
  3: 828, 344, 874x767
  4: 320, 186, 1920x1200
  5: 320, 186, 1920x69
  6: 318, 141, 1924x1247
  7: 728, 138, 448x512
  8: 728, 138, 448x252
  9: 11, 205, 1497x1346
Mouse: 1551, 956 | UIA: None | EW: PySide6.QtCore.QRect(828, 344, 874, 767)
All rects available:
  0: 1023, 404, 484x647
  1: 2396, 1364, 90x90
  2: 1610, 117, 270x210
  3: 828, 344, 874x767
  4: 320, 186, 1920x1200
  5: 320, 186, 1920x69
  6: 318, 141, 1924x1247
  7: 728, 138, 448x512
  8: 728, 138, 448x252
  9: 11, 205, 1497x1346
Mouse: 1550, 954 | UIA: None | EW: PySide6.QtCore.QRect(828, 344, 874, 767)
All rects available:
  0: 1023, 404, 484x647
  1: 2396, 1364, 90x90
  2: 1610, 117, 270x210
  3: 828, 344, 874x767
  4: 320, 186, 1920x1200
  5: 320, 186, 1920x69
  6: 318, 141, 1924x1247
  7: 728, 138, 448x512
  8: 728, 138, 448x252
  9: 11, 205, 1497x1346
Mouse: 1550, 952 | UIA: None | EW: PySide6.QtCore.QRect(828, 344, 874, 767)
All rects available:
  0: 1023, 404, 484x647
  1: 2396, 1364, 90x90
  2: 1610, 117, 270x210
  3: 828, 344, 874x767
  4: 320, 186, 1920x1200
  5: 320, 186, 1920x69
  6: 318, 141, 1924x1247
  7: 728, 138, 448x512
  8: 728, 138, 448x252
  9: 11, 205, 1497x1346
Mouse: 1546, 950 | UIA: None | EW: PySide6.QtCore.QRect(828, 344, 874, 767)
All rects available:
  0: 1023, 404, 484x647
  1: 2396, 1364, 90x90
  2: 1610, 117, 270x210
  3: 828, 344, 874x767
  4: 320, 186, 1920x1200
  5: 320, 186, 1920x69
  6: 318, 141, 1924x1247
  7: 728, 138, 448x512
  8: 728, 138, 448x252
  9: 11, 205, 1497x1346
Mouse: 1542, 948 | UIA: None | EW: PySide6.QtCore.QRect(828, 344, 874, 767)
All rects available:
  0: 1023, 404, 484x647
  1: 2396, 1364, 90x90
  2: 1610, 117, 270x210
  3: 828, 344, 874x767
  4: 320, 186, 1920x1200
  5: 320, 186, 1920x69
  6: 318, 141, 1924x1247
  7: 728, 138, 448x512
  8: 728, 138, 448x252
  9: 11, 205, 1497x1346
Mouse: 1540, 946 | UIA: None | EW: PySide6.QtCore.QRect(828, 344, 874, 767)
All rects available:
  0: 1023, 404, 484x647
  1: 2396, 1364, 90x90
  2: 1610, 117, 270x210
  3: 828, 344, 874x767
  4: 320, 186, 1920x1200
  5: 320, 186, 1920x69
  6: 318, 141, 1924x1247
  7: 728, 138, 448x512
  8: 728, 138, 448x252
  9: 11, 205, 1497x1346
Mouse: 1534, 944 | UIA: None | EW: PySide6.QtCore.QRect(828, 344, 874, 767)
All rects available:
  0: 1023, 404, 484x647
  1: 2396, 1364, 90x90
  2: 1610, 117, 270x210
  3: 828, 344, 874x767
  4: 320, 186, 1920x1200
  5: 320, 186, 1920x69
  6: 318, 141, 1924x1247
  7: 728, 138, 448x512
  8: 728, 138, 448x252
  9: 11, 205, 1497x1346
Mouse: 1533, 944 | UIA: None | EW: PySide6.QtCore.QRect(828, 344, 874, 767)
All rects available:
  0: 1023, 404, 484x647
  1: 2396, 1364, 90x90
  2: 1610, 117, 270x210
  3: 828, 344, 874x767
  4: 320, 186, 1920x1200
  5: 320, 186, 1920x69
  6: 318, 141, 1924x1247
  7: 728, 138, 448x512
  8: 728, 138, 448x252
  9: 11, 205, 1497x1346
Mouse: 1527, 939 | UIA: None | EW: PySide6.QtCore.QRect(828, 344, 874, 767)
All rects available:
  0: 1023, 404, 484x647
  1: 2396, 1364, 90x90
  2: 1610, 117, 270x210
  3: 828, 344, 874x767
  4: 320, 186, 1920x1200
  5: 320, 186, 1920x69
  6: 318, 141, 1924x1247
  7: 728, 138, 448x512
  8: 728, 138, 448x252
  9: 11, 205, 1497x1346
Mouse: 1526, 938 | UIA: None | EW: PySide6.QtCore.QRect(828, 344, 874, 767)
All rects available:
  0: 1023, 404, 484x647
  1: 2396, 1364, 90x90
  2: 1610, 117, 270x210
  3: 828, 344, 874x767
  4: 320, 186, 1920x1200
  5: 320, 186, 1920x69
  6: 318, 141, 1924x1247
  7: 728, 138, 448x512
  8: 728, 138, 448x252
  9: 11, 205, 1497x1346
Mouse: 1521, 934 | UIA: None | EW: PySide6.QtCore.QRect(828, 344, 874, 767)
All rects available:
  0: 1023, 404, 484x647
  1: 2396, 1364, 90x90
  2: 1610, 117, 270x210
  3: 828, 344, 874x767
  4: 320, 186, 1920x1200
  5: 320, 186, 1920x69
  6: 318, 141, 1924x1247
  7: 728, 138, 448x512
  8: 728, 138, 448x252
  9: 11, 205, 1497x1346
Mouse: 1524, 852 | UIA: None | EW: PySide6.QtCore.QRect(828, 344, 874, 767)
All rects available:
  0: 1023, 404, 484x647
  1: 2396, 1364, 90x90
  2: 1610, 117, 270x210
  3: 828, 344, 874x767
  4: 320, 186, 1920x1200
  5: 320, 186, 1920x69
  6: 318, 141, 1924x1247
  7: 728, 138, 448x512
  8: 728, 138, 448x252
  9: 11, 205, 1497x1346
Mouse: 1528, 850 | UIA: None | EW: PySide6.QtCore.QRect(828, 344, 874, 767)
All rects available:
  0: 1023, 404, 484x647
  1: 2396, 1364, 90x90
  2: 1610, 117, 270x210
  3: 828, 344, 874x767
  4: 320, 186, 1920x1200
  5: 320, 186, 1920x69
  6: 318, 141, 1924x1247
  7: 728, 138, 448x512
  8: 728, 138, 448x252
  9: 11, 205, 1497x1346
Mouse: 1542, 844 | UIA: None | EW: PySide6.QtCore.QRect(828, 344, 874, 767)
All rects available:
  0: 1023, 404, 484x647
  1: 2396, 1364, 90x90
  2: 1610, 117, 270x210
  3: 828, 344, 874x767
  4: 320, 186, 1920x1200
  5: 320, 186, 1920x69
  6: 318, 141, 1924x1247
  7: 728, 138, 448x512
  8: 728, 138, 448x252
  9: 11, 205, 1497x1346
Mouse: 1550, 840 | UIA: None | EW: PySide6.QtCore.QRect(828, 344, 874, 767)
All rects available:
  0: 1023, 404, 484x647
  1: 2396, 1364, 90x90
  2: 1610, 117, 270x210
  3: 828, 344, 874x767
  4: 320, 186, 1920x1200
  5: 320, 186, 1920x69
  6: 318, 141, 1924x1247
  7: 728, 138, 448x512
  8: 728, 138, 448x252
  9: 11, 205, 1497x1346
Mouse: 1568, 831 | UIA: None | EW: PySide6.QtCore.QRect(828, 344, 874, 767)
All rects available:
  0: 1023, 404, 484x647
  1: 2396, 1364, 90x90
  2: 1610, 117, 270x210
  3: 828, 344, 874x767
  4: 320, 186, 1920x1200
  5: 320, 186, 1920x69
  6: 318, 141, 1924x1247
  7: 728, 138, 448x512
  8: 728, 138, 448x252
  9: 11, 205, 1497x1346
Mouse: 1580, 825 | UIA: None | EW: PySide6.QtCore.QRect(828, 344, 874, 767)
All rects available:
  0: 1023, 404, 484x647
  1: 2396, 1364, 90x90
  2: 1610, 117, 270x210
  3: 828, 344, 874x767
  4: 320, 186, 1920x1200
  5: 320, 186, 1920x69
  6: 318, 141, 1924x1247
  7: 728, 138, 448x512
  8: 728, 138, 448x252
  9: 11, 205, 1497x1346
Mouse: 1590, 819 | UIA: None | EW: PySide6.QtCore.QRect(828, 344, 874, 767)
All rects available:
  0: 1023, 404, 484x647
  1: 2396, 1364, 90x90
  2: 1610, 117, 270x210
  3: 828, 344, 874x767
  4: 320, 186, 1920x1200
  5: 320, 186, 1920x69
  6: 318, 141, 1924x1247
  7: 728, 138, 448x512
  8: 728, 138, 448x252
  9: 11, 205, 1497x1346
Mouse: 1598, 814 | UIA: None | EW: PySide6.QtCore.QRect(828, 344, 874, 767)
All rects available:
  0: 1023, 404, 484x647
  1: 2396, 1364, 90x90
  2: 1610, 117, 270x210
  3: 828, 344, 874x767
  4: 320, 186, 1920x1200
  5: 320, 186, 1920x69
  6: 318, 141, 1924x1247
  7: 728, 138, 448x512
  8: 728, 138, 448x252
  9: 11, 205, 1497x1346
Mouse: 1605, 812 | UIA: None | EW: PySide6.QtCore.QRect(828, 344, 874, 767)
All rects available:
  0: 1023, 404, 484x647
  1: 2396, 1364, 90x90
  2: 1610, 117, 270x210
  3: 828, 344, 874x767
  4: 320, 186, 1920x1200
  5: 320, 186, 1920x69
  6: 318, 141, 1924x1247
  7: 728, 138, 448x512
  8: 728, 138, 448x252
  9: 11, 205, 1497x1346
Mouse: 1608, 810 | UIA: None | EW: PySide6.QtCore.QRect(828, 344, 874, 767)
All rects available:
  0: 1023, 404, 484x647
  1: 2396, 1364, 90x90
  2: 1610, 117, 270x210
  3: 828, 344, 874x767
  4: 320, 186, 1920x1200
  5: 320, 186, 1920x69
  6: 318, 141, 1924x1247
  7: 728, 138, 448x512
  8: 728, 138, 448x252
  9: 11, 205, 1497x1346
Mouse: 1616, 806 | UIA: None | EW: PySide6.QtCore.QRect(828, 344, 874, 767)
All rects available:
  0: 1023, 404, 484x647
  1: 2396, 1364, 90x90
  2: 1610, 117, 270x210
  3: 828, 344, 874x767
  4: 320, 186, 1920x1200
  5: 320, 186, 1920x69
  6: 318, 141, 1924x1247
  7: 728, 138, 448x512
  8: 728, 138, 448x252
  9: 11, 205, 1497x1346
Mouse: 1620, 802 | UIA: None | EW: PySide6.QtCore.QRect(828, 344, 874, 767)
All rects available:
  0: 1023, 404, 484x647
  1: 2396, 1364, 90x90
  2: 1610, 117, 270x210
  3: 828, 344, 874x767
  4: 320, 186, 1920x1200
  5: 320, 186, 1920x69
  6: 318, 141, 1924x1247
  7: 728, 138, 448x512
  8: 728, 138, 448x252
  9: 11, 205, 1497x1346
Mouse: 1628, 800 | UIA: None | EW: PySide6.QtCore.QRect(828, 344, 874, 767)
All rects available:
  0: 1023, 404, 484x647
  1: 2396, 1364, 90x90
  2: 1610, 117, 270x210
  3: 828, 344, 874x767
  4: 320, 186, 1920x1200
  5: 320, 186, 1920x69
  6: 318, 141, 1924x1247
  7: 728, 138, 448x512
  8: 728, 138, 448x252
  9: 11, 205, 1497x1346
Mouse: 1629, 796 | UIA: None | EW: PySide6.QtCore.QRect(828, 344, 874, 767)
All rects available:
  0: 1023, 404, 484x647
  1: 2396, 1364, 90x90
  2: 1610, 117, 270x210
  3: 828, 344, 874x767
  4: 320, 186, 1920x1200
  5: 320, 186, 1920x69
  6: 318, 141, 1924x1247
  7: 728, 138, 448x512
  8: 728, 138, 448x252
  9: 11, 205, 1497x1346
Mouse: 1630, 796 | UIA: None | EW: PySide6.QtCore.QRect(828, 344, 874, 767)
All rects available:
  0: 1023, 404, 484x647
  1: 2396, 1364, 90x90
  2: 1610, 117, 270x210
  3: 828, 344, 874x767
  4: 320, 186, 1920x1200
  5: 320, 186, 1920x69
  6: 318, 141, 1924x1247
  7: 728, 138, 448x512
  8: 728, 138, 448x252
  9: 11, 205, 1497x1346
Mouse: 1636, 792 | UIA: None | EW: PySide6.QtCore.QRect(828, 344, 874, 767)
All rects available:
  0: 1023, 404, 484x647
  1: 2396, 1364, 90x90
  2: 1610, 117, 270x210
  3: 828, 344, 874x767
  4: 320, 186, 1920x1200
  5: 320, 186, 1920x69
  6: 318, 141, 1924x1247
  7: 728, 138, 448x512
  8: 728, 138, 448x252
  9: 11, 205, 1497x1346
Mouse: 1641, 788 | UIA: None | EW: PySide6.QtCore.QRect(828, 344, 874, 767)
All rects available:
  0: 1023, 404, 484x647
  1: 2396, 1364, 90x90
  2: 1610, 117, 270x210
  3: 828, 344, 874x767
  4: 320, 186, 1920x1200
  5: 320, 186, 1920x69
  6: 318, 141, 1924x1247
  7: 728, 138, 448x512
  8: 728, 138, 448x252
  9: 11, 205, 1497x1346
Mouse: 1644, 788 | UIA: None | EW: PySide6.QtCore.QRect(828, 344, 874, 767)
All rects available:
  0: 1023, 404, 484x647
  1: 2396, 1364, 90x90
  2: 1610, 117, 270x210
  3: 828, 344, 874x767
  4: 320, 186, 1920x1200
  5: 320, 186, 1920x69
  6: 318, 141, 1924x1247
  7: 728, 138, 448x512
  8: 728, 138, 448x252
  9: 11, 205, 1497x1346
Mouse: 1646, 784 | UIA: None | EW: PySide6.QtCore.QRect(828, 344, 874, 767)
All rects available:
  0: 1023, 404, 484x647
  1: 2396, 1364, 90x90
  2: 1610, 117, 270x210
  3: 828, 344, 874x767
  4: 320, 186, 1920x1200
  5: 320, 186, 1920x69
  6: 318, 141, 1924x1247
  7: 728, 138, 448x512
  8: 728, 138, 448x252
  9: 11, 205, 1497x1346
Mouse: 1652, 780 | UIA: None | EW: PySide6.QtCore.QRect(828, 344, 874, 767)
All rects available:
  0: 1023, 404, 484x647
  1: 2396, 1364, 90x90
  2: 1610, 117, 270x210
  3: 828, 344, 874x767
  4: 320, 186, 1920x1200
  5: 320, 186, 1920x69
  6: 318, 141, 1924x1247
  7: 728, 138, 448x512
  8: 728, 138, 448x252
  9: 11, 205, 1497x1346
Mouse: 1654, 778 | UIA: None | EW: PySide6.QtCore.QRect(828, 344, 874, 767)
All rects available:
  0: 1023, 404, 484x647
  1: 2396, 1364, 90x90
  2: 1610, 117, 270x210
  3: 828, 344, 874x767
  4: 320, 186, 1920x1200
  5: 320, 186, 1920x69
  6: 318, 141, 1924x1247
  7: 728, 138, 448x512
  8: 728, 138, 448x252
  9: 11, 205, 1497x1346
Mouse: 1658, 774 | UIA: None | EW: PySide6.QtCore.QRect(828, 344, 874, 767)
All rects available:
  0: 1023, 404, 484x647
  1: 2396, 1364, 90x90
  2: 1610, 117, 270x210
  3: 828, 344, 874x767
  4: 320, 186, 1920x1200
  5: 320, 186, 1920x69
  6: 318, 141, 1924x1247
  7: 728, 138, 448x512
  8: 728, 138, 448x252
  9: 11, 205, 1497x1346
Mouse: 1662, 771 | UIA: None | EW: PySide6.QtCore.QRect(828, 344, 874, 767)
All rects available:
  0: 1023, 404, 484x647
  1: 2396, 1364, 90x90
  2: 1610, 117, 270x210
  3: 828, 344, 874x767
  4: 320, 186, 1920x1200
  5: 320, 186, 1920x69
  6: 318, 141, 1924x1247
  7: 728, 138, 448x512
  8: 728, 138, 448x252
  9: 11, 205, 1497x1346
Mouse: 1665, 770 | UIA: None | EW: PySide6.QtCore.QRect(828, 344, 874, 767)
All rects available:
  0: 1023, 404, 484x647
  1: 2396, 1364, 90x90
  2: 1610, 117, 270x210
  3: 828, 344, 874x767
  4: 320, 186, 1920x1200
  5: 320, 186, 1920x69
  6: 318, 141, 1924x1247
  7: 728, 138, 448x512
  8: 728, 138, 448x252
  9: 11, 205, 1497x1346
Mouse: 1666, 766 | UIA: None | EW: PySide6.QtCore.QRect(828, 344, 874, 767)
All rects available:
  0: 1023, 404, 484x647
  1: 2396, 1364, 90x90
  2: 1610, 117, 270x210
  3: 828, 344, 874x767
  4: 320, 186, 1920x1200
  5: 320, 186, 1920x69
  6: 318, 141, 1924x1247
  7: 728, 138, 448x512
  8: 728, 138, 448x252
  9: 11, 205, 1497x1346
Mouse: 1670, 765 | UIA: None | EW: PySide6.QtCore.QRect(828, 344, 874, 767)
All rects available:
  0: 1023, 404, 484x647
  1: 2396, 1364, 90x90
  2: 1610, 117, 270x210
  3: 828, 344, 874x767
  4: 320, 186, 1920x1200
  5: 320, 186, 1920x69
  6: 318, 141, 1924x1247
  7: 728, 138, 448x512
  8: 728, 138, 448x252
  9: 11, 205, 1497x1346
Mouse: 1670, 764 | UIA: None | EW: PySide6.QtCore.QRect(828, 344, 874, 767)
All rects available:
  0: 1023, 404, 484x647
  1: 2396, 1364, 90x90
  2: 1610, 117, 270x210
  3: 828, 344, 874x767
  4: 320, 186, 1920x1200
  5: 320, 186, 1920x69
  6: 318, 141, 1924x1247
  7: 728, 138, 448x512
  8: 728, 138, 448x252
  9: 11, 205, 1497x1346
Mouse: 1670, 764 | UIA: None | EW: PySide6.QtCore.QRect(828, 344, 874, 767)
All rects available:
  0: 1023, 404, 484x647
  1: 2396, 1364, 90x90
  2: 1610, 117, 270x210
  3: 828, 344, 874x767
  4: 320, 186, 1920x1200
  5: 320, 186, 1920x69
  6: 318, 141, 1924x1247
  7: 728, 138, 448x512
  8: 728, 138, 448x252
  9: 11, 205, 1497x1346
Mouse: 1671, 762 | UIA: None | EW: PySide6.QtCore.QRect(828, 344, 874, 767)
All rects available:
  0: 1023, 404, 484x647
  1: 2396, 1364, 90x90
  2: 1610, 117, 270x210
  3: 828, 344, 874x767
  4: 320, 186, 1920x1200
  5: 320, 186, 1920x69
  6: 318, 141, 1924x1247
  7: 728, 138, 448x512
  8: 728, 138, 448x252
  9: 11, 205, 1497x1346
Mouse: 1672, 760 | UIA: None | EW: PySide6.QtCore.QRect(828, 344, 874, 767)
All rects available:
  0: 1023, 404, 484x647
  1: 2396, 1364, 90x90
  2: 1610, 117, 270x210
  3: 828, 344, 874x767
  4: 320, 186, 1920x1200
  5: 320, 186, 1920x69
  6: 318, 141, 1924x1247
  7: 728, 138, 448x512
  8: 728, 138, 448x252
  9: 11, 205, 1497x1346
Mouse: 1674, 759 | UIA: None | EW: PySide6.QtCore.QRect(828, 344, 874, 767)
All rects available:
  0: 1023, 404, 484x647
  1: 2396, 1364, 90x90
  2: 1610, 117, 270x210
  3: 828, 344, 874x767
  4: 320, 186, 1920x1200
  5: 320, 186, 1920x69
  6: 318, 141, 1924x1247
  7: 728, 138, 448x512
  8: 728, 138, 448x252
  9: 11, 205, 1497x1346
Mouse: 1676, 759 | UIA: None | EW: PySide6.QtCore.QRect(828, 344, 874, 767)
All rects available:
  0: 1023, 404, 484x647
  1: 2396, 1364, 90x90
  2: 1610, 117, 270x210
  3: 828, 344, 874x767
  4: 320, 186, 1920x1200
  5: 320, 186, 1920x69
  6: 318, 141, 1924x1247
  7: 728, 138, 448x512
  8: 728, 138, 448x252
  9: 11, 205, 1497x1346
Mouse: 1676, 758 | UIA: None | EW: PySide6.QtCore.QRect(828, 344, 874, 767)
All rects available:
  0: 1023, 404, 484x647
  1: 2396, 1364, 90x90
  2: 1610, 117, 270x210
  3: 828, 344, 874x767
  4: 320, 186, 1920x1200
  5: 320, 186, 1920x69
  6: 318, 141, 1924x1247
  7: 728, 138, 448x512
  8: 728, 138, 448x252
  9: 11, 205, 1497x1346
Mouse: 1676, 758 | UIA: None | EW: PySide6.QtCore.QRect(828, 344, 874, 767)
All rects available:
  0: 1023, 404, 484x647
  1: 2396, 1364, 90x90
  2: 1610, 117, 270x210
  3: 828, 344, 874x767
  4: 320, 186, 1920x1200
  5: 320, 186, 1920x69
  6: 318, 141, 1924x1247
  7: 728, 138, 448x512
  8: 728, 138, 448x252
  9: 11, 205, 1497x1346
Mouse: 1676, 758 | UIA: None | EW: PySide6.QtCore.QRect(828, 344, 874, 767)
All rects available:
  0: 1023, 404, 484x647
  1: 2396, 1364, 90x90
  2: 1610, 117, 270x210
  3: 828, 344, 874x767
  4: 320, 186, 1920x1200
  5: 320, 186, 1920x69
  6: 318, 141, 1924x1247
  7: 728, 138, 448x512
  8: 728, 138, 448x252
  9: 11, 205, 1497x1346
Mouse: 1677, 756 | UIA: None | EW: PySide6.QtCore.QRect(828, 344, 874, 767)
All rects available:
  0: 1023, 404, 484x647
  1: 2396, 1364, 90x90
  2: 1610, 117, 270x210
  3: 828, 344, 874x767
  4: 320, 186, 1920x1200
  5: 320, 186, 1920x69
  6: 318, 141, 1924x1247
  7: 728, 138, 448x512
  8: 728, 138, 448x252
  9: 11, 205, 1497x1346
Mouse: 1678, 754 | UIA: None | EW: PySide6.QtCore.QRect(828, 344, 874, 767)
All rects available:
  0: 1023, 404, 484x647
  1: 2396, 1364, 90x90
  2: 1610, 117, 270x210
  3: 828, 344, 874x767
  4: 320, 186, 1920x1200
  5: 320, 186, 1920x69
  6: 318, 141, 1924x1247
  7: 728, 138, 448x512
  8: 728, 138, 448x252
  9: 11, 205, 1497x1346
Mouse: 1678, 754 | UIA: None | EW: PySide6.QtCore.QRect(828, 344, 874, 767)
All rects available:
  0: 1023, 404, 484x647
  1: 2396, 1364, 90x90
  2: 1610, 117, 270x210
  3: 828, 344, 874x767
  4: 320, 186, 1920x1200
  5: 320, 186, 1920x69
  6: 318, 141, 1924x1247
  7: 728, 138, 448x512
  8: 728, 138, 448x252
  9: 11, 205, 1497x1346
Mouse: 1678, 753 | UIA: None | EW: PySide6.QtCore.QRect(828, 344, 874, 767)
All rects available:
  0: 1023, 404, 484x647
  1: 2396, 1364, 90x90
  2: 1610, 117, 270x210
  3: 828, 344, 874x767
  4: 320, 186, 1920x1200
  5: 320, 186, 1920x69
  6: 318, 141, 1924x1247
  7: 728, 138, 448x512
  8: 728, 138, 448x252
  9: 11, 205, 1497x1346
Mouse: 1678, 753 | UIA: None | EW: PySide6.QtCore.QRect(828, 344, 874, 767)
All rects available:
  0: 1023, 404, 484x647
  1: 2396, 1364, 90x90
  2: 1610, 117, 270x210
  3: 828, 344, 874x767
  4: 320, 186, 1920x1200
  5: 320, 186, 1920x69
  6: 318, 141, 1924x1247
  7: 728, 138, 448x512
  8: 728, 138, 448x252
  9: 11, 205, 1497x1346
Mouse: 1678, 752 | UIA: None | EW: PySide6.QtCore.QRect(828, 344, 874, 767)
All rects available:
  0: 1023, 404, 484x647
  1: 2396, 1364, 90x90
  2: 1610, 117, 270x210
  3: 828, 344, 874x767
  4: 320, 186, 1920x1200
  5: 320, 186, 1920x69
  6: 318, 141, 1924x1247
  7: 728, 138, 448x512
  8: 728, 138, 448x252
  9: 11, 205, 1497x1346
Mouse: 1680, 752 | UIA: None | EW: PySide6.QtCore.QRect(828, 344, 874, 767)
All rects available:
  0: 1023, 404, 484x647
  1: 2396, 1364, 90x90
  2: 1610, 117, 270x210
  3: 828, 344, 874x767
  4: 320, 186, 1920x1200
  5: 320, 186, 1920x69
  6: 318, 141, 1924x1247
  7: 728, 138, 448x512
  8: 728, 138, 448x252
  9: 11, 205, 1497x1346
Mouse: 1680, 750 | UIA: None | EW: PySide6.QtCore.QRect(828, 344, 874, 767)
All rects available:
  0: 1023, 404, 484x647
  1: 2396, 1364, 90x90
  2: 1610, 117, 270x210
  3: 828, 344, 874x767
  4: 320, 186, 1920x1200
  5: 320, 186, 1920x69
  6: 318, 141, 1924x1247
  7: 728, 138, 448x512
  8: 728, 138, 448x252
  9: 11, 205, 1497x1346
Mouse: 1680, 748 | UIA: None | EW: PySide6.QtCore.QRect(828, 344, 874, 767)
All rects available:
  0: 1023, 404, 484x647
  1: 2396, 1364, 90x90
  2: 1610, 117, 270x210
  3: 828, 344, 874x767
  4: 320, 186, 1920x1200
  5: 320, 186, 1920x69
  6: 318, 141, 1924x1247
  7: 728, 138, 448x512
  8: 728, 138, 448x252
  9: 11, 205, 1497x1346
Mouse: 1682, 748 | UIA: None | EW: PySide6.QtCore.QRect(828, 344, 874, 767)
All rects available:
  0: 1023, 404, 484x647
  1: 2396, 1364, 90x90
  2: 1610, 117, 270x210
  3: 828, 344, 874x767
  4: 320, 186, 1920x1200
  5: 320, 186, 1920x69
  6: 318, 141, 1924x1247
  7: 728, 138, 448x512
  8: 728, 138, 448x252
  9: 11, 205, 1497x1346
Mouse: 1682, 748 | UIA: None | EW: PySide6.QtCore.QRect(828, 344, 874, 767)
All rects available:
  0: 1023, 404, 484x647
  1: 2396, 1364, 90x90
  2: 1610, 117, 270x210
  3: 828, 344, 874x767
  4: 320, 186, 1920x1200
  5: 320, 186, 1920x69
  6: 318, 141, 1924x1247
  7: 728, 138, 448x512
  8: 728, 138, 448x252
  9: 11, 205, 1497x1346
Mouse: 1682, 747 | UIA: None | EW: PySide6.QtCore.QRect(828, 344, 874, 767)
All rects available:
  0: 1023, 404, 484x647
  1: 2396, 1364, 90x90
  2: 1610, 117, 270x210
  3: 828, 344, 874x767
  4: 320, 186, 1920x1200
  5: 320, 186, 1920x69
  6: 318, 141, 1924x1247
  7: 728, 138, 448x512
  8: 728, 138, 448x252
  9: 11, 205, 1497x1346
Mouse: 1682, 746 | UIA: None | EW: PySide6.QtCore.QRect(828, 344, 874, 767)
All rects available:
  0: 1023, 404, 484x647
  1: 2396, 1364, 90x90
  2: 1610, 117, 270x210
  3: 828, 344, 874x767
  4: 320, 186, 1920x1200
  5: 320, 186, 1920x69
  6: 318, 141, 1924x1247
  7: 728, 138, 448x512
  8: 728, 138, 448x252
  9: 11, 205, 1497x1346
Mouse: 1682, 746 | UIA: None | EW: PySide6.QtCore.QRect(828, 344, 874, 767)
All rects available:
  0: 1023, 404, 484x647
  1: 2396, 1364, 90x90
  2: 1610, 117, 270x210
  3: 828, 344, 874x767
  4: 320, 186, 1920x1200
  5: 320, 186, 1920x69
  6: 318, 141, 1924x1247
  7: 728, 138, 448x512
  8: 728, 138, 448x252
  9: 11, 205, 1497x1346
Mouse: 1682, 744 | UIA: None | EW: PySide6.QtCore.QRect(828, 344, 874, 767)
All rects available:
  0: 1023, 404, 484x647
  1: 2396, 1364, 90x90
  2: 1610, 117, 270x210
  3: 828, 344, 874x767
  4: 320, 186, 1920x1200
  5: 320, 186, 1920x69
  6: 318, 141, 1924x1247
  7: 728, 138, 448x512
  8: 728, 138, 448x252
  9: 11, 205, 1497x1346
Mouse: 1682, 742 | UIA: None | EW: PySide6.QtCore.QRect(828, 344, 874, 767)
All rects available:
  0: 1023, 404, 484x647
  1: 2396, 1364, 90x90
  2: 1610, 117, 270x210
  3: 828, 344, 874x767
  4: 320, 186, 1920x1200
  5: 320, 186, 1920x69
  6: 318, 141, 1924x1247
  7: 728, 138, 448x512
  8: 728, 138, 448x252
  9: 11, 205, 1497x1346
Mouse: 1682, 742 | UIA: None | EW: PySide6.QtCore.QRect(828, 344, 874, 767)
All rects available:
  0: 1023, 404, 484x647
  1: 2396, 1364, 90x90
  2: 1610, 117, 270x210
  3: 828, 344, 874x767
  4: 320, 186, 1920x1200
  5: 320, 186, 1920x69
  6: 318, 141, 1924x1247
  7: 728, 138, 448x512
  8: 728, 138, 448x252
  9: 11, 205, 1497x1346
Mouse: 1682, 741 | UIA: None | EW: PySide6.QtCore.QRect(828, 344, 874, 767)
All rects available:
  0: 1023, 404, 484x647
  1: 2396, 1364, 90x90
  2: 1610, 117, 270x210
  3: 828, 344, 874x767
  4: 320, 186, 1920x1200
  5: 320, 186, 1920x69
  6: 318, 141, 1924x1247
  7: 728, 138, 448x512
  8: 728, 138, 448x252
  9: 11, 205, 1497x1346
Mouse: 1682, 740 | UIA: None | EW: PySide6.QtCore.QRect(828, 344, 874, 767)
All rects available:
  0: 1023, 404, 484x647
  1: 2396, 1364, 90x90
  2: 1610, 117, 270x210
  3: 828, 344, 874x767
  4: 320, 186, 1920x1200
  5: 320, 186, 1920x69
  6: 318, 141, 1924x1247
  7: 728, 138, 448x512
  8: 728, 138, 448x252
  9: 11, 205, 1497x1346
Mouse: 1682, 740 | UIA: None | EW: PySide6.QtCore.QRect(828, 344, 874, 767)
All rects available:
  0: 1023, 404, 484x647
  1: 2396, 1364, 90x90
  2: 1610, 117, 270x210
  3: 828, 344, 874x767
  4: 320, 186, 1920x1200
  5: 320, 186, 1920x69
  6: 318, 141, 1924x1247
  7: 728, 138, 448x512
  8: 728, 138, 448x252
  9: 11, 205, 1497x1346
Mouse: 1682, 738 | UIA: None | EW: PySide6.QtCore.QRect(828, 344, 874, 767)
All rects available:
  0: 1023, 404, 484x647
  1: 2396, 1364, 90x90
  2: 1610, 117, 270x210
  3: 828, 344, 874x767
  4: 320, 186, 1920x1200
  5: 320, 186, 1920x69
  6: 318, 141, 1924x1247
  7: 728, 138, 448x512
  8: 728, 138, 448x252
  9: 11, 205, 1497x1346
Mouse: 1682, 736 | UIA: None | EW: PySide6.QtCore.QRect(828, 344, 874, 767)
All rects available:
  0: 1023, 404, 484x647
  1: 2396, 1364, 90x90
  2: 1610, 117, 270x210
  3: 828, 344, 874x767
  4: 320, 186, 1920x1200
  5: 320, 186, 1920x69
  6: 318, 141, 1924x1247
  7: 728, 138, 448x512
  8: 728, 138, 448x252
  9: 11, 205, 1497x1346
Mouse: 1682, 736 | UIA: None | EW: PySide6.QtCore.QRect(828, 344, 874, 767)
All rects available:
  0: 1023, 404, 484x647
  1: 2396, 1364, 90x90
  2: 1610, 117, 270x210
  3: 828, 344, 874x767
  4: 320, 186, 1920x1200
  5: 320, 186, 1920x69
  6: 318, 141, 1924x1247
  7: 728, 138, 448x512
  8: 728, 138, 448x252
  9: 11, 205, 1497x1346
Mouse: 1683, 735 | UIA: None | EW: PySide6.QtCore.QRect(828, 344, 874, 767)
All rects available:
  0: 1023, 404, 484x647
  1: 2396, 1364, 90x90
  2: 1610, 117, 270x210
  3: 828, 344, 874x767
  4: 320, 186, 1920x1200
  5: 320, 186, 1920x69
  6: 318, 141, 1924x1247
  7: 728, 138, 448x512
  8: 728, 138, 448x252
  9: 11, 205, 1497x1346
Mouse: 1684, 734 | UIA: None | EW: PySide6.QtCore.QRect(828, 344, 874, 767)
All rects available:
  0: 1023, 404, 484x647
  1: 2396, 1364, 90x90
  2: 1610, 117, 270x210
  3: 828, 344, 874x767
  4: 320, 186, 1920x1200
  5: 320, 186, 1920x69
  6: 318, 141, 1924x1247
  7: 728, 138, 448x512
  8: 728, 138, 448x252
  9: 11, 205, 1497x1346
Mouse: 1684, 734 | UIA: None | EW: PySide6.QtCore.QRect(828, 344, 874, 767)
All rects available:
  0: 1023, 404, 484x647
  1: 2396, 1364, 90x90
  2: 1610, 117, 270x210
  3: 828, 344, 874x767
  4: 320, 186, 1920x1200
  5: 320, 186, 1920x69
  6: 318, 141, 1924x1247
  7: 728, 138, 448x512
  8: 728, 138, 448x252
  9: 11, 205, 1497x1346
Mouse: 1684, 734 | UIA: None | EW: PySide6.QtCore.QRect(828, 344, 874, 767)
All rects available:
  0: 1023, 404, 484x647
  1: 2396, 1364, 90x90
  2: 1610, 117, 270x210
  3: 828, 344, 874x767
  4: 320, 186, 1920x1200
  5: 320, 186, 1920x69
  6: 318, 141, 1924x1247
  7: 728, 138, 448x512
  8: 728, 138, 448x252
  9: 11, 205, 1497x1346
Mouse: 1686, 734 | UIA: None | EW: PySide6.QtCore.QRect(828, 344, 874, 767)
All rects available:
  0: 1023, 404, 484x647
  1: 2396, 1364, 90x90
  2: 1610, 117, 270x210
  3: 828, 344, 874x767
  4: 320, 186, 1920x1200
  5: 320, 186, 1920x69
  6: 318, 141, 1924x1247
  7: 728, 138, 448x512
  8: 728, 138, 448x252
  9: 11, 205, 1497x1346
Mouse: 1688, 732 | UIA: None | EW: PySide6.QtCore.QRect(828, 344, 874, 767)
All rects available:
  0: 1023, 404, 484x647
  1: 2396, 1364, 90x90
  2: 1610, 117, 270x210
  3: 828, 344, 874x767
  4: 320, 186, 1920x1200
  5: 320, 186, 1920x69
  6: 318, 141, 1924x1247
  7: 728, 138, 448x512
  8: 728, 138, 448x252
  9: 11, 205, 1497x1346
Mouse: 1688, 730 | UIA: None | EW: PySide6.QtCore.QRect(828, 344, 874, 767)
All rects available:
  0: 1023, 404, 484x647
  1: 2396, 1364, 90x90
  2: 1610, 117, 270x210
  3: 828, 344, 874x767
  4: 320, 186, 1920x1200
  5: 320, 186, 1920x69
  6: 318, 141, 1924x1247
  7: 728, 138, 448x512
  8: 728, 138, 448x252
  9: 11, 205, 1497x1346
Mouse: 1689, 729 | UIA: None | EW: PySide6.QtCore.QRect(828, 344, 874, 767)
All rects available:
  0: 1023, 404, 484x647
  1: 2396, 1364, 90x90
  2: 1610, 117, 270x210
  3: 828, 344, 874x767
  4: 320, 186, 1920x1200
  5: 320, 186, 1920x69
  6: 318, 141, 1924x1247
  7: 728, 138, 448x512
  8: 728, 138, 448x252
  9: 11, 205, 1497x1346
Mouse: 1690, 729 | UIA: None | EW: PySide6.QtCore.QRect(828, 344, 874, 767)
All rects available:
  0: 1023, 404, 484x647
  1: 2396, 1364, 90x90
  2: 1610, 117, 270x210
  3: 828, 344, 874x767
  4: 320, 186, 1920x1200
  5: 320, 186, 1920x69
  6: 318, 141, 1924x1247
  7: 728, 138, 448x512
  8: 728, 138, 448x252
  9: 11, 205, 1497x1346
Mouse: 1690, 728 | UIA: None | EW: PySide6.QtCore.QRect(828, 344, 874, 767)
All rects available:
  0: 1023, 404, 484x647
  1: 2396, 1364, 90x90
  2: 1610, 117, 270x210
  3: 828, 344, 874x767
  4: 320, 186, 1920x1200
  5: 320, 186, 1920x69
  6: 318, 141, 1924x1247
  7: 728, 138, 448x512
  8: 728, 138, 448x252
  9: 11, 205, 1497x1346
Mouse: 1692, 728 | UIA: None | EW: PySide6.QtCore.QRect(828, 344, 874, 767)
All rects available:
  0: 1023, 404, 484x647
  1: 2396, 1364, 90x90
  2: 1610, 117, 270x210
  3: 828, 344, 874x767
  4: 320, 186, 1920x1200
  5: 320, 186, 1920x69
  6: 318, 141, 1924x1247
  7: 728, 138, 448x512
  8: 728, 138, 448x252
  9: 11, 205, 1497x1346
Mouse: 1694, 728 | UIA: None | EW: PySide6.QtCore.QRect(828, 344, 874, 767)
All rects available:
  0: 1023, 404, 484x647
  1: 2396, 1364, 90x90
  2: 1610, 117, 270x210
  3: 828, 344, 874x767
  4: 320, 186, 1920x1200
  5: 320, 186, 1920x69
  6: 318, 141, 1924x1247
  7: 728, 138, 448x512
  8: 728, 138, 448x252
  9: 11, 205, 1497x1346
Mouse: 1694, 728 | UIA: None | EW: PySide6.QtCore.QRect(828, 344, 874, 767)
All rects available:
  0: 1023, 404, 484x647
  1: 2396, 1364, 90x90
  2: 1610, 117, 270x210
  3: 828, 344, 874x767
  4: 320, 186, 1920x1200
  5: 320, 186, 1920x69
  6: 318, 141, 1924x1247
  7: 728, 138, 448x512
  8: 728, 138, 448x252
  9: 11, 205, 1497x1346
Mouse: 1694, 726 | UIA: None | EW: PySide6.QtCore.QRect(828, 344, 874, 767)
All rects available:
  0: 1023, 404, 484x647
  1: 2396, 1364, 90x90
  2: 1610, 117, 270x210
  3: 828, 344, 874x767
  4: 320, 186, 1920x1200
  5: 320, 186, 1920x69
  6: 318, 141, 1924x1247
  7: 728, 138, 448x512
  8: 728, 138, 448x252
  9: 11, 205, 1497x1346
Mouse: 1695, 724 | UIA: None | EW: PySide6.QtCore.QRect(828, 344, 874, 767)
All rects available:
  0: 1023, 404, 484x647
  1: 2396, 1364, 90x90
  2: 1610, 117, 270x210
  3: 828, 344, 874x767
  4: 320, 186, 1920x1200
  5: 320, 186, 1920x69
  6: 318, 141, 1924x1247
  7: 728, 138, 448x512
  8: 728, 138, 448x252
  9: 11, 205, 1497x1346
Mouse: 1695, 724 | UIA: None | EW: PySide6.QtCore.QRect(828, 344, 874, 767)
All rects available:
  0: 1023, 404, 484x647
  1: 2396, 1364, 90x90
  2: 1610, 117, 270x210
  3: 828, 344, 874x767
  4: 320, 186, 1920x1200
  5: 320, 186, 1920x69
  6: 318, 141, 1924x1247
  7: 728, 138, 448x512
  8: 728, 138, 448x252
  9: 11, 205, 1497x1346
Mouse: 1696, 724 | UIA: None | EW: PySide6.QtCore.QRect(828, 344, 874, 767)
All rects available:
  0: 1023, 404, 484x647
  1: 2396, 1364, 90x90
  2: 1610, 117, 270x210
  3: 828, 344, 874x767
  4: 320, 186, 1920x1200
  5: 320, 186, 1920x69
  6: 318, 141, 1924x1247
  7: 728, 138, 448x512
  8: 728, 138, 448x252
  9: 11, 205, 1497x1346
Mouse: 1696, 723 | UIA: None | EW: PySide6.QtCore.QRect(828, 344, 874, 767)
All rects available:
  0: 1023, 404, 484x647
  1: 2396, 1364, 90x90
  2: 1610, 117, 270x210
  3: 828, 344, 874x767
  4: 320, 186, 1920x1200
  5: 320, 186, 1920x69
  6: 318, 141, 1924x1247
  7: 728, 138, 448x512
  8: 728, 138, 448x252
  9: 11, 205, 1497x1346
Mouse: 1696, 723 | UIA: None | EW: PySide6.QtCore.QRect(828, 344, 874, 767)
All rects available:
  0: 1023, 404, 484x647
  1: 2396, 1364, 90x90
  2: 1610, 117, 270x210
  3: 828, 344, 874x767
  4: 320, 186, 1920x1200
  5: 320, 186, 1920x69
  6: 318, 141, 1924x1247
  7: 728, 138, 448x512
  8: 728, 138, 448x252
  9: 11, 205, 1497x1346
Mouse: 1698, 723 | UIA: None | EW: PySide6.QtCore.QRect(828, 344, 874, 767)
All rects available:
  0: 1023, 404, 484x647
  1: 2396, 1364, 90x90
  2: 1610, 117, 270x210
  3: 828, 344, 874x767
  4: 320, 186, 1920x1200
  5: 320, 186, 1920x69
  6: 318, 141, 1924x1247
  7: 728, 138, 448x512
  8: 728, 138, 448x252
  9: 11, 205, 1497x1346
Mouse: 1698, 722 | UIA: None | EW: PySide6.QtCore.QRect(828, 344, 874, 767)
All rects available:
  0: 1023, 404, 484x647
  1: 2396, 1364, 90x90
  2: 1610, 117, 270x210
  3: 828, 344, 874x767
  4: 320, 186, 1920x1200
  5: 320, 186, 1920x69
  6: 318, 141, 1924x1247
  7: 728, 138, 448x512
  8: 728, 138, 448x252
  9: 11, 205, 1497x1346
Mouse: 1698, 722 | UIA: None | EW: PySide6.QtCore.QRect(828, 344, 874, 767)
All rects available:
  0: 1023, 404, 484x647
  1: 2396, 1364, 90x90
  2: 1610, 117, 270x210
  3: 828, 344, 874x767
  4: 320, 186, 1920x1200
  5: 320, 186, 1920x69
  6: 318, 141, 1924x1247
  7: 728, 138, 448x512
  8: 728, 138, 448x252
  9: 11, 205, 1497x1346
Mouse: 1700, 722 | UIA: None | EW: PySide6.QtCore.QRect(828, 344, 874, 767)
All rects available:
  0: 1023, 404, 484x647
  1: 2396, 1364, 90x90
  2: 1610, 117, 270x210
  3: 828, 344, 874x767
  4: 320, 186, 1920x1200
  5: 320, 186, 1920x69
  6: 318, 141, 1924x1247
  7: 728, 138, 448x512
  8: 728, 138, 448x252
  9: 11, 205, 1497x1346
Mouse: 1700, 720 | UIA: None | EW: PySide6.QtCore.QRect(828, 344, 874, 767)
All rects available:
  0: 1023, 404, 484x647
  1: 2396, 1364, 90x90
  2: 1610, 117, 270x210
  3: 828, 344, 874x767
  4: 320, 186, 1920x1200
  5: 320, 186, 1920x69
  6: 318, 141, 1924x1247
  7: 728, 138, 448x512
  8: 728, 138, 448x252
  9: 11, 205, 1497x1346
Mouse: 1700, 718 | UIA: None | EW: PySide6.QtCore.QRect(828, 344, 874, 767)
All rects available:
  0: 1023, 404, 484x647
  1: 2396, 1364, 90x90
  2: 1610, 117, 270x210
  3: 828, 344, 874x767
  4: 320, 186, 1920x1200
  5: 320, 186, 1920x69
  6: 318, 141, 1924x1247
  7: 728, 138, 448x512
  8: 728, 138, 448x252
  9: 11, 205, 1497x1346
Mouse: 1700, 718 | UIA: None | EW: PySide6.QtCore.QRect(828, 344, 874, 767)
All rects available:
  0: 1023, 404, 484x647
  1: 2396, 1364, 90x90
  2: 1610, 117, 270x210
  3: 828, 344, 874x767
  4: 320, 186, 1920x1200
  5: 320, 186, 1920x69
  6: 318, 141, 1924x1247
  7: 728, 138, 448x512
  8: 728, 138, 448x252
  9: 11, 205, 1497x1346
Mouse: 1700, 718 | UIA: None | EW: PySide6.QtCore.QRect(828, 344, 874, 767)
All rects available:
  0: 1023, 404, 484x647
  1: 2396, 1364, 90x90
  2: 1610, 117, 270x210
  3: 828, 344, 874x767
  4: 320, 186, 1920x1200
  5: 320, 186, 1920x69
  6: 318, 141, 1924x1247
  7: 728, 138, 448x512
  8: 728, 138, 448x252
  9: 11, 205, 1497x1346
Mouse: 1700, 717 | UIA: None | EW: PySide6.QtCore.QRect(828, 344, 874, 767)
All rects available:
  0: 1023, 404, 484x647
  1: 2396, 1364, 90x90
  2: 1610, 117, 270x210
  3: 828, 344, 874x767
  4: 320, 186, 1920x1200
  5: 320, 186, 1920x69
  6: 318, 141, 1924x1247
  7: 728, 138, 448x512
  8: 728, 138, 448x252
  9: 11, 205, 1497x1346
Mouse: 1700, 716 | UIA: None | EW: PySide6.QtCore.QRect(828, 344, 874, 767)
All rects available:
  0: 1023, 404, 484x647
  1: 2396, 1364, 90x90
  2: 1610, 117, 270x210
  3: 828, 344, 874x767
  4: 320, 186, 1920x1200
  5: 320, 186, 1920x69
  6: 318, 141, 1924x1247
  7: 728, 138, 448x512
  8: 728, 138, 448x252
  9: 11, 205, 1497x1346
Mouse: 1700, 716 | UIA: None | EW: PySide6.QtCore.QRect(828, 344, 874, 767)
All rects available:
  0: 1023, 404, 484x647
  1: 2396, 1364, 90x90
  2: 1610, 117, 270x210
  3: 828, 344, 874x767
  4: 320, 186, 1920x1200
  5: 320, 186, 1920x69
  6: 318, 141, 1924x1247
  7: 728, 138, 448x512
  8: 728, 138, 448x252
  9: 11, 205, 1497x1346
Mouse: 1700, 714 | UIA: None | EW: PySide6.QtCore.QRect(828, 344, 874, 767)
All rects available:
  0: 1023, 404, 484x647
  1: 2396, 1364, 90x90
  2: 1610, 117, 270x210
  3: 828, 344, 874x767
  4: 320, 186, 1920x1200
  5: 320, 186, 1920x69
  6: 318, 141, 1924x1247
  7: 728, 138, 448x512
  8: 728, 138, 448x252
  9: 11, 205, 1497x1346
Mouse: 1696, 712 | UIA: None | EW: PySide6.QtCore.QRect(828, 344, 874, 767)
All rects available:
  0: 1023, 404, 484x647
  1: 2396, 1364, 90x90
  2: 1610, 117, 270x210
  3: 828, 344, 874x767
  4: 320, 186, 1920x1200
  5: 320, 186, 1920x69
  6: 318, 141, 1924x1247
  7: 728, 138, 448x512
  8: 728, 138, 448x252
  9: 11, 205, 1497x1346
Mouse: 1696, 712 | UIA: None | EW: PySide6.QtCore.QRect(828, 344, 874, 767)
All rects available:
  0: 1023, 404, 484x647
  1: 2396, 1364, 90x90
  2: 1610, 117, 270x210
  3: 828, 344, 874x767
  4: 320, 186, 1920x1200
  5: 320, 186, 1920x69
  6: 318, 141, 1924x1247
  7: 728, 138, 448x512
  8: 728, 138, 448x252
  9: 11, 205, 1497x1346
Mouse: 1696, 712 | UIA: None | EW: PySide6.QtCore.QRect(828, 344, 874, 767)
All rects available:
  0: 1023, 404, 484x647
  1: 2396, 1364, 90x90
  2: 1610, 117, 270x210
  3: 828, 344, 874x767
  4: 320, 186, 1920x1200
  5: 320, 186, 1920x69
  6: 318, 141, 1924x1247
  7: 728, 138, 448x512
  8: 728, 138, 448x252
  9: 11, 205, 1497x1346
Mouse: 1696, 711 | UIA: None | EW: PySide6.QtCore.QRect(828, 344, 874, 767)
All rects available:
  0: 1023, 404, 484x647
  1: 2396, 1364, 90x90
  2: 1610, 117, 270x210
  3: 828, 344, 874x767
  4: 320, 186, 1920x1200
  5: 320, 186, 1920x69
  6: 318, 141, 1924x1247
  7: 728, 138, 448x512
  8: 728, 138, 448x252
  9: 11, 205, 1497x1346
Mouse: 1695, 710 | UIA: None | EW: PySide6.QtCore.QRect(828, 344, 874, 767)
All rects available:
  0: 1023, 404, 484x647
  1: 2396, 1364, 90x90
  2: 1610, 117, 270x210
  3: 828, 344, 874x767
  4: 320, 186, 1920x1200
  5: 320, 186, 1920x69
  6: 318, 141, 1924x1247
  7: 728, 138, 448x512
  8: 728, 138, 448x252
  9: 11, 205, 1497x1346
Mouse: 1695, 710 | UIA: None | EW: PySide6.QtCore.QRect(828, 344, 874, 767)
All rects available:
  0: 1023, 404, 484x647
  1: 2396, 1364, 90x90
  2: 1610, 117, 270x210
  3: 828, 344, 874x767
  4: 320, 186, 1920x1200
  5: 320, 186, 1920x69
  6: 318, 141, 1924x1247
  7: 728, 138, 448x512
  8: 728, 138, 448x252
  9: 11, 205, 1497x1346
Mouse: 1695, 708 | UIA: None | EW: PySide6.QtCore.QRect(828, 344, 874, 767)
All rects available:
  0: 1023, 404, 484x647
  1: 2396, 1364, 90x90
  2: 1610, 117, 270x210
  3: 828, 344, 874x767
  4: 320, 186, 1920x1200
  5: 320, 186, 1920x69
  6: 318, 141, 1924x1247
  7: 728, 138, 448x512
  8: 728, 138, 448x252
  9: 11, 205, 1497x1346
Mouse: 1695, 706 | UIA: None | EW: PySide6.QtCore.QRect(828, 344, 874, 767)
All rects available:
  0: 1023, 404, 484x647
  1: 2396, 1364, 90x90
  2: 1610, 117, 270x210
  3: 828, 344, 874x767
  4: 320, 186, 1920x1200
  5: 320, 186, 1920x69
  6: 318, 141, 1924x1247
  7: 728, 138, 448x512
  8: 728, 138, 448x252
  9: 11, 205, 1497x1346
Mouse: 1694, 706 | UIA: None | EW: PySide6.QtCore.QRect(828, 344, 874, 767)
All rects available:
  0: 1023, 404, 484x647
  1: 2396, 1364, 90x90
  2: 1610, 117, 270x210
  3: 828, 344, 874x767
  4: 320, 186, 1920x1200
  5: 320, 186, 1920x69
  6: 318, 141, 1924x1247
  7: 728, 138, 448x512
  8: 728, 138, 448x252
  9: 11, 205, 1497x1346
Mouse: 1694, 706 | UIA: None | EW: PySide6.QtCore.QRect(828, 344, 874, 767)
All rects available:
  0: 1023, 404, 484x647
  1: 2396, 1364, 90x90
  2: 1610, 117, 270x210
  3: 828, 344, 874x767
  4: 320, 186, 1920x1200
  5: 320, 186, 1920x69
  6: 318, 141, 1924x1247
  7: 728, 138, 448x512
  8: 728, 138, 448x252
  9: 11, 205, 1497x1346
Mouse: 1692, 705 | UIA: None | EW: PySide6.QtCore.QRect(828, 344, 874, 767)
All rects available:
  0: 1023, 404, 484x647
  1: 2396, 1364, 90x90
  2: 1610, 117, 270x210
  3: 828, 344, 874x767
  4: 320, 186, 1920x1200
  5: 320, 186, 1920x69
  6: 318, 141, 1924x1247
  7: 728, 138, 448x512
  8: 728, 138, 448x252
  9: 11, 205, 1497x1346
Mouse: 1690, 704 | UIA: None | EW: PySide6.QtCore.QRect(828, 344, 874, 767)
All rects available:
  0: 1023, 404, 484x647
  1: 2396, 1364, 90x90
  2: 1610, 117, 270x210
  3: 828, 344, 874x767
  4: 320, 186, 1920x1200
  5: 320, 186, 1920x69
  6: 318, 141, 1924x1247
  7: 728, 138, 448x512
  8: 728, 138, 448x252
  9: 11, 205, 1497x1346
Mouse: 1689, 704 | UIA: None | EW: PySide6.QtCore.QRect(828, 344, 874, 767)
All rects available:
  0: 1023, 404, 484x647
  1: 2396, 1364, 90x90
  2: 1610, 117, 270x210
  3: 828, 344, 874x767
  4: 320, 186, 1920x1200
  5: 320, 186, 1920x69
  6: 318, 141, 1924x1247
  7: 728, 138, 448x512
  8: 728, 138, 448x252
  9: 11, 205, 1497x1346
Mouse: 1689, 702 | UIA: None | EW: PySide6.QtCore.QRect(828, 344, 874, 767)
All rects available:
  0: 1023, 404, 484x647
  1: 2396, 1364, 90x90
  2: 1610, 117, 270x210
  3: 828, 344, 874x767
  4: 320, 186, 1920x1200
  5: 320, 186, 1920x69
  6: 318, 141, 1924x1247
  7: 728, 138, 448x512
  8: 728, 138, 448x252
  9: 11, 205, 1497x1346
Mouse: 1688, 700 | UIA: None | EW: PySide6.QtCore.QRect(828, 344, 874, 767)
All rects available:
  0: 1023, 404, 484x647
  1: 2396, 1364, 90x90
  2: 1610, 117, 270x210
  3: 828, 344, 874x767
  4: 320, 186, 1920x1200
  5: 320, 186, 1920x69
  6: 318, 141, 1924x1247
  7: 728, 138, 448x512
  8: 728, 138, 448x252
  9: 11, 205, 1497x1346
Mouse: 1688, 699 | UIA: None | EW: PySide6.QtCore.QRect(828, 344, 874, 767)
All rects available:
  0: 1023, 404, 484x647
  1: 2396, 1364, 90x90
  2: 1610, 117, 270x210
  3: 828, 344, 874x767
  4: 320, 186, 1920x1200
  5: 320, 186, 1920x69
  6: 318, 141, 1924x1247
  7: 728, 138, 448x512
  8: 728, 138, 448x252
  9: 11, 205, 1497x1346
Mouse: 1684, 696 | UIA: None | EW: PySide6.QtCore.QRect(828, 344, 874, 767)
All rects available:
  0: 1023, 404, 484x647
  1: 2396, 1364, 90x90
  2: 1610, 117, 270x210
  3: 828, 344, 874x767
  4: 320, 186, 1920x1200
  5: 320, 186, 1920x69
  6: 318, 141, 1924x1247
  7: 728, 138, 448x512
  8: 728, 138, 448x252
  9: 11, 205, 1497x1346
Mouse: 1683, 693 | UIA: None | EW: PySide6.QtCore.QRect(828, 344, 874, 767)
All rects available:
  0: 1023, 404, 484x647
  1: 2396, 1364, 90x90
  2: 1610, 117, 270x210
  3: 828, 344, 874x767
  4: 320, 186, 1920x1200
  5: 320, 186, 1920x69
  6: 318, 141, 1924x1247
  7: 728, 138, 448x512
  8: 728, 138, 448x252
  9: 11, 205, 1497x1346
Mouse: 1680, 690 | UIA: None | EW: PySide6.QtCore.QRect(828, 344, 874, 767)
All rects available:
  0: 1023, 404, 484x647
  1: 2396, 1364, 90x90
  2: 1610, 117, 270x210
  3: 828, 344, 874x767
  4: 320, 186, 1920x1200
  5: 320, 186, 1920x69
  6: 318, 141, 1924x1247
  7: 728, 138, 448x512
  8: 728, 138, 448x252
  9: 11, 205, 1497x1346
Mouse: 1680, 688 | UIA: None | EW: PySide6.QtCore.QRect(828, 344, 874, 767)
All rects available:
  0: 1023, 404, 484x647
  1: 2396, 1364, 90x90
  2: 1610, 117, 270x210
  3: 828, 344, 874x767
  4: 320, 186, 1920x1200
  5: 320, 186, 1920x69
  6: 318, 141, 1924x1247
  7: 728, 138, 448x512
  8: 728, 138, 448x252
  9: 11, 205, 1497x1346
Mouse: 1678, 687 | UIA: None | EW: PySide6.QtCore.QRect(828, 344, 874, 767)
All rects available:
  0: 1023, 404, 484x647
  1: 2396, 1364, 90x90
  2: 1610, 117, 270x210
  3: 828, 344, 874x767
  4: 320, 186, 1920x1200
  5: 320, 186, 1920x69
  6: 318, 141, 1924x1247
  7: 728, 138, 448x512
  8: 728, 138, 448x252
  9: 11, 205, 1497x1346
Mouse: 1676, 684 | UIA: None | EW: PySide6.QtCore.QRect(828, 344, 874, 767)
All rects available:
  0: 1023, 404, 484x647
  1: 2396, 1364, 90x90
  2: 1610, 117, 270x210
  3: 828, 344, 874x767
  4: 320, 186, 1920x1200
  5: 320, 186, 1920x69
  6: 318, 141, 1924x1247
  7: 728, 138, 448x512
  8: 728, 138, 448x252
  9: 11, 205, 1497x1346
Mouse: 1672, 681 | UIA: None | EW: PySide6.QtCore.QRect(828, 344, 874, 767)
All rects available:
  0: 1023, 404, 484x647
  1: 2396, 1364, 90x90
  2: 1610, 117, 270x210
  3: 828, 344, 874x767
  4: 320, 186, 1920x1200
  5: 320, 186, 1920x69
  6: 318, 141, 1924x1247
  7: 728, 138, 448x512
  8: 728, 138, 448x252
  9: 11, 205, 1497x1346
Mouse: 1671, 680 | UIA: None | EW: PySide6.QtCore.QRect(828, 344, 874, 767)
All rects available:
  0: 1023, 404, 484x647
  1: 2396, 1364, 90x90
  2: 1610, 117, 270x210
  3: 828, 344, 874x767
  4: 320, 186, 1920x1200
  5: 320, 186, 1920x69
  6: 318, 141, 1924x1247
  7: 728, 138, 448x512
  8: 728, 138, 448x252
  9: 11, 205, 1497x1346
Mouse: 1668, 676 | UIA: None | EW: PySide6.QtCore.QRect(828, 344, 874, 767)
All rects available:
  0: 1023, 404, 484x647
  1: 2396, 1364, 90x90
  2: 1610, 117, 270x210
  3: 828, 344, 874x767
  4: 320, 186, 1920x1200
  5: 320, 186, 1920x69
  6: 318, 141, 1924x1247
  7: 728, 138, 448x512
  8: 728, 138, 448x252
  9: 11, 205, 1497x1346
Mouse: 1666, 674 | UIA: None | EW: PySide6.QtCore.QRect(828, 344, 874, 767)
All rects available:
  0: 1023, 404, 484x647
  1: 2396, 1364, 90x90
  2: 1610, 117, 270x210
  3: 828, 344, 874x767
  4: 320, 186, 1920x1200
  5: 320, 186, 1920x69
  6: 318, 141, 1924x1247
  7: 728, 138, 448x512
  8: 728, 138, 448x252
  9: 11, 205, 1497x1346
Mouse: 1665, 672 | UIA: None | EW: PySide6.QtCore.QRect(828, 344, 874, 767)
All rects available:
  0: 1023, 404, 484x647
  1: 2396, 1364, 90x90
  2: 1610, 117, 270x210
  3: 828, 344, 874x767
  4: 320, 186, 1920x1200
  5: 320, 186, 1920x69
  6: 318, 141, 1924x1247
  7: 728, 138, 448x512
  8: 728, 138, 448x252
  9: 11, 205, 1497x1346
Mouse: 1664, 670 | UIA: None | EW: PySide6.QtCore.QRect(828, 344, 874, 767)
All rects available:
  0: 1023, 404, 484x647
  1: 2396, 1364, 90x90
  2: 1610, 117, 270x210
  3: 828, 344, 874x767
  4: 320, 186, 1920x1200
  5: 320, 186, 1920x69
  6: 318, 141, 1924x1247
  7: 728, 138, 448x512
  8: 728, 138, 448x252
  9: 11, 205, 1497x1346
Mouse: 1660, 668 | UIA: None | EW: PySide6.QtCore.QRect(828, 344, 874, 767)
All rects available:
  0: 1023, 404, 484x647
  1: 2396, 1364, 90x90
  2: 1610, 117, 270x210
  3: 828, 344, 874x767
  4: 320, 186, 1920x1200
  5: 320, 186, 1920x69
  6: 318, 141, 1924x1247
  7: 728, 138, 448x512
  8: 728, 138, 448x252
  9: 11, 205, 1497x1346
Mouse: 1658, 663 | UIA: None | EW: PySide6.QtCore.QRect(828, 344, 874, 767)
All rects available:
  0: 1023, 404, 484x647
  1: 2396, 1364, 90x90
  2: 1610, 117, 270x210
  3: 828, 344, 874x767
  4: 320, 186, 1920x1200
  5: 320, 186, 1920x69
  6: 318, 141, 1924x1247
  7: 728, 138, 448x512
  8: 728, 138, 448x252
  9: 11, 205, 1497x1346
Mouse: 1658, 662 | UIA: None | EW: PySide6.QtCore.QRect(828, 344, 874, 767)
All rects available:
  0: 1023, 404, 484x647
  1: 2396, 1364, 90x90
  2: 1610, 117, 270x210
  3: 828, 344, 874x767
  4: 320, 186, 1920x1200
  5: 320, 186, 1920x69
  6: 318, 141, 1924x1247
  7: 728, 138, 448x512
  8: 728, 138, 448x252
  9: 11, 205, 1497x1346
Mouse: 1654, 657 | UIA: None | EW: PySide6.QtCore.QRect(828, 344, 874, 767)
All rects available:
  0: 1023, 404, 484x647
  1: 2396, 1364, 90x90
  2: 1610, 117, 270x210
  3: 828, 344, 874x767
  4: 320, 186, 1920x1200
  5: 320, 186, 1920x69
  6: 318, 141, 1924x1247
  7: 728, 138, 448x512
  8: 728, 138, 448x252
  9: 11, 205, 1497x1346
Mouse: 1654, 654 | UIA: None | EW: PySide6.QtCore.QRect(828, 344, 874, 767)
All rects available:
  0: 1023, 404, 484x647
  1: 2396, 1364, 90x90
  2: 1610, 117, 270x210
  3: 828, 344, 874x767
  4: 320, 186, 1920x1200
  5: 320, 186, 1920x69
  6: 318, 141, 1924x1247
  7: 728, 138, 448x512
  8: 728, 138, 448x252
  9: 11, 205, 1497x1346
Mouse: 1653, 651 | UIA: None | EW: PySide6.QtCore.QRect(828, 344, 874, 767)
All rects available:
  0: 1023, 404, 484x647
  1: 2396, 1364, 90x90
  2: 1610, 117, 270x210
  3: 828, 344, 874x767
  4: 320, 186, 1920x1200
  5: 320, 186, 1920x69
  6: 318, 141, 1924x1247
  7: 728, 138, 448x512
  8: 728, 138, 448x252
  9: 11, 205, 1497x1346
Mouse: 1652, 650 | UIA: None | EW: PySide6.QtCore.QRect(828, 344, 874, 767)
All rects available:
  0: 1023, 404, 484x647
  1: 2396, 1364, 90x90
  2: 1610, 117, 270x210
  3: 828, 344, 874x767
  4: 320, 186, 1920x1200
  5: 320, 186, 1920x69
  6: 318, 141, 1924x1247
  7: 728, 138, 448x512
  8: 728, 138, 448x252
  9: 11, 205, 1497x1346
Mouse: 1652, 648 | UIA: None | EW: PySide6.QtCore.QRect(828, 344, 874, 767)
All rects available:
  0: 1023, 404, 484x647
  1: 2396, 1364, 90x90
  2: 1610, 117, 270x210
  3: 828, 344, 874x767
  4: 320, 186, 1920x1200
  5: 320, 186, 1920x69
  6: 318, 141, 1924x1247
  7: 728, 138, 448x512
  8: 728, 138, 448x252
  9: 11, 205, 1497x1346
Mouse: 1650, 646 | UIA: None | EW: PySide6.QtCore.QRect(828, 344, 874, 767)
All rects available:
  0: 1023, 404, 484x647
  1: 2396, 1364, 90x90
  2: 1610, 117, 270x210
  3: 828, 344, 874x767
  4: 320, 186, 1920x1200
  5: 320, 186, 1920x69
  6: 318, 141, 1924x1247
  7: 728, 138, 448x512
  8: 728, 138, 448x252
  9: 11, 205, 1497x1346
Mouse: 1648, 646 | UIA: None | EW: PySide6.QtCore.QRect(828, 344, 874, 767)
All rects available:
  0: 1023, 404, 484x647
  1: 2396, 1364, 90x90
  2: 1610, 117, 270x210
  3: 828, 344, 874x767
  4: 320, 186, 1920x1200
  5: 320, 186, 1920x69
  6: 318, 141, 1924x1247
  7: 728, 138, 448x512
  8: 728, 138, 448x252
  9: 11, 205, 1497x1346
Mouse: 1648, 646 | UIA: None | EW: PySide6.QtCore.QRect(828, 344, 874, 767)
All rects available:
  0: 1023, 404, 484x647
  1: 2396, 1364, 90x90
  2: 1610, 117, 270x210
  3: 828, 344, 874x767
  4: 320, 186, 1920x1200
  5: 320, 186, 1920x69
  6: 318, 141, 1924x1247
  7: 728, 138, 448x512
  8: 728, 138, 448x252
  9: 11, 205, 1497x1346
Mouse: 1647, 646 | UIA: None | EW: PySide6.QtCore.QRect(828, 344, 874, 767)
All rects available:
  0: 1023, 404, 484x647
  1: 2396, 1364, 90x90
  2: 1610, 117, 270x210
  3: 828, 344, 874x767
  4: 320, 186, 1920x1200
  5: 320, 186, 1920x69
  6: 318, 141, 1924x1247
  7: 728, 138, 448x512
  8: 728, 138, 448x252
  9: 11, 205, 1497x1346
Mouse: 1636, 646 | UIA: None | EW: PySide6.QtCore.QRect(828, 344, 874, 767)
All rects available:
  0: 1023, 404, 484x647
  1: 2396, 1364, 90x90
  2: 1610, 117, 270x210
  3: 828, 344, 874x767
  4: 320, 186, 1920x1200
  5: 320, 186, 1920x69
  6: 318, 141, 1924x1247
  7: 728, 138, 448x512
  8: 728, 138, 448x252
  9: 11, 205, 1497x1346
Mouse: 1622, 650 | UIA: None | EW: PySide6.QtCore.QRect(828, 344, 874, 767)
All rects available:
  0: 1023, 404, 484x647
  1: 2396, 1364, 90x90
  2: 1610, 117, 270x210
  3: 828, 344, 874x767
  4: 320, 186, 1920x1200
  5: 320, 186, 1920x69
  6: 318, 141, 1924x1247
  7: 728, 138, 448x512
  8: 728, 138, 448x252
  9: 11, 205, 1497x1346
Mouse: 1578, 662 | UIA: None | EW: PySide6.QtCore.QRect(828, 344, 874, 767)
All rects available:
  0: 1023, 404, 484x647
  1: 2396, 1364, 90x90
  2: 1610, 117, 270x210
  3: 828, 344, 874x767
  4: 320, 186, 1920x1200
  5: 320, 186, 1920x69
  6: 318, 141, 1924x1247
  7: 728, 138, 448x512
  8: 728, 138, 448x252
  9: 11, 205, 1497x1346
Mouse: 1540, 668 | UIA: None | EW: PySide6.QtCore.QRect(828, 344, 874, 767)
All rects available:
  0: 1023, 404, 484x647
  1: 2396, 1364, 90x90
  2: 1610, 117, 270x210
  3: 828, 344, 874x767
  4: 320, 186, 1920x1200
  5: 320, 186, 1920x69
  6: 318, 141, 1924x1247
  7: 728, 138, 448x512
  8: 728, 138, 448x252
  9: 11, 205, 1497x1346
Mouse: 1518, 668 | UIA: None | EW: PySide6.QtCore.QRect(828, 344, 874, 767)
All rects available:
  0: 1023, 404, 484x647
  1: 2396, 1364, 90x90
  2: 1610, 117, 270x210
  3: 828, 344, 874x767
  4: 320, 186, 1920x1200
  5: 320, 186, 1920x69
  6: 318, 141, 1924x1247
  7: 728, 138, 448x512
  8: 728, 138, 448x252
  9: 11, 205, 1497x1346
Mouse: 2018, 352 | UIA: None | EW: PySide6.QtCore.QRect(320, 186, 1920, 1200)
All rects available:
  0: 1674, 356, 484x647
  1: 1610, 117, 270x210
  2: 2396, 1364, 90x90
  3: 632, 153, 1250x60
  4: 152, 153, 1730x924
  5: 150, 152, 1734x927
  6: 0, 64, 1815x1464
  7: 828, 344, 874x767
  8: 320, 186, 1920x1200
  9: 320, 186, 1920x69
Mouse: 2188, 489 | UIA: None | EW: PySide6.QtCore.QRect(320, 186, 1920, 1200)
All rects available:
  0: 1674, 356, 484x647
  1: 1610, 117, 270x210
  2: 2396, 1364, 90x90
  3: 632, 153, 1250x60
  4: 152, 153, 1730x924
  5: 150, 152, 1734x927
  6: 0, 64, 1815x1464
  7: 828, 344, 874x767
  8: 320, 186, 1920x1200
  9: 320, 186, 1920x69
Mouse: 2220, 500 | UIA: None | EW: PySide6.QtCore.QRect(320, 186, 1920, 1200)
All rects available:
  0: 1674, 356, 484x647
  1: 1610, 117, 270x210
  2: 2396, 1364, 90x90
  3: 632, 153, 1250x60
  4: 152, 153, 1730x924
  5: 150, 152, 1734x927
  6: 0, 64, 1815x1464
  7: 828, 344, 874x767
  8: 320, 186, 1920x1200
  9: 320, 186, 1920x69
Mouse: 2252, 510 | UIA: None | EW: PySide6.QtCore.QRect(0, 0, 2560, 1600)
All rects available:
  0: 1674, 356, 484x647
  1: 1610, 117, 270x210
  2: 2396, 1364, 90x90
  3: 632, 153, 1250x60
  4: 152, 153, 1730x924
  5: 150, 152, 1734x927
  6: 0, 64, 1815x1464
  7: 828, 344, 874x767
  8: 320, 186, 1920x1200
  9: 320, 186, 1920x69
Mouse: 2264, 514 | UIA: None | EW: PySide6.QtCore.QRect(0, 0, 2560, 1600)
All rects available:
  0: 1674, 356, 484x647
  1: 1610, 117, 270x210
  2: 2396, 1364, 90x90
  3: 632, 153, 1250x60
  4: 152, 153, 1730x924
  5: 150, 152, 1734x927
  6: 0, 64, 1815x1464
  7: 828, 344, 874x767
  8: 320, 186, 1920x1200
  9: 320, 186, 1920x69
Mouse: 2290, 524 | UIA: None | EW: PySide6.QtCore.QRect(0, 0, 2560, 1600)
All rects available:
  0: 1674, 356, 484x647
  1: 1610, 117, 270x210
  2: 2396, 1364, 90x90
  3: 632, 153, 1250x60
  4: 152, 153, 1730x924
  5: 150, 152, 1734x927
  6: 0, 64, 1815x1464
  7: 828, 344, 874x767
  8: 320, 186, 1920x1200
  9: 320, 186, 1920x69
Mouse: 2296, 525 | UIA: None | EW: PySide6.QtCore.QRect(0, 0, 2560, 1600)
All rects available:
  0: 1674, 356, 484x647
  1: 1610, 117, 270x210
  2: 2396, 1364, 90x90
  3: 632, 153, 1250x60
  4: 152, 153, 1730x924
  5: 150, 152, 1734x927
  6: 0, 64, 1815x1464
  7: 828, 344, 874x767
  8: 320, 186, 1920x1200
  9: 320, 186, 1920x69
Mouse: 2306, 526 | UIA: None | EW: PySide6.QtCore.QRect(0, 0, 2560, 1600)
All rects available:
  0: 1674, 356, 484x647
  1: 1610, 117, 270x210
  2: 2396, 1364, 90x90
  3: 632, 153, 1250x60
  4: 152, 153, 1730x924
  5: 150, 152, 1734x927
  6: 0, 64, 1815x1464
  7: 828, 344, 874x767
  8: 320, 186, 1920x1200
  9: 320, 186, 1920x69
Mouse: 2312, 530 | UIA: None | EW: PySide6.QtCore.QRect(0, 0, 2560, 1600)
All rects available:
  0: 1674, 356, 484x647
  1: 1610, 117, 270x210
  2: 2396, 1364, 90x90
  3: 632, 153, 1250x60
  4: 152, 153, 1730x924
  5: 150, 152, 1734x927
  6: 0, 64, 1815x1464
  7: 828, 344, 874x767
  8: 320, 186, 1920x1200
  9: 320, 186, 1920x69
Mouse: 2316, 531 | UIA: None | EW: PySide6.QtCore.QRect(0, 0, 2560, 1600)
All rects available:
  0: 1674, 356, 484x647
  1: 1610, 117, 270x210
  2: 2396, 1364, 90x90
  3: 632, 153, 1250x60
  4: 152, 153, 1730x924
  5: 150, 152, 1734x927
  6: 0, 64, 1815x1464
  7: 828, 344, 874x767
  8: 320, 186, 1920x1200
  9: 320, 186, 1920x69
Mouse: 2318, 531 | UIA: None | EW: PySide6.QtCore.QRect(0, 0, 2560, 1600)
All rects available:
  0: 1674, 356, 484x647
  1: 1610, 117, 270x210
  2: 2396, 1364, 90x90
  3: 632, 153, 1250x60
  4: 152, 153, 1730x924
  5: 150, 152, 1734x927
  6: 0, 64, 1815x1464
  7: 828, 344, 874x767
  8: 320, 186, 1920x1200
  9: 320, 186, 1920x69
Mouse: 2319, 531 | UIA: None | EW: PySide6.QtCore.QRect(0, 0, 2560, 1600)
All rects available:
  0: 1674, 356, 484x647
  1: 1610, 117, 270x210
  2: 2396, 1364, 90x90
  3: 632, 153, 1250x60
  4: 152, 153, 1730x924
  5: 150, 152, 1734x927
  6: 0, 64, 1815x1464
  7: 828, 344, 874x767
  8: 320, 186, 1920x1200
  9: 320, 186, 1920x69
Mouse: 2319, 530 | UIA: None | EW: PySide6.QtCore.QRect(0, 0, 2560, 1600)
All rects available:
  0: 1674, 356, 484x647
  1: 1610, 117, 270x210
  2: 2396, 1364, 90x90
  3: 632, 153, 1250x60
  4: 152, 153, 1730x924
  5: 150, 152, 1734x927
  6: 0, 64, 1815x1464
  7: 828, 344, 874x767
  8: 320, 186, 1920x1200
  9: 320, 186, 1920x69
Mouse: 2318, 530 | UIA: None | EW: PySide6.QtCore.QRect(0, 0, 2560, 1600)
All rects available:
  0: 1674, 356, 484x647
  1: 1610, 117, 270x210
  2: 2396, 1364, 90x90
  3: 632, 153, 1250x60
  4: 152, 153, 1730x924
  5: 150, 152, 1734x927
  6: 0, 64, 1815x1464
  7: 828, 344, 874x767
  8: 320, 186, 1920x1200
  9: 320, 186, 1920x69
Mouse: 2318, 530 | UIA: None | EW: PySide6.QtCore.QRect(0, 0, 2560, 1600)
All rects available:
  0: 1674, 356, 484x647
  1: 1610, 117, 270x210
  2: 2396, 1364, 90x90
  3: 632, 153, 1250x60
  4: 152, 153, 1730x924
  5: 150, 152, 1734x927
  6: 0, 64, 1815x1464
  7: 828, 344, 874x767
  8: 320, 186, 1920x1200
  9: 320, 186, 1920x69
Mouse: 2318, 528 | UIA: None | EW: PySide6.QtCore.QRect(0, 0, 2560, 1600)
All rects available:
  0: 1674, 356, 484x647
  1: 1610, 117, 270x210
  2: 2396, 1364, 90x90
  3: 632, 153, 1250x60
  4: 152, 153, 1730x924
  5: 150, 152, 1734x927
  6: 0, 64, 1815x1464
  7: 828, 344, 874x767
  8: 320, 186, 1920x1200
  9: 320, 186, 1920x69
Mouse: 2316, 526 | UIA: None | EW: PySide6.QtCore.QRect(0, 0, 2560, 1600)
All rects available:
  0: 1674, 356, 484x647
  1: 1610, 117, 270x210
  2: 2396, 1364, 90x90
  3: 632, 153, 1250x60
  4: 152, 153, 1730x924
  5: 150, 152, 1734x927
  6: 0, 64, 1815x1464
  7: 828, 344, 874x767
  8: 320, 186, 1920x1200
  9: 320, 186, 1920x69
Mouse: 2314, 526 | UIA: None | EW: PySide6.QtCore.QRect(0, 0, 2560, 1600)
All rects available:
  0: 1674, 356, 484x647
  1: 1610, 117, 270x210
  2: 2396, 1364, 90x90
  3: 632, 153, 1250x60
  4: 152, 153, 1730x924
  5: 150, 152, 1734x927
  6: 0, 64, 1815x1464
  7: 828, 344, 874x767
  8: 320, 186, 1920x1200
  9: 320, 186, 1920x69
Mouse: 2313, 526 | UIA: None | EW: PySide6.QtCore.QRect(0, 0, 2560, 1600)
All rects available:
  0: 1674, 356, 484x647
  1: 1610, 117, 270x210
  2: 2396, 1364, 90x90
  3: 632, 153, 1250x60
  4: 152, 153, 1730x924
  5: 150, 152, 1734x927
  6: 0, 64, 1815x1464
  7: 828, 344, 874x767
  8: 320, 186, 1920x1200
  9: 320, 186, 1920x69
Mouse: 2312, 526 | UIA: None | EW: PySide6.QtCore.QRect(0, 0, 2560, 1600)
All rects available:
  0: 1674, 356, 484x647
  1: 1610, 117, 270x210
  2: 2396, 1364, 90x90
  3: 632, 153, 1250x60
  4: 152, 153, 1730x924
  5: 150, 152, 1734x927
  6: 0, 64, 1815x1464
  7: 828, 344, 874x767
  8: 320, 186, 1920x1200
  9: 320, 186, 1920x69
Mouse: 2310, 525 | UIA: None | EW: PySide6.QtCore.QRect(0, 0, 2560, 1600)
All rects available:
  0: 1674, 356, 484x647
  1: 1610, 117, 270x210
  2: 2396, 1364, 90x90
  3: 632, 153, 1250x60
  4: 152, 153, 1730x924
  5: 150, 152, 1734x927
  6: 0, 64, 1815x1464
  7: 828, 344, 874x767
  8: 320, 186, 1920x1200
  9: 320, 186, 1920x69
Mouse: 2308, 524 | UIA: None | EW: PySide6.QtCore.QRect(0, 0, 2560, 1600)
All rects available:
  0: 1674, 356, 484x647
  1: 1610, 117, 270x210
  2: 2396, 1364, 90x90
  3: 632, 153, 1250x60
  4: 152, 153, 1730x924
  5: 150, 152, 1734x927
  6: 0, 64, 1815x1464
  7: 828, 344, 874x767
  8: 320, 186, 1920x1200
  9: 320, 186, 1920x69
Mouse: 2306, 522 | UIA: None | EW: PySide6.QtCore.QRect(0, 0, 2560, 1600)
All rects available:
  0: 1674, 356, 484x647
  1: 1610, 117, 270x210
  2: 2396, 1364, 90x90
  3: 632, 153, 1250x60
  4: 152, 153, 1730x924
  5: 150, 152, 1734x927
  6: 0, 64, 1815x1464
  7: 828, 344, 874x767
  8: 320, 186, 1920x1200
  9: 320, 186, 1920x69
Mouse: 2306, 520 | UIA: None | EW: PySide6.QtCore.QRect(0, 0, 2560, 1600)
All rects available:
  0: 1674, 356, 484x647
  1: 1610, 117, 270x210
  2: 2396, 1364, 90x90
  3: 632, 153, 1250x60
  4: 152, 153, 1730x924
  5: 150, 152, 1734x927
  6: 0, 64, 1815x1464
  7: 828, 344, 874x767
  8: 320, 186, 1920x1200
  9: 320, 186, 1920x69
Mouse: 2302, 520 | UIA: None | EW: PySide6.QtCore.QRect(0, 0, 2560, 1600)
All rects available:
  0: 1674, 356, 484x647
  1: 1610, 117, 270x210
  2: 2396, 1364, 90x90
  3: 632, 153, 1250x60
  4: 152, 153, 1730x924
  5: 150, 152, 1734x927
  6: 0, 64, 1815x1464
  7: 828, 344, 874x767
  8: 320, 186, 1920x1200
  9: 320, 186, 1920x69
Mouse: 2302, 518 | UIA: None | EW: PySide6.QtCore.QRect(0, 0, 2560, 1600)
All rects available:
  0: 1674, 356, 484x647
  1: 1610, 117, 270x210
  2: 2396, 1364, 90x90
  3: 632, 153, 1250x60
  4: 152, 153, 1730x924
  5: 150, 152, 1734x927
  6: 0, 64, 1815x1464
  7: 828, 344, 874x767
  8: 320, 186, 1920x1200
  9: 320, 186, 1920x69
Mouse: 2300, 518 | UIA: None | EW: PySide6.QtCore.QRect(0, 0, 2560, 1600)
All rects available:
  0: 1674, 356, 484x647
  1: 1610, 117, 270x210
  2: 2396, 1364, 90x90
  3: 632, 153, 1250x60
  4: 152, 153, 1730x924
  5: 150, 152, 1734x927
  6: 0, 64, 1815x1464
  7: 828, 344, 874x767
  8: 320, 186, 1920x1200
  9: 320, 186, 1920x69
Mouse: 2298, 514 | UIA: None | EW: PySide6.QtCore.QRect(0, 0, 2560, 1600)
All rects available:
  0: 1674, 356, 484x647
  1: 1610, 117, 270x210
  2: 2396, 1364, 90x90
  3: 632, 153, 1250x60
  4: 152, 153, 1730x924
  5: 150, 152, 1734x927
  6: 0, 64, 1815x1464
  7: 828, 344, 874x767
  8: 320, 186, 1920x1200
  9: 320, 186, 1920x69
Mouse: 2290, 510 | UIA: None | EW: PySide6.QtCore.QRect(0, 0, 2560, 1600)
All rects available:
  0: 1674, 356, 484x647
  1: 1610, 117, 270x210
  2: 2396, 1364, 90x90
  3: 632, 153, 1250x60
  4: 152, 153, 1730x924
  5: 150, 152, 1734x927
  6: 0, 64, 1815x1464
  7: 828, 344, 874x767
  8: 320, 186, 1920x1200
  9: 320, 186, 1920x69
Mouse: 2284, 506 | UIA: None | EW: PySide6.QtCore.QRect(0, 0, 2560, 1600)
All rects available:
  0: 1674, 356, 484x647
  1: 1610, 117, 270x210
  2: 2396, 1364, 90x90
  3: 632, 153, 1250x60
  4: 152, 153, 1730x924
  5: 150, 152, 1734x927
  6: 0, 64, 1815x1464
  7: 828, 344, 874x767
  8: 320, 186, 1920x1200
  9: 320, 186, 1920x69
Mouse: 2282, 502 | UIA: None | EW: PySide6.QtCore.QRect(0, 0, 2560, 1600)
All rects available:
  0: 1674, 356, 484x647
  1: 1610, 117, 270x210
  2: 2396, 1364, 90x90
  3: 632, 153, 1250x60
  4: 152, 153, 1730x924
  5: 150, 152, 1734x927
  6: 0, 64, 1815x1464
  7: 828, 344, 874x767
  8: 320, 186, 1920x1200
  9: 320, 186, 1920x69
Mouse: 2271, 498 | UIA: None | EW: PySide6.QtCore.QRect(0, 0, 2560, 1600)
All rects available:
  0: 1674, 356, 484x647
  1: 1610, 117, 270x210
  2: 2396, 1364, 90x90
  3: 632, 153, 1250x60
  4: 152, 153, 1730x924
  5: 150, 152, 1734x927
  6: 0, 64, 1815x1464
  7: 828, 344, 874x767
  8: 320, 186, 1920x1200
  9: 320, 186, 1920x69
Mouse: 2259, 492 | UIA: None | EW: PySide6.QtCore.QRect(0, 0, 2560, 1600)
All rects available:
  0: 1674, 356, 484x647
  1: 1610, 117, 270x210
  2: 2396, 1364, 90x90
  3: 632, 153, 1250x60
  4: 152, 153, 1730x924
  5: 150, 152, 1734x927
  6: 0, 64, 1815x1464
  7: 828, 344, 874x767
  8: 320, 186, 1920x1200
  9: 320, 186, 1920x69
Mouse: 2252, 489 | UIA: None | EW: PySide6.QtCore.QRect(0, 0, 2560, 1600)
All rects available:
  0: 1674, 356, 484x647
  1: 1610, 117, 270x210
  2: 2396, 1364, 90x90
  3: 632, 153, 1250x60
  4: 152, 153, 1730x924
  5: 150, 152, 1734x927
  6: 0, 64, 1815x1464
  7: 828, 344, 874x767
  8: 320, 186, 1920x1200
  9: 320, 186, 1920x69
Mouse: 2240, 482 | UIA: None | EW: PySide6.QtCore.QRect(318, 141, 1924, 1247)
All rects available:
  0: 1674, 356, 484x647
  1: 1610, 117, 270x210
  2: 2396, 1364, 90x90
  3: 632, 153, 1250x60
  4: 152, 153, 1730x924
  5: 150, 152, 1734x927
  6: 0, 64, 1815x1464
  7: 828, 344, 874x767
  8: 320, 186, 1920x1200
  9: 320, 186, 1920x69
Mouse: 2232, 478 | UIA: None | EW: PySide6.QtCore.QRect(320, 186, 1920, 1200)
All rects available:
  0: 1674, 356, 484x647
  1: 1610, 117, 270x210
  2: 2396, 1364, 90x90
  3: 632, 153, 1250x60
  4: 152, 153, 1730x924
  5: 150, 152, 1734x927
  6: 0, 64, 1815x1464
  7: 828, 344, 874x767
  8: 320, 186, 1920x1200
  9: 320, 186, 1920x69
Mouse: 2222, 474 | UIA: None | EW: PySide6.QtCore.QRect(320, 186, 1920, 1200)
All rects available:
  0: 1674, 356, 484x647
  1: 1610, 117, 270x210
  2: 2396, 1364, 90x90
  3: 632, 153, 1250x60
  4: 152, 153, 1730x924
  5: 150, 152, 1734x927
  6: 0, 64, 1815x1464
  7: 828, 344, 874x767
  8: 320, 186, 1920x1200
  9: 320, 186, 1920x69
Mouse: 2218, 471 | UIA: None | EW: PySide6.QtCore.QRect(320, 186, 1920, 1200)
All rects available:
  0: 1674, 356, 484x647
  1: 1610, 117, 270x210
  2: 2396, 1364, 90x90
  3: 632, 153, 1250x60
  4: 152, 153, 1730x924
  5: 150, 152, 1734x927
  6: 0, 64, 1815x1464
  7: 828, 344, 874x767
  8: 320, 186, 1920x1200
  9: 320, 186, 1920x69
Mouse: 2210, 466 | UIA: None | EW: PySide6.QtCore.QRect(320, 186, 1920, 1200)
All rects available:
  0: 1674, 356, 484x647
  1: 1610, 117, 270x210
  2: 2396, 1364, 90x90
  3: 632, 153, 1250x60
  4: 152, 153, 1730x924
  5: 150, 152, 1734x927
  6: 0, 64, 1815x1464
  7: 828, 344, 874x767
  8: 320, 186, 1920x1200
  9: 320, 186, 1920x69
Mouse: 2194, 459 | UIA: None | EW: PySide6.QtCore.QRect(320, 186, 1920, 1200)
All rects available:
  0: 1674, 356, 484x647
  1: 1610, 117, 270x210
  2: 2396, 1364, 90x90
  3: 632, 153, 1250x60
  4: 152, 153, 1730x924
  5: 150, 152, 1734x927
  6: 0, 64, 1815x1464
  7: 828, 344, 874x767
  8: 320, 186, 1920x1200
  9: 320, 186, 1920x69
Mouse: 2181, 452 | UIA: None | EW: PySide6.QtCore.QRect(320, 186, 1920, 1200)
All rects available:
  0: 1674, 356, 484x647
  1: 1610, 117, 270x210
  2: 2396, 1364, 90x90
  3: 632, 153, 1250x60
  4: 152, 153, 1730x924
  5: 150, 152, 1734x927
  6: 0, 64, 1815x1464
  7: 828, 344, 874x767
  8: 320, 186, 1920x1200
  9: 320, 186, 1920x69
Mouse: 2174, 392 | UIA: None | EW: PySide6.QtCore.QRect(320, 186, 1920, 1200)
All rects available:
  0: 1674, 356, 484x647
  1: 1610, 117, 270x210
  2: 2396, 1364, 90x90
  3: 632, 153, 1250x60
  4: 152, 153, 1730x924
  5: 150, 152, 1734x927
  6: 0, 64, 1815x1464
  7: 828, 344, 874x767
  8: 320, 186, 1920x1200
  9: 320, 186, 1920x69
Mouse: 2180, 388 | UIA: None | EW: PySide6.QtCore.QRect(320, 186, 1920, 1200)
All rects available:
  0: 1674, 356, 484x647
  1: 1610, 117, 270x210
  2: 2396, 1364, 90x90
  3: 632, 153, 1250x60
  4: 152, 153, 1730x924
  5: 150, 152, 1734x927
  6: 0, 64, 1815x1464
  7: 828, 344, 874x767
  8: 320, 186, 1920x1200
  9: 320, 186, 1920x69
Mouse: 2184, 386 | UIA: None | EW: PySide6.QtCore.QRect(320, 186, 1920, 1200)
All rects available:
  0: 1674, 356, 484x647
  1: 1610, 117, 270x210
  2: 2396, 1364, 90x90
  3: 632, 153, 1250x60
  4: 152, 153, 1730x924
  5: 150, 152, 1734x927
  6: 0, 64, 1815x1464
  7: 828, 344, 874x767
  8: 320, 186, 1920x1200
  9: 320, 186, 1920x69
Mouse: 2186, 384 | UIA: None | EW: PySide6.QtCore.QRect(320, 186, 1920, 1200)
All rects available:
  0: 1674, 356, 484x647
  1: 1610, 117, 270x210
  2: 2396, 1364, 90x90
  3: 632, 153, 1250x60
  4: 152, 153, 1730x924
  5: 150, 152, 1734x927
  6: 0, 64, 1815x1464
  7: 828, 344, 874x767
  8: 320, 186, 1920x1200
  9: 320, 186, 1920x69
Mouse: 2192, 380 | UIA: None | EW: PySide6.QtCore.QRect(320, 186, 1920, 1200)
All rects available:
  0: 1674, 356, 484x647
  1: 1610, 117, 270x210
  2: 2396, 1364, 90x90
  3: 632, 153, 1250x60
  4: 152, 153, 1730x924
  5: 150, 152, 1734x927
  6: 0, 64, 1815x1464
  7: 828, 344, 874x767
  8: 320, 186, 1920x1200
  9: 320, 186, 1920x69
Mouse: 2192, 380 | UIA: None | EW: PySide6.QtCore.QRect(320, 186, 1920, 1200)
All rects available:
  0: 1674, 356, 484x647
  1: 1610, 117, 270x210
  2: 2396, 1364, 90x90
  3: 632, 153, 1250x60
  4: 152, 153, 1730x924
  5: 150, 152, 1734x927
  6: 0, 64, 1815x1464
  7: 828, 344, 874x767
  8: 320, 186, 1920x1200
  9: 320, 186, 1920x69
Mouse: 2194, 376 | UIA: None | EW: PySide6.QtCore.QRect(320, 186, 1920, 1200)
All rects available:
  0: 1674, 356, 484x647
  1: 1610, 117, 270x210
  2: 2396, 1364, 90x90
  3: 632, 153, 1250x60
  4: 152, 153, 1730x924
  5: 150, 152, 1734x927
  6: 0, 64, 1815x1464
  7: 828, 344, 874x767
  8: 320, 186, 1920x1200
  9: 320, 186, 1920x69
Mouse: 2196, 376 | UIA: None | EW: PySide6.QtCore.QRect(320, 186, 1920, 1200)
All rects available:
  0: 1674, 356, 484x647
  1: 1610, 117, 270x210
  2: 2396, 1364, 90x90
  3: 632, 153, 1250x60
  4: 152, 153, 1730x924
  5: 150, 152, 1734x927
  6: 0, 64, 1815x1464
  7: 828, 344, 874x767
  8: 320, 186, 1920x1200
  9: 320, 186, 1920x69
Mouse: 2198, 375 | UIA: None | EW: PySide6.QtCore.QRect(320, 186, 1920, 1200)
All rects available:
  0: 1674, 356, 484x647
  1: 1610, 117, 270x210
  2: 2396, 1364, 90x90
  3: 632, 153, 1250x60
  4: 152, 153, 1730x924
  5: 150, 152, 1734x927
  6: 0, 64, 1815x1464
  7: 828, 344, 874x767
  8: 320, 186, 1920x1200
  9: 320, 186, 1920x69
Mouse: 2198, 375 | UIA: None | EW: PySide6.QtCore.QRect(320, 186, 1920, 1200)
All rects available:
  0: 1674, 356, 484x647
  1: 1610, 117, 270x210
  2: 2396, 1364, 90x90
  3: 632, 153, 1250x60
  4: 152, 153, 1730x924
  5: 150, 152, 1734x927
  6: 0, 64, 1815x1464
  7: 828, 344, 874x767
  8: 320, 186, 1920x1200
  9: 320, 186, 1920x69
Mouse: 2199, 375 | UIA: None | EW: PySide6.QtCore.QRect(320, 186, 1920, 1200)
All rects available:
  0: 1674, 356, 484x647
  1: 1610, 117, 270x210
  2: 2396, 1364, 90x90
  3: 632, 153, 1250x60
  4: 152, 153, 1730x924
  5: 150, 152, 1734x927
  6: 0, 64, 1815x1464
  7: 828, 344, 874x767
  8: 320, 186, 1920x1200
  9: 320, 186, 1920x69
Mouse: 2200, 374 | UIA: None | EW: PySide6.QtCore.QRect(320, 186, 1920, 1200)
All rects available:
  0: 1674, 356, 484x647
  1: 1610, 117, 270x210
  2: 2396, 1364, 90x90
  3: 632, 153, 1250x60
  4: 152, 153, 1730x924
  5: 150, 152, 1734x927
  6: 0, 64, 1815x1464
  7: 828, 344, 874x767
  8: 320, 186, 1920x1200
  9: 320, 186, 1920x69
Mouse: 2200, 374 | UIA: None | EW: PySide6.QtCore.QRect(320, 186, 1920, 1200)
All rects available:
  0: 1674, 356, 484x647
  1: 1610, 117, 270x210
  2: 2396, 1364, 90x90
  3: 632, 153, 1250x60
  4: 152, 153, 1730x924
  5: 150, 152, 1734x927
  6: 0, 64, 1815x1464
  7: 828, 344, 874x767
  8: 320, 186, 1920x1200
  9: 320, 186, 1920x69
Mouse: 2200, 374 | UIA: None | EW: PySide6.QtCore.QRect(320, 186, 1920, 1200)
All rects available:
  0: 1674, 356, 484x647
  1: 1610, 117, 270x210
  2: 2396, 1364, 90x90
  3: 632, 153, 1250x60
  4: 152, 153, 1730x924
  5: 150, 152, 1734x927
  6: 0, 64, 1815x1464
  7: 828, 344, 874x767
  8: 320, 186, 1920x1200
  9: 320, 186, 1920x69
Mouse: 2202, 374 | UIA: None | EW: PySide6.QtCore.QRect(320, 186, 1920, 1200)
All rects available:
  0: 1674, 356, 484x647
  1: 1610, 117, 270x210
  2: 2396, 1364, 90x90
  3: 632, 153, 1250x60
  4: 152, 153, 1730x924
  5: 150, 152, 1734x927
  6: 0, 64, 1815x1464
  7: 828, 344, 874x767
  8: 320, 186, 1920x1200
  9: 320, 186, 1920x69
Mouse: 2202, 372 | UIA: None | EW: PySide6.QtCore.QRect(320, 186, 1920, 1200)
All rects available:
  0: 1674, 356, 484x647
  1: 1610, 117, 270x210
  2: 2396, 1364, 90x90
  3: 632, 153, 1250x60
  4: 152, 153, 1730x924
  5: 150, 152, 1734x927
  6: 0, 64, 1815x1464
  7: 828, 344, 874x767
  8: 320, 186, 1920x1200
  9: 320, 186, 1920x69
Mouse: 2204, 372 | UIA: None | EW: PySide6.QtCore.QRect(320, 186, 1920, 1200)
All rects available:
  0: 1674, 356, 484x647
  1: 1610, 117, 270x210
  2: 2396, 1364, 90x90
  3: 632, 153, 1250x60
  4: 152, 153, 1730x924
  5: 150, 152, 1734x927
  6: 0, 64, 1815x1464
  7: 828, 344, 874x767
  8: 320, 186, 1920x1200
  9: 320, 186, 1920x69
Mouse: 2202, 374 | UIA: None | EW: PySide6.QtCore.QRect(320, 186, 1920, 1200)
All rects available:
  0: 1674, 356, 484x647
  1: 1610, 117, 270x210
  2: 2396, 1364, 90x90
  3: 632, 153, 1250x60
  4: 152, 153, 1730x924
  5: 150, 152, 1734x927
  6: 0, 64, 1815x1464
  7: 828, 344, 874x767
  8: 320, 186, 1920x1200
  9: 320, 186, 1920x69
Mouse: 2200, 374 | UIA: None | EW: PySide6.QtCore.QRect(320, 186, 1920, 1200)
All rects available:
  0: 1674, 356, 484x647
  1: 1610, 117, 270x210
  2: 2396, 1364, 90x90
  3: 632, 153, 1250x60
  4: 152, 153, 1730x924
  5: 150, 152, 1734x927
  6: 0, 64, 1815x1464
  7: 828, 344, 874x767
  8: 320, 186, 1920x1200
  9: 320, 186, 1920x69
Mouse: 2200, 374 | UIA: None | EW: PySide6.QtCore.QRect(320, 186, 1920, 1200)
All rects available:
  0: 1674, 356, 484x647
  1: 1610, 117, 270x210
  2: 2396, 1364, 90x90
  3: 632, 153, 1250x60
  4: 152, 153, 1730x924
  5: 150, 152, 1734x927
  6: 0, 64, 1815x1464
  7: 828, 344, 874x767
  8: 320, 186, 1920x1200
  9: 320, 186, 1920x69
Mouse: 2199, 375 | UIA: None | EW: PySide6.QtCore.QRect(320, 186, 1920, 1200)
All rects available:
  0: 1674, 356, 484x647
  1: 1610, 117, 270x210
  2: 2396, 1364, 90x90
  3: 632, 153, 1250x60
  4: 152, 153, 1730x924
  5: 150, 152, 1734x927
  6: 0, 64, 1815x1464
  7: 828, 344, 874x767
  8: 320, 186, 1920x1200
  9: 320, 186, 1920x69
Mouse: 2198, 375 | UIA: None | EW: PySide6.QtCore.QRect(320, 186, 1920, 1200)
All rects available:
  0: 1674, 356, 484x647
  1: 1610, 117, 270x210
  2: 2396, 1364, 90x90
  3: 632, 153, 1250x60
  4: 152, 153, 1730x924
  5: 150, 152, 1734x927
  6: 0, 64, 1815x1464
  7: 828, 344, 874x767
  8: 320, 186, 1920x1200
  9: 320, 186, 1920x69
Mouse: 2198, 376 | UIA: None | EW: PySide6.QtCore.QRect(320, 186, 1920, 1200)
All rects available:
  0: 1674, 356, 484x647
  1: 1610, 117, 270x210
  2: 2396, 1364, 90x90
  3: 632, 153, 1250x60
  4: 152, 153, 1730x924
  5: 150, 152, 1734x927
  6: 0, 64, 1815x1464
  7: 828, 344, 874x767
  8: 320, 186, 1920x1200
  9: 320, 186, 1920x69
Mouse: 2196, 376 | UIA: None | EW: PySide6.QtCore.QRect(320, 186, 1920, 1200)
All rects available:
  0: 1674, 356, 484x647
  1: 1610, 117, 270x210
  2: 2396, 1364, 90x90
  3: 632, 153, 1250x60
  4: 152, 153, 1730x924
  5: 150, 152, 1734x927
  6: 0, 64, 1815x1464
  7: 828, 344, 874x767
  8: 320, 186, 1920x1200
  9: 320, 186, 1920x69
Mouse: 2194, 376 | UIA: None | EW: PySide6.QtCore.QRect(320, 186, 1920, 1200)
All rects available:
  0: 1674, 356, 484x647
  1: 1610, 117, 270x210
  2: 2396, 1364, 90x90
  3: 632, 153, 1250x60
  4: 152, 153, 1730x924
  5: 150, 152, 1734x927
  6: 0, 64, 1815x1464
  7: 828, 344, 874x767
  8: 320, 186, 1920x1200
  9: 320, 186, 1920x69
Mouse: 2194, 376 | UIA: None | EW: PySide6.QtCore.QRect(320, 186, 1920, 1200)
All rects available:
  0: 1674, 356, 484x647
  1: 1610, 117, 270x210
  2: 2396, 1364, 90x90
  3: 632, 153, 1250x60
  4: 152, 153, 1730x924
  5: 150, 152, 1734x927
  6: 0, 64, 1815x1464
  7: 828, 344, 874x767
  8: 320, 186, 1920x1200
  9: 320, 186, 1920x69
Mouse: 2193, 376 | UIA: None | EW: PySide6.QtCore.QRect(320, 186, 1920, 1200)
All rects available:
  0: 1674, 356, 484x647
  1: 1610, 117, 270x210
  2: 2396, 1364, 90x90
  3: 632, 153, 1250x60
  4: 152, 153, 1730x924
  5: 150, 152, 1734x927
  6: 0, 64, 1815x1464
  7: 828, 344, 874x767
  8: 320, 186, 1920x1200
  9: 320, 186, 1920x69
Mouse: 2192, 376 | UIA: None | EW: PySide6.QtCore.QRect(320, 186, 1920, 1200)
All rects available:
  0: 1674, 356, 484x647
  1: 1610, 117, 270x210
  2: 2396, 1364, 90x90
  3: 632, 153, 1250x60
  4: 152, 153, 1730x924
  5: 150, 152, 1734x927
  6: 0, 64, 1815x1464
  7: 828, 344, 874x767
  8: 320, 186, 1920x1200
  9: 320, 186, 1920x69
Mouse: 2192, 376 | UIA: None | EW: PySide6.QtCore.QRect(320, 186, 1920, 1200)
All rects available:
  0: 1674, 356, 484x647
  1: 1610, 117, 270x210
  2: 2396, 1364, 90x90
  3: 632, 153, 1250x60
  4: 152, 153, 1730x924
  5: 150, 152, 1734x927
  6: 0, 64, 1815x1464
  7: 828, 344, 874x767
  8: 320, 186, 1920x1200
  9: 320, 186, 1920x69
Mouse: 2190, 376 | UIA: None | EW: PySide6.QtCore.QRect(320, 186, 1920, 1200)
All rects available:
  0: 1674, 356, 484x647
  1: 1610, 117, 270x210
  2: 2396, 1364, 90x90
  3: 632, 153, 1250x60
  4: 152, 153, 1730x924
  5: 150, 152, 1734x927
  6: 0, 64, 1815x1464
  7: 828, 344, 874x767
  8: 320, 186, 1920x1200
  9: 320, 186, 1920x69
Mouse: 2188, 376 | UIA: None | EW: PySide6.QtCore.QRect(320, 186, 1920, 1200)
All rects available:
  0: 1674, 356, 484x647
  1: 1610, 117, 270x210
  2: 2396, 1364, 90x90
  3: 632, 153, 1250x60
  4: 152, 153, 1730x924
  5: 150, 152, 1734x927
  6: 0, 64, 1815x1464
  7: 828, 344, 874x767
  8: 320, 186, 1920x1200
  9: 320, 186, 1920x69
Mouse: 2188, 376 | UIA: None | EW: PySide6.QtCore.QRect(320, 186, 1920, 1200)
All rects available:
  0: 1674, 356, 484x647
  1: 1610, 117, 270x210
  2: 2396, 1364, 90x90
  3: 632, 153, 1250x60
  4: 152, 153, 1730x924
  5: 150, 152, 1734x927
  6: 0, 64, 1815x1464
  7: 828, 344, 874x767
  8: 320, 186, 1920x1200
  9: 320, 186, 1920x69
Mouse: 2186, 376 | UIA: None | EW: PySide6.QtCore.QRect(320, 186, 1920, 1200)
All rects available:
  0: 1674, 356, 484x647
  1: 1610, 117, 270x210
  2: 2396, 1364, 90x90
  3: 632, 153, 1250x60
  4: 152, 153, 1730x924
  5: 150, 152, 1734x927
  6: 0, 64, 1815x1464
  7: 828, 344, 874x767
  8: 320, 186, 1920x1200
  9: 320, 186, 1920x69
Mouse: 2186, 376 | UIA: None | EW: PySide6.QtCore.QRect(320, 186, 1920, 1200)
All rects available:
  0: 1674, 356, 484x647
  1: 1610, 117, 270x210
  2: 2396, 1364, 90x90
  3: 632, 153, 1250x60
  4: 152, 153, 1730x924
  5: 150, 152, 1734x927
  6: 0, 64, 1815x1464
  7: 828, 344, 874x767
  8: 320, 186, 1920x1200
  9: 320, 186, 1920x69
Mouse: 2182, 376 | UIA: None | EW: PySide6.QtCore.QRect(320, 186, 1920, 1200)
All rects available:
  0: 1674, 356, 484x647
  1: 1610, 117, 270x210
  2: 2396, 1364, 90x90
  3: 632, 153, 1250x60
  4: 152, 153, 1730x924
  5: 150, 152, 1734x927
  6: 0, 64, 1815x1464
  7: 828, 344, 874x767
  8: 320, 186, 1920x1200
  9: 320, 186, 1920x69
Mouse: 2180, 376 | UIA: None | EW: PySide6.QtCore.QRect(320, 186, 1920, 1200)
All rects available:
  0: 1674, 356, 484x647
  1: 1610, 117, 270x210
  2: 2396, 1364, 90x90
  3: 632, 153, 1250x60
  4: 152, 153, 1730x924
  5: 150, 152, 1734x927
  6: 0, 64, 1815x1464
  7: 828, 344, 874x767
  8: 320, 186, 1920x1200
  9: 320, 186, 1920x69
Mouse: 2178, 376 | UIA: None | EW: PySide6.QtCore.QRect(320, 186, 1920, 1200)
All rects available:
  0: 1674, 356, 484x647
  1: 1610, 117, 270x210
  2: 2396, 1364, 90x90
  3: 632, 153, 1250x60
  4: 152, 153, 1730x924
  5: 150, 152, 1734x927
  6: 0, 64, 1815x1464
  7: 828, 344, 874x767
  8: 320, 186, 1920x1200
  9: 320, 186, 1920x69
Mouse: 2176, 376 | UIA: None | EW: PySide6.QtCore.QRect(320, 186, 1920, 1200)
All rects available:
  0: 1674, 356, 484x647
  1: 1610, 117, 270x210
  2: 2396, 1364, 90x90
  3: 632, 153, 1250x60
  4: 152, 153, 1730x924
  5: 150, 152, 1734x927
  6: 0, 64, 1815x1464
  7: 828, 344, 874x767
  8: 320, 186, 1920x1200
  9: 320, 186, 1920x69
Mouse: 2175, 376 | UIA: None | EW: PySide6.QtCore.QRect(320, 186, 1920, 1200)
All rects available:
  0: 1674, 356, 484x647
  1: 1610, 117, 270x210
  2: 2396, 1364, 90x90
  3: 632, 153, 1250x60
  4: 152, 153, 1730x924
  5: 150, 152, 1734x927
  6: 0, 64, 1815x1464
  7: 828, 344, 874x767
  8: 320, 186, 1920x1200
  9: 320, 186, 1920x69
Mouse: 2174, 376 | UIA: None | EW: PySide6.QtCore.QRect(320, 186, 1920, 1200)
All rects available:
  0: 1674, 356, 484x647
  1: 1610, 117, 270x210
  2: 2396, 1364, 90x90
  3: 632, 153, 1250x60
  4: 152, 153, 1730x924
  5: 150, 152, 1734x927
  6: 0, 64, 1815x1464
  7: 828, 344, 874x767
  8: 320, 186, 1920x1200
  9: 320, 186, 1920x69
Mouse: 2170, 376 | UIA: None | EW: PySide6.QtCore.QRect(320, 186, 1920, 1200)
All rects available:
  0: 1674, 356, 484x647
  1: 1610, 117, 270x210
  2: 2396, 1364, 90x90
  3: 632, 153, 1250x60
  4: 152, 153, 1730x924
  5: 150, 152, 1734x927
  6: 0, 64, 1815x1464
  7: 828, 344, 874x767
  8: 320, 186, 1920x1200
  9: 320, 186, 1920x69
Mouse: 2168, 376 | UIA: None | EW: PySide6.QtCore.QRect(320, 186, 1920, 1200)
All rects available:
  0: 1674, 356, 484x647
  1: 1610, 117, 270x210
  2: 2396, 1364, 90x90
  3: 632, 153, 1250x60
  4: 152, 153, 1730x924
  5: 150, 152, 1734x927
  6: 0, 64, 1815x1464
  7: 828, 344, 874x767
  8: 320, 186, 1920x1200
  9: 320, 186, 1920x69
Mouse: 2168, 376 | UIA: None | EW: PySide6.QtCore.QRect(320, 186, 1920, 1200)
All rects available:
  0: 1674, 356, 484x647
  1: 1610, 117, 270x210
  2: 2396, 1364, 90x90
  3: 632, 153, 1250x60
  4: 152, 153, 1730x924
  5: 150, 152, 1734x927
  6: 0, 64, 1815x1464
  7: 828, 344, 874x767
  8: 320, 186, 1920x1200
  9: 320, 186, 1920x69
Mouse: 2230, 362 | UIA: None | EW: PySide6.QtCore.QRect(320, 186, 1920, 1200)
All rects available:
  0: 1674, 356, 484x647
  1: 1610, 117, 270x210
  2: 2396, 1364, 90x90
  3: 632, 153, 1250x60
  4: 152, 153, 1730x924
  5: 150, 152, 1734x927
  6: 0, 64, 1815x1464
  7: 828, 344, 874x767
  8: 320, 186, 1920x1200
  9: 320, 186, 1920x69
Mouse: 2302, 363 | UIA: None | EW: PySide6.QtCore.QRect(0, 0, 2560, 1600)
All rects available:
  0: 1674, 356, 484x647
  1: 1610, 117, 270x210
  2: 2396, 1364, 90x90
  3: 632, 153, 1250x60
  4: 152, 153, 1730x924
  5: 150, 152, 1734x927
  6: 0, 64, 1815x1464
  7: 828, 344, 874x767
  8: 320, 186, 1920x1200
  9: 320, 186, 1920x69
Mouse: 2336, 364 | UIA: None | EW: PySide6.QtCore.QRect(0, 0, 2560, 1600)
All rects available:
  0: 1674, 356, 484x647
  1: 1610, 117, 270x210
  2: 2396, 1364, 90x90
  3: 632, 153, 1250x60
  4: 152, 153, 1730x924
  5: 150, 152, 1734x927
  6: 0, 64, 1815x1464
  7: 828, 344, 874x767
  8: 320, 186, 1920x1200
  9: 320, 186, 1920x69
Mouse: 2364, 364 | UIA: None | EW: PySide6.QtCore.QRect(0, 0, 2560, 1600)
All rects available:
  0: 1674, 356, 484x647
  1: 1610, 117, 270x210
  2: 2396, 1364, 90x90
  3: 632, 153, 1250x60
  4: 152, 153, 1730x924
  5: 150, 152, 1734x927
  6: 0, 64, 1815x1464
  7: 828, 344, 874x767
  8: 320, 186, 1920x1200
  9: 320, 186, 1920x69
Mouse: 2410, 368 | UIA: None | EW: PySide6.QtCore.QRect(0, 0, 2560, 1600)
All rects available:
  0: 1674, 356, 484x647
  1: 1610, 117, 270x210
  2: 2396, 1364, 90x90
  3: 632, 153, 1250x60
  4: 152, 153, 1730x924
  5: 150, 152, 1734x927
  6: 0, 64, 1815x1464
  7: 828, 344, 874x767
  8: 320, 186, 1920x1200
  9: 320, 186, 1920x69
Mouse: 2430, 372 | UIA: None | EW: PySide6.QtCore.QRect(0, 0, 2560, 1600)
All rects available:
  0: 1674, 356, 484x647
  1: 1610, 117, 270x210
  2: 2396, 1364, 90x90
  3: 632, 153, 1250x60
  4: 152, 153, 1730x924
  5: 150, 152, 1734x927
  6: 0, 64, 1815x1464
  7: 828, 344, 874x767
  8: 320, 186, 1920x1200
  9: 320, 186, 1920x69
Mouse: 2462, 376 | UIA: None | EW: PySide6.QtCore.QRect(0, 0, 2560, 1600)
All rects available:
  0: 1674, 356, 484x647
  1: 1610, 117, 270x210
  2: 2396, 1364, 90x90
  3: 632, 153, 1250x60
  4: 152, 153, 1730x924
  5: 150, 152, 1734x927
  6: 0, 64, 1815x1464
  7: 828, 344, 874x767
  8: 320, 186, 1920x1200
  9: 320, 186, 1920x69
Mouse: 2486, 380 | UIA: None | EW: PySide6.QtCore.QRect(0, 0, 2560, 1600)
All rects available:
  0: 1674, 356, 484x647
  1: 1610, 117, 270x210
  2: 2396, 1364, 90x90
  3: 632, 153, 1250x60
  4: 152, 153, 1730x924
  5: 150, 152, 1734x927
  6: 0, 64, 1815x1464
  7: 828, 344, 874x767
  8: 320, 186, 1920x1200
  9: 320, 186, 1920x69
Mouse: 2494, 381 | UIA: None | EW: PySide6.QtCore.QRect(0, 0, 2560, 1600)
All rects available:
  0: 1674, 356, 484x647
  1: 1610, 117, 270x210
  2: 2396, 1364, 90x90
  3: 632, 153, 1250x60
  4: 152, 153, 1730x924
  5: 150, 152, 1734x927
  6: 0, 64, 1815x1464
  7: 828, 344, 874x767
  8: 320, 186, 1920x1200
  9: 320, 186, 1920x69
Mouse: 2511, 386 | UIA: None | EW: PySide6.QtCore.QRect(0, 0, 2560, 1600)
All rects available:
  0: 1674, 356, 484x647
  1: 1610, 117, 270x210
  2: 2396, 1364, 90x90
  3: 632, 153, 1250x60
  4: 152, 153, 1730x924
  5: 150, 152, 1734x927
  6: 0, 64, 1815x1464
  7: 828, 344, 874x767
  8: 320, 186, 1920x1200
  9: 320, 186, 1920x69
Mouse: 2520, 387 | UIA: None | EW: PySide6.QtCore.QRect(0, 0, 2560, 1600)
All rects available:
  0: 1674, 356, 484x647
  1: 1610, 117, 270x210
  2: 2396, 1364, 90x90
  3: 632, 153, 1250x60
  4: 152, 153, 1730x924
  5: 150, 152, 1734x927
  6: 0, 64, 1815x1464
  7: 828, 344, 874x767
  8: 320, 186, 1920x1200
  9: 320, 186, 1920x69
Mouse: 2523, 388 | UIA: None | EW: PySide6.QtCore.QRect(0, 0, 2560, 1600)
All rects available:
  0: 1674, 356, 484x647
  1: 1610, 117, 270x210
  2: 2396, 1364, 90x90
  3: 632, 153, 1250x60
  4: 152, 153, 1730x924
  5: 150, 152, 1734x927
  6: 0, 64, 1815x1464
  7: 828, 344, 874x767
  8: 320, 186, 1920x1200
  9: 320, 186, 1920x69
Mouse: 2528, 388 | UIA: None | EW: PySide6.QtCore.QRect(0, 0, 2560, 1600)
All rects available:
  0: 1674, 356, 484x647
  1: 1610, 117, 270x210
  2: 2396, 1364, 90x90
  3: 632, 153, 1250x60
  4: 152, 153, 1730x924
  5: 150, 152, 1734x927
  6: 0, 64, 1815x1464
  7: 828, 344, 874x767
  8: 320, 186, 1920x1200
  9: 320, 186, 1920x69
Mouse: 2532, 388 | UIA: None | EW: PySide6.QtCore.QRect(0, 0, 2560, 1600)
All rects available:
  0: 1674, 356, 484x647
  1: 1610, 117, 270x210
  2: 2396, 1364, 90x90
  3: 632, 153, 1250x60
  4: 152, 153, 1730x924
  5: 150, 152, 1734x927
  6: 0, 64, 1815x1464
  7: 828, 344, 874x767
  8: 320, 186, 1920x1200
  9: 320, 186, 1920x69
Mouse: 2534, 388 | UIA: None | EW: PySide6.QtCore.QRect(0, 0, 2560, 1600)
All rects available:
  0: 1674, 356, 484x647
  1: 1610, 117, 270x210
  2: 2396, 1364, 90x90
  3: 632, 153, 1250x60
  4: 152, 153, 1730x924
  5: 150, 152, 1734x927
  6: 0, 64, 1815x1464
  7: 828, 344, 874x767
  8: 320, 186, 1920x1200
  9: 320, 186, 1920x69
Mouse: 2534, 390 | UIA: None | EW: PySide6.QtCore.QRect(0, 0, 2560, 1600)
All rects available:
  0: 1674, 356, 484x647
  1: 1610, 117, 270x210
  2: 2396, 1364, 90x90
  3: 632, 153, 1250x60
  4: 152, 153, 1730x924
  5: 150, 152, 1734x927
  6: 0, 64, 1815x1464
  7: 828, 344, 874x767
  8: 320, 186, 1920x1200
  9: 320, 186, 1920x69
Mouse: 2535, 390 | UIA: None | EW: PySide6.QtCore.QRect(0, 0, 2560, 1600)
All rects available:
  0: 1674, 356, 484x647
  1: 1610, 117, 270x210
  2: 2396, 1364, 90x90
  3: 632, 153, 1250x60
  4: 152, 153, 1730x924
  5: 150, 152, 1734x927
  6: 0, 64, 1815x1464
  7: 828, 344, 874x767
  8: 320, 186, 1920x1200
  9: 320, 186, 1920x69
Mouse: 2536, 390 | UIA: None | EW: PySide6.QtCore.QRect(0, 0, 2560, 1600)
All rects available:
  0: 1674, 356, 484x647
  1: 1610, 117, 270x210
  2: 2396, 1364, 90x90
  3: 632, 153, 1250x60
  4: 152, 153, 1730x924
  5: 150, 152, 1734x927
  6: 0, 64, 1815x1464
  7: 828, 344, 874x767
  8: 320, 186, 1920x1200
  9: 320, 186, 1920x69
Mouse: 1654, 408 | UIA: None | EW: PySide6.QtCore.QRect(152, 153, 1730, 924)
All rects available:
  0: 1610, 117, 270x210
  1: 1674, 356, 484x647
  2: 2396, 1364, 90x90
  3: 632, 153, 1250x60
  4: 152, 153, 1730x924
  5: 150, 152, 1734x927
  6: 0, 64, 1815x1464
  7: 828, 344, 874x767
  8: 320, 186, 1920x1200
  9: 320, 186, 1920x69
Mouse: 1642, 412 | UIA: None | EW: PySide6.QtCore.QRect(152, 153, 1730, 924)
All rects available:
  0: 1610, 117, 270x210
  1: 1674, 356, 484x647
  2: 2396, 1364, 90x90
  3: 632, 153, 1250x60
  4: 152, 153, 1730x924
  5: 150, 152, 1734x927
  6: 0, 64, 1815x1464
  7: 828, 344, 874x767
  8: 320, 186, 1920x1200
  9: 320, 186, 1920x69
Mouse: 1630, 416 | UIA: None | EW: PySide6.QtCore.QRect(152, 153, 1730, 924)
All rects available:
  0: 1610, 117, 270x210
  1: 1674, 356, 484x647
  2: 2396, 1364, 90x90
  3: 632, 153, 1250x60
  4: 152, 153, 1730x924
  5: 150, 152, 1734x927
  6: 0, 64, 1815x1464
  7: 828, 344, 874x767
  8: 320, 186, 1920x1200
  9: 320, 186, 1920x69
Mouse: 1626, 418 | UIA: None | EW: PySide6.QtCore.QRect(152, 153, 1730, 924)
All rects available:
  0: 1610, 117, 270x210
  1: 1674, 356, 484x647
  2: 2396, 1364, 90x90
  3: 632, 153, 1250x60
  4: 152, 153, 1730x924
  5: 150, 152, 1734x927
  6: 0, 64, 1815x1464
  7: 828, 344, 874x767
  8: 320, 186, 1920x1200
  9: 320, 186, 1920x69
Mouse: 1616, 422 | UIA: None | EW: PySide6.QtCore.QRect(152, 153, 1730, 924)
All rects available:
  0: 1610, 117, 270x210
  1: 1674, 356, 484x647
  2: 2396, 1364, 90x90
  3: 632, 153, 1250x60
  4: 152, 153, 1730x924
  5: 150, 152, 1734x927
  6: 0, 64, 1815x1464
  7: 828, 344, 874x767
  8: 320, 186, 1920x1200
  9: 320, 186, 1920x69
Mouse: 1610, 424 | UIA: None | EW: PySide6.QtCore.QRect(152, 153, 1730, 924)
All rects available:
  0: 1610, 117, 270x210
  1: 1674, 356, 484x647
  2: 2396, 1364, 90x90
  3: 632, 153, 1250x60
  4: 152, 153, 1730x924
  5: 150, 152, 1734x927
  6: 0, 64, 1815x1464
  7: 828, 344, 874x767
  8: 320, 186, 1920x1200
  9: 320, 186, 1920x69
Mouse: 1608, 426 | UIA: None | EW: PySide6.QtCore.QRect(152, 153, 1730, 924)
All rects available:
  0: 1610, 117, 270x210
  1: 1674, 356, 484x647
  2: 2396, 1364, 90x90
  3: 632, 153, 1250x60
  4: 152, 153, 1730x924
  5: 150, 152, 1734x927
  6: 0, 64, 1815x1464
  7: 828, 344, 874x767
  8: 320, 186, 1920x1200
  9: 320, 186, 1920x69
Mouse: 1605, 428 | UIA: None | EW: PySide6.QtCore.QRect(152, 153, 1730, 924)
All rects available:
  0: 1610, 117, 270x210
  1: 1674, 356, 484x647
  2: 2396, 1364, 90x90
  3: 632, 153, 1250x60
  4: 152, 153, 1730x924
  5: 150, 152, 1734x927
  6: 0, 64, 1815x1464
  7: 828, 344, 874x767
  8: 320, 186, 1920x1200
  9: 320, 186, 1920x69
Mouse: 1604, 429 | UIA: None | EW: PySide6.QtCore.QRect(152, 153, 1730, 924)
All rects available:
  0: 1610, 117, 270x210
  1: 1674, 356, 484x647
  2: 2396, 1364, 90x90
  3: 632, 153, 1250x60
  4: 152, 153, 1730x924
  5: 150, 152, 1734x927
  6: 0, 64, 1815x1464
  7: 828, 344, 874x767
  8: 320, 186, 1920x1200
  9: 320, 186, 1920x69
Mouse: 1602, 429 | UIA: None | EW: PySide6.QtCore.QRect(152, 153, 1730, 924)
All rects available:
  0: 1610, 117, 270x210
  1: 1674, 356, 484x647
  2: 2396, 1364, 90x90
  3: 632, 153, 1250x60
  4: 152, 153, 1730x924
  5: 150, 152, 1734x927
  6: 0, 64, 1815x1464
  7: 828, 344, 874x767
  8: 320, 186, 1920x1200
  9: 320, 186, 1920x69
Mouse: 1599, 432 | UIA: None | EW: PySide6.QtCore.QRect(152, 153, 1730, 924)
All rects available:
  0: 1610, 117, 270x210
  1: 1674, 356, 484x647
  2: 2396, 1364, 90x90
  3: 632, 153, 1250x60
  4: 152, 153, 1730x924
  5: 150, 152, 1734x927
  6: 0, 64, 1815x1464
  7: 828, 344, 874x767
  8: 320, 186, 1920x1200
  9: 320, 186, 1920x69
Mouse: 1598, 432 | UIA: None | EW: PySide6.QtCore.QRect(152, 153, 1730, 924)
All rects available:
  0: 1610, 117, 270x210
  1: 1674, 356, 484x647
  2: 2396, 1364, 90x90
  3: 632, 153, 1250x60
  4: 152, 153, 1730x924
  5: 150, 152, 1734x927
  6: 0, 64, 1815x1464
  7: 828, 344, 874x767
  8: 320, 186, 1920x1200
  9: 320, 186, 1920x69
Mouse: 1594, 434 | UIA: None | EW: PySide6.QtCore.QRect(152, 153, 1730, 924)
All rects available:
  0: 1610, 117, 270x210
  1: 1674, 356, 484x647
  2: 2396, 1364, 90x90
  3: 632, 153, 1250x60
  4: 152, 153, 1730x924
  5: 150, 152, 1734x927
  6: 0, 64, 1815x1464
  7: 828, 344, 874x767
  8: 320, 186, 1920x1200
  9: 320, 186, 1920x69
Mouse: 1593, 434 | UIA: None | EW: PySide6.QtCore.QRect(152, 153, 1730, 924)
All rects available:
  0: 1610, 117, 270x210
  1: 1674, 356, 484x647
  2: 2396, 1364, 90x90
  3: 632, 153, 1250x60
  4: 152, 153, 1730x924
  5: 150, 152, 1734x927
  6: 0, 64, 1815x1464
  7: 828, 344, 874x767
  8: 320, 186, 1920x1200
  9: 320, 186, 1920x69
Mouse: 1593, 435 | UIA: None | EW: PySide6.QtCore.QRect(152, 153, 1730, 924)
All rects available:
  0: 1610, 117, 270x210
  1: 1674, 356, 484x647
  2: 2396, 1364, 90x90
  3: 632, 153, 1250x60
  4: 152, 153, 1730x924
  5: 150, 152, 1734x927
  6: 0, 64, 1815x1464
  7: 828, 344, 874x767
  8: 320, 186, 1920x1200
  9: 320, 186, 1920x69
Mouse: 1592, 435 | UIA: None | EW: PySide6.QtCore.QRect(152, 153, 1730, 924)
All rects available:
  0: 1610, 117, 270x210
  1: 1674, 356, 484x647
  2: 2396, 1364, 90x90
  3: 632, 153, 1250x60
  4: 152, 153, 1730x924
  5: 150, 152, 1734x927
  6: 0, 64, 1815x1464
  7: 828, 344, 874x767
  8: 320, 186, 1920x1200
  9: 320, 186, 1920x69
Mouse: 1590, 436 | UIA: None | EW: PySide6.QtCore.QRect(152, 153, 1730, 924)
All rects available:
  0: 1610, 117, 270x210
  1: 1674, 356, 484x647
  2: 2396, 1364, 90x90
  3: 632, 153, 1250x60
  4: 152, 153, 1730x924
  5: 150, 152, 1734x927
  6: 0, 64, 1815x1464
  7: 828, 344, 874x767
  8: 320, 186, 1920x1200
  9: 320, 186, 1920x69
Mouse: 1590, 436 | UIA: None | EW: PySide6.QtCore.QRect(152, 153, 1730, 924)
All rects available:
  0: 1610, 117, 270x210
  1: 1674, 356, 484x647
  2: 2396, 1364, 90x90
  3: 632, 153, 1250x60
  4: 152, 153, 1730x924
  5: 150, 152, 1734x927
  6: 0, 64, 1815x1464
  7: 828, 344, 874x767
  8: 320, 186, 1920x1200
  9: 320, 186, 1920x69
Mouse: 1588, 436 | UIA: None | EW: PySide6.QtCore.QRect(152, 153, 1730, 924)
All rects available:
  0: 1610, 117, 270x210
  1: 1674, 356, 484x647
  2: 2396, 1364, 90x90
  3: 632, 153, 1250x60
  4: 152, 153, 1730x924
  5: 150, 152, 1734x927
  6: 0, 64, 1815x1464
  7: 828, 344, 874x767
  8: 320, 186, 1920x1200
  9: 320, 186, 1920x69
Mouse: 1592, 436 | UIA: None | EW: PySide6.QtCore.QRect(152, 153, 1730, 924)
All rects available:
  0: 1610, 117, 270x210
  1: 1674, 356, 484x647
  2: 2396, 1364, 90x90
  3: 632, 153, 1250x60
  4: 152, 153, 1730x924
  5: 150, 152, 1734x927
  6: 0, 64, 1815x1464
  7: 828, 344, 874x767
  8: 320, 186, 1920x1200
  9: 320, 186, 1920x69
Mouse: 1592, 436 | UIA: None | EW: PySide6.QtCore.QRect(152, 153, 1730, 924)
All rects available:
  0: 1610, 117, 270x210
  1: 1674, 356, 484x647
  2: 2396, 1364, 90x90
  3: 632, 153, 1250x60
  4: 152, 153, 1730x924
  5: 150, 152, 1734x927
  6: 0, 64, 1815x1464
  7: 828, 344, 874x767
  8: 320, 186, 1920x1200
  9: 320, 186, 1920x69
Mouse: 1593, 436 | UIA: None | EW: PySide6.QtCore.QRect(152, 153, 1730, 924)
All rects available:
  0: 1610, 117, 270x210
  1: 1674, 356, 484x647
  2: 2396, 1364, 90x90
  3: 632, 153, 1250x60
  4: 152, 153, 1730x924
  5: 150, 152, 1734x927
  6: 0, 64, 1815x1464
  7: 828, 344, 874x767
  8: 320, 186, 1920x1200
  9: 320, 186, 1920x69
Mouse: 1594, 436 | UIA: None | EW: PySide6.QtCore.QRect(152, 153, 1730, 924)
All rects available:
  0: 1610, 117, 270x210
  1: 1674, 356, 484x647
  2: 2396, 1364, 90x90
  3: 632, 153, 1250x60
  4: 152, 153, 1730x924
  5: 150, 152, 1734x927
  6: 0, 64, 1815x1464
  7: 828, 344, 874x767
  8: 320, 186, 1920x1200
  9: 320, 186, 1920x69
Mouse: 1598, 436 | UIA: None | EW: PySide6.QtCore.QRect(152, 153, 1730, 924)
All rects available:
  0: 1610, 117, 270x210
  1: 1674, 356, 484x647
  2: 2396, 1364, 90x90
  3: 632, 153, 1250x60
  4: 152, 153, 1730x924
  5: 150, 152, 1734x927
  6: 0, 64, 1815x1464
  7: 828, 344, 874x767
  8: 320, 186, 1920x1200
  9: 320, 186, 1920x69
Mouse: 1599, 436 | UIA: None | EW: PySide6.QtCore.QRect(152, 153, 1730, 924)
All rects available:
  0: 1610, 117, 270x210
  1: 1674, 356, 484x647
  2: 2396, 1364, 90x90
  3: 632, 153, 1250x60
  4: 152, 153, 1730x924
  5: 150, 152, 1734x927
  6: 0, 64, 1815x1464
  7: 828, 344, 874x767
  8: 320, 186, 1920x1200
  9: 320, 186, 1920x69
Mouse: 1602, 436 | UIA: None | EW: PySide6.QtCore.QRect(152, 153, 1730, 924)
All rects available:
  0: 1610, 117, 270x210
  1: 1674, 356, 484x647
  2: 2396, 1364, 90x90
  3: 632, 153, 1250x60
  4: 152, 153, 1730x924
  5: 150, 152, 1734x927
  6: 0, 64, 1815x1464
  7: 828, 344, 874x767
  8: 320, 186, 1920x1200
  9: 320, 186, 1920x69
Mouse: 1606, 436 | UIA: None | EW: PySide6.QtCore.QRect(152, 153, 1730, 924)
All rects available:
  0: 1610, 117, 270x210
  1: 1674, 356, 484x647
  2: 2396, 1364, 90x90
  3: 632, 153, 1250x60
  4: 152, 153, 1730x924
  5: 150, 152, 1734x927
  6: 0, 64, 1815x1464
  7: 828, 344, 874x767
  8: 320, 186, 1920x1200
  9: 320, 186, 1920x69
Mouse: 1611, 436 | UIA: None | EW: PySide6.QtCore.QRect(152, 153, 1730, 924)
All rects available:
  0: 1610, 117, 270x210
  1: 1674, 356, 484x647
  2: 2396, 1364, 90x90
  3: 632, 153, 1250x60
  4: 152, 153, 1730x924
  5: 150, 152, 1734x927
  6: 0, 64, 1815x1464
  7: 828, 344, 874x767
  8: 320, 186, 1920x1200
  9: 320, 186, 1920x69
Mouse: 1616, 436 | UIA: None | EW: PySide6.QtCore.QRect(152, 153, 1730, 924)
All rects available:
  0: 1610, 117, 270x210
  1: 1674, 356, 484x647
  2: 2396, 1364, 90x90
  3: 632, 153, 1250x60
  4: 152, 153, 1730x924
  5: 150, 152, 1734x927
  6: 0, 64, 1815x1464
  7: 828, 344, 874x767
  8: 320, 186, 1920x1200
  9: 320, 186, 1920x69
Mouse: 1624, 436 | UIA: None | EW: PySide6.QtCore.QRect(152, 153, 1730, 924)
All rects available:
  0: 1610, 117, 270x210
  1: 1674, 356, 484x647
  2: 2396, 1364, 90x90
  3: 632, 153, 1250x60
  4: 152, 153, 1730x924
  5: 150, 152, 1734x927
  6: 0, 64, 1815x1464
  7: 828, 344, 874x767
  8: 320, 186, 1920x1200
  9: 320, 186, 1920x69
Mouse: 1634, 436 | UIA: None | EW: PySide6.QtCore.QRect(152, 153, 1730, 924)
All rects available:
  0: 1610, 117, 270x210
  1: 1674, 356, 484x647
  2: 2396, 1364, 90x90
  3: 632, 153, 1250x60
  4: 152, 153, 1730x924
  5: 150, 152, 1734x927
  6: 0, 64, 1815x1464
  7: 828, 344, 874x767
  8: 320, 186, 1920x1200
  9: 320, 186, 1920x69
Mouse: 1644, 436 | UIA: None | EW: PySide6.QtCore.QRect(152, 153, 1730, 924)
All rects available:
  0: 1610, 117, 270x210
  1: 1674, 356, 484x647
  2: 2396, 1364, 90x90
  3: 632, 153, 1250x60
  4: 152, 153, 1730x924
  5: 150, 152, 1734x927
  6: 0, 64, 1815x1464
  7: 828, 344, 874x767
  8: 320, 186, 1920x1200
  9: 320, 186, 1920x69
Mouse: 1654, 436 | UIA: None | EW: PySide6.QtCore.QRect(152, 153, 1730, 924)
All rects available:
  0: 1610, 117, 270x210
  1: 1674, 356, 484x647
  2: 2396, 1364, 90x90
  3: 632, 153, 1250x60
  4: 152, 153, 1730x924
  5: 150, 152, 1734x927
  6: 0, 64, 1815x1464
  7: 828, 344, 874x767
  8: 320, 186, 1920x1200
  9: 320, 186, 1920x69
Mouse: 1815, 332 | UIA: None | EW: PySide6.QtCore.QRect(152, 153, 1730, 924)
All rects available:
  0: 1610, 117, 270x210
  1: 1674, 356, 484x647
  2: 2396, 1364, 90x90
  3: 632, 153, 1250x60
  4: 152, 153, 1730x924
  5: 150, 152, 1734x927
  6: 0, 64, 1815x1464
  7: 828, 344, 874x767
  8: 320, 186, 1920x1200
  9: 320, 186, 1920x69
Mouse: 1818, 302 | UIA: None | EW: PySide6.QtCore.QRect(1610, 117, 270, 210)
All rects available:
  0: 1610, 117, 270x210
  1: 1674, 356, 484x647
  2: 2396, 1364, 90x90
  3: 632, 153, 1250x60
  4: 152, 153, 1730x924
  5: 150, 152, 1734x927
  6: 0, 64, 1815x1464
  7: 828, 344, 874x767
  8: 320, 186, 1920x1200
  9: 320, 186, 1920x69
Mouse: 1820, 285 | UIA: None | EW: PySide6.QtCore.QRect(1610, 117, 270, 210)
All rects available:
  0: 1610, 117, 270x210
  1: 1674, 356, 484x647
  2: 2396, 1364, 90x90
  3: 632, 153, 1250x60
  4: 152, 153, 1730x924
  5: 150, 152, 1734x927
  6: 0, 64, 1815x1464
  7: 828, 344, 874x767
  8: 320, 186, 1920x1200
  9: 320, 186, 1920x69
Mouse: 1821, 268 | UIA: None | EW: PySide6.QtCore.QRect(1610, 117, 270, 210)
All rects available:
  0: 1610, 117, 270x210
  1: 1674, 356, 484x647
  2: 2396, 1364, 90x90
  3: 632, 153, 1250x60
  4: 152, 153, 1730x924
  5: 150, 152, 1734x927
  6: 0, 64, 1815x1464
  7: 828, 344, 874x767
  8: 320, 186, 1920x1200
  9: 320, 186, 1920x69
Mouse: 1826, 230 | UIA: None | EW: PySide6.QtCore.QRect(1610, 117, 270, 210)
All rects available:
  0: 1610, 117, 270x210
  1: 1674, 356, 484x647
  2: 2396, 1364, 90x90
  3: 632, 153, 1250x60
  4: 152, 153, 1730x924
  5: 150, 152, 1734x927
  6: 0, 64, 1815x1464
  7: 828, 344, 874x767
  8: 320, 186, 1920x1200
  9: 320, 186, 1920x69
Mouse: 1826, 207 | UIA: None | EW: PySide6.QtCore.QRect(1610, 117, 270, 210)
All rects available:
  0: 1610, 117, 270x210
  1: 1674, 356, 484x647
  2: 2396, 1364, 90x90
  3: 632, 153, 1250x60
  4: 152, 153, 1730x924
  5: 150, 152, 1734x927
  6: 0, 64, 1815x1464
  7: 828, 344, 874x767
  8: 320, 186, 1920x1200
  9: 320, 186, 1920x69
Mouse: 1826, 188 | UIA: None | EW: PySide6.QtCore.QRect(1610, 117, 270, 210)
All rects available:
  0: 1610, 117, 270x210
  1: 1674, 356, 484x647
  2: 2396, 1364, 90x90
  3: 632, 153, 1250x60
  4: 152, 153, 1730x924
  5: 150, 152, 1734x927
  6: 0, 64, 1815x1464
  7: 828, 344, 874x767
  8: 320, 186, 1920x1200
  9: 320, 186, 1920x69
Mouse: 1826, 174 | UIA: None | EW: PySide6.QtCore.QRect(1610, 117, 270, 210)
All rects available:
  0: 1610, 117, 270x210
  1: 1674, 356, 484x647
  2: 2396, 1364, 90x90
  3: 632, 153, 1250x60
  4: 152, 153, 1730x924
  5: 150, 152, 1734x927
  6: 0, 64, 1815x1464
  7: 828, 344, 874x767
  8: 320, 186, 1920x1200
  9: 320, 186, 1920x69
Mouse: 1826, 165 | UIA: None | EW: PySide6.QtCore.QRect(1610, 117, 270, 210)
All rects available:
  0: 1610, 117, 270x210
  1: 1674, 356, 484x647
  2: 2396, 1364, 90x90
  3: 632, 153, 1250x60
  4: 152, 153, 1730x924
  5: 150, 152, 1734x927
  6: 0, 64, 1815x1464
  7: 828, 344, 874x767
  8: 320, 186, 1920x1200
  9: 320, 186, 1920x69
Mouse: 1826, 160 | UIA: None | EW: PySide6.QtCore.QRect(1610, 117, 270, 210)
All rects available:
  0: 1610, 117, 270x210
  1: 1674, 356, 484x647
  2: 2396, 1364, 90x90
  3: 632, 153, 1250x60
  4: 152, 153, 1730x924
  5: 150, 152, 1734x927
  6: 0, 64, 1815x1464
  7: 828, 344, 874x767
  8: 320, 186, 1920x1200
  9: 320, 186, 1920x69
Mouse: 1826, 158 | UIA: None | EW: PySide6.QtCore.QRect(1610, 117, 270, 210)
All rects available:
  0: 1610, 117, 270x210
  1: 1674, 356, 484x647
  2: 2396, 1364, 90x90
  3: 632, 153, 1250x60
  4: 152, 153, 1730x924
  5: 150, 152, 1734x927
  6: 0, 64, 1815x1464
  7: 828, 344, 874x767
  8: 320, 186, 1920x1200
  9: 320, 186, 1920x69
Mouse: 1826, 158 | UIA: None | EW: PySide6.QtCore.QRect(1610, 117, 270, 210)
All rects available:
  0: 1610, 117, 270x210
  1: 1674, 356, 484x647
  2: 2396, 1364, 90x90
  3: 632, 153, 1250x60
  4: 152, 153, 1730x924
  5: 150, 152, 1734x927
  6: 0, 64, 1815x1464
  7: 828, 344, 874x767
  8: 320, 186, 1920x1200
  9: 320, 186, 1920x69
Mouse: 1820, 158 | UIA: None | EW: PySide6.QtCore.QRect(1610, 117, 270, 210)
All rects available:
  0: 1610, 117, 270x210
  1: 1674, 356, 484x647
  2: 2396, 1364, 90x90
  3: 632, 153, 1250x60
  4: 152, 153, 1730x924
  5: 150, 152, 1734x927
  6: 0, 64, 1815x1464
  7: 828, 344, 874x767
  8: 320, 186, 1920x1200
  9: 320, 186, 1920x69
Mouse: 1808, 158 | UIA: None | EW: PySide6.QtCore.QRect(1610, 117, 270, 210)
All rects available:
  0: 1610, 117, 270x210
  1: 1674, 356, 484x647
  2: 2396, 1364, 90x90
  3: 632, 153, 1250x60
  4: 152, 153, 1730x924
  5: 150, 152, 1734x927
  6: 0, 64, 1815x1464
  7: 828, 344, 874x767
  8: 320, 186, 1920x1200
  9: 320, 186, 1920x69
Mouse: 1803, 158 | UIA: None | EW: PySide6.QtCore.QRect(1610, 117, 270, 210)
All rects available:
  0: 1610, 117, 270x210
  1: 1674, 356, 484x647
  2: 2396, 1364, 90x90
  3: 632, 153, 1250x60
  4: 152, 153, 1730x924
  5: 150, 152, 1734x927
  6: 0, 64, 1815x1464
  7: 828, 344, 874x767
  8: 320, 186, 1920x1200
  9: 320, 186, 1920x69
Mouse: 1797, 159 | UIA: None | EW: PySide6.QtCore.QRect(1610, 117, 270, 210)
All rects available:
  0: 1610, 117, 270x210
  1: 1674, 356, 484x647
  2: 2396, 1364, 90x90
  3: 632, 153, 1250x60
  4: 152, 153, 1730x924
  5: 150, 152, 1734x927
  6: 0, 64, 1815x1464
  7: 828, 344, 874x767
  8: 320, 186, 1920x1200
  9: 320, 186, 1920x69
Mouse: 1784, 159 | UIA: None | EW: PySide6.QtCore.QRect(1610, 117, 270, 210)
All rects available:
  0: 1610, 117, 270x210
  1: 1674, 356, 484x647
  2: 2396, 1364, 90x90
  3: 632, 153, 1250x60
  4: 152, 153, 1730x924
  5: 150, 152, 1734x927
  6: 0, 64, 1815x1464
  7: 828, 344, 874x767
  8: 320, 186, 1920x1200
  9: 320, 186, 1920x69
Mouse: 1774, 159 | UIA: None | EW: PySide6.QtCore.QRect(1610, 117, 270, 210)
All rects available:
  0: 1610, 117, 270x210
  1: 1674, 356, 484x647
  2: 2396, 1364, 90x90
  3: 632, 153, 1250x60
  4: 152, 153, 1730x924
  5: 150, 152, 1734x927
  6: 0, 64, 1815x1464
  7: 828, 344, 874x767
  8: 320, 186, 1920x1200
  9: 320, 186, 1920x69
Mouse: 1764, 159 | UIA: None | EW: PySide6.QtCore.QRect(1610, 117, 270, 210)
All rects available:
  0: 1610, 117, 270x210
  1: 1674, 356, 484x647
  2: 2396, 1364, 90x90
  3: 632, 153, 1250x60
  4: 152, 153, 1730x924
  5: 150, 152, 1734x927
  6: 0, 64, 1815x1464
  7: 828, 344, 874x767
  8: 320, 186, 1920x1200
  9: 320, 186, 1920x69
Mouse: 1760, 159 | UIA: None | EW: PySide6.QtCore.QRect(1610, 117, 270, 210)
All rects available:
  0: 1610, 117, 270x210
  1: 1674, 356, 484x647
  2: 2396, 1364, 90x90
  3: 632, 153, 1250x60
  4: 152, 153, 1730x924
  5: 150, 152, 1734x927
  6: 0, 64, 1815x1464
  7: 828, 344, 874x767
  8: 320, 186, 1920x1200
  9: 320, 186, 1920x69
Mouse: 1749, 159 | UIA: None | EW: PySide6.QtCore.QRect(1610, 117, 270, 210)
All rects available:
  0: 1610, 117, 270x210
  1: 1674, 356, 484x647
  2: 2396, 1364, 90x90
  3: 632, 153, 1250x60
  4: 152, 153, 1730x924
  5: 150, 152, 1734x927
  6: 0, 64, 1815x1464
  7: 828, 344, 874x767
  8: 320, 186, 1920x1200
  9: 320, 186, 1920x69
Mouse: 1740, 159 | UIA: None | EW: PySide6.QtCore.QRect(1610, 117, 270, 210)
All rects available:
  0: 1610, 117, 270x210
  1: 1674, 356, 484x647
  2: 2396, 1364, 90x90
  3: 632, 153, 1250x60
  4: 152, 153, 1730x924
  5: 150, 152, 1734x927
  6: 0, 64, 1815x1464
  7: 828, 344, 874x767
  8: 320, 186, 1920x1200
  9: 320, 186, 1920x69
Mouse: 1732, 159 | UIA: None | EW: PySide6.QtCore.QRect(1610, 117, 270, 210)
All rects available:
  0: 1610, 117, 270x210
  1: 1674, 356, 484x647
  2: 2396, 1364, 90x90
  3: 632, 153, 1250x60
  4: 152, 153, 1730x924
  5: 150, 152, 1734x927
  6: 0, 64, 1815x1464
  7: 828, 344, 874x767
  8: 320, 186, 1920x1200
  9: 320, 186, 1920x69
Mouse: 1724, 159 | UIA: None | EW: PySide6.QtCore.QRect(1610, 117, 270, 210)
All rects available:
  0: 1610, 117, 270x210
  1: 1674, 356, 484x647
  2: 2396, 1364, 90x90
  3: 632, 153, 1250x60
  4: 152, 153, 1730x924
  5: 150, 152, 1734x927
  6: 0, 64, 1815x1464
  7: 828, 344, 874x767
  8: 320, 186, 1920x1200
  9: 320, 186, 1920x69
Mouse: 1718, 159 | UIA: None | EW: PySide6.QtCore.QRect(1610, 117, 270, 210)
All rects available:
  0: 1610, 117, 270x210
  1: 1674, 356, 484x647
  2: 2396, 1364, 90x90
  3: 632, 153, 1250x60
  4: 152, 153, 1730x924
  5: 150, 152, 1734x927
  6: 0, 64, 1815x1464
  7: 828, 344, 874x767
  8: 320, 186, 1920x1200
  9: 320, 186, 1920x69
Mouse: 1712, 160 | UIA: None | EW: PySide6.QtCore.QRect(1610, 117, 270, 210)
All rects available:
  0: 1610, 117, 270x210
  1: 1674, 356, 484x647
  2: 2396, 1364, 90x90
  3: 632, 153, 1250x60
  4: 152, 153, 1730x924
  5: 150, 152, 1734x927
  6: 0, 64, 1815x1464
  7: 828, 344, 874x767
  8: 320, 186, 1920x1200
  9: 320, 186, 1920x69
Mouse: 1706, 160 | UIA: None | EW: PySide6.QtCore.QRect(1610, 117, 270, 210)
All rects available:
  0: 1610, 117, 270x210
  1: 1674, 356, 484x647
  2: 2396, 1364, 90x90
  3: 632, 153, 1250x60
  4: 152, 153, 1730x924
  5: 150, 152, 1734x927
  6: 0, 64, 1815x1464
  7: 828, 344, 874x767
  8: 320, 186, 1920x1200
  9: 320, 186, 1920x69
Mouse: 1700, 160 | UIA: None | EW: PySide6.QtCore.QRect(1610, 117, 270, 210)
All rects available:
  0: 1610, 117, 270x210
  1: 1674, 356, 484x647
  2: 2396, 1364, 90x90
  3: 632, 153, 1250x60
  4: 152, 153, 1730x924
  5: 150, 152, 1734x927
  6: 0, 64, 1815x1464
  7: 828, 344, 874x767
  8: 320, 186, 1920x1200
  9: 320, 186, 1920x69
Mouse: 1692, 162 | UIA: None | EW: PySide6.QtCore.QRect(1610, 117, 270, 210)
All rects available:
  0: 1610, 117, 270x210
  1: 1674, 356, 484x647
  2: 2396, 1364, 90x90
  3: 632, 153, 1250x60
  4: 152, 153, 1730x924
  5: 150, 152, 1734x927
  6: 0, 64, 1815x1464
  7: 828, 344, 874x767
  8: 320, 186, 1920x1200
  9: 320, 186, 1920x69
Mouse: 1682, 165 | UIA: None | EW: PySide6.QtCore.QRect(1610, 117, 270, 210)
All rects available:
  0: 1610, 117, 270x210
  1: 1674, 356, 484x647
  2: 2396, 1364, 90x90
  3: 632, 153, 1250x60
  4: 152, 153, 1730x924
  5: 150, 152, 1734x927
  6: 0, 64, 1815x1464
  7: 828, 344, 874x767
  8: 320, 186, 1920x1200
  9: 320, 186, 1920x69
Mouse: 1676, 166 | UIA: None | EW: PySide6.QtCore.QRect(1610, 117, 270, 210)
All rects available:
  0: 1610, 117, 270x210
  1: 1674, 356, 484x647
  2: 2396, 1364, 90x90
  3: 632, 153, 1250x60
  4: 152, 153, 1730x924
  5: 150, 152, 1734x927
  6: 0, 64, 1815x1464
  7: 828, 344, 874x767
  8: 320, 186, 1920x1200
  9: 320, 186, 1920x69
Mouse: 1660, 170 | UIA: None | EW: PySide6.QtCore.QRect(1610, 117, 270, 210)
All rects available:
  0: 1610, 117, 270x210
  1: 1674, 356, 484x647
  2: 2396, 1364, 90x90
  3: 632, 153, 1250x60
  4: 152, 153, 1730x924
  5: 150, 152, 1734x927
  6: 0, 64, 1815x1464
  7: 828, 344, 874x767
  8: 320, 186, 1920x1200
  9: 320, 186, 1920x69
Mouse: 1647, 177 | UIA: None | EW: PySide6.QtCore.QRect(1610, 117, 270, 210)
All rects available:
  0: 1610, 117, 270x210
  1: 1674, 356, 484x647
  2: 2396, 1364, 90x90
  3: 632, 153, 1250x60
  4: 152, 153, 1730x924
  5: 150, 152, 1734x927
  6: 0, 64, 1815x1464
  7: 828, 344, 874x767
  8: 320, 186, 1920x1200
  9: 320, 186, 1920x69
Mouse: 1630, 184 | UIA: None | EW: PySide6.QtCore.QRect(1610, 117, 270, 210)
All rects available:
  0: 1610, 117, 270x210
  1: 1674, 356, 484x647
  2: 2396, 1364, 90x90
  3: 632, 153, 1250x60
  4: 152, 153, 1730x924
  5: 150, 152, 1734x927
  6: 0, 64, 1815x1464
  7: 828, 344, 874x767
  8: 320, 186, 1920x1200
  9: 320, 186, 1920x69
Mouse: 1616, 194 | UIA: None | EW: PySide6.QtCore.QRect(1610, 117, 270, 210)
All rects available:
  0: 1610, 117, 270x210
  1: 1674, 356, 484x647
  2: 2396, 1364, 90x90
  3: 632, 153, 1250x60
  4: 152, 153, 1730x924
  5: 150, 152, 1734x927
  6: 0, 64, 1815x1464
  7: 828, 344, 874x767
  8: 320, 186, 1920x1200
  9: 320, 186, 1920x69
Mouse: 1600, 200 | UIA: None | EW: PySide6.QtCore.QRect(632, 153, 1250, 60)
All rects available:
  0: 1610, 117, 270x210
  1: 1674, 356, 484x647
  2: 2396, 1364, 90x90
  3: 632, 153, 1250x60
  4: 152, 153, 1730x924
  5: 150, 152, 1734x927
  6: 0, 64, 1815x1464
  7: 828, 344, 874x767
  8: 320, 186, 1920x1200
  9: 320, 186, 1920x69
Mouse: 1582, 207 | UIA: None | EW: PySide6.QtCore.QRect(632, 153, 1250, 60)
All rects available:
  0: 1610, 117, 270x210
  1: 1674, 356, 484x647
  2: 2396, 1364, 90x90
  3: 632, 153, 1250x60
  4: 152, 153, 1730x924
  5: 150, 152, 1734x927
  6: 0, 64, 1815x1464
  7: 828, 344, 874x767
  8: 320, 186, 1920x1200
  9: 320, 186, 1920x69
Mouse: 1564, 214 | UIA: None | EW: PySide6.QtCore.QRect(152, 153, 1730, 924)
All rects available:
  0: 1610, 117, 270x210
  1: 1674, 356, 484x647
  2: 2396, 1364, 90x90
  3: 632, 153, 1250x60
  4: 152, 153, 1730x924
  5: 150, 152, 1734x927
  6: 0, 64, 1815x1464
  7: 828, 344, 874x767
  8: 320, 186, 1920x1200
  9: 320, 186, 1920x69
Mouse: 1548, 220 | UIA: None | EW: PySide6.QtCore.QRect(152, 153, 1730, 924)
All rects available:
  0: 1610, 117, 270x210
  1: 1674, 356, 484x647
  2: 2396, 1364, 90x90
  3: 632, 153, 1250x60
  4: 152, 153, 1730x924
  5: 150, 152, 1734x927
  6: 0, 64, 1815x1464
  7: 828, 344, 874x767
  8: 320, 186, 1920x1200
  9: 320, 186, 1920x69
Mouse: 1539, 222 | UIA: None | EW: PySide6.QtCore.QRect(152, 153, 1730, 924)
All rects available:
  0: 1610, 117, 270x210
  1: 1674, 356, 484x647
  2: 2396, 1364, 90x90
  3: 632, 153, 1250x60
  4: 152, 153, 1730x924
  5: 150, 152, 1734x927
  6: 0, 64, 1815x1464
  7: 828, 344, 874x767
  8: 320, 186, 1920x1200
  9: 320, 186, 1920x69
Mouse: 1530, 226 | UIA: None | EW: PySide6.QtCore.QRect(152, 153, 1730, 924)
All rects available:
  0: 1610, 117, 270x210
  1: 1674, 356, 484x647
  2: 2396, 1364, 90x90
  3: 632, 153, 1250x60
  4: 152, 153, 1730x924
  5: 150, 152, 1734x927
  6: 0, 64, 1815x1464
  7: 828, 344, 874x767
  8: 320, 186, 1920x1200
  9: 320, 186, 1920x69
Mouse: 1515, 230 | UIA: None | EW: PySide6.QtCore.QRect(152, 153, 1730, 924)
All rects available:
  0: 1610, 117, 270x210
  1: 1674, 356, 484x647
  2: 2396, 1364, 90x90
  3: 632, 153, 1250x60
  4: 152, 153, 1730x924
  5: 150, 152, 1734x927
  6: 0, 64, 1815x1464
  7: 828, 344, 874x767
  8: 320, 186, 1920x1200
  9: 320, 186, 1920x69
Mouse: 1498, 232 | UIA: None | EW: PySide6.QtCore.QRect(152, 153, 1730, 924)
All rects available:
  0: 1610, 117, 270x210
  1: 1674, 356, 484x647
  2: 2396, 1364, 90x90
  3: 632, 153, 1250x60
  4: 152, 153, 1730x924
  5: 150, 152, 1734x927
  6: 0, 64, 1815x1464
  7: 828, 344, 874x767
  8: 320, 186, 1920x1200
  9: 320, 186, 1920x69
Mouse: 1490, 234 | UIA: None | EW: PySide6.QtCore.QRect(152, 153, 1730, 924)
All rects available:
  0: 1610, 117, 270x210
  1: 1674, 356, 484x647
  2: 2396, 1364, 90x90
  3: 632, 153, 1250x60
  4: 152, 153, 1730x924
  5: 150, 152, 1734x927
  6: 0, 64, 1815x1464
  7: 828, 344, 874x767
  8: 320, 186, 1920x1200
  9: 320, 186, 1920x69
Mouse: 1478, 237 | UIA: None | EW: PySide6.QtCore.QRect(152, 153, 1730, 924)
All rects available:
  0: 1610, 117, 270x210
  1: 1674, 356, 484x647
  2: 2396, 1364, 90x90
  3: 632, 153, 1250x60
  4: 152, 153, 1730x924
  5: 150, 152, 1734x927
  6: 0, 64, 1815x1464
  7: 828, 344, 874x767
  8: 320, 186, 1920x1200
  9: 320, 186, 1920x69
Mouse: 1464, 237 | UIA: None | EW: PySide6.QtCore.QRect(152, 153, 1730, 924)
All rects available:
  0: 1610, 117, 270x210
  1: 1674, 356, 484x647
  2: 2396, 1364, 90x90
  3: 632, 153, 1250x60
  4: 152, 153, 1730x924
  5: 150, 152, 1734x927
  6: 0, 64, 1815x1464
  7: 828, 344, 874x767
  8: 320, 186, 1920x1200
  9: 320, 186, 1920x69
Mouse: 1455, 237 | UIA: None | EW: PySide6.QtCore.QRect(152, 153, 1730, 924)
All rects available:
  0: 1610, 117, 270x210
  1: 1674, 356, 484x647
  2: 2396, 1364, 90x90
  3: 632, 153, 1250x60
  4: 152, 153, 1730x924
  5: 150, 152, 1734x927
  6: 0, 64, 1815x1464
  7: 828, 344, 874x767
  8: 320, 186, 1920x1200
  9: 320, 186, 1920x69
Mouse: 1450, 237 | UIA: None | EW: PySide6.QtCore.QRect(152, 153, 1730, 924)
All rects available:
  0: 1610, 117, 270x210
  1: 1674, 356, 484x647
  2: 2396, 1364, 90x90
  3: 632, 153, 1250x60
  4: 152, 153, 1730x924
  5: 150, 152, 1734x927
  6: 0, 64, 1815x1464
  7: 828, 344, 874x767
  8: 320, 186, 1920x1200
  9: 320, 186, 1920x69
Mouse: 1448, 237 | UIA: None | EW: PySide6.QtCore.QRect(152, 153, 1730, 924)
All rects available:
  0: 1610, 117, 270x210
  1: 1674, 356, 484x647
  2: 2396, 1364, 90x90
  3: 632, 153, 1250x60
  4: 152, 153, 1730x924
  5: 150, 152, 1734x927
  6: 0, 64, 1815x1464
  7: 828, 344, 874x767
  8: 320, 186, 1920x1200
  9: 320, 186, 1920x69
Mouse: 1443, 236 | UIA: None | EW: PySide6.QtCore.QRect(152, 153, 1730, 924)
All rects available:
  0: 1610, 117, 270x210
  1: 1674, 356, 484x647
  2: 2396, 1364, 90x90
  3: 632, 153, 1250x60
  4: 152, 153, 1730x924
  5: 150, 152, 1734x927
  6: 0, 64, 1815x1464
  7: 828, 344, 874x767
  8: 320, 186, 1920x1200
  9: 320, 186, 1920x69
Mouse: 1440, 236 | UIA: None | EW: PySide6.QtCore.QRect(152, 153, 1730, 924)
All rects available:
  0: 1610, 117, 270x210
  1: 1674, 356, 484x647
  2: 2396, 1364, 90x90
  3: 632, 153, 1250x60
  4: 152, 153, 1730x924
  5: 150, 152, 1734x927
  6: 0, 64, 1815x1464
  7: 828, 344, 874x767
  8: 320, 186, 1920x1200
  9: 320, 186, 1920x69
Mouse: 1438, 236 | UIA: None | EW: PySide6.QtCore.QRect(152, 153, 1730, 924)
All rects available:
  0: 1610, 117, 270x210
  1: 1674, 356, 484x647
  2: 2396, 1364, 90x90
  3: 632, 153, 1250x60
  4: 152, 153, 1730x924
  5: 150, 152, 1734x927
  6: 0, 64, 1815x1464
  7: 828, 344, 874x767
  8: 320, 186, 1920x1200
  9: 320, 186, 1920x69
Mouse: 1436, 236 | UIA: None | EW: PySide6.QtCore.QRect(152, 153, 1730, 924)
All rects available:
  0: 1610, 117, 270x210
  1: 1674, 356, 484x647
  2: 2396, 1364, 90x90
  3: 632, 153, 1250x60
  4: 152, 153, 1730x924
  5: 150, 152, 1734x927
  6: 0, 64, 1815x1464
  7: 828, 344, 874x767
  8: 320, 186, 1920x1200
  9: 320, 186, 1920x69
Mouse: 1432, 236 | UIA: None | EW: PySide6.QtCore.QRect(152, 153, 1730, 924)
All rects available:
  0: 1610, 117, 270x210
  1: 1674, 356, 484x647
  2: 2396, 1364, 90x90
  3: 632, 153, 1250x60
  4: 152, 153, 1730x924
  5: 150, 152, 1734x927
  6: 0, 64, 1815x1464
  7: 828, 344, 874x767
  8: 320, 186, 1920x1200
  9: 320, 186, 1920x69
Mouse: 1431, 236 | UIA: None | EW: PySide6.QtCore.QRect(152, 153, 1730, 924)
All rects available:
  0: 1610, 117, 270x210
  1: 1674, 356, 484x647
  2: 2396, 1364, 90x90
  3: 632, 153, 1250x60
  4: 152, 153, 1730x924
  5: 150, 152, 1734x927
  6: 0, 64, 1815x1464
  7: 828, 344, 874x767
  8: 320, 186, 1920x1200
  9: 320, 186, 1920x69
Mouse: 1430, 236 | UIA: None | EW: PySide6.QtCore.QRect(152, 153, 1730, 924)
All rects available:
  0: 1610, 117, 270x210
  1: 1674, 356, 484x647
  2: 2396, 1364, 90x90
  3: 632, 153, 1250x60
  4: 152, 153, 1730x924
  5: 150, 152, 1734x927
  6: 0, 64, 1815x1464
  7: 828, 344, 874x767
  8: 320, 186, 1920x1200
  9: 320, 186, 1920x69
Mouse: 1430, 236 | UIA: None | EW: PySide6.QtCore.QRect(152, 153, 1730, 924)
All rects available:
  0: 1610, 117, 270x210
  1: 1674, 356, 484x647
  2: 2396, 1364, 90x90
  3: 632, 153, 1250x60
  4: 152, 153, 1730x924
  5: 150, 152, 1734x927
  6: 0, 64, 1815x1464
  7: 828, 344, 874x767
  8: 320, 186, 1920x1200
  9: 320, 186, 1920x69
Mouse: 1428, 236 | UIA: None | EW: PySide6.QtCore.QRect(152, 153, 1730, 924)
All rects available:
  0: 1610, 117, 270x210
  1: 1674, 356, 484x647
  2: 2396, 1364, 90x90
  3: 632, 153, 1250x60
  4: 152, 153, 1730x924
  5: 150, 152, 1734x927
  6: 0, 64, 1815x1464
  7: 828, 344, 874x767
  8: 320, 186, 1920x1200
  9: 320, 186, 1920x69
Mouse: 1436, 244 | UIA: None | EW: PySide6.QtCore.QRect(152, 153, 1730, 924)
All rects available:
  0: 1610, 117, 270x210
  1: 1674, 356, 484x647
  2: 2396, 1364, 90x90
  3: 632, 153, 1250x60
  4: 152, 153, 1730x924
  5: 150, 152, 1734x927
  6: 0, 64, 1815x1464
  7: 828, 344, 874x767
  8: 320, 186, 1920x1200
  9: 320, 186, 1920x69
Mouse: 1446, 261 | UIA: None | EW: PySide6.QtCore.QRect(152, 153, 1730, 924)
All rects available:
  0: 1610, 117, 270x210
  1: 1674, 356, 484x647
  2: 2396, 1364, 90x90
  3: 632, 153, 1250x60
  4: 152, 153, 1730x924
  5: 150, 152, 1734x927
  6: 0, 64, 1815x1464
  7: 828, 344, 874x767
  8: 320, 186, 1920x1200
  9: 320, 186, 1920x69
Mouse: 1500, 316 | UIA: None | EW: PySide6.QtCore.QRect(152, 153, 1730, 924)
All rects available:
  0: 1610, 117, 270x210
  1: 1674, 356, 484x647
  2: 2396, 1364, 90x90
  3: 632, 153, 1250x60
  4: 152, 153, 1730x924
  5: 150, 152, 1734x927
  6: 0, 64, 1815x1464
  7: 828, 344, 874x767
  8: 320, 186, 1920x1200
  9: 320, 186, 1920x69
Mouse: 1584, 392 | UIA: None | EW: PySide6.QtCore.QRect(152, 153, 1730, 924)
All rects available:
  0: 1610, 117, 270x210
  1: 1674, 356, 484x647
  2: 2396, 1364, 90x90
  3: 632, 153, 1250x60
  4: 152, 153, 1730x924
  5: 150, 152, 1734x927
  6: 0, 64, 1815x1464
  7: 828, 344, 874x767
  8: 320, 186, 1920x1200
  9: 320, 186, 1920x69
Mouse: 1660, 453 | UIA: None | EW: PySide6.QtCore.QRect(152, 153, 1730, 924)
All rects available:
  0: 1610, 117, 270x210
  1: 1674, 356, 484x647
  2: 2396, 1364, 90x90
  3: 632, 153, 1250x60
  4: 152, 153, 1730x924
  5: 150, 152, 1734x927
  6: 0, 64, 1815x1464
  7: 828, 344, 874x767
  8: 320, 186, 1920x1200
  9: 320, 186, 1920x69
Mouse: 1930, 306 | UIA: None | EW: PySide6.QtCore.QRect(320, 186, 1920, 1200)
All rects available:
  0: 1610, 117, 270x210
  1: 1674, 356, 484x647
  2: 2396, 1364, 90x90
  3: 632, 153, 1250x60
  4: 152, 153, 1730x924
  5: 150, 152, 1734x927
  6: 0, 64, 1815x1464
  7: 828, 344, 874x767
  8: 320, 186, 1920x1200
  9: 320, 186, 1920x69
Mouse: 1977, 226 | UIA: None | EW: PySide6.QtCore.QRect(320, 186, 1920, 1200)
All rects available:
  0: 1610, 117, 270x210
  1: 1674, 356, 484x647
  2: 2396, 1364, 90x90
  3: 632, 153, 1250x60
  4: 152, 153, 1730x924
  5: 150, 152, 1734x927
  6: 0, 64, 1815x1464
  7: 828, 344, 874x767
  8: 320, 186, 1920x1200
  9: 320, 186, 1920x69
Mouse: 2008, 182 | UIA: None | EW: PySide6.QtCore.QRect(318, 141, 1924, 1247)
All rects available:
  0: 1610, 117, 270x210
  1: 1674, 356, 484x647
  2: 2396, 1364, 90x90
  3: 632, 153, 1250x60
  4: 152, 153, 1730x924
  5: 150, 152, 1734x927
  6: 0, 64, 1815x1464
  7: 828, 344, 874x767
  8: 320, 186, 1920x1200
  9: 320, 186, 1920x69
Mouse: 2040, 140 | UIA: None | EW: PySide6.QtCore.QRect(0, 0, 2560, 1600)
All rects available:
  0: 1610, 117, 270x210
  1: 1674, 356, 484x647
  2: 2396, 1364, 90x90
  3: 632, 153, 1250x60
  4: 152, 153, 1730x924
  5: 150, 152, 1734x927
  6: 0, 64, 1815x1464
  7: 828, 344, 874x767
  8: 320, 186, 1920x1200
  9: 320, 186, 1920x69
Mouse: 2067, 106 | UIA: None | EW: PySide6.QtCore.QRect(0, 0, 2560, 1600)
All rects available:
  0: 1610, 117, 270x210
  1: 1674, 356, 484x647
  2: 2396, 1364, 90x90
  3: 632, 153, 1250x60
  4: 152, 153, 1730x924
  5: 150, 152, 1734x927
  6: 0, 64, 1815x1464
  7: 828, 344, 874x767
  8: 320, 186, 1920x1200
  9: 320, 186, 1920x69
Mouse: 2146, 34 | UIA: None | EW: PySide6.QtCore.QRect(0, 0, 2560, 1600)
All rects available:
  0: 1610, 117, 270x210
  1: 1674, 356, 484x647
  2: 2396, 1364, 90x90
  3: 632, 153, 1250x60
  4: 152, 153, 1730x924
  5: 150, 152, 1734x927
  6: 0, 64, 1815x1464
  7: 828, 344, 874x767
  8: 320, 186, 1920x1200
  9: 320, 186, 1920x69
Mouse: 2184, 8 | UIA: None | EW: PySide6.QtCore.QRect(0, 0, 2560, 1600)
All rects available:
  0: 1610, 117, 270x210
  1: 1674, 356, 484x647
  2: 2396, 1364, 90x90
  3: 632, 153, 1250x60
  4: 152, 153, 1730x924
  5: 150, 152, 1734x927
  6: 0, 64, 1815x1464
  7: 828, 344, 874x767
  8: 320, 186, 1920x1200
  9: 320, 186, 1920x69
Mouse: 2208, 0 | UIA: None | EW: PySide6.QtCore.QRect(0, 0, 2560, 1600)
All rects available:
  0: 1610, 117, 270x210
  1: 1674, 356, 484x647
  2: 2396, 1364, 90x90
  3: 632, 153, 1250x60
  4: 152, 153, 1730x924
  5: 150, 152, 1734x927
  6: 0, 64, 1815x1464
  7: 828, 344, 874x767
  8: 320, 186, 1920x1200
  9: 320, 186, 1920x69
Mouse: 2224, 0 | UIA: None | EW: PySide6.QtCore.QRect(0, 0, 2560, 1600)
All rects available:
  0: 1610, 117, 270x210
  1: 1674, 356, 484x647
  2: 2396, 1364, 90x90
  3: 632, 153, 1250x60
  4: 152, 153, 1730x924
  5: 150, 152, 1734x927
  6: 0, 64, 1815x1464
  7: 828, 344, 874x767
  8: 320, 186, 1920x1200
  9: 320, 186, 1920x69
Mouse: 2229, 0 | UIA: None | EW: PySide6.QtCore.QRect(0, 0, 2560, 1600)
All rects available:
  0: 1610, 117, 270x210
  1: 1674, 356, 484x647
  2: 2396, 1364, 90x90
  3: 632, 153, 1250x60
  4: 152, 153, 1730x924
  5: 150, 152, 1734x927
  6: 0, 64, 1815x1464
  7: 828, 344, 874x767
  8: 320, 186, 1920x1200
  9: 320, 186, 1920x69
Mouse: 2235, 0 | UIA: None | EW: PySide6.QtCore.QRect(0, 0, 2560, 1600)
All rects available:
  0: 1610, 117, 270x210
  1: 1674, 356, 484x647
  2: 2396, 1364, 90x90
  3: 632, 153, 1250x60
  4: 152, 153, 1730x924
  5: 150, 152, 1734x927
  6: 0, 64, 1815x1464
  7: 828, 344, 874x767
  8: 320, 186, 1920x1200
  9: 320, 186, 1920x69
Mouse: 2240, 0 | UIA: None | EW: PySide6.QtCore.QRect(0, 0, 2560, 1600)
All rects available:
  0: 1610, 117, 270x210
  1: 1674, 356, 484x647
  2: 2396, 1364, 90x90
  3: 632, 153, 1250x60
  4: 152, 153, 1730x924
  5: 150, 152, 1734x927
  6: 0, 64, 1815x1464
  7: 828, 344, 874x767
  8: 320, 186, 1920x1200
  9: 320, 186, 1920x69
Mouse: 2240, 0 | UIA: None | EW: PySide6.QtCore.QRect(0, 0, 2560, 1600)
All rects available:
  0: 1610, 117, 270x210
  1: 1674, 356, 484x647
  2: 2396, 1364, 90x90
  3: 632, 153, 1250x60
  4: 152, 153, 1730x924
  5: 150, 152, 1734x927
  6: 0, 64, 1815x1464
  7: 828, 344, 874x767
  8: 320, 186, 1920x1200
  9: 320, 186, 1920x69
Mouse: 2241, 0 | UIA: None | EW: PySide6.QtCore.QRect(0, 0, 2560, 1600)
All rects available:
  0: 1610, 117, 270x210
  1: 1674, 356, 484x647
  2: 2396, 1364, 90x90
  3: 632, 153, 1250x60
  4: 152, 153, 1730x924
  5: 150, 152, 1734x927
  6: 0, 64, 1815x1464
  7: 828, 344, 874x767
  8: 320, 186, 1920x1200
  9: 320, 186, 1920x69
Mouse: 2242, 0 | UIA: None | EW: PySide6.QtCore.QRect(0, 0, 2560, 1600)
All rects available:
  0: 1610, 117, 270x210
  1: 1674, 356, 484x647
  2: 2396, 1364, 90x90
  3: 632, 153, 1250x60
  4: 152, 153, 1730x924
  5: 150, 152, 1734x927
  6: 0, 64, 1815x1464
  7: 828, 344, 874x767
  8: 320, 186, 1920x1200
  9: 320, 186, 1920x69
Mouse: 2242, 0 | UIA: None | EW: PySide6.QtCore.QRect(0, 0, 2560, 1600)
All rects available:
  0: 1610, 117, 270x210
  1: 1674, 356, 484x647
  2: 2396, 1364, 90x90
  3: 632, 153, 1250x60
  4: 152, 153, 1730x924
  5: 150, 152, 1734x927
  6: 0, 64, 1815x1464
  7: 828, 344, 874x767
  8: 320, 186, 1920x1200
  9: 320, 186, 1920x69
Mouse: 2244, 0 | UIA: None | EW: PySide6.QtCore.QRect(0, 0, 2560, 1600)
All rects available:
  0: 1610, 117, 270x210
  1: 1674, 356, 484x647
  2: 2396, 1364, 90x90
  3: 632, 153, 1250x60
  4: 152, 153, 1730x924
  5: 150, 152, 1734x927
  6: 0, 64, 1815x1464
  7: 828, 344, 874x767
  8: 320, 186, 1920x1200
  9: 320, 186, 1920x69
Mouse: 2246, 0 | UIA: None | EW: PySide6.QtCore.QRect(0, 0, 2560, 1600)
All rects available:
  0: 1610, 117, 270x210
  1: 1674, 356, 484x647
  2: 2396, 1364, 90x90
  3: 632, 153, 1250x60
  4: 152, 153, 1730x924
  5: 150, 152, 1734x927
  6: 0, 64, 1815x1464
  7: 828, 344, 874x767
  8: 320, 186, 1920x1200
  9: 320, 186, 1920x69
Mouse: 2246, 0 | UIA: None | EW: PySide6.QtCore.QRect(0, 0, 2560, 1600)
All rects available:
  0: 1610, 117, 270x210
  1: 1674, 356, 484x647
  2: 2396, 1364, 90x90
  3: 632, 153, 1250x60
  4: 152, 153, 1730x924
  5: 150, 152, 1734x927
  6: 0, 64, 1815x1464
  7: 828, 344, 874x767
  8: 320, 186, 1920x1200
  9: 320, 186, 1920x69
Mouse: 2247, 0 | UIA: None | EW: PySide6.QtCore.QRect(0, 0, 2560, 1600)
All rects available:
  0: 1610, 117, 270x210
  1: 1674, 356, 484x647
  2: 2396, 1364, 90x90
  3: 632, 153, 1250x60
  4: 152, 153, 1730x924
  5: 150, 152, 1734x927
  6: 0, 64, 1815x1464
  7: 828, 344, 874x767
  8: 320, 186, 1920x1200
  9: 320, 186, 1920x69
Mouse: 2247, 2 | UIA: None | EW: PySide6.QtCore.QRect(0, 0, 2560, 1600)
All rects available:
  0: 1610, 117, 270x210
  1: 1674, 356, 484x647
  2: 2396, 1364, 90x90
  3: 632, 153, 1250x60
  4: 152, 153, 1730x924
  5: 150, 152, 1734x927
  6: 0, 64, 1815x1464
  7: 828, 344, 874x767
  8: 320, 186, 1920x1200
  9: 320, 186, 1920x69
Mouse: 2247, 0 | UIA: None | EW: PySide6.QtCore.QRect(0, 0, 2560, 1600)
All rects available:
  0: 1610, 117, 270x210
  1: 1674, 356, 484x647
  2: 2396, 1364, 90x90
  3: 632, 153, 1250x60
  4: 152, 153, 1730x924
  5: 150, 152, 1734x927
  6: 0, 64, 1815x1464
  7: 828, 344, 874x767
  8: 320, 186, 1920x1200
  9: 320, 186, 1920x69
Mouse: 2248, 0 | UIA: None | EW: PySide6.QtCore.QRect(0, 0, 2560, 1600)
All rects available:
  0: 1610, 117, 270x210
  1: 1674, 356, 484x647
  2: 2396, 1364, 90x90
  3: 632, 153, 1250x60
  4: 152, 153, 1730x924
  5: 150, 152, 1734x927
  6: 0, 64, 1815x1464
  7: 828, 344, 874x767
  8: 320, 186, 1920x1200
  9: 320, 186, 1920x69
Mouse: 2238, 2 | UIA: None | EW: PySide6.QtCore.QRect(0, 0, 2560, 1600)
All rects available:
  0: 1610, 117, 270x210
  1: 1674, 356, 484x647
  2: 2396, 1364, 90x90
  3: 632, 153, 1250x60
  4: 152, 153, 1730x924
  5: 150, 152, 1734x927
  6: 0, 64, 1815x1464
  7: 828, 344, 874x767
  8: 320, 186, 1920x1200
  9: 320, 186, 1920x69
Mouse: 2200, 16 | UIA: None | EW: PySide6.QtCore.QRect(0, 0, 2560, 1600)
All rects available:
  0: 1610, 117, 270x210
  1: 1674, 356, 484x647
  2: 2396, 1364, 90x90
  3: 632, 153, 1250x60
  4: 152, 153, 1730x924
  5: 150, 152, 1734x927
  6: 0, 64, 1815x1464
  7: 828, 344, 874x767
  8: 320, 186, 1920x1200
  9: 320, 186, 1920x69
Mouse: 2182, 26 | UIA: None | EW: PySide6.QtCore.QRect(0, 0, 2560, 1600)
All rects available:
  0: 1610, 117, 270x210
  1: 1674, 356, 484x647
  2: 2396, 1364, 90x90
  3: 632, 153, 1250x60
  4: 152, 153, 1730x924
  5: 150, 152, 1734x927
  6: 0, 64, 1815x1464
  7: 828, 344, 874x767
  8: 320, 186, 1920x1200
  9: 320, 186, 1920x69
Mouse: 2164, 34 | UIA: None | EW: PySide6.QtCore.QRect(0, 0, 2560, 1600)
All rects available:
  0: 1610, 117, 270x210
  1: 1674, 356, 484x647
  2: 2396, 1364, 90x90
  3: 632, 153, 1250x60
  4: 152, 153, 1730x924
  5: 150, 152, 1734x927
  6: 0, 64, 1815x1464
  7: 828, 344, 874x767
  8: 320, 186, 1920x1200
  9: 320, 186, 1920x69
Mouse: 2094, 70 | UIA: None | EW: PySide6.QtCore.QRect(0, 0, 2560, 1600)
All rects available:
  0: 1610, 117, 270x210
  1: 1674, 356, 484x647
  2: 2396, 1364, 90x90
  3: 632, 153, 1250x60
  4: 152, 153, 1730x924
  5: 150, 152, 1734x927
  6: 0, 64, 1815x1464
  7: 828, 344, 874x767
  8: 320, 186, 1920x1200
  9: 320, 186, 1920x69
Mouse: 2046, 98 | UIA: None | EW: PySide6.QtCore.QRect(0, 0, 2560, 1600)
All rects available:
  0: 1610, 117, 270x210
  1: 1674, 356, 484x647
  2: 2396, 1364, 90x90
  3: 632, 153, 1250x60
  4: 152, 153, 1730x924
  5: 150, 152, 1734x927
  6: 0, 64, 1815x1464
  7: 828, 344, 874x767
  8: 320, 186, 1920x1200
  9: 320, 186, 1920x69
Mouse: 1986, 146 | UIA: None | EW: PySide6.QtCore.QRect(318, 141, 1924, 1247)
All rects available:
  0: 1610, 117, 270x210
  1: 1674, 356, 484x647
  2: 2396, 1364, 90x90
  3: 632, 153, 1250x60
  4: 152, 153, 1730x924
  5: 150, 152, 1734x927
  6: 0, 64, 1815x1464
  7: 828, 344, 874x767
  8: 320, 186, 1920x1200
  9: 320, 186, 1920x69
Mouse: 1965, 160 | UIA: None | EW: PySide6.QtCore.QRect(318, 141, 1924, 1247)
All rects available:
  0: 1610, 117, 270x210
  1: 1674, 356, 484x647
  2: 2396, 1364, 90x90
  3: 632, 153, 1250x60
  4: 152, 153, 1730x924
  5: 150, 152, 1734x927
  6: 0, 64, 1815x1464
  7: 828, 344, 874x767
  8: 320, 186, 1920x1200
  9: 320, 186, 1920x69
Mouse: 1932, 190 | UIA: None | EW: PySide6.QtCore.QRect(320, 186, 1920, 1200)
All rects available:
  0: 1610, 117, 270x210
  1: 1674, 356, 484x647
  2: 2396, 1364, 90x90
  3: 632, 153, 1250x60
  4: 152, 153, 1730x924
  5: 150, 152, 1734x927
  6: 0, 64, 1815x1464
  7: 828, 344, 874x767
  8: 320, 186, 1920x1200
  9: 320, 186, 1920x69
Mouse: 1904, 218 | UIA: None | EW: PySide6.QtCore.QRect(320, 186, 1920, 1200)
All rects available:
  0: 1610, 117, 270x210
  1: 1674, 356, 484x647
  2: 2396, 1364, 90x90
  3: 632, 153, 1250x60
  4: 152, 153, 1730x924
  5: 150, 152, 1734x927
  6: 0, 64, 1815x1464
  7: 828, 344, 874x767
  8: 320, 186, 1920x1200
  9: 320, 186, 1920x69
Mouse: 1881, 240 | UIA: None | EW: PySide6.QtCore.QRect(152, 153, 1730, 924)
All rects available:
  0: 1610, 117, 270x210
  1: 1674, 356, 484x647
  2: 2396, 1364, 90x90
  3: 632, 153, 1250x60
  4: 152, 153, 1730x924
  5: 150, 152, 1734x927
  6: 0, 64, 1815x1464
  7: 828, 344, 874x767
  8: 320, 186, 1920x1200
  9: 320, 186, 1920x69
Mouse: 1870, 250 | UIA: None | EW: PySide6.QtCore.QRect(1610, 117, 270, 210)
All rects available:
  0: 1610, 117, 270x210
  1: 1674, 356, 484x647
  2: 2396, 1364, 90x90
  3: 632, 153, 1250x60
  4: 152, 153, 1730x924
  5: 150, 152, 1734x927
  6: 0, 64, 1815x1464
  7: 828, 344, 874x767
  8: 320, 186, 1920x1200
  9: 320, 186, 1920x69
Mouse: 1858, 267 | UIA: None | EW: PySide6.QtCore.QRect(1610, 117, 270, 210)
All rects available:
  0: 1610, 117, 270x210
  1: 1674, 356, 484x647
  2: 2396, 1364, 90x90
  3: 632, 153, 1250x60
  4: 152, 153, 1730x924
  5: 150, 152, 1734x927
  6: 0, 64, 1815x1464
  7: 828, 344, 874x767
  8: 320, 186, 1920x1200
  9: 320, 186, 1920x69
Mouse: 1850, 279 | UIA: None | EW: PySide6.QtCore.QRect(1610, 117, 270, 210)
All rects available:
  0: 1610, 117, 270x210
  1: 1674, 356, 484x647
  2: 2396, 1364, 90x90
  3: 632, 153, 1250x60
  4: 152, 153, 1730x924
  5: 150, 152, 1734x927
  6: 0, 64, 1815x1464
  7: 828, 344, 874x767
  8: 320, 186, 1920x1200
  9: 320, 186, 1920x69
Mouse: 1846, 284 | UIA: None | EW: PySide6.QtCore.QRect(1610, 117, 270, 210)
All rects available:
  0: 1610, 117, 270x210
  1: 1674, 356, 484x647
  2: 2396, 1364, 90x90
  3: 632, 153, 1250x60
  4: 152, 153, 1730x924
  5: 150, 152, 1734x927
  6: 0, 64, 1815x1464
  7: 828, 344, 874x767
  8: 320, 186, 1920x1200
  9: 320, 186, 1920x69
Mouse: 1844, 288 | UIA: None | EW: PySide6.QtCore.QRect(1610, 117, 270, 210)
All rects available:
  0: 1610, 117, 270x210
  1: 1674, 356, 484x647
  2: 2396, 1364, 90x90
  3: 632, 153, 1250x60
  4: 152, 153, 1730x924
  5: 150, 152, 1734x927
  6: 0, 64, 1815x1464
  7: 828, 344, 874x767
  8: 320, 186, 1920x1200
  9: 320, 186, 1920x69
Mouse: 1842, 292 | UIA: None | EW: PySide6.QtCore.QRect(1610, 117, 270, 210)
All rects available:
  0: 1610, 117, 270x210
  1: 1674, 356, 484x647
  2: 2396, 1364, 90x90
  3: 632, 153, 1250x60
  4: 152, 153, 1730x924
  5: 150, 152, 1734x927
  6: 0, 64, 1815x1464
  7: 828, 344, 874x767
  8: 320, 186, 1920x1200
  9: 320, 186, 1920x69
Mouse: 1840, 294 | UIA: None | EW: PySide6.QtCore.QRect(1610, 117, 270, 210)
All rects available:
  0: 1610, 117, 270x210
  1: 1674, 356, 484x647
  2: 2396, 1364, 90x90
  3: 632, 153, 1250x60
  4: 152, 153, 1730x924
  5: 150, 152, 1734x927
  6: 0, 64, 1815x1464
  7: 828, 344, 874x767
  8: 320, 186, 1920x1200
  9: 320, 186, 1920x69
Mouse: 1840, 296 | UIA: None | EW: PySide6.QtCore.QRect(1610, 117, 270, 210)
All rects available:
  0: 1610, 117, 270x210
  1: 1674, 356, 484x647
  2: 2396, 1364, 90x90
  3: 632, 153, 1250x60
  4: 152, 153, 1730x924
  5: 150, 152, 1734x927
  6: 0, 64, 1815x1464
  7: 828, 344, 874x767
  8: 320, 186, 1920x1200
  9: 320, 186, 1920x69
Mouse: 1840, 296 | UIA: None | EW: PySide6.QtCore.QRect(1610, 117, 270, 210)
All rects available:
  0: 1610, 117, 270x210
  1: 1674, 356, 484x647
  2: 2396, 1364, 90x90
  3: 632, 153, 1250x60
  4: 152, 153, 1730x924
  5: 150, 152, 1734x927
  6: 0, 64, 1815x1464
  7: 828, 344, 874x767
  8: 320, 186, 1920x1200
  9: 320, 186, 1920x69
Mouse: 1840, 297 | UIA: None | EW: PySide6.QtCore.QRect(1610, 117, 270, 210)
All rects available:
  0: 1610, 117, 270x210
  1: 1674, 356, 484x647
  2: 2396, 1364, 90x90
  3: 632, 153, 1250x60
  4: 152, 153, 1730x924
  5: 150, 152, 1734x927
  6: 0, 64, 1815x1464
  7: 828, 344, 874x767
  8: 320, 186, 1920x1200
  9: 320, 186, 1920x69
Mouse: 1840, 298 | UIA: None | EW: PySide6.QtCore.QRect(1610, 117, 270, 210)
All rects available:
  0: 1610, 117, 270x210
  1: 1674, 356, 484x647
  2: 2396, 1364, 90x90
  3: 632, 153, 1250x60
  4: 152, 153, 1730x924
  5: 150, 152, 1734x927
  6: 0, 64, 1815x1464
  7: 828, 344, 874x767
  8: 320, 186, 1920x1200
  9: 320, 186, 1920x69
Mouse: 1840, 302 | UIA: None | EW: PySide6.QtCore.QRect(1610, 117, 270, 210)
All rects available:
  0: 1610, 117, 270x210
  1: 1674, 356, 484x647
  2: 2396, 1364, 90x90
  3: 632, 153, 1250x60
  4: 152, 153, 1730x924
  5: 150, 152, 1734x927
  6: 0, 64, 1815x1464
  7: 828, 344, 874x767
  8: 320, 186, 1920x1200
  9: 320, 186, 1920x69
Mouse: 1840, 303 | UIA: None | EW: PySide6.QtCore.QRect(1610, 117, 270, 210)
All rects available:
  0: 1610, 117, 270x210
  1: 1674, 356, 484x647
  2: 2396, 1364, 90x90
  3: 632, 153, 1250x60
  4: 152, 153, 1730x924
  5: 150, 152, 1734x927
  6: 0, 64, 1815x1464
  7: 828, 344, 874x767
  8: 320, 186, 1920x1200
  9: 320, 186, 1920x69
Mouse: 1840, 306 | UIA: None | EW: PySide6.QtCore.QRect(1610, 117, 270, 210)
All rects available:
  0: 1610, 117, 270x210
  1: 1674, 356, 484x647
  2: 2396, 1364, 90x90
  3: 632, 153, 1250x60
  4: 152, 153, 1730x924
  5: 150, 152, 1734x927
  6: 0, 64, 1815x1464
  7: 828, 344, 874x767
  8: 320, 186, 1920x1200
  9: 320, 186, 1920x69
Mouse: 1840, 308 | UIA: None | EW: PySide6.QtCore.QRect(1610, 117, 270, 210)
All rects available:
  0: 1610, 117, 270x210
  1: 1674, 356, 484x647
  2: 2396, 1364, 90x90
  3: 632, 153, 1250x60
  4: 152, 153, 1730x924
  5: 150, 152, 1734x927
  6: 0, 64, 1815x1464
  7: 828, 344, 874x767
  8: 320, 186, 1920x1200
  9: 320, 186, 1920x69
Mouse: 1840, 310 | UIA: None | EW: PySide6.QtCore.QRect(1610, 117, 270, 210)
All rects available:
  0: 1610, 117, 270x210
  1: 1674, 356, 484x647
  2: 2396, 1364, 90x90
  3: 632, 153, 1250x60
  4: 152, 153, 1730x924
  5: 150, 152, 1734x927
  6: 0, 64, 1815x1464
  7: 828, 344, 874x767
  8: 320, 186, 1920x1200
  9: 320, 186, 1920x69
Mouse: 1840, 314 | UIA: None | EW: PySide6.QtCore.QRect(1610, 117, 270, 210)
All rects available:
  0: 1610, 117, 270x210
  1: 1674, 356, 484x647
  2: 2396, 1364, 90x90
  3: 632, 153, 1250x60
  4: 152, 153, 1730x924
  5: 150, 152, 1734x927
  6: 0, 64, 1815x1464
  7: 828, 344, 874x767
  8: 320, 186, 1920x1200
  9: 320, 186, 1920x69
Mouse: 1840, 316 | UIA: None | EW: PySide6.QtCore.QRect(1610, 117, 270, 210)
All rects available:
  0: 1610, 117, 270x210
  1: 1674, 356, 484x647
  2: 2396, 1364, 90x90
  3: 632, 153, 1250x60
  4: 152, 153, 1730x924
  5: 150, 152, 1734x927
  6: 0, 64, 1815x1464
  7: 828, 344, 874x767
  8: 320, 186, 1920x1200
  9: 320, 186, 1920x69
Mouse: 1840, 316 | UIA: None | EW: PySide6.QtCore.QRect(1610, 117, 270, 210)
All rects available:
  0: 1610, 117, 270x210
  1: 1674, 356, 484x647
  2: 2396, 1364, 90x90
  3: 632, 153, 1250x60
  4: 152, 153, 1730x924
  5: 150, 152, 1734x927
  6: 0, 64, 1815x1464
  7: 828, 344, 874x767
  8: 320, 186, 1920x1200
  9: 320, 186, 1920x69
Mouse: 1842, 318 | UIA: None | EW: PySide6.QtCore.QRect(1610, 117, 270, 210)
All rects available:
  0: 1610, 117, 270x210
  1: 1674, 356, 484x647
  2: 2396, 1364, 90x90
  3: 632, 153, 1250x60
  4: 152, 153, 1730x924
  5: 150, 152, 1734x927
  6: 0, 64, 1815x1464
  7: 828, 344, 874x767
  8: 320, 186, 1920x1200
  9: 320, 186, 1920x69
Mouse: 1844, 320 | UIA: None | EW: PySide6.QtCore.QRect(1610, 117, 270, 210)
All rects available:
  0: 1610, 117, 270x210
  1: 1674, 356, 484x647
  2: 2396, 1364, 90x90
  3: 632, 153, 1250x60
  4: 152, 153, 1730x924
  5: 150, 152, 1734x927
  6: 0, 64, 1815x1464
  7: 828, 344, 874x767
  8: 320, 186, 1920x1200
  9: 320, 186, 1920x69
Mouse: 1844, 322 | UIA: None | EW: PySide6.QtCore.QRect(1610, 117, 270, 210)
All rects available:
  0: 1610, 117, 270x210
  1: 1674, 356, 484x647
  2: 2396, 1364, 90x90
  3: 632, 153, 1250x60
  4: 152, 153, 1730x924
  5: 150, 152, 1734x927
  6: 0, 64, 1815x1464
  7: 828, 344, 874x767
  8: 320, 186, 1920x1200
  9: 320, 186, 1920x69
Mouse: 1844, 322 | UIA: None | EW: PySide6.QtCore.QRect(1610, 117, 270, 210)
All rects available:
  0: 1610, 117, 270x210
  1: 1674, 356, 484x647
  2: 2396, 1364, 90x90
  3: 632, 153, 1250x60
  4: 152, 153, 1730x924
  5: 150, 152, 1734x927
  6: 0, 64, 1815x1464
  7: 828, 344, 874x767
  8: 320, 186, 1920x1200
  9: 320, 186, 1920x69
Mouse: 1844, 324 | UIA: None | EW: PySide6.QtCore.QRect(1610, 117, 270, 210)
All rects available:
  0: 1610, 117, 270x210
  1: 1674, 356, 484x647
  2: 2396, 1364, 90x90
  3: 632, 153, 1250x60
  4: 152, 153, 1730x924
  5: 150, 152, 1734x927
  6: 0, 64, 1815x1464
  7: 828, 344, 874x767
  8: 320, 186, 1920x1200
  9: 320, 186, 1920x69
Mouse: 1845, 326 | UIA: None | EW: PySide6.QtCore.QRect(1610, 117, 270, 210)
All rects available:
  0: 1610, 117, 270x210
  1: 1674, 356, 484x647
  2: 2396, 1364, 90x90
  3: 632, 153, 1250x60
  4: 152, 153, 1730x924
  5: 150, 152, 1734x927
  6: 0, 64, 1815x1464
  7: 828, 344, 874x767
  8: 320, 186, 1920x1200
  9: 320, 186, 1920x69
Mouse: 1846, 328 | UIA: None | EW: PySide6.QtCore.QRect(152, 153, 1730, 924)
All rects available:
  0: 1610, 117, 270x210
  1: 1674, 356, 484x647
  2: 2396, 1364, 90x90
  3: 632, 153, 1250x60
  4: 152, 153, 1730x924
  5: 150, 152, 1734x927
  6: 0, 64, 1815x1464
  7: 828, 344, 874x767
  8: 320, 186, 1920x1200
  9: 320, 186, 1920x69
Mouse: 1846, 328 | UIA: None | EW: PySide6.QtCore.QRect(152, 153, 1730, 924)
All rects available:
  0: 1610, 117, 270x210
  1: 1674, 356, 484x647
  2: 2396, 1364, 90x90
  3: 632, 153, 1250x60
  4: 152, 153, 1730x924
  5: 150, 152, 1734x927
  6: 0, 64, 1815x1464
  7: 828, 344, 874x767
  8: 320, 186, 1920x1200
  9: 320, 186, 1920x69
Mouse: 1850, 328 | UIA: None | EW: PySide6.QtCore.QRect(152, 153, 1730, 924)
All rects available:
  0: 1610, 117, 270x210
  1: 1674, 356, 484x647
  2: 2396, 1364, 90x90
  3: 632, 153, 1250x60
  4: 152, 153, 1730x924
  5: 150, 152, 1734x927
  6: 0, 64, 1815x1464
  7: 828, 344, 874x767
  8: 320, 186, 1920x1200
  9: 320, 186, 1920x69
Mouse: 1850, 330 | UIA: None | EW: PySide6.QtCore.QRect(152, 153, 1730, 924)
All rects available:
  0: 1610, 117, 270x210
  1: 1674, 356, 484x647
  2: 2396, 1364, 90x90
  3: 632, 153, 1250x60
  4: 152, 153, 1730x924
  5: 150, 152, 1734x927
  6: 0, 64, 1815x1464
  7: 828, 344, 874x767
  8: 320, 186, 1920x1200
  9: 320, 186, 1920x69
Mouse: 1850, 332 | UIA: None | EW: PySide6.QtCore.QRect(152, 153, 1730, 924)
All rects available:
  0: 1610, 117, 270x210
  1: 1674, 356, 484x647
  2: 2396, 1364, 90x90
  3: 632, 153, 1250x60
  4: 152, 153, 1730x924
  5: 150, 152, 1734x927
  6: 0, 64, 1815x1464
  7: 828, 344, 874x767
  8: 320, 186, 1920x1200
  9: 320, 186, 1920x69
Mouse: 1852, 332 | UIA: None | EW: PySide6.QtCore.QRect(152, 153, 1730, 924)
All rects available:
  0: 1610, 117, 270x210
  1: 1674, 356, 484x647
  2: 2396, 1364, 90x90
  3: 632, 153, 1250x60
  4: 152, 153, 1730x924
  5: 150, 152, 1734x927
  6: 0, 64, 1815x1464
  7: 828, 344, 874x767
  8: 320, 186, 1920x1200
  9: 320, 186, 1920x69
Mouse: 1856, 332 | UIA: None | EW: PySide6.QtCore.QRect(152, 153, 1730, 924)
All rects available:
  0: 1610, 117, 270x210
  1: 1674, 356, 484x647
  2: 2396, 1364, 90x90
  3: 632, 153, 1250x60
  4: 152, 153, 1730x924
  5: 150, 152, 1734x927
  6: 0, 64, 1815x1464
  7: 828, 344, 874x767
  8: 320, 186, 1920x1200
  9: 320, 186, 1920x69
Mouse: 1858, 334 | UIA: None | EW: PySide6.QtCore.QRect(152, 153, 1730, 924)
All rects available:
  0: 1610, 117, 270x210
  1: 1674, 356, 484x647
  2: 2396, 1364, 90x90
  3: 632, 153, 1250x60
  4: 152, 153, 1730x924
  5: 150, 152, 1734x927
  6: 0, 64, 1815x1464
  7: 828, 344, 874x767
  8: 320, 186, 1920x1200
  9: 320, 186, 1920x69
Mouse: 1863, 336 | UIA: None | EW: PySide6.QtCore.QRect(152, 153, 1730, 924)
All rects available:
  0: 1610, 117, 270x210
  1: 1674, 356, 484x647
  2: 2396, 1364, 90x90
  3: 632, 153, 1250x60
  4: 152, 153, 1730x924
  5: 150, 152, 1734x927
  6: 0, 64, 1815x1464
  7: 828, 344, 874x767
  8: 320, 186, 1920x1200
  9: 320, 186, 1920x69
Mouse: 1864, 338 | UIA: None | EW: PySide6.QtCore.QRect(152, 153, 1730, 924)
All rects available:
  0: 1610, 117, 270x210
  1: 1674, 356, 484x647
  2: 2396, 1364, 90x90
  3: 632, 153, 1250x60
  4: 152, 153, 1730x924
  5: 150, 152, 1734x927
  6: 0, 64, 1815x1464
  7: 828, 344, 874x767
  8: 320, 186, 1920x1200
  9: 320, 186, 1920x69
Mouse: 1872, 340 | UIA: None | EW: PySide6.QtCore.QRect(152, 153, 1730, 924)
All rects available:
  0: 1610, 117, 270x210
  1: 1674, 356, 484x647
  2: 2396, 1364, 90x90
  3: 632, 153, 1250x60
  4: 152, 153, 1730x924
  5: 150, 152, 1734x927
  6: 0, 64, 1815x1464
  7: 828, 344, 874x767
  8: 320, 186, 1920x1200
  9: 320, 186, 1920x69
Mouse: 1876, 344 | UIA: None | EW: PySide6.QtCore.QRect(152, 153, 1730, 924)
All rects available:
  0: 1610, 117, 270x210
  1: 1674, 356, 484x647
  2: 2396, 1364, 90x90
  3: 632, 153, 1250x60
  4: 152, 153, 1730x924
  5: 150, 152, 1734x927
  6: 0, 64, 1815x1464
  7: 828, 344, 874x767
  8: 320, 186, 1920x1200
  9: 320, 186, 1920x69
Mouse: 1881, 346 | UIA: None | EW: PySide6.QtCore.QRect(152, 153, 1730, 924)
All rects available:
  0: 1610, 117, 270x210
  1: 1674, 356, 484x647
  2: 2396, 1364, 90x90
  3: 632, 153, 1250x60
  4: 152, 153, 1730x924
  5: 150, 152, 1734x927
  6: 0, 64, 1815x1464
  7: 828, 344, 874x767
  8: 320, 186, 1920x1200
  9: 320, 186, 1920x69
Mouse: 1887, 350 | UIA: None | EW: PySide6.QtCore.QRect(320, 186, 1920, 1200)
All rects available:
  0: 1610, 117, 270x210
  1: 1674, 356, 484x647
  2: 2396, 1364, 90x90
  3: 632, 153, 1250x60
  4: 152, 153, 1730x924
  5: 150, 152, 1734x927
  6: 0, 64, 1815x1464
  7: 828, 344, 874x767
  8: 320, 186, 1920x1200
  9: 320, 186, 1920x69
Mouse: 1898, 356 | UIA: PySide6.QtCore.QRect(1675, 400, 480, 600) | EW: PySide6.QtCore.QRect(1674, 356, 484, 647)
All rects available:
  0: 1610, 117, 270x210
  1: 1674, 356, 484x647
  2: 2396, 1364, 90x90
  3: 632, 153, 1250x60
  4: 152, 153, 1730x924
  5: 150, 152, 1734x927
  6: 0, 64, 1815x1464
  7: 828, 344, 874x767
  8: 320, 186, 1920x1200
  9: 320, 186, 1920x69
Mouse: 2204, 429 | UIA: None | EW: PySide6.QtCore.QRect(320, 186, 1920, 1200)
All rects available:
  0: 1610, 117, 270x210
  1: 1674, 356, 484x647
  2: 2396, 1364, 90x90
  3: 632, 153, 1250x60
  4: 152, 153, 1730x924
  5: 150, 152, 1734x927
  6: 0, 64, 1815x1464
  7: 828, 344, 874x767
  8: 320, 186, 1920x1200
  9: 320, 186, 1920x69
Mouse: 2244, 428 | UIA: None | EW: PySide6.QtCore.QRect(0, 0, 2560, 1600)
All rects available:
  0: 1610, 117, 270x210
  1: 1674, 356, 484x647
  2: 2396, 1364, 90x90
  3: 632, 153, 1250x60
  4: 152, 153, 1730x924
  5: 150, 152, 1734x927
  6: 0, 64, 1815x1464
  7: 828, 344, 874x767
  8: 320, 186, 1920x1200
  9: 320, 186, 1920x69
Mouse: 2264, 428 | UIA: None | EW: PySide6.QtCore.QRect(0, 0, 2560, 1600)
All rects available:
  0: 1610, 117, 270x210
  1: 1674, 356, 484x647
  2: 2396, 1364, 90x90
  3: 632, 153, 1250x60
  4: 152, 153, 1730x924
  5: 150, 152, 1734x927
  6: 0, 64, 1815x1464
  7: 828, 344, 874x767
  8: 320, 186, 1920x1200
  9: 320, 186, 1920x69
Mouse: 2283, 428 | UIA: None | EW: PySide6.QtCore.QRect(0, 0, 2560, 1600)
All rects available:
  0: 1610, 117, 270x210
  1: 1674, 356, 484x647
  2: 2396, 1364, 90x90
  3: 632, 153, 1250x60
  4: 152, 153, 1730x924
  5: 150, 152, 1734x927
  6: 0, 64, 1815x1464
  7: 828, 344, 874x767
  8: 320, 186, 1920x1200
  9: 320, 186, 1920x69
Mouse: 2331, 424 | UIA: None | EW: PySide6.QtCore.QRect(0, 0, 2560, 1600)
All rects available:
  0: 1610, 117, 270x210
  1: 1674, 356, 484x647
  2: 2396, 1364, 90x90
  3: 632, 153, 1250x60
  4: 152, 153, 1730x924
  5: 150, 152, 1734x927
  6: 0, 64, 1815x1464
  7: 828, 344, 874x767
  8: 320, 186, 1920x1200
  9: 320, 186, 1920x69
Mouse: 2358, 424 | UIA: None | EW: PySide6.QtCore.QRect(0, 0, 2560, 1600)
All rects available:
  0: 1610, 117, 270x210
  1: 1674, 356, 484x647
  2: 2396, 1364, 90x90
  3: 632, 153, 1250x60
  4: 152, 153, 1730x924
  5: 150, 152, 1734x927
  6: 0, 64, 1815x1464
  7: 828, 344, 874x767
  8: 320, 186, 1920x1200
  9: 320, 186, 1920x69
Mouse: 2366, 423 | UIA: None | EW: PySide6.QtCore.QRect(0, 0, 2560, 1600)
All rects available:
  0: 1610, 117, 270x210
  1: 1674, 356, 484x647
  2: 2396, 1364, 90x90
  3: 632, 153, 1250x60
  4: 152, 153, 1730x924
  5: 150, 152, 1734x927
  6: 0, 64, 1815x1464
  7: 828, 344, 874x767
  8: 320, 186, 1920x1200
  9: 320, 186, 1920x69
Mouse: 2372, 423 | UIA: None | EW: PySide6.QtCore.QRect(0, 0, 2560, 1600)
All rects available:
  0: 1610, 117, 270x210
  1: 1674, 356, 484x647
  2: 2396, 1364, 90x90
  3: 632, 153, 1250x60
  4: 152, 153, 1730x924
  5: 150, 152, 1734x927
  6: 0, 64, 1815x1464
  7: 828, 344, 874x767
  8: 320, 186, 1920x1200
  9: 320, 186, 1920x69
Mouse: 2380, 422 | UIA: None | EW: PySide6.QtCore.QRect(0, 0, 2560, 1600)
All rects available:
  0: 1610, 117, 270x210
  1: 1674, 356, 484x647
  2: 2396, 1364, 90x90
  3: 632, 153, 1250x60
  4: 152, 153, 1730x924
  5: 150, 152, 1734x927
  6: 0, 64, 1815x1464
  7: 828, 344, 874x767
  8: 320, 186, 1920x1200
  9: 320, 186, 1920x69
Mouse: 2385, 422 | UIA: None | EW: PySide6.QtCore.QRect(0, 0, 2560, 1600)
All rects available:
  0: 1610, 117, 270x210
  1: 1674, 356, 484x647
  2: 2396, 1364, 90x90
  3: 632, 153, 1250x60
  4: 152, 153, 1730x924
  5: 150, 152, 1734x927
  6: 0, 64, 1815x1464
  7: 828, 344, 874x767
  8: 320, 186, 1920x1200
  9: 320, 186, 1920x69
Mouse: 2390, 420 | UIA: None | EW: PySide6.QtCore.QRect(0, 0, 2560, 1600)
All rects available:
  0: 1610, 117, 270x210
  1: 1674, 356, 484x647
  2: 2396, 1364, 90x90
  3: 632, 153, 1250x60
  4: 152, 153, 1730x924
  5: 150, 152, 1734x927
  6: 0, 64, 1815x1464
  7: 828, 344, 874x767
  8: 320, 186, 1920x1200
  9: 320, 186, 1920x69
Mouse: 2398, 418 | UIA: None | EW: PySide6.QtCore.QRect(0, 0, 2560, 1600)
All rects available:
  0: 1610, 117, 270x210
  1: 1674, 356, 484x647
  2: 2396, 1364, 90x90
  3: 632, 153, 1250x60
  4: 152, 153, 1730x924
  5: 150, 152, 1734x927
  6: 0, 64, 1815x1464
  7: 828, 344, 874x767
  8: 320, 186, 1920x1200
  9: 320, 186, 1920x69
Mouse: 2406, 418 | UIA: None | EW: PySide6.QtCore.QRect(0, 0, 2560, 1600)
All rects available:
  0: 1610, 117, 270x210
  1: 1674, 356, 484x647
  2: 2396, 1364, 90x90
  3: 632, 153, 1250x60
  4: 152, 153, 1730x924
  5: 150, 152, 1734x927
  6: 0, 64, 1815x1464
  7: 828, 344, 874x767
  8: 320, 186, 1920x1200
  9: 320, 186, 1920x69
Mouse: 2410, 417 | UIA: None | EW: PySide6.QtCore.QRect(0, 0, 2560, 1600)
All rects available:
  0: 1610, 117, 270x210
  1: 1674, 356, 484x647
  2: 2396, 1364, 90x90
  3: 632, 153, 1250x60
  4: 152, 153, 1730x924
  5: 150, 152, 1734x927
  6: 0, 64, 1815x1464
  7: 828, 344, 874x767
  8: 320, 186, 1920x1200
  9: 320, 186, 1920x69
Mouse: 2414, 417 | UIA: None | EW: PySide6.QtCore.QRect(0, 0, 2560, 1600)
All rects available:
  0: 1610, 117, 270x210
  1: 1674, 356, 484x647
  2: 2396, 1364, 90x90
  3: 632, 153, 1250x60
  4: 152, 153, 1730x924
  5: 150, 152, 1734x927
  6: 0, 64, 1815x1464
  7: 828, 344, 874x767
  8: 320, 186, 1920x1200
  9: 320, 186, 1920x69
Mouse: 2416, 416 | UIA: None | EW: PySide6.QtCore.QRect(0, 0, 2560, 1600)
All rects available:
  0: 1610, 117, 270x210
  1: 1674, 356, 484x647
  2: 2396, 1364, 90x90
  3: 632, 153, 1250x60
  4: 152, 153, 1730x924
  5: 150, 152, 1734x927
  6: 0, 64, 1815x1464
  7: 828, 344, 874x767
  8: 320, 186, 1920x1200
  9: 320, 186, 1920x69
Mouse: 2420, 416 | UIA: None | EW: PySide6.QtCore.QRect(0, 0, 2560, 1600)
All rects available:
  0: 1610, 117, 270x210
  1: 1674, 356, 484x647
  2: 2396, 1364, 90x90
  3: 632, 153, 1250x60
  4: 152, 153, 1730x924
  5: 150, 152, 1734x927
  6: 0, 64, 1815x1464
  7: 828, 344, 874x767
  8: 320, 186, 1920x1200
  9: 320, 186, 1920x69
Mouse: 2424, 412 | UIA: None | EW: PySide6.QtCore.QRect(0, 0, 2560, 1600)
All rects available:
  0: 1610, 117, 270x210
  1: 1674, 356, 484x647
  2: 2396, 1364, 90x90
  3: 632, 153, 1250x60
  4: 152, 153, 1730x924
  5: 150, 152, 1734x927
  6: 0, 64, 1815x1464
  7: 828, 344, 874x767
  8: 320, 186, 1920x1200
  9: 320, 186, 1920x69
Mouse: 2427, 411 | UIA: None | EW: PySide6.QtCore.QRect(0, 0, 2560, 1600)
All rects available:
  0: 1610, 117, 270x210
  1: 1674, 356, 484x647
  2: 2396, 1364, 90x90
  3: 632, 153, 1250x60
  4: 152, 153, 1730x924
  5: 150, 152, 1734x927
  6: 0, 64, 1815x1464
  7: 828, 344, 874x767
  8: 320, 186, 1920x1200
  9: 320, 186, 1920x69
Mouse: 2428, 410 | UIA: None | EW: PySide6.QtCore.QRect(0, 0, 2560, 1600)
All rects available:
  0: 1610, 117, 270x210
  1: 1674, 356, 484x647
  2: 2396, 1364, 90x90
  3: 632, 153, 1250x60
  4: 152, 153, 1730x924
  5: 150, 152, 1734x927
  6: 0, 64, 1815x1464
  7: 828, 344, 874x767
  8: 320, 186, 1920x1200
  9: 320, 186, 1920x69
Mouse: 2432, 406 | UIA: None | EW: PySide6.QtCore.QRect(0, 0, 2560, 1600)
All rects available:
  0: 1610, 117, 270x210
  1: 1674, 356, 484x647
  2: 2396, 1364, 90x90
  3: 632, 153, 1250x60
  4: 152, 153, 1730x924
  5: 150, 152, 1734x927
  6: 0, 64, 1815x1464
  7: 828, 344, 874x767
  8: 320, 186, 1920x1200
  9: 320, 186, 1920x69
Mouse: 2436, 402 | UIA: None | EW: PySide6.QtCore.QRect(0, 0, 2560, 1600)
All rects available:
  0: 1610, 117, 270x210
  1: 1674, 356, 484x647
  2: 2396, 1364, 90x90
  3: 632, 153, 1250x60
  4: 152, 153, 1730x924
  5: 150, 152, 1734x927
  6: 0, 64, 1815x1464
  7: 828, 344, 874x767
  8: 320, 186, 1920x1200
  9: 320, 186, 1920x69
Mouse: 2438, 400 | UIA: None | EW: PySide6.QtCore.QRect(0, 0, 2560, 1600)
All rects available:
  0: 1610, 117, 270x210
  1: 1674, 356, 484x647
  2: 2396, 1364, 90x90
  3: 632, 153, 1250x60
  4: 152, 153, 1730x924
  5: 150, 152, 1734x927
  6: 0, 64, 1815x1464
  7: 828, 344, 874x767
  8: 320, 186, 1920x1200
  9: 320, 186, 1920x69
Mouse: 2440, 394 | UIA: None | EW: PySide6.QtCore.QRect(0, 0, 2560, 1600)
All rects available:
  0: 1610, 117, 270x210
  1: 1674, 356, 484x647
  2: 2396, 1364, 90x90
  3: 632, 153, 1250x60
  4: 152, 153, 1730x924
  5: 150, 152, 1734x927
  6: 0, 64, 1815x1464
  7: 828, 344, 874x767
  8: 320, 186, 1920x1200
  9: 320, 186, 1920x69
Mouse: 2444, 392 | UIA: None | EW: PySide6.QtCore.QRect(0, 0, 2560, 1600)
All rects available:
  0: 1610, 117, 270x210
  1: 1674, 356, 484x647
  2: 2396, 1364, 90x90
  3: 632, 153, 1250x60
  4: 152, 153, 1730x924
  5: 150, 152, 1734x927
  6: 0, 64, 1815x1464
  7: 828, 344, 874x767
  8: 320, 186, 1920x1200
  9: 320, 186, 1920x69
Mouse: 2446, 388 | UIA: None | EW: PySide6.QtCore.QRect(0, 0, 2560, 1600)
All rects available:
  0: 1610, 117, 270x210
  1: 1674, 356, 484x647
  2: 2396, 1364, 90x90
  3: 632, 153, 1250x60
  4: 152, 153, 1730x924
  5: 150, 152, 1734x927
  6: 0, 64, 1815x1464
  7: 828, 344, 874x767
  8: 320, 186, 1920x1200
  9: 320, 186, 1920x69
Mouse: 2450, 381 | UIA: None | EW: PySide6.QtCore.QRect(0, 0, 2560, 1600)
All rects available:
  0: 1610, 117, 270x210
  1: 1674, 356, 484x647
  2: 2396, 1364, 90x90
  3: 632, 153, 1250x60
  4: 152, 153, 1730x924
  5: 150, 152, 1734x927
  6: 0, 64, 1815x1464
  7: 828, 344, 874x767
  8: 320, 186, 1920x1200
  9: 320, 186, 1920x69
Mouse: 2454, 370 | UIA: None | EW: PySide6.QtCore.QRect(0, 0, 2560, 1600)
All rects available:
  0: 1610, 117, 270x210
  1: 1674, 356, 484x647
  2: 2396, 1364, 90x90
  3: 632, 153, 1250x60
  4: 152, 153, 1730x924
  5: 150, 152, 1734x927
  6: 0, 64, 1815x1464
  7: 828, 344, 874x767
  8: 320, 186, 1920x1200
  9: 320, 186, 1920x69
Mouse: 2457, 357 | UIA: None | EW: PySide6.QtCore.QRect(0, 0, 2560, 1600)
All rects available:
  0: 1610, 117, 270x210
  1: 1674, 356, 484x647
  2: 2396, 1364, 90x90
  3: 632, 153, 1250x60
  4: 152, 153, 1730x924
  5: 150, 152, 1734x927
  6: 0, 64, 1815x1464
  7: 828, 344, 874x767
  8: 320, 186, 1920x1200
  9: 320, 186, 1920x69
Mouse: 2458, 348 | UIA: None | EW: PySide6.QtCore.QRect(0, 0, 2560, 1600)
All rects available:
  0: 1610, 117, 270x210
  1: 1674, 356, 484x647
  2: 2396, 1364, 90x90
  3: 632, 153, 1250x60
  4: 152, 153, 1730x924
  5: 150, 152, 1734x927
  6: 0, 64, 1815x1464
  7: 828, 344, 874x767
  8: 320, 186, 1920x1200
  9: 320, 186, 1920x69
Mouse: 2460, 339 | UIA: None | EW: PySide6.QtCore.QRect(0, 0, 2560, 1600)
All rects available:
  0: 1610, 117, 270x210
  1: 1674, 356, 484x647
  2: 2396, 1364, 90x90
  3: 632, 153, 1250x60
  4: 152, 153, 1730x924
  5: 150, 152, 1734x927
  6: 0, 64, 1815x1464
  7: 828, 344, 874x767
  8: 320, 186, 1920x1200
  9: 320, 186, 1920x69
Mouse: 2462, 334 | UIA: None | EW: PySide6.QtCore.QRect(0, 0, 2560, 1600)
All rects available:
  0: 1610, 117, 270x210
  1: 1674, 356, 484x647
  2: 2396, 1364, 90x90
  3: 632, 153, 1250x60
  4: 152, 153, 1730x924
  5: 150, 152, 1734x927
  6: 0, 64, 1815x1464
  7: 828, 344, 874x767
  8: 320, 186, 1920x1200
  9: 320, 186, 1920x69
Mouse: 2463, 326 | UIA: None | EW: PySide6.QtCore.QRect(0, 0, 2560, 1600)
All rects available:
  0: 1610, 117, 270x210
  1: 1674, 356, 484x647
  2: 2396, 1364, 90x90
  3: 632, 153, 1250x60
  4: 152, 153, 1730x924
  5: 150, 152, 1734x927
  6: 0, 64, 1815x1464
  7: 828, 344, 874x767
  8: 320, 186, 1920x1200
  9: 320, 186, 1920x69
Mouse: 2464, 316 | UIA: None | EW: PySide6.QtCore.QRect(0, 0, 2560, 1600)
All rects available:
  0: 1610, 117, 270x210
  1: 1674, 356, 484x647
  2: 2396, 1364, 90x90
  3: 632, 153, 1250x60
  4: 152, 153, 1730x924
  5: 150, 152, 1734x927
  6: 0, 64, 1815x1464
  7: 828, 344, 874x767
  8: 320, 186, 1920x1200
  9: 320, 186, 1920x69
Mouse: 2464, 314 | UIA: None | EW: PySide6.QtCore.QRect(0, 0, 2560, 1600)
All rects available:
  0: 1610, 117, 270x210
  1: 1674, 356, 484x647
  2: 2396, 1364, 90x90
  3: 632, 153, 1250x60
  4: 152, 153, 1730x924
  5: 150, 152, 1734x927
  6: 0, 64, 1815x1464
  7: 828, 344, 874x767
  8: 320, 186, 1920x1200
  9: 320, 186, 1920x69
Mouse: 2464, 302 | UIA: None | EW: PySide6.QtCore.QRect(0, 0, 2560, 1600)
All rects available:
  0: 1610, 117, 270x210
  1: 1674, 356, 484x647
  2: 2396, 1364, 90x90
  3: 632, 153, 1250x60
  4: 152, 153, 1730x924
  5: 150, 152, 1734x927
  6: 0, 64, 1815x1464
  7: 828, 344, 874x767
  8: 320, 186, 1920x1200
  9: 320, 186, 1920x69
Mouse: 2464, 282 | UIA: None | EW: PySide6.QtCore.QRect(0, 0, 2560, 1600)
All rects available:
  0: 1610, 117, 270x210
  1: 1674, 356, 484x647
  2: 2396, 1364, 90x90
  3: 632, 153, 1250x60
  4: 152, 153, 1730x924
  5: 150, 152, 1734x927
  6: 0, 64, 1815x1464
  7: 828, 344, 874x767
  8: 320, 186, 1920x1200
  9: 320, 186, 1920x69
Mouse: 2464, 272 | UIA: None | EW: PySide6.QtCore.QRect(0, 0, 2560, 1600)
All rects available:
  0: 1610, 117, 270x210
  1: 1674, 356, 484x647
  2: 2396, 1364, 90x90
  3: 632, 153, 1250x60
  4: 152, 153, 1730x924
  5: 150, 152, 1734x927
  6: 0, 64, 1815x1464
  7: 828, 344, 874x767
  8: 320, 186, 1920x1200
  9: 320, 186, 1920x69
Mouse: 2463, 262 | UIA: None | EW: PySide6.QtCore.QRect(0, 0, 2560, 1600)
All rects available:
  0: 1610, 117, 270x210
  1: 1674, 356, 484x647
  2: 2396, 1364, 90x90
  3: 632, 153, 1250x60
  4: 152, 153, 1730x924
  5: 150, 152, 1734x927
  6: 0, 64, 1815x1464
  7: 828, 344, 874x767
  8: 320, 186, 1920x1200
  9: 320, 186, 1920x69
Mouse: 2463, 252 | UIA: None | EW: PySide6.QtCore.QRect(0, 0, 2560, 1600)
All rects available:
  0: 1610, 117, 270x210
  1: 1674, 356, 484x647
  2: 2396, 1364, 90x90
  3: 632, 153, 1250x60
  4: 152, 153, 1730x924
  5: 150, 152, 1734x927
  6: 0, 64, 1815x1464
  7: 828, 344, 874x767
  8: 320, 186, 1920x1200
  9: 320, 186, 1920x69
Mouse: 2462, 232 | UIA: None | EW: PySide6.QtCore.QRect(0, 0, 2560, 1600)
All rects available:
  0: 1610, 117, 270x210
  1: 1674, 356, 484x647
  2: 2396, 1364, 90x90
  3: 632, 153, 1250x60
  4: 152, 153, 1730x924
  5: 150, 152, 1734x927
  6: 0, 64, 1815x1464
  7: 828, 344, 874x767
  8: 320, 186, 1920x1200
  9: 320, 186, 1920x69
Mouse: 2462, 204 | UIA: None | EW: PySide6.QtCore.QRect(0, 0, 2560, 1600)
All rects available:
  0: 1610, 117, 270x210
  1: 1674, 356, 484x647
  2: 2396, 1364, 90x90
  3: 632, 153, 1250x60
  4: 152, 153, 1730x924
  5: 150, 152, 1734x927
  6: 0, 64, 1815x1464
  7: 828, 344, 874x767
  8: 320, 186, 1920x1200
  9: 320, 186, 1920x69
Mouse: 2462, 190 | UIA: None | EW: PySide6.QtCore.QRect(0, 0, 2560, 1600)
All rects available:
  0: 1610, 117, 270x210
  1: 1674, 356, 484x647
  2: 2396, 1364, 90x90
  3: 632, 153, 1250x60
  4: 152, 153, 1730x924
  5: 150, 152, 1734x927
  6: 0, 64, 1815x1464
  7: 828, 344, 874x767
  8: 320, 186, 1920x1200
  9: 320, 186, 1920x69
Mouse: 2460, 166 | UIA: None | EW: PySide6.QtCore.QRect(0, 0, 2560, 1600)
All rects available:
  0: 1610, 117, 270x210
  1: 1674, 356, 484x647
  2: 2396, 1364, 90x90
  3: 632, 153, 1250x60
  4: 152, 153, 1730x924
  5: 150, 152, 1734x927
  6: 0, 64, 1815x1464
  7: 828, 344, 874x767
  8: 320, 186, 1920x1200
  9: 320, 186, 1920x69
Mouse: 2460, 148 | UIA: None | EW: PySide6.QtCore.QRect(0, 0, 2560, 1600)
All rects available:
  0: 1610, 117, 270x210
  1: 1674, 356, 484x647
  2: 2396, 1364, 90x90
  3: 632, 153, 1250x60
  4: 152, 153, 1730x924
  5: 150, 152, 1734x927
  6: 0, 64, 1815x1464
  7: 828, 344, 874x767
  8: 320, 186, 1920x1200
  9: 320, 186, 1920x69
Mouse: 2460, 141 | UIA: None | EW: PySide6.QtCore.QRect(0, 0, 2560, 1600)
All rects available:
  0: 1610, 117, 270x210
  1: 1674, 356, 484x647
  2: 2396, 1364, 90x90
  3: 632, 153, 1250x60
  4: 152, 153, 1730x924
  5: 150, 152, 1734x927
  6: 0, 64, 1815x1464
  7: 828, 344, 874x767
  8: 320, 186, 1920x1200
  9: 320, 186, 1920x69
Mouse: 2460, 128 | UIA: None | EW: PySide6.QtCore.QRect(0, 0, 2560, 1600)
All rects available:
  0: 1610, 117, 270x210
  1: 1674, 356, 484x647
  2: 2396, 1364, 90x90
  3: 632, 153, 1250x60
  4: 152, 153, 1730x924
  5: 150, 152, 1734x927
  6: 0, 64, 1815x1464
  7: 828, 344, 874x767
  8: 320, 186, 1920x1200
  9: 320, 186, 1920x69
Mouse: 2460, 118 | UIA: None | EW: PySide6.QtCore.QRect(0, 0, 2560, 1600)
All rects available:
  0: 1610, 117, 270x210
  1: 1674, 356, 484x647
  2: 2396, 1364, 90x90
  3: 632, 153, 1250x60
  4: 152, 153, 1730x924
  5: 150, 152, 1734x927
  6: 0, 64, 1815x1464
  7: 828, 344, 874x767
  8: 320, 186, 1920x1200
  9: 320, 186, 1920x69
Mouse: 2460, 116 | UIA: None | EW: PySide6.QtCore.QRect(0, 0, 2560, 1600)
All rects available:
  0: 1610, 117, 270x210
  1: 1674, 356, 484x647
  2: 2396, 1364, 90x90
  3: 632, 153, 1250x60
  4: 152, 153, 1730x924
  5: 150, 152, 1734x927
  6: 0, 64, 1815x1464
  7: 828, 344, 874x767
  8: 320, 186, 1920x1200
  9: 320, 186, 1920x69
Mouse: 2460, 108 | UIA: None | EW: PySide6.QtCore.QRect(0, 0, 2560, 1600)
All rects available:
  0: 1610, 117, 270x210
  1: 1674, 356, 484x647
  2: 2396, 1364, 90x90
  3: 632, 153, 1250x60
  4: 152, 153, 1730x924
  5: 150, 152, 1734x927
  6: 0, 64, 1815x1464
  7: 828, 344, 874x767
  8: 320, 186, 1920x1200
  9: 320, 186, 1920x69
Mouse: 2460, 104 | UIA: None | EW: PySide6.QtCore.QRect(0, 0, 2560, 1600)
All rects available:
  0: 1610, 117, 270x210
  1: 1674, 356, 484x647
  2: 2396, 1364, 90x90
  3: 632, 153, 1250x60
  4: 152, 153, 1730x924
  5: 150, 152, 1734x927
  6: 0, 64, 1815x1464
  7: 828, 344, 874x767
  8: 320, 186, 1920x1200
  9: 320, 186, 1920x69
Mouse: 2460, 99 | UIA: None | EW: PySide6.QtCore.QRect(0, 0, 2560, 1600)
All rects available:
  0: 1610, 117, 270x210
  1: 1674, 356, 484x647
  2: 2396, 1364, 90x90
  3: 632, 153, 1250x60
  4: 152, 153, 1730x924
  5: 150, 152, 1734x927
  6: 0, 64, 1815x1464
  7: 828, 344, 874x767
  8: 320, 186, 1920x1200
  9: 320, 186, 1920x69
Mouse: 2460, 98 | UIA: None | EW: PySide6.QtCore.QRect(0, 0, 2560, 1600)
All rects available:
  0: 1610, 117, 270x210
  1: 1674, 356, 484x647
  2: 2396, 1364, 90x90
  3: 632, 153, 1250x60
  4: 152, 153, 1730x924
  5: 150, 152, 1734x927
  6: 0, 64, 1815x1464
  7: 828, 344, 874x767
  8: 320, 186, 1920x1200
  9: 320, 186, 1920x69
Mouse: 2458, 93 | UIA: None | EW: PySide6.QtCore.QRect(0, 0, 2560, 1600)
All rects available:
  0: 1610, 117, 270x210
  1: 1674, 356, 484x647
  2: 2396, 1364, 90x90
  3: 632, 153, 1250x60
  4: 152, 153, 1730x924
  5: 150, 152, 1734x927
  6: 0, 64, 1815x1464
  7: 828, 344, 874x767
  8: 320, 186, 1920x1200
  9: 320, 186, 1920x69
DEBUG:root:--- get_all_visible_rects called ---
DEBUG:root:Rect: 1610, 117, 270x210
DEBUG:root:Rect: 2217, 94, 258x482
DEBUG:root:Rect: 2217, 90, 258x102
DEBUG:root:Rect: 1674, 356, 484x647
DEBUG:root:Rect: 2396, 1364, 90x90
DEBUG:root:Rect: 1008, 389, 484x647
DEBUG:root:Rect: 828, 344, 874x767
DEBUG:root:Rect: 632, 153, 1250x60
DEBUG:root:Rect: 152, 153, 1730x924
DEBUG:root:Rect: 150, 152, 1734x927
DEBUG:root:Rect: 0, 64, 1815x1464
DEBUG:root:Rect: 320, 186, 1920x1200
DEBUG:root:Rect: 320, 186, 1920x69
DEBUG:root:Rect: 318, 141, 1924x1247
DEBUG:root:Rect: 728, 138, 448x512
DEBUG:root:Rect: 728, 138, 448x252
DEBUG:root:Rect: 236, 85, 939x151
DEBUG:root:Rect: 11, 24, 1496x1527
DEBUG:root:Rect: 9, 24, 1500x1529
DEBUG:root:Rect: 0, 0, 22x22
DEBUG:root:Rect: 0, 0, 2560x1600
DEBUG:root:Rect: -31818, -31939, 885x151
DEBUG:root:Rect: -31989, -32000, 1496x1528
DEBUG:root:Rect: -31991, -32000, 219x30
DEBUG:root:Rect: -31992, -31999, 1004x861
DEBUG:root:Rect: -31994, -32000, 225x33
DEBUG:root:Rect: -31989, -32000, 1447x1245
DEBUG:root:Rect: -31989, -32000, 1317x972
DEBUG:comtypes._post_coinit.unknwn:Calling CoUninitialize()
DEBUG:comtypes._post_coinit.unknwn:CoUninitialize() done.
DEBUG:root:--- get_all_visible_rects called ---
DEBUG:root:Rect: 1610, 117, 270x210
DEBUG:root:Rect: 2217, 94, 258x482
DEBUG:root:Rect: 2217, 90, 258x102
DEBUG:root:Rect: 1008, 389, 484x647
DEBUG:root:Rect: 828, 344, 874x767
DEBUG:root:Rect: 632, 153, 1250x60
DEBUG:root:Rect: 152, 153, 1730x924
DEBUG:root:Rect: 150, 152, 1734x927
DEBUG:root:Rect: 0, 64, 1815x1464
DEBUG:root:Rect: 320, 186, 1920x1200
DEBUG:root:Rect: 320, 186, 1920x69
DEBUG:root:Rect: 318, 141, 1924x1247
DEBUG:root:Rect: 728, 138, 448x512
DEBUG:root:Rect: 728, 138, 448x252
DEBUG:root:Rect: 236, 85, 939x151
DEBUG:root:Rect: 11, 24, 1496x1527
DEBUG:root:Rect: 9, 24, 1500x1529
DEBUG:root:Rect: 0, 0, 22x22
DEBUG:root:Rect: 0, 0, 2560x1600
DEBUG:root:Rect: -31818, -31939, 885x151
DEBUG:root:Rect: -31989, -32000, 1496x1528
DEBUG:root:Rect: -31991, -32000, 219x30
DEBUG:root:Rect: -31992, -31999, 1004x861
DEBUG:root:Rect: -31994, -32000, 225x33
DEBUG:root:Rect: -31989, -32000, 1447x1245
DEBUG:root:Rect: -31989, -32000, 1317x972
DEBUG:comtypes._post_coinit.unknwn:Calling CoUninitialize()
DEBUG:comtypes._post_coinit.unknwn:CoUninitialize() done.
DEBUG:root:--- get_all_visible_rects called ---
DEBUG:root:Rect: 2396, 1364, 90x90
DEBUG:root:Rect: 1960, 14, 270x210
DEBUG:root:Rect: 2217, 94, 258x482
DEBUG:root:Rect: 2217, 90, 258x102
DEBUG:root:Rect: 1008, 389, 484x647
DEBUG:root:Rect: 828, 344, 874x767
DEBUG:root:Rect: 0, 64, 1815x1464
DEBUG:root:Rect: 320, 186, 1920x1200
DEBUG:root:Rect: 320, 186, 1920x69
DEBUG:root:Rect: 318, 141, 1924x1247
DEBUG:root:Rect: 728, 138, 448x512
DEBUG:root:Rect: 728, 138, 448x252
DEBUG:root:Rect: 11, 205, 1497x1346
DEBUG:root:Rect: 236, 85, 939x151
DEBUG:root:Rect: 11, 24, 1496x1527
DEBUG:root:Rect: 9, 24, 1500x1529
DEBUG:root:Rect: 0, 0, 22x22
DEBUG:root:Rect: 0, 0, 2560x1600
DEBUG:root:Rect: -31818, -31939, 885x151
DEBUG:root:Rect: -31989, -32000, 1496x1528
DEBUG:root:Rect: -31991, -32000, 219x30
DEBUG:root:Rect: -31992, -31999, 1004x861
DEBUG:root:Rect: -31994, -32000, 225x33
DEBUG:root:Rect: -31989, -32000, 1447x1245
DEBUG:root:Rect: -31989, -32000, 1317x972
DEBUG:comtypes.client._generate:GetModule(UIAutomationCore.dll), resolved: False
DEBUG:comtypes.client._generate:GetModule(TLIBATTR(GUID={944DE083-8FB8-45CF-BCB7-C477ACB2F897}, Version=1.0, LCID=0, FLags=0x8))
DEBUG:comtypes._post_coinit.unknwn:Release <POINTER(ITypeLib) ptr=0x232e62efa60 at 232bd829650>
DEBUG:comtypes.client._create:{ff48dba4-60ef-4201-aa87-54103eef594e} -> {FF48DBA4-60EF-4201-AA87-54103EEF594E}
DEBUG:comtypes.client._create:CoCreateInstance({FF48DBA4-60EF-4201-AA87-54103EEF594E}, clsctx=None, interface=<class 'comtypes.gen._944DE083_8FB8_45CF_BCB7_C477ACB2F897_0_1_0.IUIAutomation'>)
DEBUG:comtypes._post_coinit.unknwn:Release <POINTER(IUIAutomationElement) ptr=0x23296fbea40 at 232bf9e19d0>
Mouse: 918, 628 | UIA: None | EW: PySide6.QtCore.QRect(828, 344, 874, 767)
All rects available:
  0: 2396, 1364, 90x90
  1: 1960, 14, 270x210
  2: 2217, 94, 258x482
  3: 2217, 90, 258x102
  4: 1008, 389, 484x647
  5: 828, 344, 874x767
  6: 0, 64, 1815x1464
  7: 320, 186, 1920x1200
  8: 320, 186, 1920x69
  9: 318, 141, 1924x1247
DEBUG:comtypes._post_coinit.unknwn:Release <POINTER(IUIAutomationElement) ptr=0x23296eaaab0 at 232bf9e19d0>
Mouse: 1083, 508 | UIA: None | EW: PySide6.QtCore.QRect(1008, 389, 484, 647)
All rects available:
  0: 2396, 1364, 90x90
  1: 1960, 14, 270x210
  2: 2217, 94, 258x482
  3: 2217, 90, 258x102
  4: 1008, 389, 484x647
  5: 828, 344, 874x767
  6: 0, 64, 1815x1464
  7: 320, 186, 1920x1200
  8: 320, 186, 1920x69
  9: 318, 141, 1924x1247
DEBUG:comtypes._post_coinit.unknwn:Release <POINTER(IUIAutomationElement) ptr=0x23296eaaab0 at 232bf9e19d0>
Mouse: 1098, 496 | UIA: None | EW: PySide6.QtCore.QRect(1008, 389, 484, 647)
All rects available:
  0: 2396, 1364, 90x90
  1: 1960, 14, 270x210
  2: 2217, 94, 258x482
  3: 2217, 90, 258x102
  4: 1008, 389, 484x647
  5: 828, 344, 874x767
  6: 0, 64, 1815x1464
  7: 320, 186, 1920x1200
  8: 320, 186, 1920x69
  9: 318, 141, 1924x1247
DEBUG:comtypes._post_coinit.unknwn:Release <POINTER(IUIAutomationElement) ptr=0x23296eaa510 at 232bf9e19d0>
Mouse: 1106, 490 | UIA: None | EW: PySide6.QtCore.QRect(1008, 389, 484, 647)
All rects available:
  0: 2396, 1364, 90x90
  1: 1960, 14, 270x210
  2: 2217, 94, 258x482
  3: 2217, 90, 258x102
  4: 1008, 389, 484x647
  5: 828, 344, 874x767
  6: 0, 64, 1815x1464
  7: 320, 186, 1920x1200
  8: 320, 186, 1920x69
  9: 318, 141, 1924x1247
DEBUG:comtypes._post_coinit.unknwn:Release <POINTER(IUIAutomationElement) ptr=0x23296eaa090 at 232bf9e19d0>
Mouse: 1114, 484 | UIA: None | EW: PySide6.QtCore.QRect(1008, 389, 484, 647)
All rects available:
  0: 2396, 1364, 90x90
  1: 1960, 14, 270x210
  2: 2217, 94, 258x482
  3: 2217, 90, 258x102
  4: 1008, 389, 484x647
  5: 828, 344, 874x767
  6: 0, 64, 1815x1464
  7: 320, 186, 1920x1200
  8: 320, 186, 1920x69
  9: 318, 141, 1924x1247
DEBUG:comtypes._post_coinit.unknwn:Release <POINTER(IUIAutomationElement) ptr=0x23296eaaea0 at 232bf9e19d0>
Mouse: 1124, 480 | UIA: None | EW: PySide6.QtCore.QRect(1008, 389, 484, 647)
All rects available:
  0: 2396, 1364, 90x90
  1: 1960, 14, 270x210
  2: 2217, 94, 258x482
  3: 2217, 90, 258x102
  4: 1008, 389, 484x647
  5: 828, 344, 874x767
  6: 0, 64, 1815x1464
  7: 320, 186, 1920x1200
  8: 320, 186, 1920x69
  9: 318, 141, 1924x1247
DEBUG:comtypes._post_coinit.unknwn:Release <POINTER(IUIAutomationElement) ptr=0x23296eaa870 at 232bf9e19d0>
Mouse: 1126, 478 | UIA: None | EW: PySide6.QtCore.QRect(1008, 389, 484, 647)
All rects available:
  0: 2396, 1364, 90x90
  1: 1960, 14, 270x210
  2: 2217, 94, 258x482
  3: 2217, 90, 258x102
  4: 1008, 389, 484x647
  5: 828, 344, 874x767
  6: 0, 64, 1815x1464
  7: 320, 186, 1920x1200
  8: 320, 186, 1920x69
  9: 318, 141, 1924x1247
DEBUG:comtypes._post_coinit.unknwn:Release <POINTER(IUIAutomationElement) ptr=0x23296eaa240 at 232bf9e19d0>
Mouse: 1132, 472 | UIA: None | EW: PySide6.QtCore.QRect(1008, 389, 484, 647)
All rects available:
  0: 2396, 1364, 90x90
  1: 1960, 14, 270x210
  2: 2217, 94, 258x482
  3: 2217, 90, 258x102
  4: 1008, 389, 484x647
  5: 828, 344, 874x767
  6: 0, 64, 1815x1464
  7: 320, 186, 1920x1200
  8: 320, 186, 1920x69
  9: 318, 141, 1924x1247
DEBUG:comtypes._post_coinit.unknwn:Release <POINTER(IUIAutomationElement) ptr=0x23296eaa990 at 232bf9e19d0>
Mouse: 1142, 468 | UIA: None | EW: PySide6.QtCore.QRect(1008, 389, 484, 647)
All rects available:
  0: 2396, 1364, 90x90
  1: 1960, 14, 270x210
  2: 2217, 94, 258x482
  3: 2217, 90, 258x102
  4: 1008, 389, 484x647
  5: 828, 344, 874x767
  6: 0, 64, 1815x1464
  7: 320, 186, 1920x1200
  8: 320, 186, 1920x69
  9: 318, 141, 1924x1247
DEBUG:comtypes._post_coinit.unknwn:Release <POINTER(IUIAutomationElement) ptr=0x23296eaaf30 at 232bf9e19d0>
Mouse: 1148, 464 | UIA: None | EW: PySide6.QtCore.QRect(1008, 389, 484, 647)
All rects available:
  0: 2396, 1364, 90x90
  1: 1960, 14, 270x210
  2: 2217, 94, 258x482
  3: 2217, 90, 258x102
  4: 1008, 389, 484x647
  5: 828, 344, 874x767
  6: 0, 64, 1815x1464
  7: 320, 186, 1920x1200
  8: 320, 186, 1920x69
  9: 318, 141, 1924x1247
DEBUG:comtypes._post_coinit.unknwn:Release <POINTER(IUIAutomationElement) ptr=0x23296eaa870 at 232bf9e19d0>
Mouse: 1150, 460 | UIA: None | EW: PySide6.QtCore.QRect(1008, 389, 484, 647)
All rects available:
  0: 2396, 1364, 90x90
  1: 1960, 14, 270x210
  2: 2217, 94, 258x482
  3: 2217, 90, 258x102
  4: 1008, 389, 484x647
  5: 828, 344, 874x767
  6: 0, 64, 1815x1464
  7: 320, 186, 1920x1200
  8: 320, 186, 1920x69
  9: 318, 141, 1924x1247
DEBUG:comtypes._post_coinit.unknwn:Release <POINTER(IUIAutomationElement) ptr=0x23296eaa000 at 232bf9e19d0>
Mouse: 1154, 458 | UIA: None | EW: PySide6.QtCore.QRect(1008, 389, 484, 647)
All rects available:
  0: 2396, 1364, 90x90
  1: 1960, 14, 270x210
  2: 2217, 94, 258x482
  3: 2217, 90, 258x102
  4: 1008, 389, 484x647
  5: 828, 344, 874x767
  6: 0, 64, 1815x1464
  7: 320, 186, 1920x1200
  8: 320, 186, 1920x69
  9: 318, 141, 1924x1247
DEBUG:comtypes._post_coinit.unknwn:Release <POINTER(IUIAutomationElement) ptr=0x23296ea9ee0 at 232bf9e19d0>
Mouse: 1156, 456 | UIA: None | EW: PySide6.QtCore.QRect(1008, 389, 484, 647)
All rects available:
  0: 2396, 1364, 90x90
  1: 1960, 14, 270x210
  2: 2217, 94, 258x482
  3: 2217, 90, 258x102
  4: 1008, 389, 484x647
  5: 828, 344, 874x767
  6: 0, 64, 1815x1464
  7: 320, 186, 1920x1200
  8: 320, 186, 1920x69
  9: 318, 141, 1924x1247
DEBUG:comtypes._post_coinit.unknwn:Release <POINTER(IUIAutomationElement) ptr=0x23296eaac60 at 232bf9e19d0>
Mouse: 1158, 453 | UIA: None | EW: PySide6.QtCore.QRect(1008, 389, 484, 647)
All rects available:
  0: 2396, 1364, 90x90
  1: 1960, 14, 270x210
  2: 2217, 94, 258x482
  3: 2217, 90, 258x102
  4: 1008, 389, 484x647
  5: 828, 344, 874x767
  6: 0, 64, 1815x1464
  7: 320, 186, 1920x1200
  8: 320, 186, 1920x69
  9: 318, 141, 1924x1247
DEBUG:comtypes._post_coinit.unknwn:Release <POINTER(IUIAutomationElement) ptr=0x23296eaacf0 at 232bf9e19d0>
Mouse: 1162, 448 | UIA: None | EW: PySide6.QtCore.QRect(1008, 389, 484, 647)
All rects available:
  0: 2396, 1364, 90x90
  1: 1960, 14, 270x210
  2: 2217, 94, 258x482
  3: 2217, 90, 258x102
  4: 1008, 389, 484x647
  5: 828, 344, 874x767
  6: 0, 64, 1815x1464
  7: 320, 186, 1920x1200
  8: 320, 186, 1920x69
  9: 318, 141, 1924x1247
DEBUG:comtypes._post_coinit.unknwn:Release <POINTER(IUIAutomationElement) ptr=0x23296eaaab0 at 232bf9e19d0>
Mouse: 1166, 442 | UIA: None | EW: PySide6.QtCore.QRect(1008, 389, 484, 647)
All rects available:
  0: 2396, 1364, 90x90
  1: 1960, 14, 270x210
  2: 2217, 94, 258x482
  3: 2217, 90, 258x102
  4: 1008, 389, 484x647
  5: 828, 344, 874x767
  6: 0, 64, 1815x1464
  7: 320, 186, 1920x1200
  8: 320, 186, 1920x69
  9: 318, 141, 1924x1247
DEBUG:comtypes._post_coinit.unknwn:Release <POINTER(IUIAutomationElement) ptr=0x23296eaab40 at 232bf9e19d0>
Mouse: 1167, 442 | UIA: None | EW: PySide6.QtCore.QRect(1008, 389, 484, 647)
All rects available:
  0: 2396, 1364, 90x90
  1: 1960, 14, 270x210
  2: 2217, 94, 258x482
  3: 2217, 90, 258x102
  4: 1008, 389, 484x647
  5: 828, 344, 874x767
  6: 0, 64, 1815x1464
  7: 320, 186, 1920x1200
  8: 320, 186, 1920x69
  9: 318, 141, 1924x1247
DEBUG:comtypes._post_coinit.unknwn:Release <POINTER(IUIAutomationElement) ptr=0x23296eaaf30 at 232bf9e19d0>
Mouse: 1172, 438 | UIA: None | EW: PySide6.QtCore.QRect(1008, 389, 484, 647)
All rects available:
  0: 2396, 1364, 90x90
  1: 1960, 14, 270x210
  2: 2217, 94, 258x482
  3: 2217, 90, 258x102
  4: 1008, 389, 484x647
  5: 828, 344, 874x767
  6: 0, 64, 1815x1464
  7: 320, 186, 1920x1200
  8: 320, 186, 1920x69
  9: 318, 141, 1924x1247
DEBUG:comtypes._post_coinit.unknwn:Release <POINTER(IUIAutomationElement) ptr=0x23296ea9dc0 at 232bf9e19d0>
Mouse: 1176, 435 | UIA: None | EW: PySide6.QtCore.QRect(1008, 389, 484, 647)
All rects available:
  0: 2396, 1364, 90x90
  1: 1960, 14, 270x210
  2: 2217, 94, 258x482
  3: 2217, 90, 258x102
  4: 1008, 389, 484x647
  5: 828, 344, 874x767
  6: 0, 64, 1815x1464
  7: 320, 186, 1920x1200
  8: 320, 186, 1920x69
  9: 318, 141, 1924x1247
DEBUG:comtypes._post_coinit.unknwn:Release <POINTER(IUIAutomationElement) ptr=0x23296eaa510 at 232bf9e19d0>
Mouse: 1180, 434 | UIA: None | EW: PySide6.QtCore.QRect(1008, 389, 484, 647)
All rects available:
  0: 2396, 1364, 90x90
  1: 1960, 14, 270x210
  2: 2217, 94, 258x482
  3: 2217, 90, 258x102
  4: 1008, 389, 484x647
  5: 828, 344, 874x767
  6: 0, 64, 1815x1464
  7: 320, 186, 1920x1200
  8: 320, 186, 1920x69
  9: 318, 141, 1924x1247
DEBUG:comtypes._post_coinit.unknwn:Release <POINTER(IUIAutomationElement) ptr=0x23296eaa900 at 232bf9e19d0>
Mouse: 1182, 432 | UIA: None | EW: PySide6.QtCore.QRect(1008, 389, 484, 647)
All rects available:
  0: 2396, 1364, 90x90
  1: 1960, 14, 270x210
  2: 2217, 94, 258x482
  3: 2217, 90, 258x102
  4: 1008, 389, 484x647
  5: 828, 344, 874x767
  6: 0, 64, 1815x1464
  7: 320, 186, 1920x1200
  8: 320, 186, 1920x69
  9: 318, 141, 1924x1247
DEBUG:comtypes._post_coinit.unknwn:Release <POINTER(IUIAutomationElement) ptr=0x23296eaa510 at 232bf9e19d0>
Mouse: 1185, 430 | UIA: None | EW: PySide6.QtCore.QRect(1008, 389, 484, 647)
All rects available:
  0: 2396, 1364, 90x90
  1: 1960, 14, 270x210
  2: 2217, 94, 258x482
  3: 2217, 90, 258x102
  4: 1008, 389, 484x647
  5: 828, 344, 874x767
  6: 0, 64, 1815x1464
  7: 320, 186, 1920x1200
  8: 320, 186, 1920x69
  9: 318, 141, 1924x1247
DEBUG:comtypes._post_coinit.unknwn:Release <POINTER(IUIAutomationElement) ptr=0x23296eaabd0 at 232bf9e19d0>
Mouse: 1188, 428 | UIA: None | EW: PySide6.QtCore.QRect(1008, 389, 484, 647)
All rects available:
  0: 2396, 1364, 90x90
  1: 1960, 14, 270x210
  2: 2217, 94, 258x482
  3: 2217, 90, 258x102
  4: 1008, 389, 484x647
  5: 828, 344, 874x767
  6: 0, 64, 1815x1464
  7: 320, 186, 1920x1200
  8: 320, 186, 1920x69
  9: 318, 141, 1924x1247
DEBUG:comtypes._post_coinit.unknwn:Release <POINTER(IUIAutomationElement) ptr=0x23296eaad80 at 232bf9e1a50>
Mouse: 1190, 426 | UIA: None | EW: PySide6.QtCore.QRect(1008, 389, 484, 647)
All rects available:
  0: 2396, 1364, 90x90
  1: 1960, 14, 270x210
  2: 2217, 94, 258x482
  3: 2217, 90, 258x102
  4: 1008, 389, 484x647
  5: 828, 344, 874x767
  6: 0, 64, 1815x1464
  7: 320, 186, 1920x1200
  8: 320, 186, 1920x69
  9: 318, 141, 1924x1247
DEBUG:comtypes._post_coinit.unknwn:Release <POINTER(IUIAutomationElement) ptr=0x23296ea9d30 at 232bf9e19d0>
Mouse: 1192, 424 | UIA: None | EW: PySide6.QtCore.QRect(1008, 389, 484, 647)
All rects available:
  0: 2396, 1364, 90x90
  1: 1960, 14, 270x210
  2: 2217, 94, 258x482
  3: 2217, 90, 258x102
  4: 1008, 389, 484x647
  5: 828, 344, 874x767
  6: 0, 64, 1815x1464
  7: 320, 186, 1920x1200
  8: 320, 186, 1920x69
  9: 318, 141, 1924x1247
DEBUG:comtypes._post_coinit.unknwn:Release <POINTER(IUIAutomationElement) ptr=0x23296eaa630 at 232bf9e19d0>
Mouse: 1192, 424 | UIA: None | EW: PySide6.QtCore.QRect(1008, 389, 484, 647)
All rects available:
  0: 2396, 1364, 90x90
  1: 1960, 14, 270x210
  2: 2217, 94, 258x482
  3: 2217, 90, 258x102
  4: 1008, 389, 484x647
  5: 828, 344, 874x767
  6: 0, 64, 1815x1464
  7: 320, 186, 1920x1200
  8: 320, 186, 1920x69
  9: 318, 141, 1924x1247
DEBUG:comtypes._post_coinit.unknwn:Release <POINTER(IUIAutomationElement) ptr=0x23296ea9d30 at 232bf9e19d0>
Mouse: 1194, 424 | UIA: None | EW: PySide6.QtCore.QRect(1008, 389, 484, 647)
All rects available:
  0: 2396, 1364, 90x90
  1: 1960, 14, 270x210
  2: 2217, 94, 258x482
  3: 2217, 90, 258x102
  4: 1008, 389, 484x647
  5: 828, 344, 874x767
  6: 0, 64, 1815x1464
  7: 320, 186, 1920x1200
  8: 320, 186, 1920x69
  9: 318, 141, 1924x1247
DEBUG:comtypes._post_coinit.unknwn:Release <POINTER(IUIAutomationElement) ptr=0x23296eaac60 at 232bf9e19d0>
Mouse: 1196, 423 | UIA: None | EW: PySide6.QtCore.QRect(1008, 389, 484, 647)
All rects available:
  0: 2396, 1364, 90x90
  1: 1960, 14, 270x210
  2: 2217, 94, 258x482
  3: 2217, 90, 258x102
  4: 1008, 389, 484x647
  5: 828, 344, 874x767
  6: 0, 64, 1815x1464
  7: 320, 186, 1920x1200
  8: 320, 186, 1920x69
  9: 318, 141, 1924x1247
DEBUG:comtypes._post_coinit.unknwn:Release <POINTER(IUIAutomationElement) ptr=0x23296eaa630 at 232bf9e19d0>
Mouse: 1196, 423 | UIA: None | EW: PySide6.QtCore.QRect(1008, 389, 484, 647)
All rects available:
  0: 2396, 1364, 90x90
  1: 1960, 14, 270x210
  2: 2217, 94, 258x482
  3: 2217, 90, 258x102
  4: 1008, 389, 484x647
  5: 828, 344, 874x767
  6: 0, 64, 1815x1464
  7: 320, 186, 1920x1200
  8: 320, 186, 1920x69
  9: 318, 141, 1924x1247
DEBUG:comtypes._post_coinit.unknwn:Release <POINTER(IUIAutomationElement) ptr=0x23296eaaea0 at 232bf9e19d0>
Mouse: 1197, 423 | UIA: None | EW: PySide6.QtCore.QRect(1008, 389, 484, 647)
All rects available:
  0: 2396, 1364, 90x90
  1: 1960, 14, 270x210
  2: 2217, 94, 258x482
  3: 2217, 90, 258x102
  4: 1008, 389, 484x647
  5: 828, 344, 874x767
  6: 0, 64, 1815x1464
  7: 320, 186, 1920x1200
  8: 320, 186, 1920x69
  9: 318, 141, 1924x1247
DEBUG:comtypes._post_coinit.unknwn:Release <POINTER(IUIAutomationElement) ptr=0x23296eaaf30 at 232bf9e19d0>
Mouse: 1197, 422 | UIA: None | EW: PySide6.QtCore.QRect(1008, 389, 484, 647)
All rects available:
  0: 2396, 1364, 90x90
  1: 1960, 14, 270x210
  2: 2217, 94, 258x482
  3: 2217, 90, 258x102
  4: 1008, 389, 484x647
  5: 828, 344, 874x767
  6: 0, 64, 1815x1464
  7: 320, 186, 1920x1200
  8: 320, 186, 1920x69
  9: 318, 141, 1924x1247
DEBUG:comtypes._post_coinit.unknwn:Release <POINTER(IUIAutomationElement) ptr=0x23296ea9ca0 at 232bf9e19d0>
Mouse: 1198, 422 | UIA: None | EW: PySide6.QtCore.QRect(1008, 389, 484, 647)
All rects available:
  0: 2396, 1364, 90x90
  1: 1960, 14, 270x210
  2: 2217, 94, 258x482
  3: 2217, 90, 258x102
  4: 1008, 389, 484x647
  5: 828, 344, 874x767
  6: 0, 64, 1815x1464
  7: 320, 186, 1920x1200
  8: 320, 186, 1920x69
  9: 318, 141, 1924x1247
DEBUG:comtypes._post_coinit.unknwn:Release <POINTER(IUIAutomationElement) ptr=0x23296ea9f70 at 232bf9e19d0>
Mouse: 1198, 422 | UIA: None | EW: PySide6.QtCore.QRect(1008, 389, 484, 647)
All rects available:
  0: 2396, 1364, 90x90
  1: 1960, 14, 270x210
  2: 2217, 94, 258x482
  3: 2217, 90, 258x102
  4: 1008, 389, 484x647
  5: 828, 344, 874x767
  6: 0, 64, 1815x1464
  7: 320, 186, 1920x1200
  8: 320, 186, 1920x69
  9: 318, 141, 1924x1247
DEBUG:comtypes._post_coinit.unknwn:Release <POINTER(IUIAutomationElement) ptr=0x23296eaa090 at 232bf9e19d0>
Mouse: 1200, 422 | UIA: None | EW: PySide6.QtCore.QRect(1008, 389, 484, 647)
All rects available:
  0: 2396, 1364, 90x90
  1: 1960, 14, 270x210
  2: 2217, 94, 258x482
  3: 2217, 90, 258x102
  4: 1008, 389, 484x647
  5: 828, 344, 874x767
  6: 0, 64, 1815x1464
  7: 320, 186, 1920x1200
  8: 320, 186, 1920x69
  9: 318, 141, 1924x1247
DEBUG:comtypes._post_coinit.unknwn:Release <POINTER(IUIAutomationElement) ptr=0x23296eaa630 at 232bf9e19d0>
Mouse: 1200, 422 | UIA: None | EW: PySide6.QtCore.QRect(1008, 389, 484, 647)
All rects available:
  0: 2396, 1364, 90x90
  1: 1960, 14, 270x210
  2: 2217, 94, 258x482
  3: 2217, 90, 258x102
  4: 1008, 389, 484x647
  5: 828, 344, 874x767
  6: 0, 64, 1815x1464
  7: 320, 186, 1920x1200
  8: 320, 186, 1920x69
  9: 318, 141, 1924x1247
DEBUG:comtypes._post_coinit.unknwn:Release <POINTER(IUIAutomationElement) ptr=0x23296eaa510 at 232bf9e19d0>
Mouse: 1200, 423 | UIA: None | EW: PySide6.QtCore.QRect(1008, 389, 484, 647)
All rects available:
  0: 2396, 1364, 90x90
  1: 1960, 14, 270x210
  2: 2217, 94, 258x482
  3: 2217, 90, 258x102
  4: 1008, 389, 484x647
  5: 828, 344, 874x767
  6: 0, 64, 1815x1464
  7: 320, 186, 1920x1200
  8: 320, 186, 1920x69
  9: 318, 141, 1924x1247
DEBUG:comtypes._post_coinit.unknwn:Release <POINTER(IUIAutomationElement) ptr=0x23296eaaea0 at 232bf9e19d0>
Mouse: 1200, 424 | UIA: None | EW: PySide6.QtCore.QRect(1008, 389, 484, 647)
All rects available:
  0: 2396, 1364, 90x90
  1: 1960, 14, 270x210
  2: 2217, 94, 258x482
  3: 2217, 90, 258x102
  4: 1008, 389, 484x647
  5: 828, 344, 874x767
  6: 0, 64, 1815x1464
  7: 320, 186, 1920x1200
  8: 320, 186, 1920x69
  9: 318, 141, 1924x1247
DEBUG:comtypes._post_coinit.unknwn:Release <POINTER(IUIAutomationElement) ptr=0x23296eaaab0 at 232bf9e19d0>
Mouse: 1202, 424 | UIA: None | EW: PySide6.QtCore.QRect(1008, 389, 484, 647)
All rects available:
  0: 2396, 1364, 90x90
  1: 1960, 14, 270x210
  2: 2217, 94, 258x482
  3: 2217, 90, 258x102
  4: 1008, 389, 484x647
  5: 828, 344, 874x767
  6: 0, 64, 1815x1464
  7: 320, 186, 1920x1200
  8: 320, 186, 1920x69
  9: 318, 141, 1924x1247
DEBUG:comtypes._post_coinit.unknwn:Release <POINTER(IUIAutomationElement) ptr=0x23296ea9dc0 at 232bf9e19d0>
Mouse: 1202, 428 | UIA: None | EW: PySide6.QtCore.QRect(1008, 389, 484, 647)
All rects available:
  0: 2396, 1364, 90x90
  1: 1960, 14, 270x210
  2: 2217, 94, 258x482
  3: 2217, 90, 258x102
  4: 1008, 389, 484x647
  5: 828, 344, 874x767
  6: 0, 64, 1815x1464
  7: 320, 186, 1920x1200
  8: 320, 186, 1920x69
  9: 318, 141, 1924x1247
DEBUG:comtypes._post_coinit.unknwn:Release <POINTER(IUIAutomationElement) ptr=0x23296eaaea0 at 232bf9e19d0>
Mouse: 1209, 432 | UIA: None | EW: PySide6.QtCore.QRect(1008, 389, 484, 647)
All rects available:
  0: 2396, 1364, 90x90
  1: 1960, 14, 270x210
  2: 2217, 94, 258x482
  3: 2217, 90, 258x102
  4: 1008, 389, 484x647
  5: 828, 344, 874x767
  6: 0, 64, 1815x1464
  7: 320, 186, 1920x1200
  8: 320, 186, 1920x69
  9: 318, 141, 1924x1247
DEBUG:comtypes._post_coinit.unknwn:Release <POINTER(IUIAutomationElement) ptr=0x23296eaa1b0 at 232bf9e19d0>
Mouse: 1218, 435 | UIA: None | EW: PySide6.QtCore.QRect(1008, 389, 484, 647)
All rects available:
  0: 2396, 1364, 90x90
  1: 1960, 14, 270x210
  2: 2217, 94, 258x482
  3: 2217, 90, 258x102
  4: 1008, 389, 484x647
  5: 828, 344, 874x767
  6: 0, 64, 1815x1464
  7: 320, 186, 1920x1200
  8: 320, 186, 1920x69
  9: 318, 141, 1924x1247
DEBUG:comtypes._post_coinit.unknwn:Release <POINTER(IUIAutomationElement) ptr=0x23296eaa120 at 232bf9e19d0>
Mouse: 1232, 441 | UIA: None | EW: PySide6.QtCore.QRect(1008, 389, 484, 647)
All rects available:
  0: 2396, 1364, 90x90
  1: 1960, 14, 270x210
  2: 2217, 94, 258x482
  3: 2217, 90, 258x102
  4: 1008, 389, 484x647
  5: 828, 344, 874x767
  6: 0, 64, 1815x1464
  7: 320, 186, 1920x1200
  8: 320, 186, 1920x69
  9: 318, 141, 1924x1247
DEBUG:comtypes._post_coinit.unknwn:Release <POINTER(IUIAutomationElement) ptr=0x23296eaa090 at 232bf9e19d0>
Mouse: 1242, 444 | UIA: None | EW: PySide6.QtCore.QRect(1008, 389, 484, 647)
All rects available:
  0: 2396, 1364, 90x90
  1: 1960, 14, 270x210
  2: 2217, 94, 258x482
  3: 2217, 90, 258x102
  4: 1008, 389, 484x647
  5: 828, 344, 874x767
  6: 0, 64, 1815x1464
  7: 320, 186, 1920x1200
  8: 320, 186, 1920x69
  9: 318, 141, 1924x1247
DEBUG:comtypes._post_coinit.unknwn:Release <POINTER(IUIAutomationElement) ptr=0x23296eaa5a0 at 232bf9e19d0>
Mouse: 1264, 450 | UIA: None | EW: PySide6.QtCore.QRect(1008, 389, 484, 647)
All rects available:
  0: 2396, 1364, 90x90
  1: 1960, 14, 270x210
  2: 2217, 94, 258x482
  3: 2217, 90, 258x102
  4: 1008, 389, 484x647
  5: 828, 344, 874x767
  6: 0, 64, 1815x1464
  7: 320, 186, 1920x1200
  8: 320, 186, 1920x69
  9: 318, 141, 1924x1247
DEBUG:comtypes._post_coinit.unknwn:Release <POINTER(IUIAutomationElement) ptr=0x23296ea9e50 at 232bf9e19d0>
Mouse: 1292, 453 | UIA: None | EW: PySide6.QtCore.QRect(1008, 389, 484, 647)
All rects available:
  0: 2396, 1364, 90x90
  1: 1960, 14, 270x210
  2: 2217, 94, 258x482
  3: 2217, 90, 258x102
  4: 1008, 389, 484x647
  5: 828, 344, 874x767
  6: 0, 64, 1815x1464
  7: 320, 186, 1920x1200
  8: 320, 186, 1920x69
  9: 318, 141, 1924x1247
DEBUG:comtypes._post_coinit.unknwn:Release <POINTER(IUIAutomationElement) ptr=0x23296eaa240 at 232bf9e19d0>
Mouse: 1316, 458 | UIA: None | EW: PySide6.QtCore.QRect(1008, 389, 484, 647)
All rects available:
  0: 2396, 1364, 90x90
  1: 1960, 14, 270x210
  2: 2217, 94, 258x482
  3: 2217, 90, 258x102
  4: 1008, 389, 484x647
  5: 828, 344, 874x767
  6: 0, 64, 1815x1464
  7: 320, 186, 1920x1200
  8: 320, 186, 1920x69
  9: 318, 141, 1924x1247
DEBUG:comtypes._post_coinit.unknwn:Release <POINTER(IUIAutomationElement) ptr=0x23296ea9f70 at 232bf9e19d0>
Mouse: 1328, 459 | UIA: None | EW: PySide6.QtCore.QRect(1008, 389, 484, 647)
All rects available:
  0: 2396, 1364, 90x90
  1: 1960, 14, 270x210
  2: 2217, 94, 258x482
  3: 2217, 90, 258x102
  4: 1008, 389, 484x647
  5: 828, 344, 874x767
  6: 0, 64, 1815x1464
  7: 320, 186, 1920x1200
  8: 320, 186, 1920x69
  9: 318, 141, 1924x1247
DEBUG:comtypes._post_coinit.unknwn:Release <POINTER(IUIAutomationElement) ptr=0x23296ea9dc0 at 232bf9e19d0>
Mouse: 1347, 460 | UIA: None | EW: PySide6.QtCore.QRect(1008, 389, 484, 647)
All rects available:
  0: 2396, 1364, 90x90
  1: 1960, 14, 270x210
  2: 2217, 94, 258x482
  3: 2217, 90, 258x102
  4: 1008, 389, 484x647
  5: 828, 344, 874x767
  6: 0, 64, 1815x1464
  7: 320, 186, 1920x1200
  8: 320, 186, 1920x69
  9: 318, 141, 1924x1247
DEBUG:comtypes._post_coinit.unknwn:Release <POINTER(IUIAutomationElement) ptr=0x23296eaa000 at 232bf9e19d0>
Mouse: 1364, 462 | UIA: None | EW: PySide6.QtCore.QRect(1008, 389, 484, 647)
All rects available:
  0: 2396, 1364, 90x90
  1: 1960, 14, 270x210
  2: 2217, 94, 258x482
  3: 2217, 90, 258x102
  4: 1008, 389, 484x647
  5: 828, 344, 874x767
  6: 0, 64, 1815x1464
  7: 320, 186, 1920x1200
  8: 320, 186, 1920x69
  9: 318, 141, 1924x1247
DEBUG:comtypes._post_coinit.unknwn:Release <POINTER(IUIAutomationElement) ptr=0x23296eaa630 at 232bf9e19d0>
Mouse: 1378, 462 | UIA: None | EW: PySide6.QtCore.QRect(1008, 389, 484, 647)
All rects available:
  0: 2396, 1364, 90x90
  1: 1960, 14, 270x210
  2: 2217, 94, 258x482
  3: 2217, 90, 258x102
  4: 1008, 389, 484x647
  5: 828, 344, 874x767
  6: 0, 64, 1815x1464
  7: 320, 186, 1920x1200
  8: 320, 186, 1920x69
  9: 318, 141, 1924x1247
DEBUG:comtypes._post_coinit.unknwn:Release <POINTER(IUIAutomationElement) ptr=0x23296eaa120 at 232bf9e19d0>
Mouse: 1389, 464 | UIA: None | EW: PySide6.QtCore.QRect(1008, 389, 484, 647)
All rects available:
  0: 2396, 1364, 90x90
  1: 1960, 14, 270x210
  2: 2217, 94, 258x482
  3: 2217, 90, 258x102
  4: 1008, 389, 484x647
  5: 828, 344, 874x767
  6: 0, 64, 1815x1464
  7: 320, 186, 1920x1200
  8: 320, 186, 1920x69
  9: 318, 141, 1924x1247
DEBUG:comtypes._post_coinit.unknwn:Release <POINTER(IUIAutomationElement) ptr=0x23296eaa5a0 at 232bf9e19d0>
Mouse: 1395, 464 | UIA: None | EW: PySide6.QtCore.QRect(1008, 389, 484, 647)
All rects available:
  0: 2396, 1364, 90x90
  1: 1960, 14, 270x210
  2: 2217, 94, 258x482
  3: 2217, 90, 258x102
  4: 1008, 389, 484x647
  5: 828, 344, 874x767
  6: 0, 64, 1815x1464
  7: 320, 186, 1920x1200
  8: 320, 186, 1920x69
  9: 318, 141, 1924x1247
DEBUG:comtypes._post_coinit.unknwn:Release <POINTER(IUIAutomationElement) ptr=0x23296eaa6c0 at 232bf9e19d0>
Mouse: 1402, 464 | UIA: None | EW: PySide6.QtCore.QRect(1008, 389, 484, 647)
All rects available:
  0: 2396, 1364, 90x90
  1: 1960, 14, 270x210
  2: 2217, 94, 258x482
  3: 2217, 90, 258x102
  4: 1008, 389, 484x647
  5: 828, 344, 874x767
  6: 0, 64, 1815x1464
  7: 320, 186, 1920x1200
  8: 320, 186, 1920x69
  9: 318, 141, 1924x1247
DEBUG:comtypes._post_coinit.unknwn:Release <POINTER(IUIAutomationElement) ptr=0x23296eaac60 at 232bf9e19d0>
Mouse: 1404, 464 | UIA: None | EW: PySide6.QtCore.QRect(1008, 389, 484, 647)
All rects available:
  0: 2396, 1364, 90x90
  1: 1960, 14, 270x210
  2: 2217, 94, 258x482
  3: 2217, 90, 258x102
  4: 1008, 389, 484x647
  5: 828, 344, 874x767
  6: 0, 64, 1815x1464
  7: 320, 186, 1920x1200
  8: 320, 186, 1920x69
  9: 318, 141, 1924x1247
DEBUG:comtypes._post_coinit.unknwn:Release <POINTER(IUIAutomationElement) ptr=0x23296ea9dc0 at 232bf9e19d0>
Mouse: 1407, 466 | UIA: None | EW: PySide6.QtCore.QRect(1008, 389, 484, 647)
All rects available:
  0: 2396, 1364, 90x90
  1: 1960, 14, 270x210
  2: 2217, 94, 258x482
  3: 2217, 90, 258x102
  4: 1008, 389, 484x647
  5: 828, 344, 874x767
  6: 0, 64, 1815x1464
  7: 320, 186, 1920x1200
  8: 320, 186, 1920x69
  9: 318, 141, 1924x1247
DEBUG:comtypes._post_coinit.unknwn:Release <POINTER(IUIAutomationElement) ptr=0x23296eaa630 at 232bf9e19d0>
Mouse: 1408, 466 | UIA: None | EW: PySide6.QtCore.QRect(1008, 389, 484, 647)
All rects available:
  0: 2396, 1364, 90x90
  1: 1960, 14, 270x210
  2: 2217, 94, 258x482
  3: 2217, 90, 258x102
  4: 1008, 389, 484x647
  5: 828, 344, 874x767
  6: 0, 64, 1815x1464
  7: 320, 186, 1920x1200
  8: 320, 186, 1920x69
  9: 318, 141, 1924x1247
DEBUG:comtypes._post_coinit.unknwn:Release <POINTER(IUIAutomationElement) ptr=0x23296ea9e50 at 232bf9e19d0>
Mouse: 1418, 466 | UIA: None | EW: PySide6.QtCore.QRect(1008, 389, 484, 647)
All rects available:
  0: 2396, 1364, 90x90
  1: 1960, 14, 270x210
  2: 2217, 94, 258x482
  3: 2217, 90, 258x102
  4: 1008, 389, 484x647
  5: 828, 344, 874x767
  6: 0, 64, 1815x1464
  7: 320, 186, 1920x1200
  8: 320, 186, 1920x69
  9: 318, 141, 1924x1247
DEBUG:comtypes._post_coinit.unknwn:Release <POINTER(IUIAutomationElement) ptr=0x23296eaab40 at 232bf9e19d0>
Mouse: 1432, 466 | UIA: None | EW: PySide6.QtCore.QRect(1008, 389, 484, 647)
All rects available:
  0: 2396, 1364, 90x90
  1: 1960, 14, 270x210
  2: 2217, 94, 258x482
  3: 2217, 90, 258x102
  4: 1008, 389, 484x647
  5: 828, 344, 874x767
  6: 0, 64, 1815x1464
  7: 320, 186, 1920x1200
  8: 320, 186, 1920x69
  9: 318, 141, 1924x1247
DEBUG:comtypes._post_coinit.unknwn:Release <POINTER(IUIAutomationElement) ptr=0x23296eaa990 at 232bf9e19d0>
Mouse: 1490, 470 | UIA: None | EW: PySide6.QtCore.QRect(1008, 389, 484, 647)
All rects available:
  0: 2396, 1364, 90x90
  1: 1960, 14, 270x210
  2: 2217, 94, 258x482
  3: 2217, 90, 258x102
  4: 1008, 389, 484x647
  5: 828, 344, 874x767
  6: 0, 64, 1815x1464
  7: 320, 186, 1920x1200
  8: 320, 186, 1920x69
  9: 318, 141, 1924x1247
DEBUG:comtypes._post_coinit.unknwn:Release <POINTER(IUIAutomationElement) ptr=0x23296eaaa20 at 232bf9e19d0>
Mouse: 1518, 470 | UIA: None | EW: PySide6.QtCore.QRect(828, 344, 874, 767)
All rects available:
  0: 2396, 1364, 90x90
  1: 1960, 14, 270x210
  2: 2217, 94, 258x482
  3: 2217, 90, 258x102
  4: 1008, 389, 484x647
  5: 828, 344, 874x767
  6: 0, 64, 1815x1464
  7: 320, 186, 1920x1200
  8: 320, 186, 1920x69
  9: 318, 141, 1924x1247
DEBUG:comtypes._post_coinit.unknwn:Release <POINTER(IUIAutomationElement) ptr=0x23296eaab40 at 232bf9e19d0>
Mouse: 1528, 471 | UIA: None | EW: PySide6.QtCore.QRect(828, 344, 874, 767)
All rects available:
  0: 2396, 1364, 90x90
  1: 1960, 14, 270x210
  2: 2217, 94, 258x482
  3: 2217, 90, 258x102
  4: 1008, 389, 484x647
  5: 828, 344, 874x767
  6: 0, 64, 1815x1464
  7: 320, 186, 1920x1200
  8: 320, 186, 1920x69
  9: 318, 141, 1924x1247
DEBUG:comtypes._post_coinit.unknwn:Release <POINTER(IUIAutomationElement) ptr=0x23296eaa120 at 232bf9e19d0>
Mouse: 1540, 472 | UIA: None | EW: PySide6.QtCore.QRect(828, 344, 874, 767)
All rects available:
  0: 2396, 1364, 90x90
  1: 1960, 14, 270x210
  2: 2217, 94, 258x482
  3: 2217, 90, 258x102
  4: 1008, 389, 484x647
  5: 828, 344, 874x767
  6: 0, 64, 1815x1464
  7: 320, 186, 1920x1200
  8: 320, 186, 1920x69
  9: 318, 141, 1924x1247
DEBUG:comtypes._post_coinit.unknwn:Release <POINTER(IUIAutomationElement) ptr=0x23296eaab40 at 232bf9e19d0>
Mouse: 1552, 472 | UIA: None | EW: PySide6.QtCore.QRect(828, 344, 874, 767)
All rects available:
  0: 2396, 1364, 90x90
  1: 1960, 14, 270x210
  2: 2217, 94, 258x482
  3: 2217, 90, 258x102
  4: 1008, 389, 484x647
  5: 828, 344, 874x767
  6: 0, 64, 1815x1464
  7: 320, 186, 1920x1200
  8: 320, 186, 1920x69
  9: 318, 141, 1924x1247
DEBUG:comtypes._post_coinit.unknwn:Release <POINTER(IUIAutomationElement) ptr=0x23296eaa1b0 at 232bf9e19d0>
Mouse: 1558, 472 | UIA: None | EW: PySide6.QtCore.QRect(828, 344, 874, 767)
All rects available:
  0: 2396, 1364, 90x90
  1: 1960, 14, 270x210
  2: 2217, 94, 258x482
  3: 2217, 90, 258x102
  4: 1008, 389, 484x647
  5: 828, 344, 874x767
  6: 0, 64, 1815x1464
  7: 320, 186, 1920x1200
  8: 320, 186, 1920x69
  9: 318, 141, 1924x1247
DEBUG:comtypes._post_coinit.unknwn:Release <POINTER(IUIAutomationElement) ptr=0x23296eaae10 at 232bf9e19d0>
Mouse: 1562, 472 | UIA: None | EW: PySide6.QtCore.QRect(828, 344, 874, 767)
All rects available:
  0: 2396, 1364, 90x90
  1: 1960, 14, 270x210
  2: 2217, 94, 258x482
  3: 2217, 90, 258x102
  4: 1008, 389, 484x647
  5: 828, 344, 874x767
  6: 0, 64, 1815x1464
  7: 320, 186, 1920x1200
  8: 320, 186, 1920x69
  9: 318, 141, 1924x1247
DEBUG:comtypes._post_coinit.unknwn:Release <POINTER(IUIAutomationElement) ptr=0x23296ea9ca0 at 232bf9e19d0>
Mouse: 1566, 471 | UIA: None | EW: PySide6.QtCore.QRect(828, 344, 874, 767)
All rects available:
  0: 2396, 1364, 90x90
  1: 1960, 14, 270x210
  2: 2217, 94, 258x482
  3: 2217, 90, 258x102
  4: 1008, 389, 484x647
  5: 828, 344, 874x767
  6: 0, 64, 1815x1464
  7: 320, 186, 1920x1200
  8: 320, 186, 1920x69
  9: 318, 141, 1924x1247
DEBUG:comtypes._post_coinit.unknwn:Release <POINTER(IUIAutomationElement) ptr=0x23296eaaa20 at 232bf9e19d0>
Mouse: 1570, 470 | UIA: None | EW: PySide6.QtCore.QRect(828, 344, 874, 767)
All rects available:
  0: 2396, 1364, 90x90
  1: 1960, 14, 270x210
  2: 2217, 94, 258x482
  3: 2217, 90, 258x102
  4: 1008, 389, 484x647
  5: 828, 344, 874x767
  6: 0, 64, 1815x1464
  7: 320, 186, 1920x1200
  8: 320, 186, 1920x69
  9: 318, 141, 1924x1247
DEBUG:comtypes._post_coinit.unknwn:Release <POINTER(IUIAutomationElement) ptr=0x23296eaae10 at 232bf9e19d0>
Mouse: 1575, 465 | UIA: None | EW: PySide6.QtCore.QRect(828, 344, 874, 767)
All rects available:
  0: 2396, 1364, 90x90
  1: 1960, 14, 270x210
  2: 2217, 94, 258x482
  3: 2217, 90, 258x102
  4: 1008, 389, 484x647
  5: 828, 344, 874x767
  6: 0, 64, 1815x1464
  7: 320, 186, 1920x1200
  8: 320, 186, 1920x69
  9: 318, 141, 1924x1247
DEBUG:comtypes._post_coinit.unknwn:Release <POINTER(IUIAutomationElement) ptr=0x23296eaa990 at 232bf9e19d0>
Mouse: 1580, 459 | UIA: None | EW: PySide6.QtCore.QRect(828, 344, 874, 767)
All rects available:
  0: 2396, 1364, 90x90
  1: 1960, 14, 270x210
  2: 2217, 94, 258x482
  3: 2217, 90, 258x102
  4: 1008, 389, 484x647
  5: 828, 344, 874x767
  6: 0, 64, 1815x1464
  7: 320, 186, 1920x1200
  8: 320, 186, 1920x69
  9: 318, 141, 1924x1247
DEBUG:comtypes._post_coinit.unknwn:Release <POINTER(IUIAutomationElement) ptr=0x23296eaa870 at 232bf9e19d0>
Mouse: 1586, 454 | UIA: None | EW: PySide6.QtCore.QRect(828, 344, 874, 767)
All rects available:
  0: 2396, 1364, 90x90
  1: 1960, 14, 270x210
  2: 2217, 94, 258x482
  3: 2217, 90, 258x102
  4: 1008, 389, 484x647
  5: 828, 344, 874x767
  6: 0, 64, 1815x1464
  7: 320, 186, 1920x1200
  8: 320, 186, 1920x69
  9: 318, 141, 1924x1247
DEBUG:comtypes._post_coinit.unknwn:Release <POINTER(IUIAutomationElement) ptr=0x23296eaa7e0 at 232bf9e19d0>
Mouse: 1590, 446 | UIA: None | EW: PySide6.QtCore.QRect(828, 344, 874, 767)
All rects available:
  0: 2396, 1364, 90x90
  1: 1960, 14, 270x210
  2: 2217, 94, 258x482
  3: 2217, 90, 258x102
  4: 1008, 389, 484x647
  5: 828, 344, 874x767
  6: 0, 64, 1815x1464
  7: 320, 186, 1920x1200
  8: 320, 186, 1920x69
  9: 318, 141, 1924x1247
DEBUG:comtypes._post_coinit.unknwn:Release <POINTER(IUIAutomationElement) ptr=0x23296eaac60 at 232bf9e19d0>
Mouse: 1594, 440 | UIA: None | EW: PySide6.QtCore.QRect(828, 344, 874, 767)
All rects available:
  0: 2396, 1364, 90x90
  1: 1960, 14, 270x210
  2: 2217, 94, 258x482
  3: 2217, 90, 258x102
  4: 1008, 389, 484x647
  5: 828, 344, 874x767
  6: 0, 64, 1815x1464
  7: 320, 186, 1920x1200
  8: 320, 186, 1920x69
  9: 318, 141, 1924x1247
DEBUG:comtypes._post_coinit.unknwn:Release <POINTER(IUIAutomationElement) ptr=0x23296eaa990 at 232bf9e19d0>
Mouse: 1598, 434 | UIA: None | EW: PySide6.QtCore.QRect(828, 344, 874, 767)
All rects available:
  0: 2396, 1364, 90x90
  1: 1960, 14, 270x210
  2: 2217, 94, 258x482
  3: 2217, 90, 258x102
  4: 1008, 389, 484x647
  5: 828, 344, 874x767
  6: 0, 64, 1815x1464
  7: 320, 186, 1920x1200
  8: 320, 186, 1920x69
  9: 318, 141, 1924x1247
DEBUG:comtypes._post_coinit.unknwn:Release <POINTER(IUIAutomationElement) ptr=0x23296ea9dc0 at 232bf9e19d0>
Mouse: 1600, 429 | UIA: None | EW: PySide6.QtCore.QRect(828, 344, 874, 767)
All rects available:
  0: 2396, 1364, 90x90
  1: 1960, 14, 270x210
  2: 2217, 94, 258x482
  3: 2217, 90, 258x102
  4: 1008, 389, 484x647
  5: 828, 344, 874x767
  6: 0, 64, 1815x1464
  7: 320, 186, 1920x1200
  8: 320, 186, 1920x69
  9: 318, 141, 1924x1247
DEBUG:comtypes._post_coinit.unknwn:Release <POINTER(IUIAutomationElement) ptr=0x23296ea9ee0 at 232bf9e19d0>
Mouse: 1602, 423 | UIA: None | EW: PySide6.QtCore.QRect(828, 344, 874, 767)
All rects available:
  0: 2396, 1364, 90x90
  1: 1960, 14, 270x210
  2: 2217, 94, 258x482
  3: 2217, 90, 258x102
  4: 1008, 389, 484x647
  5: 828, 344, 874x767
  6: 0, 64, 1815x1464
  7: 320, 186, 1920x1200
  8: 320, 186, 1920x69
  9: 318, 141, 1924x1247
DEBUG:comtypes._post_coinit.unknwn:Release <POINTER(IUIAutomationElement) ptr=0x23296ea9e50 at 232bf9e19d0>
Mouse: 1604, 418 | UIA: None | EW: PySide6.QtCore.QRect(828, 344, 874, 767)
All rects available:
  0: 2396, 1364, 90x90
  1: 1960, 14, 270x210
  2: 2217, 94, 258x482
  3: 2217, 90, 258x102
  4: 1008, 389, 484x647
  5: 828, 344, 874x767
  6: 0, 64, 1815x1464
  7: 320, 186, 1920x1200
  8: 320, 186, 1920x69
  9: 318, 141, 1924x1247
DEBUG:comtypes._post_coinit.unknwn:Release <POINTER(IUIAutomationElement) ptr=0x23296eaa870 at 232bf9e19d0>
Mouse: 1605, 416 | UIA: None | EW: PySide6.QtCore.QRect(828, 344, 874, 767)
All rects available:
  0: 2396, 1364, 90x90
  1: 1960, 14, 270x210
  2: 2217, 94, 258x482
  3: 2217, 90, 258x102
  4: 1008, 389, 484x647
  5: 828, 344, 874x767
  6: 0, 64, 1815x1464
  7: 320, 186, 1920x1200
  8: 320, 186, 1920x69
  9: 318, 141, 1924x1247
DEBUG:comtypes._post_coinit.unknwn:Release <POINTER(IUIAutomationElement) ptr=0x23296ea9dc0 at 232bf9e19d0>
Mouse: 1606, 412 | UIA: None | EW: PySide6.QtCore.QRect(828, 344, 874, 767)
All rects available:
  0: 2396, 1364, 90x90
  1: 1960, 14, 270x210
  2: 2217, 94, 258x482
  3: 2217, 90, 258x102
  4: 1008, 389, 484x647
  5: 828, 344, 874x767
  6: 0, 64, 1815x1464
  7: 320, 186, 1920x1200
  8: 320, 186, 1920x69
  9: 318, 141, 1924x1247
DEBUG:comtypes._post_coinit.unknwn:Release <POINTER(IUIAutomationElement) ptr=0x23296ea9d30 at 232bf9e19d0>
Mouse: 1608, 408 | UIA: None | EW: PySide6.QtCore.QRect(828, 344, 874, 767)
All rects available:
  0: 2396, 1364, 90x90
  1: 1960, 14, 270x210
  2: 2217, 94, 258x482
  3: 2217, 90, 258x102
  4: 1008, 389, 484x647
  5: 828, 344, 874x767
  6: 0, 64, 1815x1464
  7: 320, 186, 1920x1200
  8: 320, 186, 1920x69
  9: 318, 141, 1924x1247
DEBUG:comtypes._post_coinit.unknwn:Release <POINTER(IUIAutomationElement) ptr=0x23296eaa5a0 at 232bf9e19d0>
Mouse: 1610, 406 | UIA: None | EW: PySide6.QtCore.QRect(828, 344, 874, 767)
All rects available:
  0: 2396, 1364, 90x90
  1: 1960, 14, 270x210
  2: 2217, 94, 258x482
  3: 2217, 90, 258x102
  4: 1008, 389, 484x647
  5: 828, 344, 874x767
  6: 0, 64, 1815x1464
  7: 320, 186, 1920x1200
  8: 320, 186, 1920x69
  9: 318, 141, 1924x1247
DEBUG:comtypes._post_coinit.unknwn:Release <POINTER(IUIAutomationElement) ptr=0x23296eaabd0 at 232bf9e19d0>
Mouse: 1610, 405 | UIA: None | EW: PySide6.QtCore.QRect(828, 344, 874, 767)
All rects available:
  0: 2396, 1364, 90x90
  1: 1960, 14, 270x210
  2: 2217, 94, 258x482
  3: 2217, 90, 258x102
  4: 1008, 389, 484x647
  5: 828, 344, 874x767
  6: 0, 64, 1815x1464
  7: 320, 186, 1920x1200
  8: 320, 186, 1920x69
  9: 318, 141, 1924x1247
DEBUG:comtypes._post_coinit.unknwn:Release <POINTER(IUIAutomationElement) ptr=0x23296eaa990 at 232bf9e19d0>
Mouse: 1611, 404 | UIA: None | EW: PySide6.QtCore.QRect(828, 344, 874, 767)
All rects available:
  0: 2396, 1364, 90x90
  1: 1960, 14, 270x210
  2: 2217, 94, 258x482
  3: 2217, 90, 258x102
  4: 1008, 389, 484x647
  5: 828, 344, 874x767
  6: 0, 64, 1815x1464
  7: 320, 186, 1920x1200
  8: 320, 186, 1920x69
  9: 318, 141, 1924x1247
DEBUG:comtypes._post_coinit.unknwn:Release <POINTER(IUIAutomationElement) ptr=0x23296ea9ca0 at 232bf9e19d0>
Mouse: 1612, 400 | UIA: None | EW: PySide6.QtCore.QRect(828, 344, 874, 767)
All rects available:
  0: 2396, 1364, 90x90
  1: 1960, 14, 270x210
  2: 2217, 94, 258x482
  3: 2217, 90, 258x102
  4: 1008, 389, 484x647
  5: 828, 344, 874x767
  6: 0, 64, 1815x1464
  7: 320, 186, 1920x1200
  8: 320, 186, 1920x69
  9: 318, 141, 1924x1247
DEBUG:comtypes._post_coinit.unknwn:Release <POINTER(IUIAutomationElement) ptr=0x23296ea9ee0 at 232bf9e19d0>
Mouse: 1612, 400 | UIA: None | EW: PySide6.QtCore.QRect(828, 344, 874, 767)
All rects available:
  0: 2396, 1364, 90x90
  1: 1960, 14, 270x210
  2: 2217, 94, 258x482
  3: 2217, 90, 258x102
  4: 1008, 389, 484x647
  5: 828, 344, 874x767
  6: 0, 64, 1815x1464
  7: 320, 186, 1920x1200
  8: 320, 186, 1920x69
  9: 318, 141, 1924x1247
DEBUG:comtypes._post_coinit.unknwn:Release <POINTER(IUIAutomationElement) ptr=0x23296eaaab0 at 232bf9e19d0>
Mouse: 1612, 400 | UIA: None | EW: PySide6.QtCore.QRect(828, 344, 874, 767)
All rects available:
  0: 2396, 1364, 90x90
  1: 1960, 14, 270x210
  2: 2217, 94, 258x482
  3: 2217, 90, 258x102
  4: 1008, 389, 484x647
  5: 828, 344, 874x767
  6: 0, 64, 1815x1464
  7: 320, 186, 1920x1200
  8: 320, 186, 1920x69
  9: 318, 141, 1924x1247
DEBUG:comtypes._post_coinit.unknwn:Release <POINTER(IUIAutomationElement) ptr=0x23296ea9ca0 at 232bf9e19d0>
Mouse: 1612, 399 | UIA: None | EW: PySide6.QtCore.QRect(828, 344, 874, 767)
All rects available:
  0: 2396, 1364, 90x90
  1: 1960, 14, 270x210
  2: 2217, 94, 258x482
  3: 2217, 90, 258x102
  4: 1008, 389, 484x647
  5: 828, 344, 874x767
  6: 0, 64, 1815x1464
  7: 320, 186, 1920x1200
  8: 320, 186, 1920x69
  9: 318, 141, 1924x1247
DEBUG:comtypes._post_coinit.unknwn:Release <POINTER(IUIAutomationElement) ptr=0x23296eaaab0 at 232bf9e19d0>
Mouse: 1612, 398 | UIA: None | EW: PySide6.QtCore.QRect(828, 344, 874, 767)
All rects available:
  0: 2396, 1364, 90x90
  1: 1960, 14, 270x210
  2: 2217, 94, 258x482
  3: 2217, 90, 258x102
  4: 1008, 389, 484x647
  5: 828, 344, 874x767
  6: 0, 64, 1815x1464
  7: 320, 186, 1920x1200
  8: 320, 186, 1920x69
  9: 318, 141, 1924x1247
DEBUG:comtypes._post_coinit.unknwn:Release <POINTER(IUIAutomationElement) ptr=0x23296eaa510 at 232bf9e19d0>
Mouse: 1614, 398 | UIA: None | EW: PySide6.QtCore.QRect(828, 344, 874, 767)
All rects available:
  0: 2396, 1364, 90x90
  1: 1960, 14, 270x210
  2: 2217, 94, 258x482
  3: 2217, 90, 258x102
  4: 1008, 389, 484x647
  5: 828, 344, 874x767
  6: 0, 64, 1815x1464
  7: 320, 186, 1920x1200
  8: 320, 186, 1920x69
  9: 318, 141, 1924x1247
DEBUG:comtypes._post_coinit.unknwn:Release <POINTER(IUIAutomationElement) ptr=0x23296eaa990 at 232bf9e19d0>
Mouse: 1614, 396 | UIA: None | EW: PySide6.QtCore.QRect(828, 344, 874, 767)
All rects available:
  0: 2396, 1364, 90x90
  1: 1960, 14, 270x210
  2: 2217, 94, 258x482
  3: 2217, 90, 258x102
  4: 1008, 389, 484x647
  5: 828, 344, 874x767
  6: 0, 64, 1815x1464
  7: 320, 186, 1920x1200
  8: 320, 186, 1920x69
  9: 318, 141, 1924x1247
DEBUG:comtypes._post_coinit.unknwn:Release <POINTER(IUIAutomationElement) ptr=0x23296eaa6c0 at 232bf9e19d0>
Mouse: 1616, 396 | UIA: None | EW: PySide6.QtCore.QRect(828, 344, 874, 767)
All rects available:
  0: 2396, 1364, 90x90
  1: 1960, 14, 270x210
  2: 2217, 94, 258x482
  3: 2217, 90, 258x102
  4: 1008, 389, 484x647
  5: 828, 344, 874x767
  6: 0, 64, 1815x1464
  7: 320, 186, 1920x1200
  8: 320, 186, 1920x69
  9: 318, 141, 1924x1247
DEBUG:comtypes._post_coinit.unknwn:Release <POINTER(IUIAutomationElement) ptr=0x23296eaa090 at 232bf9e19d0>
Mouse: 1616, 396 | UIA: None | EW: PySide6.QtCore.QRect(828, 344, 874, 767)
All rects available:
  0: 2396, 1364, 90x90
  1: 1960, 14, 270x210
  2: 2217, 94, 258x482
  3: 2217, 90, 258x102
  4: 1008, 389, 484x647
  5: 828, 344, 874x767
  6: 0, 64, 1815x1464
  7: 320, 186, 1920x1200
  8: 320, 186, 1920x69
  9: 318, 141, 1924x1247
DEBUG:comtypes._post_coinit.unknwn:Release <POINTER(IUIAutomationElement) ptr=0x23296ea9f70 at 232bf9e19d0>
Mouse: 1617, 396 | UIA: None | EW: PySide6.QtCore.QRect(828, 344, 874, 767)
All rects available:
  0: 2396, 1364, 90x90
  1: 1960, 14, 270x210
  2: 2217, 94, 258x482
  3: 2217, 90, 258x102
  4: 1008, 389, 484x647
  5: 828, 344, 874x767
  6: 0, 64, 1815x1464
  7: 320, 186, 1920x1200
  8: 320, 186, 1920x69
  9: 318, 141, 1924x1247
DEBUG:comtypes._post_coinit.unknwn:Release <POINTER(IUIAutomationElement) ptr=0x23296eaa900 at 232bf9e19d0>
Mouse: 1617, 394 | UIA: None | EW: PySide6.QtCore.QRect(828, 344, 874, 767)
All rects available:
  0: 2396, 1364, 90x90
  1: 1960, 14, 270x210
  2: 2217, 94, 258x482
  3: 2217, 90, 258x102
  4: 1008, 389, 484x647
  5: 828, 344, 874x767
  6: 0, 64, 1815x1464
  7: 320, 186, 1920x1200
  8: 320, 186, 1920x69
  9: 318, 141, 1924x1247
DEBUG:comtypes._post_coinit.unknwn:Release <POINTER(IUIAutomationElement) ptr=0x23296eaa510 at 232bf9e19d0>
Mouse: 1618, 394 | UIA: None | EW: PySide6.QtCore.QRect(828, 344, 874, 767)
All rects available:
  0: 2396, 1364, 90x90
  1: 1960, 14, 270x210
  2: 2217, 94, 258x482
  3: 2217, 90, 258x102
  4: 1008, 389, 484x647
  5: 828, 344, 874x767
  6: 0, 64, 1815x1464
  7: 320, 186, 1920x1200
  8: 320, 186, 1920x69
  9: 318, 141, 1924x1247
DEBUG:comtypes._post_coinit.unknwn:Release <POINTER(IUIAutomationElement) ptr=0x23296eaa5a0 at 232bf9e19d0>
Mouse: 1618, 394 | UIA: None | EW: PySide6.QtCore.QRect(828, 344, 874, 767)
All rects available:
  0: 2396, 1364, 90x90
  1: 1960, 14, 270x210
  2: 2217, 94, 258x482
  3: 2217, 90, 258x102
  4: 1008, 389, 484x647
  5: 828, 344, 874x767
  6: 0, 64, 1815x1464
  7: 320, 186, 1920x1200
  8: 320, 186, 1920x69
  9: 318, 141, 1924x1247
DEBUG:comtypes._post_coinit.unknwn:Release <POINTER(IUIAutomationElement) ptr=0x23296eaa630 at 232bf9e19d0>
Mouse: 1620, 394 | UIA: None | EW: PySide6.QtCore.QRect(828, 344, 874, 767)
All rects available:
  0: 2396, 1364, 90x90
  1: 1960, 14, 270x210
  2: 2217, 94, 258x482
  3: 2217, 90, 258x102
  4: 1008, 389, 484x647
  5: 828, 344, 874x767
  6: 0, 64, 1815x1464
  7: 320, 186, 1920x1200
  8: 320, 186, 1920x69
  9: 318, 141, 1924x1247
DEBUG:comtypes._post_coinit.unknwn:Release <POINTER(IUIAutomationElement) ptr=0x23296eaa870 at 232bf9e19d0>
Mouse: 1622, 394 | UIA: None | EW: PySide6.QtCore.QRect(828, 344, 874, 767)
All rects available:
  0: 2396, 1364, 90x90
  1: 1960, 14, 270x210
  2: 2217, 94, 258x482
  3: 2217, 90, 258x102
  4: 1008, 389, 484x647
  5: 828, 344, 874x767
  6: 0, 64, 1815x1464
  7: 320, 186, 1920x1200
  8: 320, 186, 1920x69
  9: 318, 141, 1924x1247
DEBUG:comtypes._post_coinit.unknwn:Release <POINTER(IUIAutomationElement) ptr=0x23296eaa870 at 232bf9e19d0>
Mouse: 1622, 394 | UIA: None | EW: PySide6.QtCore.QRect(828, 344, 874, 767)
All rects available:
  0: 2396, 1364, 90x90
  1: 1960, 14, 270x210
  2: 2217, 94, 258x482
  3: 2217, 90, 258x102
  4: 1008, 389, 484x647
  5: 828, 344, 874x767
  6: 0, 64, 1815x1464
  7: 320, 186, 1920x1200
  8: 320, 186, 1920x69
  9: 318, 141, 1924x1247
DEBUG:comtypes._post_coinit.unknwn:Release <POINTER(IUIAutomationElement) ptr=0x23296ea9ca0 at 232bf9e19d0>
Mouse: 1624, 396 | UIA: None | EW: PySide6.QtCore.QRect(828, 344, 874, 767)
All rects available:
  0: 2396, 1364, 90x90
  1: 1960, 14, 270x210
  2: 2217, 94, 258x482
  3: 2217, 90, 258x102
  4: 1008, 389, 484x647
  5: 828, 344, 874x767
  6: 0, 64, 1815x1464
  7: 320, 186, 1920x1200
  8: 320, 186, 1920x69
  9: 318, 141, 1924x1247
DEBUG:comtypes._post_coinit.unknwn:Release <POINTER(IUIAutomationElement) ptr=0x23296eaad80 at 232bf9e19d0>
Mouse: 1624, 398 | UIA: None | EW: PySide6.QtCore.QRect(828, 344, 874, 767)
All rects available:
  0: 2396, 1364, 90x90
  1: 1960, 14, 270x210
  2: 2217, 94, 258x482
  3: 2217, 90, 258x102
  4: 1008, 389, 484x647
  5: 828, 344, 874x767
  6: 0, 64, 1815x1464
  7: 320, 186, 1920x1200
  8: 320, 186, 1920x69
  9: 318, 141, 1924x1247
DEBUG:comtypes._post_coinit.unknwn:Release <POINTER(IUIAutomationElement) ptr=0x23296eaac60 at 232bf9e19d0>
Mouse: 1626, 400 | UIA: None | EW: PySide6.QtCore.QRect(828, 344, 874, 767)
All rects available:
  0: 2396, 1364, 90x90
  1: 1960, 14, 270x210
  2: 2217, 94, 258x482
  3: 2217, 90, 258x102
  4: 1008, 389, 484x647
  5: 828, 344, 874x767
  6: 0, 64, 1815x1464
  7: 320, 186, 1920x1200
  8: 320, 186, 1920x69
  9: 318, 141, 1924x1247
DEBUG:comtypes._post_coinit.unknwn:Release <POINTER(IUIAutomationElement) ptr=0x23296eaa510 at 232bf9e19d0>
Mouse: 1628, 404 | UIA: None | EW: PySide6.QtCore.QRect(828, 344, 874, 767)
All rects available:
  0: 2396, 1364, 90x90
  1: 1960, 14, 270x210
  2: 2217, 94, 258x482
  3: 2217, 90, 258x102
  4: 1008, 389, 484x647
  5: 828, 344, 874x767
  6: 0, 64, 1815x1464
  7: 320, 186, 1920x1200
  8: 320, 186, 1920x69
  9: 318, 141, 1924x1247
DEBUG:comtypes._post_coinit.unknwn:Release <POINTER(IUIAutomationElement) ptr=0x23296eaa870 at 232bf9e19d0>
Mouse: 1630, 406 | UIA: None | EW: PySide6.QtCore.QRect(828, 344, 874, 767)
All rects available:
  0: 2396, 1364, 90x90
  1: 1960, 14, 270x210
  2: 2217, 94, 258x482
  3: 2217, 90, 258x102
  4: 1008, 389, 484x647
  5: 828, 344, 874x767
  6: 0, 64, 1815x1464
  7: 320, 186, 1920x1200
  8: 320, 186, 1920x69
  9: 318, 141, 1924x1247
DEBUG:comtypes._post_coinit.unknwn:Release <POINTER(IUIAutomationElement) ptr=0x23296eaaa20 at 232bf9e19d0>
Mouse: 1634, 410 | UIA: None | EW: PySide6.QtCore.QRect(828, 344, 874, 767)
All rects available:
  0: 2396, 1364, 90x90
  1: 1960, 14, 270x210
  2: 2217, 94, 258x482
  3: 2217, 90, 258x102
  4: 1008, 389, 484x647
  5: 828, 344, 874x767
  6: 0, 64, 1815x1464
  7: 320, 186, 1920x1200
  8: 320, 186, 1920x69
  9: 318, 141, 1924x1247
DEBUG:comtypes._post_coinit.unknwn:Release <POINTER(IUIAutomationElement) ptr=0x23296ea9ee0 at 232bf9e19d0>
Mouse: 1634, 414 | UIA: None | EW: PySide6.QtCore.QRect(828, 344, 874, 767)
All rects available:
  0: 2396, 1364, 90x90
  1: 1960, 14, 270x210
  2: 2217, 94, 258x482
  3: 2217, 90, 258x102
  4: 1008, 389, 484x647
  5: 828, 344, 874x767
  6: 0, 64, 1815x1464
  7: 320, 186, 1920x1200
  8: 320, 186, 1920x69
  9: 318, 141, 1924x1247
DEBUG:comtypes._post_coinit.unknwn:Release <POINTER(IUIAutomationElement) ptr=0x23296eaaf30 at 232bf9e19d0>
Mouse: 1640, 422 | UIA: None | EW: PySide6.QtCore.QRect(828, 344, 874, 767)
All rects available:
  0: 2396, 1364, 90x90
  1: 1960, 14, 270x210
  2: 2217, 94, 258x482
  3: 2217, 90, 258x102
  4: 1008, 389, 484x647
  5: 828, 344, 874x767
  6: 0, 64, 1815x1464
  7: 320, 186, 1920x1200
  8: 320, 186, 1920x69
  9: 318, 141, 1924x1247
DEBUG:comtypes._post_coinit.unknwn:Release <POINTER(IUIAutomationElement) ptr=0x23296eaaab0 at 232bf9e19d0>
Mouse: 1642, 430 | UIA: None | EW: PySide6.QtCore.QRect(828, 344, 874, 767)
All rects available:
  0: 2396, 1364, 90x90
  1: 1960, 14, 270x210
  2: 2217, 94, 258x482
  3: 2217, 90, 258x102
  4: 1008, 389, 484x647
  5: 828, 344, 874x767
  6: 0, 64, 1815x1464
  7: 320, 186, 1920x1200
  8: 320, 186, 1920x69
  9: 318, 141, 1924x1247
DEBUG:comtypes._post_coinit.unknwn:Release <POINTER(IUIAutomationElement) ptr=0x23296eaab40 at 232bf9e19d0>
Mouse: 1652, 442 | UIA: None | EW: PySide6.QtCore.QRect(828, 344, 874, 767)
All rects available:
  0: 2396, 1364, 90x90
  1: 1960, 14, 270x210
  2: 2217, 94, 258x482
  3: 2217, 90, 258x102
  4: 1008, 389, 484x647
  5: 828, 344, 874x767
  6: 0, 64, 1815x1464
  7: 320, 186, 1920x1200
  8: 320, 186, 1920x69
  9: 318, 141, 1924x1247
DEBUG:comtypes._post_coinit.unknwn:Release <POINTER(IUIAutomationElement) ptr=0x23296eaa5a0 at 232bf9e19d0>
Mouse: 1658, 452 | UIA: None | EW: PySide6.QtCore.QRect(828, 344, 874, 767)
All rects available:
  0: 2396, 1364, 90x90
  1: 1960, 14, 270x210
  2: 2217, 94, 258x482
  3: 2217, 90, 258x102
  4: 1008, 389, 484x647
  5: 828, 344, 874x767
  6: 0, 64, 1815x1464
  7: 320, 186, 1920x1200
  8: 320, 186, 1920x69
  9: 318, 141, 1924x1247
DEBUG:comtypes._post_coinit.unknwn:Release <POINTER(IUIAutomationElement) ptr=0x23296eaac60 at 232bf9e19d0>
Mouse: 1660, 458 | UIA: None | EW: PySide6.QtCore.QRect(828, 344, 874, 767)
All rects available:
  0: 2396, 1364, 90x90
  1: 1960, 14, 270x210
  2: 2217, 94, 258x482
  3: 2217, 90, 258x102
  4: 1008, 389, 484x647
  5: 828, 344, 874x767
  6: 0, 64, 1815x1464
  7: 320, 186, 1920x1200
  8: 320, 186, 1920x69
  9: 318, 141, 1924x1247
DEBUG:comtypes._post_coinit.unknwn:Release <POINTER(IUIAutomationElement) ptr=0x23296eaa2d0 at 232bf9e19d0>
Mouse: 1666, 470 | UIA: None | EW: PySide6.QtCore.QRect(828, 344, 874, 767)
All rects available:
  0: 2396, 1364, 90x90
  1: 1960, 14, 270x210
  2: 2217, 94, 258x482
  3: 2217, 90, 258x102
  4: 1008, 389, 484x647
  5: 828, 344, 874x767
  6: 0, 64, 1815x1464
  7: 320, 186, 1920x1200
  8: 320, 186, 1920x69
  9: 318, 141, 1924x1247
DEBUG:comtypes._post_coinit.unknwn:Release <POINTER(IUIAutomationElement) ptr=0x23296eaa1b0 at 232bf9e19d0>
Mouse: 1672, 478 | UIA: None | EW: PySide6.QtCore.QRect(828, 344, 874, 767)
All rects available:
  0: 2396, 1364, 90x90
  1: 1960, 14, 270x210
  2: 2217, 94, 258x482
  3: 2217, 90, 258x102
  4: 1008, 389, 484x647
  5: 828, 344, 874x767
  6: 0, 64, 1815x1464
  7: 320, 186, 1920x1200
  8: 320, 186, 1920x69
  9: 318, 141, 1924x1247
DEBUG:comtypes._post_coinit.unknwn:Release <POINTER(IUIAutomationElement) ptr=0x23296eaa870 at 232bf9e19d0>
Mouse: 1676, 488 | UIA: None | EW: PySide6.QtCore.QRect(828, 344, 874, 767)
All rects available:
  0: 2396, 1364, 90x90
  1: 1960, 14, 270x210
  2: 2217, 94, 258x482
  3: 2217, 90, 258x102
  4: 1008, 389, 484x647
  5: 828, 344, 874x767
  6: 0, 64, 1815x1464
  7: 320, 186, 1920x1200
  8: 320, 186, 1920x69
  9: 318, 141, 1924x1247
DEBUG:comtypes._post_coinit.unknwn:Release <POINTER(IUIAutomationElement) ptr=0x23296eaa6c0 at 232bf9e19d0>
Mouse: 1678, 498 | UIA: None | EW: PySide6.QtCore.QRect(828, 344, 874, 767)
All rects available:
  0: 2396, 1364, 90x90
  1: 1960, 14, 270x210
  2: 2217, 94, 258x482
  3: 2217, 90, 258x102
  4: 1008, 389, 484x647
  5: 828, 344, 874x767
  6: 0, 64, 1815x1464
  7: 320, 186, 1920x1200
  8: 320, 186, 1920x69
  9: 318, 141, 1924x1247
DEBUG:comtypes._post_coinit.unknwn:Release <POINTER(IUIAutomationElement) ptr=0x23296eaa1b0 at 232bf9e19d0>
Mouse: 1682, 508 | UIA: None | EW: PySide6.QtCore.QRect(828, 344, 874, 767)
All rects available:
  0: 2396, 1364, 90x90
  1: 1960, 14, 270x210
  2: 2217, 94, 258x482
  3: 2217, 90, 258x102
  4: 1008, 389, 484x647
  5: 828, 344, 874x767
  6: 0, 64, 1815x1464
  7: 320, 186, 1920x1200
  8: 320, 186, 1920x69
  9: 318, 141, 1924x1247
DEBUG:comtypes._post_coinit.unknwn:Release <POINTER(IUIAutomationElement) ptr=0x23296eaabd0 at 232bf9e19d0>
Mouse: 1682, 522 | UIA: None | EW: PySide6.QtCore.QRect(828, 344, 874, 767)
All rects available:
  0: 2396, 1364, 90x90
  1: 1960, 14, 270x210
  2: 2217, 94, 258x482
  3: 2217, 90, 258x102
  4: 1008, 389, 484x647
  5: 828, 344, 874x767
  6: 0, 64, 1815x1464
  7: 320, 186, 1920x1200
  8: 320, 186, 1920x69
  9: 318, 141, 1924x1247
DEBUG:comtypes._post_coinit.unknwn:Release <POINTER(IUIAutomationElement) ptr=0x23296eaa360 at 232bf9e19d0>
Mouse: 1684, 536 | UIA: None | EW: PySide6.QtCore.QRect(828, 344, 874, 767)
All rects available:
  0: 2396, 1364, 90x90
  1: 1960, 14, 270x210
  2: 2217, 94, 258x482
  3: 2217, 90, 258x102
  4: 1008, 389, 484x647
  5: 828, 344, 874x767
  6: 0, 64, 1815x1464
  7: 320, 186, 1920x1200
  8: 320, 186, 1920x69
  9: 318, 141, 1924x1247
DEBUG:comtypes._post_coinit.unknwn:Release <POINTER(IUIAutomationElement) ptr=0x23296ea9f70 at 232bf9e19d0>
Mouse: 1684, 542 | UIA: None | EW: PySide6.QtCore.QRect(828, 344, 874, 767)
All rects available:
  0: 2396, 1364, 90x90
  1: 1960, 14, 270x210
  2: 2217, 94, 258x482
  3: 2217, 90, 258x102
  4: 1008, 389, 484x647
  5: 828, 344, 874x767
  6: 0, 64, 1815x1464
  7: 320, 186, 1920x1200
  8: 320, 186, 1920x69
  9: 318, 141, 1924x1247
DEBUG:comtypes._post_coinit.unknwn:Release <POINTER(IUIAutomationElement) ptr=0x23296eaa000 at 232bf9e19d0>
Mouse: 1684, 554 | UIA: None | EW: PySide6.QtCore.QRect(828, 344, 874, 767)
All rects available:
  0: 2396, 1364, 90x90
  1: 1960, 14, 270x210
  2: 2217, 94, 258x482
  3: 2217, 90, 258x102
  4: 1008, 389, 484x647
  5: 828, 344, 874x767
  6: 0, 64, 1815x1464
  7: 320, 186, 1920x1200
  8: 320, 186, 1920x69
  9: 318, 141, 1924x1247
DEBUG:comtypes._post_coinit.unknwn:Release <POINTER(IUIAutomationElement) ptr=0x23296eaa750 at 232bf9e19d0>
Mouse: 1684, 570 | UIA: None | EW: PySide6.QtCore.QRect(828, 344, 874, 767)
All rects available:
  0: 2396, 1364, 90x90
  1: 1960, 14, 270x210
  2: 2217, 94, 258x482
  3: 2217, 90, 258x102
  4: 1008, 389, 484x647
  5: 828, 344, 874x767
  6: 0, 64, 1815x1464
  7: 320, 186, 1920x1200
  8: 320, 186, 1920x69
  9: 318, 141, 1924x1247
DEBUG:comtypes._post_coinit.unknwn:Release <POINTER(IUIAutomationElement) ptr=0x23296eaa2d0 at 232bf9e19d0>
Mouse: 1683, 590 | UIA: None | EW: PySide6.QtCore.QRect(828, 344, 874, 767)
All rects available:
  0: 2396, 1364, 90x90
  1: 1960, 14, 270x210
  2: 2217, 94, 258x482
  3: 2217, 90, 258x102
  4: 1008, 389, 484x647
  5: 828, 344, 874x767
  6: 0, 64, 1815x1464
  7: 320, 186, 1920x1200
  8: 320, 186, 1920x69
  9: 318, 141, 1924x1247
DEBUG:comtypes._post_coinit.unknwn:Release <POINTER(IUIAutomationElement) ptr=0x23296eaacf0 at 232bf9e19d0>
Mouse: 1682, 598 | UIA: None | EW: PySide6.QtCore.QRect(828, 344, 874, 767)
All rects available:
  0: 2396, 1364, 90x90
  1: 1960, 14, 270x210
  2: 2217, 94, 258x482
  3: 2217, 90, 258x102
  4: 1008, 389, 484x647
  5: 828, 344, 874x767
  6: 0, 64, 1815x1464
  7: 320, 186, 1920x1200
  8: 320, 186, 1920x69
  9: 318, 141, 1924x1247
DEBUG:comtypes._post_coinit.unknwn:Release <POINTER(IUIAutomationElement) ptr=0x23296eaaf30 at 232bf9e19d0>
Mouse: 1678, 620 | UIA: None | EW: PySide6.QtCore.QRect(828, 344, 874, 767)
All rects available:
  0: 2396, 1364, 90x90
  1: 1960, 14, 270x210
  2: 2217, 94, 258x482
  3: 2217, 90, 258x102
  4: 1008, 389, 484x647
  5: 828, 344, 874x767
  6: 0, 64, 1815x1464
  7: 320, 186, 1920x1200
  8: 320, 186, 1920x69
  9: 318, 141, 1924x1247
DEBUG:comtypes._post_coinit.unknwn:Release <POINTER(IUIAutomationElement) ptr=0x23296eaaf30 at 232bf9e19d0>
Mouse: 1672, 642 | UIA: None | EW: PySide6.QtCore.QRect(828, 344, 874, 767)
All rects available:
  0: 2396, 1364, 90x90
  1: 1960, 14, 270x210
  2: 2217, 94, 258x482
  3: 2217, 90, 258x102
  4: 1008, 389, 484x647
  5: 828, 344, 874x767
  6: 0, 64, 1815x1464
  7: 320, 186, 1920x1200
  8: 320, 186, 1920x69
  9: 318, 141, 1924x1247
DEBUG:comtypes._post_coinit.unknwn:Release <POINTER(IUIAutomationElement) ptr=0x23296eaa5a0 at 232bf9e19d0>
Mouse: 1668, 668 | UIA: None | EW: PySide6.QtCore.QRect(828, 344, 874, 767)
All rects available:
  0: 2396, 1364, 90x90
  1: 1960, 14, 270x210
  2: 2217, 94, 258x482
  3: 2217, 90, 258x102
  4: 1008, 389, 484x647
  5: 828, 344, 874x767
  6: 0, 64, 1815x1464
  7: 320, 186, 1920x1200
  8: 320, 186, 1920x69
  9: 318, 141, 1924x1247
DEBUG:comtypes._post_coinit.unknwn:Release <POINTER(IUIAutomationElement) ptr=0x23296eaa1b0 at 232bf9e19d0>
Mouse: 1665, 680 | UIA: None | EW: PySide6.QtCore.QRect(828, 344, 874, 767)
All rects available:
  0: 2396, 1364, 90x90
  1: 1960, 14, 270x210
  2: 2217, 94, 258x482
  3: 2217, 90, 258x102
  4: 1008, 389, 484x647
  5: 828, 344, 874x767
  6: 0, 64, 1815x1464
  7: 320, 186, 1920x1200
  8: 320, 186, 1920x69
  9: 318, 141, 1924x1247
DEBUG:comtypes._post_coinit.unknwn:Release <POINTER(IUIAutomationElement) ptr=0x23296ea9d30 at 232bf9e19d0>
Mouse: 1659, 706 | UIA: None | EW: PySide6.QtCore.QRect(828, 344, 874, 767)
All rects available:
  0: 2396, 1364, 90x90
  1: 1960, 14, 270x210
  2: 2217, 94, 258x482
  3: 2217, 90, 258x102
  4: 1008, 389, 484x647
  5: 828, 344, 874x767
  6: 0, 64, 1815x1464
  7: 320, 186, 1920x1200
  8: 320, 186, 1920x69
  9: 318, 141, 1924x1247
DEBUG:comtypes._post_coinit.unknwn:Release <POINTER(IUIAutomationElement) ptr=0x23296eaaa20 at 232bf9e19d0>
Mouse: 1652, 729 | UIA: None | EW: PySide6.QtCore.QRect(828, 344, 874, 767)
All rects available:
  0: 2396, 1364, 90x90
  1: 1960, 14, 270x210
  2: 2217, 94, 258x482
  3: 2217, 90, 258x102
  4: 1008, 389, 484x647
  5: 828, 344, 874x767
  6: 0, 64, 1815x1464
  7: 320, 186, 1920x1200
  8: 320, 186, 1920x69
  9: 318, 141, 1924x1247
DEBUG:comtypes._post_coinit.unknwn:Release <POINTER(IUIAutomationElement) ptr=0x23296eaaa20 at 232bf9e19d0>
Mouse: 1646, 748 | UIA: None | EW: PySide6.QtCore.QRect(828, 344, 874, 767)
All rects available:
  0: 2396, 1364, 90x90
  1: 1960, 14, 270x210
  2: 2217, 94, 258x482
  3: 2217, 90, 258x102
  4: 1008, 389, 484x647
  5: 828, 344, 874x767
  6: 0, 64, 1815x1464
  7: 320, 186, 1920x1200
  8: 320, 186, 1920x69
  9: 318, 141, 1924x1247
DEBUG:comtypes._post_coinit.unknwn:Release <POINTER(IUIAutomationElement) ptr=0x23296eaa120 at 232bf9e19d0>
Mouse: 1640, 759 | UIA: None | EW: PySide6.QtCore.QRect(828, 344, 874, 767)
All rects available:
  0: 2396, 1364, 90x90
  1: 1960, 14, 270x210
  2: 2217, 94, 258x482
  3: 2217, 90, 258x102
  4: 1008, 389, 484x647
  5: 828, 344, 874x767
  6: 0, 64, 1815x1464
  7: 320, 186, 1920x1200
  8: 320, 186, 1920x69
  9: 318, 141, 1924x1247
DEBUG:comtypes._post_coinit.unknwn:Release <POINTER(IUIAutomationElement) ptr=0x23296eaa7e0 at 232bf9e19d0>
Mouse: 1634, 772 | UIA: None | EW: PySide6.QtCore.QRect(828, 344, 874, 767)
All rects available:
  0: 2396, 1364, 90x90
  1: 1960, 14, 270x210
  2: 2217, 94, 258x482
  3: 2217, 90, 258x102
  4: 1008, 389, 484x647
  5: 828, 344, 874x767
  6: 0, 64, 1815x1464
  7: 320, 186, 1920x1200
  8: 320, 186, 1920x69
  9: 318, 141, 1924x1247
DEBUG:comtypes._post_coinit.unknwn:Release <POINTER(IUIAutomationElement) ptr=0x23296eaa6c0 at 232bf9e19d0>
Mouse: 1628, 784 | UIA: None | EW: PySide6.QtCore.QRect(828, 344, 874, 767)
All rects available:
  0: 2396, 1364, 90x90
  1: 1960, 14, 270x210
  2: 2217, 94, 258x482
  3: 2217, 90, 258x102
  4: 1008, 389, 484x647
  5: 828, 344, 874x767
  6: 0, 64, 1815x1464
  7: 320, 186, 1920x1200
  8: 320, 186, 1920x69
  9: 318, 141, 1924x1247
DEBUG:comtypes._post_coinit.unknwn:Release <POINTER(IUIAutomationElement) ptr=0x23296eaaa20 at 232bf9e19d0>
Mouse: 1618, 796 | UIA: None | EW: PySide6.QtCore.QRect(828, 344, 874, 767)
All rects available:
  0: 2396, 1364, 90x90
  1: 1960, 14, 270x210
  2: 2217, 94, 258x482
  3: 2217, 90, 258x102
  4: 1008, 389, 484x647
  5: 828, 344, 874x767
  6: 0, 64, 1815x1464
  7: 320, 186, 1920x1200
  8: 320, 186, 1920x69
  9: 318, 141, 1924x1247
DEBUG:comtypes._post_coinit.unknwn:Release <POINTER(IUIAutomationElement) ptr=0x23296eaa090 at 232bf9e19d0>
Mouse: 1616, 800 | UIA: None | EW: PySide6.QtCore.QRect(828, 344, 874, 767)
All rects available:
  0: 2396, 1364, 90x90
  1: 1960, 14, 270x210
  2: 2217, 94, 258x482
  3: 2217, 90, 258x102
  4: 1008, 389, 484x647
  5: 828, 344, 874x767
  6: 0, 64, 1815x1464
  7: 320, 186, 1920x1200
  8: 320, 186, 1920x69
  9: 318, 141, 1924x1247
DEBUG:comtypes._post_coinit.unknwn:Release <POINTER(IUIAutomationElement) ptr=0x23296eaab40 at 232bf9e19d0>
Mouse: 1606, 804 | UIA: None | EW: PySide6.QtCore.QRect(828, 344, 874, 767)
All rects available:
  0: 2396, 1364, 90x90
  1: 1960, 14, 270x210
  2: 2217, 94, 258x482
  3: 2217, 90, 258x102
  4: 1008, 389, 484x647
  5: 828, 344, 874x767
  6: 0, 64, 1815x1464
  7: 320, 186, 1920x1200
  8: 320, 186, 1920x69
  9: 318, 141, 1924x1247
DEBUG:comtypes._post_coinit.unknwn:Release <POINTER(IUIAutomationElement) ptr=0x23296eaa120 at 232bf9e19d0>
Mouse: 1590, 810 | UIA: None | EW: PySide6.QtCore.QRect(828, 344, 874, 767)
All rects available:
  0: 2396, 1364, 90x90
  1: 1960, 14, 270x210
  2: 2217, 94, 258x482
  3: 2217, 90, 258x102
  4: 1008, 389, 484x647
  5: 828, 344, 874x767
  6: 0, 64, 1815x1464
  7: 320, 186, 1920x1200
  8: 320, 186, 1920x69
  9: 318, 141, 1924x1247
DEBUG:comtypes._post_coinit.unknwn:Release <POINTER(IUIAutomationElement) ptr=0x23296eaab40 at 232bf9e19d0>
Mouse: 1574, 813 | UIA: None | EW: PySide6.QtCore.QRect(828, 344, 874, 767)
All rects available:
  0: 2396, 1364, 90x90
  1: 1960, 14, 270x210
  2: 2217, 94, 258x482
  3: 2217, 90, 258x102
  4: 1008, 389, 484x647
  5: 828, 344, 874x767
  6: 0, 64, 1815x1464
  7: 320, 186, 1920x1200
  8: 320, 186, 1920x69
  9: 318, 141, 1924x1247
DEBUG:comtypes._post_coinit.unknwn:Release <POINTER(IUIAutomationElement) ptr=0x23296eaa630 at 232bf9e19d0>
Mouse: 1564, 813 | UIA: None | EW: PySide6.QtCore.QRect(828, 344, 874, 767)
All rects available:
  0: 2396, 1364, 90x90
  1: 1960, 14, 270x210
  2: 2217, 94, 258x482
  3: 2217, 90, 258x102
  4: 1008, 389, 484x647
  5: 828, 344, 874x767
  6: 0, 64, 1815x1464
  7: 320, 186, 1920x1200
  8: 320, 186, 1920x69
  9: 318, 141, 1924x1247
DEBUG:comtypes._post_coinit.unknwn:Release <POINTER(IUIAutomationElement) ptr=0x23296ea9d30 at 232bf9e19d0>
Mouse: 1539, 810 | UIA: None | EW: PySide6.QtCore.QRect(828, 344, 874, 767)
All rects available:
  0: 2396, 1364, 90x90
  1: 1960, 14, 270x210
  2: 2217, 94, 258x482
  3: 2217, 90, 258x102
  4: 1008, 389, 484x647
  5: 828, 344, 874x767
  6: 0, 64, 1815x1464
  7: 320, 186, 1920x1200
  8: 320, 186, 1920x69
  9: 318, 141, 1924x1247
DEBUG:comtypes._post_coinit.unknwn:Release <POINTER(IUIAutomationElement) ptr=0x23296eaa990 at 232bf9e19d0>
Mouse: 1504, 804 | UIA: None | EW: PySide6.QtCore.QRect(828, 344, 874, 767)
All rects available:
  0: 2396, 1364, 90x90
  1: 1960, 14, 270x210
  2: 2217, 94, 258x482
  3: 2217, 90, 258x102
  4: 1008, 389, 484x647
  5: 828, 344, 874x767
  6: 0, 64, 1815x1464
  7: 320, 186, 1920x1200
  8: 320, 186, 1920x69
  9: 318, 141, 1924x1247
DEBUG:comtypes._post_coinit.unknwn:Release <POINTER(IUIAutomationElement) ptr=0x23296eaa990 at 232bf9e19d0>
Mouse: 1488, 800 | UIA: None | EW: PySide6.QtCore.QRect(1008, 389, 484, 647)
All rects available:
  0: 2396, 1364, 90x90
  1: 1960, 14, 270x210
  2: 2217, 94, 258x482
  3: 2217, 90, 258x102
  4: 1008, 389, 484x647
  5: 828, 344, 874x767
  6: 0, 64, 1815x1464
  7: 320, 186, 1920x1200
  8: 320, 186, 1920x69
  9: 318, 141, 1924x1247
DEBUG:comtypes._post_coinit.unknwn:Release <POINTER(IUIAutomationElement) ptr=0x23296eaa120 at 232bf9e19d0>
Mouse: 1455, 786 | UIA: None | EW: PySide6.QtCore.QRect(1008, 389, 484, 647)
All rects available:
  0: 2396, 1364, 90x90
  1: 1960, 14, 270x210
  2: 2217, 94, 258x482
  3: 2217, 90, 258x102
  4: 1008, 389, 484x647
  5: 828, 344, 874x767
  6: 0, 64, 1815x1464
  7: 320, 186, 1920x1200
  8: 320, 186, 1920x69
  9: 318, 141, 1924x1247
DEBUG:comtypes._post_coinit.unknwn:Release <POINTER(IUIAutomationElement) ptr=0x23296eaacf0 at 232bf9e19d0>
Mouse: 1424, 770 | UIA: None | EW: PySide6.QtCore.QRect(1008, 389, 484, 647)
All rects available:
  0: 2396, 1364, 90x90
  1: 1960, 14, 270x210
  2: 2217, 94, 258x482
  3: 2217, 90, 258x102
  4: 1008, 389, 484x647
  5: 828, 344, 874x767
  6: 0, 64, 1815x1464
  7: 320, 186, 1920x1200
  8: 320, 186, 1920x69
  9: 318, 141, 1924x1247
DEBUG:comtypes._post_coinit.unknwn:Release <POINTER(IUIAutomationElement) ptr=0x23296eaa900 at 232bf9e19d0>
Mouse: 1407, 759 | UIA: None | EW: PySide6.QtCore.QRect(1008, 389, 484, 647)
All rects available:
  0: 2396, 1364, 90x90
  1: 1960, 14, 270x210
  2: 2217, 94, 258x482
  3: 2217, 90, 258x102
  4: 1008, 389, 484x647
  5: 828, 344, 874x767
  6: 0, 64, 1815x1464
  7: 320, 186, 1920x1200
  8: 320, 186, 1920x69
  9: 318, 141, 1924x1247
DEBUG:comtypes._post_coinit.unknwn:Release <POINTER(IUIAutomationElement) ptr=0x23296eaa090 at 232bf9e19d0>
Mouse: 1378, 740 | UIA: None | EW: PySide6.QtCore.QRect(1008, 389, 484, 647)
All rects available:
  0: 2396, 1364, 90x90
  1: 1960, 14, 270x210
  2: 2217, 94, 258x482
  3: 2217, 90, 258x102
  4: 1008, 389, 484x647
  5: 828, 344, 874x767
  6: 0, 64, 1815x1464
  7: 320, 186, 1920x1200
  8: 320, 186, 1920x69
  9: 318, 141, 1924x1247
DEBUG:comtypes._post_coinit.unknwn:Release <POINTER(IUIAutomationElement) ptr=0x23296eaa5a0 at 232bf9e19d0>
Mouse: 1354, 720 | UIA: None | EW: PySide6.QtCore.QRect(1008, 389, 484, 647)
All rects available:
  0: 2396, 1364, 90x90
  1: 1960, 14, 270x210
  2: 2217, 94, 258x482
  3: 2217, 90, 258x102
  4: 1008, 389, 484x647
  5: 828, 344, 874x767
  6: 0, 64, 1815x1464
  7: 320, 186, 1920x1200
  8: 320, 186, 1920x69
  9: 318, 141, 1924x1247
DEBUG:comtypes._post_coinit.unknwn:Release <POINTER(IUIAutomationElement) ptr=0x23296eaa2d0 at 232bf9e19d0>
Mouse: 1344, 711 | UIA: None | EW: PySide6.QtCore.QRect(1008, 389, 484, 647)
All rects available:
  0: 2396, 1364, 90x90
  1: 1960, 14, 270x210
  2: 2217, 94, 258x482
  3: 2217, 90, 258x102
  4: 1008, 389, 484x647
  5: 828, 344, 874x767
  6: 0, 64, 1815x1464
  7: 320, 186, 1920x1200
  8: 320, 186, 1920x69
  9: 318, 141, 1924x1247
DEBUG:comtypes._post_coinit.unknwn:Release <POINTER(IUIAutomationElement) ptr=0x23296eaa5a0 at 232bf9e19d0>
Mouse: 1330, 692 | UIA: None | EW: PySide6.QtCore.QRect(1008, 389, 484, 647)
All rects available:
  0: 2396, 1364, 90x90
  1: 1960, 14, 270x210
  2: 2217, 94, 258x482
  3: 2217, 90, 258x102
  4: 1008, 389, 484x647
  5: 828, 344, 874x767
  6: 0, 64, 1815x1464
  7: 320, 186, 1920x1200
  8: 320, 186, 1920x69
  9: 318, 141, 1924x1247
DEBUG:comtypes._post_coinit.unknwn:Release <POINTER(IUIAutomationElement) ptr=0x23296eaad80 at 232bf9e19d0>
Mouse: 1316, 674 | UIA: None | EW: PySide6.QtCore.QRect(1008, 389, 484, 647)
All rects available:
  0: 2396, 1364, 90x90
  1: 1960, 14, 270x210
  2: 2217, 94, 258x482
  3: 2217, 90, 258x102
  4: 1008, 389, 484x647
  5: 828, 344, 874x767
  6: 0, 64, 1815x1464
  7: 320, 186, 1920x1200
  8: 320, 186, 1920x69
  9: 318, 141, 1924x1247
DEBUG:comtypes._post_coinit.unknwn:Release <POINTER(IUIAutomationElement) ptr=0x23296eaad80 at 232bf9e19d0>
Mouse: 1306, 656 | UIA: None | EW: PySide6.QtCore.QRect(1008, 389, 484, 647)
All rects available:
  0: 2396, 1364, 90x90
  1: 1960, 14, 270x210
  2: 2217, 94, 258x482
  3: 2217, 90, 258x102
  4: 1008, 389, 484x647
  5: 828, 344, 874x767
  6: 0, 64, 1815x1464
  7: 320, 186, 1920x1200
  8: 320, 186, 1920x69
  9: 318, 141, 1924x1247
DEBUG:comtypes._post_coinit.unknwn:Release <POINTER(IUIAutomationElement) ptr=0x23296eaa900 at 232bf9e19d0>
Mouse: 1302, 646 | UIA: None | EW: PySide6.QtCore.QRect(1008, 389, 484, 647)
All rects available:
  0: 2396, 1364, 90x90
  1: 1960, 14, 270x210
  2: 2217, 94, 258x482
  3: 2217, 90, 258x102
  4: 1008, 389, 484x647
  5: 828, 344, 874x767
  6: 0, 64, 1815x1464
  7: 320, 186, 1920x1200
  8: 320, 186, 1920x69
  9: 318, 141, 1924x1247
DEBUG:comtypes._post_coinit.unknwn:Release <POINTER(IUIAutomationElement) ptr=0x23296ea9dc0 at 232bf9e19d0>
Mouse: 1294, 630 | UIA: None | EW: PySide6.QtCore.QRect(1008, 389, 484, 647)
All rects available:
  0: 2396, 1364, 90x90
  1: 1960, 14, 270x210
  2: 2217, 94, 258x482
  3: 2217, 90, 258x102
  4: 1008, 389, 484x647
  5: 828, 344, 874x767
  6: 0, 64, 1815x1464
  7: 320, 186, 1920x1200
  8: 320, 186, 1920x69
  9: 318, 141, 1924x1247
DEBUG:comtypes._post_coinit.unknwn:Release <POINTER(IUIAutomationElement) ptr=0x23296eaa900 at 232bf9e19d0>
Mouse: 1288, 616 | UIA: None | EW: PySide6.QtCore.QRect(1008, 389, 484, 647)
All rects available:
  0: 2396, 1364, 90x90
  1: 1960, 14, 270x210
  2: 2217, 94, 258x482
  3: 2217, 90, 258x102
  4: 1008, 389, 484x647
  5: 828, 344, 874x767
  6: 0, 64, 1815x1464
  7: 320, 186, 1920x1200
  8: 320, 186, 1920x69
  9: 318, 141, 1924x1247
DEBUG:comtypes._post_coinit.unknwn:Release <POINTER(IUIAutomationElement) ptr=0x23296ea9dc0 at 232bf9e19d0>
Mouse: 1284, 603 | UIA: None | EW: PySide6.QtCore.QRect(1008, 389, 484, 647)
All rects available:
  0: 2396, 1364, 90x90
  1: 1960, 14, 270x210
  2: 2217, 94, 258x482
  3: 2217, 90, 258x102
  4: 1008, 389, 484x647
  5: 828, 344, 874x767
  6: 0, 64, 1815x1464
  7: 320, 186, 1920x1200
  8: 320, 186, 1920x69
  9: 318, 141, 1924x1247
DEBUG:comtypes._post_coinit.unknwn:Release <POINTER(IUIAutomationElement) ptr=0x23296eaa1b0 at 232bf9e19d0>
Mouse: 1282, 596 | UIA: None | EW: PySide6.QtCore.QRect(1008, 389, 484, 647)
All rects available:
  0: 2396, 1364, 90x90
  1: 1960, 14, 270x210
  2: 2217, 94, 258x482
  3: 2217, 90, 258x102
  4: 1008, 389, 484x647
  5: 828, 344, 874x767
  6: 0, 64, 1815x1464
  7: 320, 186, 1920x1200
  8: 320, 186, 1920x69
  9: 318, 141, 1924x1247
DEBUG:comtypes._post_coinit.unknwn:Release <POINTER(IUIAutomationElement) ptr=0x23296eaa360 at 232bf9e19d0>
Mouse: 1280, 586 | UIA: None | EW: PySide6.QtCore.QRect(1008, 389, 484, 647)
All rects available:
  0: 2396, 1364, 90x90
  1: 1960, 14, 270x210
  2: 2217, 94, 258x482
  3: 2217, 90, 258x102
  4: 1008, 389, 484x647
  5: 828, 344, 874x767
  6: 0, 64, 1815x1464
  7: 320, 186, 1920x1200
  8: 320, 186, 1920x69
  9: 318, 141, 1924x1247
DEBUG:comtypes._post_coinit.unknwn:Release <POINTER(IUIAutomationElement) ptr=0x23296eaab40 at 232bf9e19d0>
Mouse: 1280, 582 | UIA: None | EW: PySide6.QtCore.QRect(1008, 389, 484, 647)
All rects available:
  0: 2396, 1364, 90x90
  1: 1960, 14, 270x210
  2: 2217, 94, 258x482
  3: 2217, 90, 258x102
  4: 1008, 389, 484x647
  5: 828, 344, 874x767
  6: 0, 64, 1815x1464
  7: 320, 186, 1920x1200
  8: 320, 186, 1920x69
  9: 318, 141, 1924x1247
DEBUG:comtypes._post_coinit.unknwn:Release <POINTER(IUIAutomationElement) ptr=0x23296eaa090 at 232bf9e19d0>
Mouse: 1278, 578 | UIA: None | EW: PySide6.QtCore.QRect(1008, 389, 484, 647)
All rects available:
  0: 2396, 1364, 90x90
  1: 1960, 14, 270x210
  2: 2217, 94, 258x482
  3: 2217, 90, 258x102
  4: 1008, 389, 484x647
  5: 828, 344, 874x767
  6: 0, 64, 1815x1464
  7: 320, 186, 1920x1200
  8: 320, 186, 1920x69
  9: 318, 141, 1924x1247
DEBUG:comtypes._post_coinit.unknwn:Release <POINTER(IUIAutomationElement) ptr=0x23296eaa750 at 232bf9e19d0>
Mouse: 1278, 573 | UIA: None | EW: PySide6.QtCore.QRect(1008, 389, 484, 647)
All rects available:
  0: 2396, 1364, 90x90
  1: 1960, 14, 270x210
  2: 2217, 94, 258x482
  3: 2217, 90, 258x102
  4: 1008, 389, 484x647
  5: 828, 344, 874x767
  6: 0, 64, 1815x1464
  7: 320, 186, 1920x1200
  8: 320, 186, 1920x69
  9: 318, 141, 1924x1247
DEBUG:comtypes._post_coinit.unknwn:Release <POINTER(IUIAutomationElement) ptr=0x23296eaa870 at 232bf9e19d0>
Mouse: 1278, 568 | UIA: None | EW: PySide6.QtCore.QRect(1008, 389, 484, 647)
All rects available:
  0: 2396, 1364, 90x90
  1: 1960, 14, 270x210
  2: 2217, 94, 258x482
  3: 2217, 90, 258x102
  4: 1008, 389, 484x647
  5: 828, 344, 874x767
  6: 0, 64, 1815x1464
  7: 320, 186, 1920x1200
  8: 320, 186, 1920x69
  9: 318, 141, 1924x1247
DEBUG:comtypes._post_coinit.unknwn:Release <POINTER(IUIAutomationElement) ptr=0x23296ea9ee0 at 232bf9e19d0>
Mouse: 1278, 566 | UIA: None | EW: PySide6.QtCore.QRect(1008, 389, 484, 647)
All rects available:
  0: 2396, 1364, 90x90
  1: 1960, 14, 270x210
  2: 2217, 94, 258x482
  3: 2217, 90, 258x102
  4: 1008, 389, 484x647
  5: 828, 344, 874x767
  6: 0, 64, 1815x1464
  7: 320, 186, 1920x1200
  8: 320, 186, 1920x69
  9: 318, 141, 1924x1247
DEBUG:comtypes._post_coinit.unknwn:Release <POINTER(IUIAutomationElement) ptr=0x23296eaabd0 at 232bf9e19d0>
Mouse: 1278, 561 | UIA: None | EW: PySide6.QtCore.QRect(1008, 389, 484, 647)
All rects available:
  0: 2396, 1364, 90x90
  1: 1960, 14, 270x210
  2: 2217, 94, 258x482
  3: 2217, 90, 258x102
  4: 1008, 389, 484x647
  5: 828, 344, 874x767
  6: 0, 64, 1815x1464
  7: 320, 186, 1920x1200
  8: 320, 186, 1920x69
  9: 318, 141, 1924x1247
DEBUG:comtypes._post_coinit.unknwn:Release <POINTER(IUIAutomationElement) ptr=0x23296eaa990 at 232bf9e19d0>
Mouse: 1278, 556 | UIA: None | EW: PySide6.QtCore.QRect(1008, 389, 484, 647)
All rects available:
  0: 2396, 1364, 90x90
  1: 1960, 14, 270x210
  2: 2217, 94, 258x482
  3: 2217, 90, 258x102
  4: 1008, 389, 484x647
  5: 828, 344, 874x767
  6: 0, 64, 1815x1464
  7: 320, 186, 1920x1200
  8: 320, 186, 1920x69
  9: 318, 141, 1924x1247
DEBUG:comtypes._post_coinit.unknwn:Release <POINTER(IUIAutomationElement) ptr=0x23296eaa510 at 232bf9e19d0>
Mouse: 1278, 555 | UIA: None | EW: PySide6.QtCore.QRect(1008, 389, 484, 647)
All rects available:
  0: 2396, 1364, 90x90
  1: 1960, 14, 270x210
  2: 2217, 94, 258x482
  3: 2217, 90, 258x102
  4: 1008, 389, 484x647
  5: 828, 344, 874x767
  6: 0, 64, 1815x1464
  7: 320, 186, 1920x1200
  8: 320, 186, 1920x69
  9: 318, 141, 1924x1247
DEBUG:comtypes._post_coinit.unknwn:Release <POINTER(IUIAutomationElement) ptr=0x23296eaa360 at 232bf9e19d0>
Mouse: 1278, 550 | UIA: None | EW: PySide6.QtCore.QRect(1008, 389, 484, 647)
All rects available:
  0: 2396, 1364, 90x90
  1: 1960, 14, 270x210
  2: 2217, 94, 258x482
  3: 2217, 90, 258x102
  4: 1008, 389, 484x647
  5: 828, 344, 874x767
  6: 0, 64, 1815x1464
  7: 320, 186, 1920x1200
  8: 320, 186, 1920x69
  9: 318, 141, 1924x1247
DEBUG:comtypes._post_coinit.unknwn:Release <POINTER(IUIAutomationElement) ptr=0x23296ea9d30 at 232bf9e19d0>
Mouse: 1278, 546 | UIA: None | EW: PySide6.QtCore.QRect(1008, 389, 484, 647)
All rects available:
  0: 2396, 1364, 90x90
  1: 1960, 14, 270x210
  2: 2217, 94, 258x482
  3: 2217, 90, 258x102
  4: 1008, 389, 484x647
  5: 828, 344, 874x767
  6: 0, 64, 1815x1464
  7: 320, 186, 1920x1200
  8: 320, 186, 1920x69
  9: 318, 141, 1924x1247
DEBUG:comtypes._post_coinit.unknwn:Release <POINTER(IUIAutomationElement) ptr=0x23296eaa900 at 232bf9e19d0>
Mouse: 1278, 543 | UIA: None | EW: PySide6.QtCore.QRect(1008, 389, 484, 647)
All rects available:
  0: 2396, 1364, 90x90
  1: 1960, 14, 270x210
  2: 2217, 94, 258x482
  3: 2217, 90, 258x102
  4: 1008, 389, 484x647
  5: 828, 344, 874x767
  6: 0, 64, 1815x1464
  7: 320, 186, 1920x1200
  8: 320, 186, 1920x69
  9: 318, 141, 1924x1247
DEBUG:comtypes._post_coinit.unknwn:Release <POINTER(IUIAutomationElement) ptr=0x23296eaa2d0 at 232bf9e19d0>
Mouse: 1278, 538 | UIA: None | EW: PySide6.QtCore.QRect(1008, 389, 484, 647)
All rects available:
  0: 2396, 1364, 90x90
  1: 1960, 14, 270x210
  2: 2217, 94, 258x482
  3: 2217, 90, 258x102
  4: 1008, 389, 484x647
  5: 828, 344, 874x767
  6: 0, 64, 1815x1464
  7: 320, 186, 1920x1200
  8: 320, 186, 1920x69
  9: 318, 141, 1924x1247
DEBUG:comtypes._post_coinit.unknwn:Release <POINTER(IUIAutomationElement) ptr=0x23296ea9ee0 at 232bf9e19d0>
Mouse: 1278, 536 | UIA: None | EW: PySide6.QtCore.QRect(1008, 389, 484, 647)
All rects available:
  0: 2396, 1364, 90x90
  1: 1960, 14, 270x210
  2: 2217, 94, 258x482
  3: 2217, 90, 258x102
  4: 1008, 389, 484x647
  5: 828, 344, 874x767
  6: 0, 64, 1815x1464
  7: 320, 186, 1920x1200
  8: 320, 186, 1920x69
  9: 318, 141, 1924x1247
DEBUG:comtypes._post_coinit.unknwn:Release <POINTER(IUIAutomationElement) ptr=0x23296ea9ca0 at 232bf9e19d0>
Mouse: 1278, 534 | UIA: None | EW: PySide6.QtCore.QRect(1008, 389, 484, 647)
All rects available:
  0: 2396, 1364, 90x90
  1: 1960, 14, 270x210
  2: 2217, 94, 258x482
  3: 2217, 90, 258x102
  4: 1008, 389, 484x647
  5: 828, 344, 874x767
  6: 0, 64, 1815x1464
  7: 320, 186, 1920x1200
  8: 320, 186, 1920x69
  9: 318, 141, 1924x1247
DEBUG:comtypes._post_coinit.unknwn:Release <POINTER(IUIAutomationElement) ptr=0x23296eaae10 at 232bf9e19d0>
Mouse: 1278, 531 | UIA: None | EW: PySide6.QtCore.QRect(1008, 389, 484, 647)
All rects available:
  0: 2396, 1364, 90x90
  1: 1960, 14, 270x210
  2: 2217, 94, 258x482
  3: 2217, 90, 258x102
  4: 1008, 389, 484x647
  5: 828, 344, 874x767
  6: 0, 64, 1815x1464
  7: 320, 186, 1920x1200
  8: 320, 186, 1920x69
  9: 318, 141, 1924x1247
DEBUG:comtypes._post_coinit.unknwn:Release <POINTER(IUIAutomationElement) ptr=0x23296eaa6c0 at 232bf9e19d0>
Mouse: 1278, 528 | UIA: None | EW: PySide6.QtCore.QRect(1008, 389, 484, 647)
All rects available:
  0: 2396, 1364, 90x90
  1: 1960, 14, 270x210
  2: 2217, 94, 258x482
  3: 2217, 90, 258x102
  4: 1008, 389, 484x647
  5: 828, 344, 874x767
  6: 0, 64, 1815x1464
  7: 320, 186, 1920x1200
  8: 320, 186, 1920x69
  9: 318, 141, 1924x1247
DEBUG:comtypes._post_coinit.unknwn:Release <POINTER(IUIAutomationElement) ptr=0x23296eaa990 at 232bf9e19d0>
Mouse: 1278, 525 | UIA: None | EW: PySide6.QtCore.QRect(1008, 389, 484, 647)
All rects available:
  0: 2396, 1364, 90x90
  1: 1960, 14, 270x210
  2: 2217, 94, 258x482
  3: 2217, 90, 258x102
  4: 1008, 389, 484x647
  5: 828, 344, 874x767
  6: 0, 64, 1815x1464
  7: 320, 186, 1920x1200
  8: 320, 186, 1920x69
  9: 318, 141, 1924x1247
DEBUG:comtypes._post_coinit.unknwn:Release <POINTER(IUIAutomationElement) ptr=0x23296eaaa20 at 232bf9e19d0>
Mouse: 1278, 524 | UIA: None | EW: PySide6.QtCore.QRect(1008, 389, 484, 647)
All rects available:
  0: 2396, 1364, 90x90
  1: 1960, 14, 270x210
  2: 2217, 94, 258x482
  3: 2217, 90, 258x102
  4: 1008, 389, 484x647
  5: 828, 344, 874x767
  6: 0, 64, 1815x1464
  7: 320, 186, 1920x1200
  8: 320, 186, 1920x69
  9: 318, 141, 1924x1247
DEBUG:comtypes._post_coinit.unknwn:Release <POINTER(IUIAutomationElement) ptr=0x23296ea9d30 at 232bf9e19d0>
Mouse: 1278, 520 | UIA: None | EW: PySide6.QtCore.QRect(1008, 389, 484, 647)
All rects available:
  0: 2396, 1364, 90x90
  1: 1960, 14, 270x210
  2: 2217, 94, 258x482
  3: 2217, 90, 258x102
  4: 1008, 389, 484x647
  5: 828, 344, 874x767
  6: 0, 64, 1815x1464
  7: 320, 186, 1920x1200
  8: 320, 186, 1920x69
  9: 318, 141, 1924x1247
DEBUG:comtypes._post_coinit.unknwn:Release <POINTER(IUIAutomationElement) ptr=0x23296eaa510 at 232bf9e19d0>
Mouse: 1278, 518 | UIA: None | EW: PySide6.QtCore.QRect(1008, 389, 484, 647)
All rects available:
  0: 2396, 1364, 90x90
  1: 1960, 14, 270x210
  2: 2217, 94, 258x482
  3: 2217, 90, 258x102
  4: 1008, 389, 484x647
  5: 828, 344, 874x767
  6: 0, 64, 1815x1464
  7: 320, 186, 1920x1200
  8: 320, 186, 1920x69
  9: 318, 141, 1924x1247
DEBUG:comtypes._post_coinit.unknwn:Release <POINTER(IUIAutomationElement) ptr=0x23296eaaf30 at 232bf9e19d0>
Mouse: 1280, 514 | UIA: None | EW: PySide6.QtCore.QRect(1008, 389, 484, 647)
All rects available:
  0: 2396, 1364, 90x90
  1: 1960, 14, 270x210
  2: 2217, 94, 258x482
  3: 2217, 90, 258x102
  4: 1008, 389, 484x647
  5: 828, 344, 874x767
  6: 0, 64, 1815x1464
  7: 320, 186, 1920x1200
  8: 320, 186, 1920x69
  9: 318, 141, 1924x1247
DEBUG:comtypes._post_coinit.unknwn:Release <POINTER(IUIAutomationElement) ptr=0x23296ea9f70 at 232bf9e19d0>
Mouse: 1280, 512 | UIA: None | EW: PySide6.QtCore.QRect(1008, 389, 484, 647)
All rects available:
  0: 2396, 1364, 90x90
  1: 1960, 14, 270x210
  2: 2217, 94, 258x482
  3: 2217, 90, 258x102
  4: 1008, 389, 484x647
  5: 828, 344, 874x767
  6: 0, 64, 1815x1464
  7: 320, 186, 1920x1200
  8: 320, 186, 1920x69
  9: 318, 141, 1924x1247
DEBUG:comtypes._post_coinit.unknwn:Release <POINTER(IUIAutomationElement) ptr=0x23296eaacf0 at 232bf9e19d0>
Mouse: 1280, 512 | UIA: None | EW: PySide6.QtCore.QRect(1008, 389, 484, 647)
All rects available:
  0: 2396, 1364, 90x90
  1: 1960, 14, 270x210
  2: 2217, 94, 258x482
  3: 2217, 90, 258x102
  4: 1008, 389, 484x647
  5: 828, 344, 874x767
  6: 0, 64, 1815x1464
  7: 320, 186, 1920x1200
  8: 320, 186, 1920x69
  9: 318, 141, 1924x1247
DEBUG:comtypes._post_coinit.unknwn:Release <POINTER(IUIAutomationElement) ptr=0x23296ea9f70 at 232bf9e19d0>
Mouse: 1280, 508 | UIA: None | EW: PySide6.QtCore.QRect(1008, 389, 484, 647)
All rects available:
  0: 2396, 1364, 90x90
  1: 1960, 14, 270x210
  2: 2217, 94, 258x482
  3: 2217, 90, 258x102
  4: 1008, 389, 484x647
  5: 828, 344, 874x767
  6: 0, 64, 1815x1464
  7: 320, 186, 1920x1200
  8: 320, 186, 1920x69
  9: 318, 141, 1924x1247
DEBUG:comtypes._post_coinit.unknwn:Release <POINTER(IUIAutomationElement) ptr=0x23296eaa900 at 232bf9e19d0>
Mouse: 1280, 507 | UIA: None | EW: PySide6.QtCore.QRect(1008, 389, 484, 647)
All rects available:
  0: 2396, 1364, 90x90
  1: 1960, 14, 270x210
  2: 2217, 94, 258x482
  3: 2217, 90, 258x102
  4: 1008, 389, 484x647
  5: 828, 344, 874x767
  6: 0, 64, 1815x1464
  7: 320, 186, 1920x1200
  8: 320, 186, 1920x69
  9: 318, 141, 1924x1247
DEBUG:comtypes._post_coinit.unknwn:Release <POINTER(IUIAutomationElement) ptr=0x23296eaab40 at 232bf9e19d0>
Mouse: 1280, 506 | UIA: None | EW: PySide6.QtCore.QRect(1008, 389, 484, 647)
All rects available:
  0: 2396, 1364, 90x90
  1: 1960, 14, 270x210
  2: 2217, 94, 258x482
  3: 2217, 90, 258x102
  4: 1008, 389, 484x647
  5: 828, 344, 874x767
  6: 0, 64, 1815x1464
  7: 320, 186, 1920x1200
  8: 320, 186, 1920x69
  9: 318, 141, 1924x1247
DEBUG:comtypes._post_coinit.unknwn:Release <POINTER(IUIAutomationElement) ptr=0x23296eaa870 at 232bf9e19d0>
Mouse: 1280, 506 | UIA: None | EW: PySide6.QtCore.QRect(1008, 389, 484, 647)
All rects available:
  0: 2396, 1364, 90x90
  1: 1960, 14, 270x210
  2: 2217, 94, 258x482
  3: 2217, 90, 258x102
  4: 1008, 389, 484x647
  5: 828, 344, 874x767
  6: 0, 64, 1815x1464
  7: 320, 186, 1920x1200
  8: 320, 186, 1920x69
  9: 318, 141, 1924x1247
DEBUG:comtypes._post_coinit.unknwn:Release <POINTER(IUIAutomationElement) ptr=0x23296ea9e50 at 232bf9e19d0>
Mouse: 1280, 504 | UIA: None | EW: PySide6.QtCore.QRect(1008, 389, 484, 647)
All rects available:
  0: 2396, 1364, 90x90
  1: 1960, 14, 270x210
  2: 2217, 94, 258x482
  3: 2217, 90, 258x102
  4: 1008, 389, 484x647
  5: 828, 344, 874x767
  6: 0, 64, 1815x1464
  7: 320, 186, 1920x1200
  8: 320, 186, 1920x69
  9: 318, 141, 1924x1247
DEBUG:comtypes._post_coinit.unknwn:Release <POINTER(IUIAutomationElement) ptr=0x23296ea9d30 at 232bf9e19d0>
Mouse: 1280, 502 | UIA: None | EW: PySide6.QtCore.QRect(1008, 389, 484, 647)
All rects available:
  0: 2396, 1364, 90x90
  1: 1960, 14, 270x210
  2: 2217, 94, 258x482
  3: 2217, 90, 258x102
  4: 1008, 389, 484x647
  5: 828, 344, 874x767
  6: 0, 64, 1815x1464
  7: 320, 186, 1920x1200
  8: 320, 186, 1920x69
  9: 318, 141, 1924x1247
DEBUG:comtypes._post_coinit.unknwn:Release <POINTER(IUIAutomationElement) ptr=0x23296eaa240 at 232bf9e19d0>
Mouse: 1280, 502 | UIA: None | EW: PySide6.QtCore.QRect(1008, 389, 484, 647)
All rects available:
  0: 2396, 1364, 90x90
  1: 1960, 14, 270x210
  2: 2217, 94, 258x482
  3: 2217, 90, 258x102
  4: 1008, 389, 484x647
  5: 828, 344, 874x767
  6: 0, 64, 1815x1464
  7: 320, 186, 1920x1200
  8: 320, 186, 1920x69
  9: 318, 141, 1924x1247
DEBUG:comtypes._post_coinit.unknwn:Release <POINTER(IUIAutomationElement) ptr=0x23296eaa900 at 232bf9e19d0>
Mouse: 1280, 501 | UIA: None | EW: PySide6.QtCore.QRect(1008, 389, 484, 647)
All rects available:
  0: 2396, 1364, 90x90
  1: 1960, 14, 270x210
  2: 2217, 94, 258x482
  3: 2217, 90, 258x102
  4: 1008, 389, 484x647
  5: 828, 344, 874x767
  6: 0, 64, 1815x1464
  7: 320, 186, 1920x1200
  8: 320, 186, 1920x69
  9: 318, 141, 1924x1247
DEBUG:comtypes._post_coinit.unknwn:Release <POINTER(IUIAutomationElement) ptr=0x23296eaa630 at 232bf9e19d0>
Mouse: 1280, 500 | UIA: None | EW: PySide6.QtCore.QRect(1008, 389, 484, 647)
All rects available:
  0: 2396, 1364, 90x90
  1: 1960, 14, 270x210
  2: 2217, 94, 258x482
  3: 2217, 90, 258x102
  4: 1008, 389, 484x647
  5: 828, 344, 874x767
  6: 0, 64, 1815x1464
  7: 320, 186, 1920x1200
  8: 320, 186, 1920x69
  9: 318, 141, 1924x1247
DEBUG:root:--- get_all_visible_rects called ---
DEBUG:root:Rect: 2396, 1364, 90x90
DEBUG:root:Rect: 1737, 704, 480x630
DEBUG:root:Rect: 2465, 1316, 54x54
DEBUG:root:Rect: 2564, 1382, 54x54
DEBUG:root:Rect: 2394, 1301, 54x54
DEBUG:root:Rect: 2339, 1346, 54x54
DEBUG:root:Rect: 2339, 1416, 54x54
DEBUG:root:Rect: 2394, 1461, 54x54
DEBUG:root:Rect: 2465, 1446, 54x54
DEBUG:root:Rect: 2496, 1382, 54x54
DEBUG:root:Rect: 1960, 14, 270x210
DEBUG:root:Rect: 2217, 94, 258x482
DEBUG:root:Rect: 2217, 90, 258x102
DEBUG:root:Rect: 828, 344, 874x767
DEBUG:root:Rect: 0, 64, 1815x1464
DEBUG:root:Rect: 320, 186, 1920x1200
DEBUG:root:Rect: 320, 186, 1920x69
DEBUG:root:Rect: 318, 141, 1924x1247
DEBUG:root:Rect: 0, 0, 22x22
DEBUG:root:Rect: 0, 0, 2560x1600
DEBUG:root:Rect: -31818, -31939, 885x151
DEBUG:root:Rect: -31989, -32000, 1496x1528
DEBUG:root:Rect: -31991, -32000, 219x30
DEBUG:root:Rect: -31992, -31999, 1004x861
DEBUG:root:Rect: -31994, -32000, 225x33
DEBUG:root:Rect: -31989, -32000, 1447x1245
DEBUG:root:Rect: -31989, -32000, 1317x972
DEBUG:root:Rect: -31764, -31939, 939x151
DEBUG:root:Rect: -31989, -32000, 1496x1527
DEBUG:comtypes._post_coinit.unknwn:Release <POINTER(IUIAutomationElement) ptr=0x23296c723e0 at 232bf9e2250>
Mouse: 1954, 729 | UIA: None | EW: PySide6.QtCore.QRect(1737, 704, 480, 630)
All rects available:
  0: 2396, 1364, 90x90
  1: 1737, 704, 480x630
  2: 2465, 1316, 54x54
  3: 2564, 1382, 54x54
  4: 2394, 1301, 54x54
  5: 2339, 1346, 54x54
  6: 2339, 1416, 54x54
  7: 2394, 1461, 54x54
  8: 2465, 1446, 54x54
  9: 2496, 1382, 54x54
DEBUG:comtypes._post_coinit.unknwn:Release <POINTER(IUIAutomationElement) ptr=0x23296eb0110 at 232bf9e2150>
Mouse: 1946, 728 | UIA: None | EW: PySide6.QtCore.QRect(1737, 704, 480, 630)
All rects available:
  0: 2396, 1364, 90x90
  1: 1737, 704, 480x630
  2: 2465, 1316, 54x54
  3: 2564, 1382, 54x54
  4: 2394, 1301, 54x54
  5: 2339, 1346, 54x54
  6: 2339, 1416, 54x54
  7: 2394, 1461, 54x54
  8: 2465, 1446, 54x54
  9: 2496, 1382, 54x54
DEBUG:comtypes._post_coinit.unknwn:Release <POINTER(IUIAutomationElement) ptr=0x23296c723e0 at 232bf9e2250>
Mouse: 1910, 710 | UIA: None | EW: PySide6.QtCore.QRect(1737, 704, 480, 630)
All rects available:
  0: 2396, 1364, 90x90
  1: 1737, 704, 480x630
  2: 2465, 1316, 54x54
  3: 2564, 1382, 54x54
  4: 2394, 1301, 54x54
  5: 2339, 1346, 54x54
  6: 2339, 1416, 54x54
  7: 2394, 1461, 54x54
  8: 2465, 1446, 54x54
  9: 2496, 1382, 54x54
DEBUG:comtypes._post_coinit.unknwn:Release <POINTER(IUIAutomationElement) ptr=0x23296eb0230 at 232bf9e2150>
Mouse: 1878, 694 | UIA: None | EW: PySide6.QtCore.QRect(320, 186, 1920, 1200)
All rects available:
  0: 2396, 1364, 90x90
  1: 1737, 704, 480x630
  2: 2465, 1316, 54x54
  3: 2564, 1382, 54x54
  4: 2394, 1301, 54x54
  5: 2339, 1346, 54x54
  6: 2339, 1416, 54x54
  7: 2394, 1461, 54x54
  8: 2465, 1446, 54x54
  9: 2496, 1382, 54x54
DEBUG:comtypes._post_coinit.unknwn:Release <POINTER(IUIAutomationElement) ptr=0x23296c723e0 at 232bf9e2250>
Mouse: 1850, 682 | UIA: None | EW: PySide6.QtCore.QRect(320, 186, 1920, 1200)
All rects available:
  0: 2396, 1364, 90x90
  1: 1737, 704, 480x630
  2: 2465, 1316, 54x54
  3: 2564, 1382, 54x54
  4: 2394, 1301, 54x54
  5: 2339, 1346, 54x54
  6: 2339, 1416, 54x54
  7: 2394, 1461, 54x54
  8: 2465, 1446, 54x54
  9: 2496, 1382, 54x54
DEBUG:comtypes._post_coinit.unknwn:Release <POINTER(IUIAutomationElement) ptr=0x23296eb0230 at 232bf9e2150>
Mouse: 1832, 676 | UIA: None | EW: PySide6.QtCore.QRect(320, 186, 1920, 1200)
All rects available:
  0: 2396, 1364, 90x90
  1: 1737, 704, 480x630
  2: 2465, 1316, 54x54
  3: 2564, 1382, 54x54
  4: 2394, 1301, 54x54
  5: 2339, 1346, 54x54
  6: 2339, 1416, 54x54
  7: 2394, 1461, 54x54
  8: 2465, 1446, 54x54
  9: 2496, 1382, 54x54
DEBUG:comtypes._post_coinit.unknwn:Release <POINTER(IUIAutomationElement) ptr=0x23296c723e0 at 232bf9e2250>
Mouse: 1804, 663 | UIA: None | EW: PySide6.QtCore.QRect(0, 64, 1815, 1464)
All rects available:
  0: 2396, 1364, 90x90
  1: 1737, 704, 480x630
  2: 2465, 1316, 54x54
  3: 2564, 1382, 54x54
  4: 2394, 1301, 54x54
  5: 2339, 1346, 54x54
  6: 2339, 1416, 54x54
  7: 2394, 1461, 54x54
  8: 2465, 1446, 54x54
  9: 2496, 1382, 54x54
DEBUG:comtypes._post_coinit.unknwn:Release <POINTER(IUIAutomationElement) ptr=0x23296eb0230 at 232bf9e2150>
Mouse: 1779, 648 | UIA: None | EW: PySide6.QtCore.QRect(0, 64, 1815, 1464)
All rects available:
  0: 2396, 1364, 90x90
  1: 1737, 704, 480x630
  2: 2465, 1316, 54x54
  3: 2564, 1382, 54x54
  4: 2394, 1301, 54x54
  5: 2339, 1346, 54x54
  6: 2339, 1416, 54x54
  7: 2394, 1461, 54x54
  8: 2465, 1446, 54x54
  9: 2496, 1382, 54x54
DEBUG:comtypes._post_coinit.unknwn:Release <POINTER(IUIAutomationElement) ptr=0x23296c723e0 at 232bf9e2250>
Mouse: 1756, 636 | UIA: None | EW: PySide6.QtCore.QRect(0, 64, 1815, 1464)
All rects available:
  0: 2396, 1364, 90x90
  1: 1737, 704, 480x630
  2: 2465, 1316, 54x54
  3: 2564, 1382, 54x54
  4: 2394, 1301, 54x54
  5: 2339, 1346, 54x54
  6: 2339, 1416, 54x54
  7: 2394, 1461, 54x54
  8: 2465, 1446, 54x54
  9: 2496, 1382, 54x54
DEBUG:comtypes._post_coinit.unknwn:Release <POINTER(IUIAutomationElement) ptr=0x23296eb0110 at 232bf9e2150>
Mouse: 1734, 626 | UIA: None | EW: PySide6.QtCore.QRect(0, 64, 1815, 1464)
All rects available:
  0: 2396, 1364, 90x90
  1: 1737, 704, 480x630
  2: 2465, 1316, 54x54
  3: 2564, 1382, 54x54
  4: 2394, 1301, 54x54
  5: 2339, 1346, 54x54
  6: 2339, 1416, 54x54
  7: 2394, 1461, 54x54
  8: 2465, 1446, 54x54
  9: 2496, 1382, 54x54
DEBUG:comtypes._post_coinit.unknwn:Release <POINTER(IUIAutomationElement) ptr=0x23296c723e0 at 232bf9e2250>
Mouse: 1716, 616 | UIA: None | EW: PySide6.QtCore.QRect(0, 64, 1815, 1464)
All rects available:
  0: 2396, 1364, 90x90
  1: 1737, 704, 480x630
  2: 2465, 1316, 54x54
  3: 2564, 1382, 54x54
  4: 2394, 1301, 54x54
  5: 2339, 1346, 54x54
  6: 2339, 1416, 54x54
  7: 2394, 1461, 54x54
  8: 2465, 1446, 54x54
  9: 2496, 1382, 54x54
DEBUG:comtypes._post_coinit.unknwn:Release <POINTER(IUIAutomationElement) ptr=0x23296eb0230 at 232bf9e2150>
Mouse: 1701, 609 | UIA: None | EW: PySide6.QtCore.QRect(828, 344, 874, 767)
All rects available:
  0: 2396, 1364, 90x90
  1: 1737, 704, 480x630
  2: 2465, 1316, 54x54
  3: 2564, 1382, 54x54
  4: 2394, 1301, 54x54
  5: 2339, 1346, 54x54
  6: 2339, 1416, 54x54
  7: 2394, 1461, 54x54
  8: 2465, 1446, 54x54
  9: 2496, 1382, 54x54
DEBUG:comtypes._post_coinit.unknwn:Release <POINTER(IUIAutomationElement) ptr=0x23296c723e0 at 232bf9e2250>
Mouse: 1694, 604 | UIA: None | EW: PySide6.QtCore.QRect(828, 344, 874, 767)
All rects available:
  0: 2396, 1364, 90x90
  1: 1737, 704, 480x630
  2: 2465, 1316, 54x54
  3: 2564, 1382, 54x54
  4: 2394, 1301, 54x54
  5: 2339, 1346, 54x54
  6: 2339, 1416, 54x54
  7: 2394, 1461, 54x54
  8: 2465, 1446, 54x54
  9: 2496, 1382, 54x54
DEBUG:comtypes._post_coinit.unknwn:Release <POINTER(IUIAutomationElement) ptr=0x23296eb0230 at 232bf9e2150>
Mouse: 1682, 597 | UIA: None | EW: PySide6.QtCore.QRect(828, 344, 874, 767)
All rects available:
  0: 2396, 1364, 90x90
  1: 1737, 704, 480x630
  2: 2465, 1316, 54x54
  3: 2564, 1382, 54x54
  4: 2394, 1301, 54x54
  5: 2339, 1346, 54x54
  6: 2339, 1416, 54x54
  7: 2394, 1461, 54x54
  8: 2465, 1446, 54x54
  9: 2496, 1382, 54x54
DEBUG:comtypes._post_coinit.unknwn:Release <POINTER(IUIAutomationElement) ptr=0x23296c723e0 at 232bf9e2250>
Mouse: 1668, 590 | UIA: None | EW: PySide6.QtCore.QRect(828, 344, 874, 767)
All rects available:
  0: 2396, 1364, 90x90
  1: 1737, 704, 480x630
  2: 2465, 1316, 54x54
  3: 2564, 1382, 54x54
  4: 2394, 1301, 54x54
  5: 2339, 1346, 54x54
  6: 2339, 1416, 54x54
  7: 2394, 1461, 54x54
  8: 2465, 1446, 54x54
  9: 2496, 1382, 54x54
DEBUG:comtypes._post_coinit.unknwn:Release <POINTER(IUIAutomationElement) ptr=0x23296eb0230 at 232bf9e2150>
Mouse: 1664, 584 | UIA: None | EW: PySide6.QtCore.QRect(828, 344, 874, 767)
All rects available:
  0: 2396, 1364, 90x90
  1: 1737, 704, 480x630
  2: 2465, 1316, 54x54
  3: 2564, 1382, 54x54
  4: 2394, 1301, 54x54
  5: 2339, 1346, 54x54
  6: 2339, 1416, 54x54
  7: 2394, 1461, 54x54
  8: 2465, 1446, 54x54
  9: 2496, 1382, 54x54
DEBUG:comtypes._post_coinit.unknwn:Release <POINTER(IUIAutomationElement) ptr=0x23296c723e0 at 232bf9e2250>
Mouse: 1660, 580 | UIA: None | EW: PySide6.QtCore.QRect(828, 344, 874, 767)
All rects available:
  0: 2396, 1364, 90x90
  1: 1737, 704, 480x630
  2: 2465, 1316, 54x54
  3: 2564, 1382, 54x54
  4: 2394, 1301, 54x54
  5: 2339, 1346, 54x54
  6: 2339, 1416, 54x54
  7: 2394, 1461, 54x54
  8: 2465, 1446, 54x54
  9: 2496, 1382, 54x54
DEBUG:comtypes._post_coinit.unknwn:Release <POINTER(IUIAutomationElement) ptr=0x23296eb0b30 at 232bf9e2150>
Mouse: 1658, 578 | UIA: None | EW: PySide6.QtCore.QRect(828, 344, 874, 767)
All rects available:
  0: 2396, 1364, 90x90
  1: 1737, 704, 480x630
  2: 2465, 1316, 54x54
  3: 2564, 1382, 54x54
  4: 2394, 1301, 54x54
  5: 2339, 1346, 54x54
  6: 2339, 1416, 54x54
  7: 2394, 1461, 54x54
  8: 2465, 1446, 54x54
  9: 2496, 1382, 54x54
DEBUG:comtypes._post_coinit.unknwn:Release <POINTER(IUIAutomationElement) ptr=0x23296c723e0 at 232bf9e2250>
Mouse: 1658, 576 | UIA: None | EW: PySide6.QtCore.QRect(828, 344, 874, 767)
All rects available:
  0: 2396, 1364, 90x90
  1: 1737, 704, 480x630
  2: 2465, 1316, 54x54
  3: 2564, 1382, 54x54
  4: 2394, 1301, 54x54
  5: 2339, 1346, 54x54
  6: 2339, 1416, 54x54
  7: 2394, 1461, 54x54
  8: 2465, 1446, 54x54
  9: 2496, 1382, 54x54
DEBUG:comtypes._post_coinit.unknwn:Release <POINTER(IUIAutomationElement) ptr=0x23296eb0230 at 232bf9e2150>
Mouse: 1658, 574 | UIA: None | EW: PySide6.QtCore.QRect(828, 344, 874, 767)
All rects available:
  0: 2396, 1364, 90x90
  1: 1737, 704, 480x630
  2: 2465, 1316, 54x54
  3: 2564, 1382, 54x54
  4: 2394, 1301, 54x54
  5: 2339, 1346, 54x54
  6: 2339, 1416, 54x54
  7: 2394, 1461, 54x54
  8: 2465, 1446, 54x54
  9: 2496, 1382, 54x54
DEBUG:comtypes._post_coinit.unknwn:Release <POINTER(IUIAutomationElement) ptr=0x23296c723e0 at 232bf9e2250>
Mouse: 1658, 572 | UIA: None | EW: PySide6.QtCore.QRect(828, 344, 874, 767)
All rects available:
  0: 2396, 1364, 90x90
  1: 1737, 704, 480x630
  2: 2465, 1316, 54x54
  3: 2564, 1382, 54x54
  4: 2394, 1301, 54x54
  5: 2339, 1346, 54x54
  6: 2339, 1416, 54x54
  7: 2394, 1461, 54x54
  8: 2465, 1446, 54x54
  9: 2496, 1382, 54x54
DEBUG:comtypes._post_coinit.unknwn:Release <POINTER(IUIAutomationElement) ptr=0x23296eb0230 at 232bf9e2150>
Mouse: 1658, 570 | UIA: None | EW: PySide6.QtCore.QRect(828, 344, 874, 767)
All rects available:
  0: 2396, 1364, 90x90
  1: 1737, 704, 480x630
  2: 2465, 1316, 54x54
  3: 2564, 1382, 54x54
  4: 2394, 1301, 54x54
  5: 2339, 1346, 54x54
  6: 2339, 1416, 54x54
  7: 2394, 1461, 54x54
  8: 2465, 1446, 54x54
  9: 2496, 1382, 54x54
DEBUG:comtypes._post_coinit.unknwn:Release <POINTER(IUIAutomationElement) ptr=0x23296c723e0 at 232bf9e2250>
Mouse: 1659, 568 | UIA: None | EW: PySide6.QtCore.QRect(828, 344, 874, 767)
All rects available:
  0: 2396, 1364, 90x90
  1: 1737, 704, 480x630
  2: 2465, 1316, 54x54
  3: 2564, 1382, 54x54
  4: 2394, 1301, 54x54
  5: 2339, 1346, 54x54
  6: 2339, 1416, 54x54
  7: 2394, 1461, 54x54
  8: 2465, 1446, 54x54
  9: 2496, 1382, 54x54
DEBUG:comtypes._post_coinit.unknwn:Release <POINTER(IUIAutomationElement) ptr=0x23296eafed0 at 232bf9e2150>
Mouse: 1660, 567 | UIA: None | EW: PySide6.QtCore.QRect(828, 344, 874, 767)
All rects available:
  0: 2396, 1364, 90x90
  1: 1737, 704, 480x630
  2: 2465, 1316, 54x54
  3: 2564, 1382, 54x54
  4: 2394, 1301, 54x54
  5: 2339, 1346, 54x54
  6: 2339, 1416, 54x54
  7: 2394, 1461, 54x54
  8: 2465, 1446, 54x54
  9: 2496, 1382, 54x54
DEBUG:comtypes._post_coinit.unknwn:Release <POINTER(IUIAutomationElement) ptr=0x23296c723e0 at 232bf9e2250>
Mouse: 1666, 564 | UIA: None | EW: PySide6.QtCore.QRect(828, 344, 874, 767)
All rects available:
  0: 2396, 1364, 90x90
  1: 1737, 704, 480x630
  2: 2465, 1316, 54x54
  3: 2564, 1382, 54x54
  4: 2394, 1301, 54x54
  5: 2339, 1346, 54x54
  6: 2339, 1416, 54x54
  7: 2394, 1461, 54x54
  8: 2465, 1446, 54x54
  9: 2496, 1382, 54x54
DEBUG:comtypes._post_coinit.unknwn:Release <POINTER(IUIAutomationElement) ptr=0x23296eb0230 at 232bf9e2150>
Mouse: 1676, 561 | UIA: None | EW: PySide6.QtCore.QRect(828, 344, 874, 767)
All rects available:
  0: 2396, 1364, 90x90
  1: 1737, 704, 480x630
  2: 2465, 1316, 54x54
  3: 2564, 1382, 54x54
  4: 2394, 1301, 54x54
  5: 2339, 1346, 54x54
  6: 2339, 1416, 54x54
  7: 2394, 1461, 54x54
  8: 2465, 1446, 54x54
  9: 2496, 1382, 54x54
DEBUG:comtypes._post_coinit.unknwn:Release <POINTER(IUIAutomationElement) ptr=0x23296c723e0 at 232bf9e2250>
Mouse: 1684, 561 | UIA: None | EW: PySide6.QtCore.QRect(828, 344, 874, 767)
All rects available:
  0: 2396, 1364, 90x90
  1: 1737, 704, 480x630
  2: 2465, 1316, 54x54
  3: 2564, 1382, 54x54
  4: 2394, 1301, 54x54
  5: 2339, 1346, 54x54
  6: 2339, 1416, 54x54
  7: 2394, 1461, 54x54
  8: 2465, 1446, 54x54
  9: 2496, 1382, 54x54
DEBUG:comtypes._post_coinit.unknwn:Release <POINTER(IUIAutomationElement) ptr=0x23296eb0230 at 232bf9e2150>
Mouse: 1690, 562 | UIA: None | EW: PySide6.QtCore.QRect(828, 344, 874, 767)
All rects available:
  0: 2396, 1364, 90x90
  1: 1737, 704, 480x630
  2: 2465, 1316, 54x54
  3: 2564, 1382, 54x54
  4: 2394, 1301, 54x54
  5: 2339, 1346, 54x54
  6: 2339, 1416, 54x54
  7: 2394, 1461, 54x54
  8: 2465, 1446, 54x54
  9: 2496, 1382, 54x54
DEBUG:comtypes._post_coinit.unknwn:Release <POINTER(IUIAutomationElement) ptr=0x23296c723e0 at 232bf9e2250>
Mouse: 1702, 566 | UIA: None | EW: PySide6.QtCore.QRect(0, 64, 1815, 1464)
All rects available:
  0: 2396, 1364, 90x90
  1: 1737, 704, 480x630
  2: 2465, 1316, 54x54
  3: 2564, 1382, 54x54
  4: 2394, 1301, 54x54
  5: 2339, 1346, 54x54
  6: 2339, 1416, 54x54
  7: 2394, 1461, 54x54
  8: 2465, 1446, 54x54
  9: 2496, 1382, 54x54
DEBUG:comtypes._post_coinit.unknwn:Release <POINTER(IUIAutomationElement) ptr=0x23296eb0230 at 232bf9e2150>
Mouse: 1708, 570 | UIA: None | EW: PySide6.QtCore.QRect(0, 64, 1815, 1464)
All rects available:
  0: 2396, 1364, 90x90
  1: 1737, 704, 480x630
  2: 2465, 1316, 54x54
  3: 2564, 1382, 54x54
  4: 2394, 1301, 54x54
  5: 2339, 1346, 54x54
  6: 2339, 1416, 54x54
  7: 2394, 1461, 54x54
  8: 2465, 1446, 54x54
  9: 2496, 1382, 54x54
DEBUG:comtypes._post_coinit.unknwn:Release <POINTER(IUIAutomationElement) ptr=0x23296c723e0 at 232bf9e2250>
Mouse: 1725, 580 | UIA: None | EW: PySide6.QtCore.QRect(0, 64, 1815, 1464)
All rects available:
  0: 2396, 1364, 90x90
  1: 1737, 704, 480x630
  2: 2465, 1316, 54x54
  3: 2564, 1382, 54x54
  4: 2394, 1301, 54x54
  5: 2339, 1346, 54x54
  6: 2339, 1416, 54x54
  7: 2394, 1461, 54x54
  8: 2465, 1446, 54x54
  9: 2496, 1382, 54x54
DEBUG:comtypes._post_coinit.unknwn:Release <POINTER(IUIAutomationElement) ptr=0x23296eb0230 at 232bf9e2150>
Mouse: 1742, 590 | UIA: None | EW: PySide6.QtCore.QRect(0, 64, 1815, 1464)
All rects available:
  0: 2396, 1364, 90x90
  1: 1737, 704, 480x630
  2: 2465, 1316, 54x54
  3: 2564, 1382, 54x54
  4: 2394, 1301, 54x54
  5: 2339, 1346, 54x54
  6: 2339, 1416, 54x54
  7: 2394, 1461, 54x54
  8: 2465, 1446, 54x54
  9: 2496, 1382, 54x54
DEBUG:comtypes._post_coinit.unknwn:Release <POINTER(IUIAutomationElement) ptr=0x23296c726b0 at 232bf9e2250>
Mouse: 1754, 603 | UIA: None | EW: PySide6.QtCore.QRect(0, 64, 1815, 1464)
All rects available:
  0: 2396, 1364, 90x90
  1: 1737, 704, 480x630
  2: 2465, 1316, 54x54
  3: 2564, 1382, 54x54
  4: 2394, 1301, 54x54
  5: 2339, 1346, 54x54
  6: 2339, 1416, 54x54
  7: 2394, 1461, 54x54
  8: 2465, 1446, 54x54
  9: 2496, 1382, 54x54
DEBUG:comtypes._post_coinit.unknwn:Release <POINTER(IUIAutomationElement) ptr=0x23296eb0230 at 232bf9e2150>
Mouse: 1761, 609 | UIA: None | EW: PySide6.QtCore.QRect(0, 64, 1815, 1464)
All rects available:
  0: 2396, 1364, 90x90
  1: 1737, 704, 480x630
  2: 2465, 1316, 54x54
  3: 2564, 1382, 54x54
  4: 2394, 1301, 54x54
  5: 2339, 1346, 54x54
  6: 2339, 1416, 54x54
  7: 2394, 1461, 54x54
  8: 2465, 1446, 54x54
  9: 2496, 1382, 54x54
DEBUG:comtypes._post_coinit.unknwn:Release <POINTER(IUIAutomationElement) ptr=0x23296c723e0 at 232bf9e2250>
Mouse: 1776, 624 | UIA: None | EW: PySide6.QtCore.QRect(0, 64, 1815, 1464)
All rects available:
  0: 2396, 1364, 90x90
  1: 1737, 704, 480x630
  2: 2465, 1316, 54x54
  3: 2564, 1382, 54x54
  4: 2394, 1301, 54x54
  5: 2339, 1346, 54x54
  6: 2339, 1416, 54x54
  7: 2394, 1461, 54x54
  8: 2465, 1446, 54x54
  9: 2496, 1382, 54x54
DEBUG:comtypes._post_coinit.unknwn:Release <POINTER(IUIAutomationElement) ptr=0x23296eb03e0 at 232bf9e2150>
Mouse: 1786, 638 | UIA: None | EW: PySide6.QtCore.QRect(0, 64, 1815, 1464)
All rects available:
  0: 2396, 1364, 90x90
  1: 1737, 704, 480x630
  2: 2465, 1316, 54x54
  3: 2564, 1382, 54x54
  4: 2394, 1301, 54x54
  5: 2339, 1346, 54x54
  6: 2339, 1416, 54x54
  7: 2394, 1461, 54x54
  8: 2465, 1446, 54x54
  9: 2496, 1382, 54x54
DEBUG:comtypes._post_coinit.unknwn:Release <POINTER(IUIAutomationElement) ptr=0x23296c723e0 at 232bf9e2250>
Mouse: 1796, 651 | UIA: None | EW: PySide6.QtCore.QRect(0, 64, 1815, 1464)
All rects available:
  0: 2396, 1364, 90x90
  1: 1737, 704, 480x630
  2: 2465, 1316, 54x54
  3: 2564, 1382, 54x54
  4: 2394, 1301, 54x54
  5: 2339, 1346, 54x54
  6: 2339, 1416, 54x54
  7: 2394, 1461, 54x54
  8: 2465, 1446, 54x54
  9: 2496, 1382, 54x54
DEBUG:comtypes._post_coinit.unknwn:Release <POINTER(IUIAutomationElement) ptr=0x23296eb0230 at 232bf9e2150>
Mouse: 1798, 656 | UIA: None | EW: PySide6.QtCore.QRect(0, 64, 1815, 1464)
All rects available:
  0: 2396, 1364, 90x90
  1: 1737, 704, 480x630
  2: 2465, 1316, 54x54
  3: 2564, 1382, 54x54
  4: 2394, 1301, 54x54
  5: 2339, 1346, 54x54
  6: 2339, 1416, 54x54
  7: 2394, 1461, 54x54
  8: 2465, 1446, 54x54
  9: 2496, 1382, 54x54
DEBUG:comtypes._post_coinit.unknwn:Release <POINTER(IUIAutomationElement) ptr=0x23296c723e0 at 232bf9e2250>
Mouse: 1806, 670 | UIA: None | EW: PySide6.QtCore.QRect(0, 64, 1815, 1464)
All rects available:
  0: 2396, 1364, 90x90
  1: 1737, 704, 480x630
  2: 2465, 1316, 54x54
  3: 2564, 1382, 54x54
  4: 2394, 1301, 54x54
  5: 2339, 1346, 54x54
  6: 2339, 1416, 54x54
  7: 2394, 1461, 54x54
  8: 2465, 1446, 54x54
  9: 2496, 1382, 54x54
DEBUG:comtypes._post_coinit.unknwn:Release <POINTER(IUIAutomationElement) ptr=0x23296eb0230 at 232bf9e2150>
Mouse: 1809, 676 | UIA: None | EW: PySide6.QtCore.QRect(0, 64, 1815, 1464)
All rects available:
  0: 2396, 1364, 90x90
  1: 1737, 704, 480x630
  2: 2465, 1316, 54x54
  3: 2564, 1382, 54x54
  4: 2394, 1301, 54x54
  5: 2339, 1346, 54x54
  6: 2339, 1416, 54x54
  7: 2394, 1461, 54x54
  8: 2465, 1446, 54x54
  9: 2496, 1382, 54x54
DEBUG:comtypes._post_coinit.unknwn:Release <POINTER(IUIAutomationElement) ptr=0x23296c726b0 at 232bf9e2250>
Mouse: 1814, 686 | UIA: None | EW: PySide6.QtCore.QRect(0, 64, 1815, 1464)
All rects available:
  0: 2396, 1364, 90x90
  1: 1737, 704, 480x630
  2: 2465, 1316, 54x54
  3: 2564, 1382, 54x54
  4: 2394, 1301, 54x54
  5: 2339, 1346, 54x54
  6: 2339, 1416, 54x54
  7: 2394, 1461, 54x54
  8: 2465, 1446, 54x54
  9: 2496, 1382, 54x54
DEBUG:comtypes._post_coinit.unknwn:Release <POINTER(IUIAutomationElement) ptr=0x23296eafed0 at 232bf9e2150>
Mouse: 1815, 688 | UIA: None | EW: PySide6.QtCore.QRect(320, 186, 1920, 1200)
All rects available:
  0: 2396, 1364, 90x90
  1: 1737, 704, 480x630
  2: 2465, 1316, 54x54
  3: 2564, 1382, 54x54
  4: 2394, 1301, 54x54
  5: 2339, 1346, 54x54
  6: 2339, 1416, 54x54
  7: 2394, 1461, 54x54
  8: 2465, 1446, 54x54
  9: 2496, 1382, 54x54
DEBUG:comtypes._post_coinit.unknwn:Release <POINTER(IUIAutomationElement) ptr=0x23296c726b0 at 232bf9e2250>
Mouse: 1816, 693 | UIA: None | EW: PySide6.QtCore.QRect(320, 186, 1920, 1200)
All rects available:
  0: 2396, 1364, 90x90
  1: 1737, 704, 480x630
  2: 2465, 1316, 54x54
  3: 2564, 1382, 54x54
  4: 2394, 1301, 54x54
  5: 2339, 1346, 54x54
  6: 2339, 1416, 54x54
  7: 2394, 1461, 54x54
  8: 2465, 1446, 54x54
  9: 2496, 1382, 54x54
DEBUG:comtypes._post_coinit.unknwn:Release <POINTER(IUIAutomationElement) ptr=0x23296eb0230 at 232bf9e2150>
Mouse: 1818, 698 | UIA: None | EW: PySide6.QtCore.QRect(320, 186, 1920, 1200)
All rects available:
  0: 2396, 1364, 90x90
  1: 1737, 704, 480x630
  2: 2465, 1316, 54x54
  3: 2564, 1382, 54x54
  4: 2394, 1301, 54x54
  5: 2339, 1346, 54x54
  6: 2339, 1416, 54x54
  7: 2394, 1461, 54x54
  8: 2465, 1446, 54x54
  9: 2496, 1382, 54x54
DEBUG:comtypes._post_coinit.unknwn:Release <POINTER(IUIAutomationElement) ptr=0x23296c723e0 at 232bf9e2250>
Mouse: 1820, 700 | UIA: None | EW: PySide6.QtCore.QRect(320, 186, 1920, 1200)
All rects available:
  0: 2396, 1364, 90x90
  1: 1737, 704, 480x630
  2: 2465, 1316, 54x54
  3: 2564, 1382, 54x54
  4: 2394, 1301, 54x54
  5: 2339, 1346, 54x54
  6: 2339, 1416, 54x54
  7: 2394, 1461, 54x54
  8: 2465, 1446, 54x54
  9: 2496, 1382, 54x54
DEBUG:comtypes._post_coinit.unknwn:Release <POINTER(IUIAutomationElement) ptr=0x23296eb0230 at 232bf9e2150>
Mouse: 1820, 705 | UIA: None | EW: PySide6.QtCore.QRect(1737, 704, 480, 630)
All rects available:
  0: 2396, 1364, 90x90
  1: 1737, 704, 480x630
  2: 2465, 1316, 54x54
  3: 2564, 1382, 54x54
  4: 2394, 1301, 54x54
  5: 2339, 1346, 54x54
  6: 2339, 1416, 54x54
  7: 2394, 1461, 54x54
  8: 2465, 1446, 54x54
  9: 2496, 1382, 54x54
DEBUG:comtypes._post_coinit.unknwn:Release <POINTER(IUIAutomationElement) ptr=0x23296c723e0 at 232bf9e2250>
Mouse: 1822, 710 | UIA: None | EW: PySide6.QtCore.QRect(1737, 704, 480, 630)
All rects available:
  0: 2396, 1364, 90x90
  1: 1737, 704, 480x630
  2: 2465, 1316, 54x54
  3: 2564, 1382, 54x54
  4: 2394, 1301, 54x54
  5: 2339, 1346, 54x54
  6: 2339, 1416, 54x54
  7: 2394, 1461, 54x54
  8: 2465, 1446, 54x54
  9: 2496, 1382, 54x54
DEBUG:comtypes._post_coinit.unknwn:Release <POINTER(IUIAutomationElement) ptr=0x23296eb03e0 at 232bf9e2150>
Mouse: 1822, 711 | UIA: None | EW: PySide6.QtCore.QRect(1737, 704, 480, 630)
All rects available:
  0: 2396, 1364, 90x90
  1: 1737, 704, 480x630
  2: 2465, 1316, 54x54
  3: 2564, 1382, 54x54
  4: 2394, 1301, 54x54
  5: 2339, 1346, 54x54
  6: 2339, 1416, 54x54
  7: 2394, 1461, 54x54
  8: 2465, 1446, 54x54
  9: 2496, 1382, 54x54
DEBUG:comtypes._post_coinit.unknwn:Release <POINTER(IUIAutomationElement) ptr=0x23296c723e0 at 232bf9e2250>
Mouse: 1824, 716 | UIA: None | EW: PySide6.QtCore.QRect(1737, 704, 480, 630)
All rects available:
  0: 2396, 1364, 90x90
  1: 1737, 704, 480x630
  2: 2465, 1316, 54x54
  3: 2564, 1382, 54x54
  4: 2394, 1301, 54x54
  5: 2339, 1346, 54x54
  6: 2339, 1416, 54x54
  7: 2394, 1461, 54x54
  8: 2465, 1446, 54x54
  9: 2496, 1382, 54x54
DEBUG:comtypes._post_coinit.unknwn:Release <POINTER(IUIAutomationElement) ptr=0x23296eb0230 at 232bf9e2150>
Mouse: 1824, 717 | UIA: None | EW: PySide6.QtCore.QRect(1737, 704, 480, 630)
All rects available:
  0: 2396, 1364, 90x90
  1: 1737, 704, 480x630
  2: 2465, 1316, 54x54
  3: 2564, 1382, 54x54
  4: 2394, 1301, 54x54
  5: 2339, 1346, 54x54
  6: 2339, 1416, 54x54
  7: 2394, 1461, 54x54
  8: 2465, 1446, 54x54
  9: 2496, 1382, 54x54
DEBUG:comtypes._post_coinit.unknwn:Release <POINTER(IUIAutomationElement) ptr=0x23296c723e0 at 232bf9e2250>
Mouse: 1826, 718 | UIA: None | EW: PySide6.QtCore.QRect(1737, 704, 480, 630)
All rects available:
  0: 2396, 1364, 90x90
  1: 1737, 704, 480x630
  2: 2465, 1316, 54x54
  3: 2564, 1382, 54x54
  4: 2394, 1301, 54x54
  5: 2339, 1346, 54x54
  6: 2339, 1416, 54x54
  7: 2394, 1461, 54x54
  8: 2465, 1446, 54x54
  9: 2496, 1382, 54x54
DEBUG:comtypes._post_coinit.unknwn:Release <POINTER(IUIAutomationElement) ptr=0x23296eb03e0 at 232bf9e2150>
Mouse: 1826, 722 | UIA: None | EW: PySide6.QtCore.QRect(1737, 704, 480, 630)
All rects available:
  0: 2396, 1364, 90x90
  1: 1737, 704, 480x630
  2: 2465, 1316, 54x54
  3: 2564, 1382, 54x54
  4: 2394, 1301, 54x54
  5: 2339, 1346, 54x54
  6: 2339, 1416, 54x54
  7: 2394, 1461, 54x54
  8: 2465, 1446, 54x54
  9: 2496, 1382, 54x54
DEBUG:comtypes._post_coinit.unknwn:Release <POINTER(IUIAutomationElement) ptr=0x23296c723e0 at 232bf9e2250>
Mouse: 1826, 723 | UIA: None | EW: PySide6.QtCore.QRect(1737, 704, 480, 630)
All rects available:
  0: 2396, 1364, 90x90
  1: 1737, 704, 480x630
  2: 2465, 1316, 54x54
  3: 2564, 1382, 54x54
  4: 2394, 1301, 54x54
  5: 2339, 1346, 54x54
  6: 2339, 1416, 54x54
  7: 2394, 1461, 54x54
  8: 2465, 1446, 54x54
  9: 2496, 1382, 54x54
DEBUG:comtypes._post_coinit.unknwn:Release <POINTER(IUIAutomationElement) ptr=0x23296eb0230 at 232bf9e2150>
Mouse: 1826, 724 | UIA: None | EW: PySide6.QtCore.QRect(1737, 704, 480, 630)
All rects available:
  0: 2396, 1364, 90x90
  1: 1737, 704, 480x630
  2: 2465, 1316, 54x54
  3: 2564, 1382, 54x54
  4: 2394, 1301, 54x54
  5: 2339, 1346, 54x54
  6: 2339, 1416, 54x54
  7: 2394, 1461, 54x54
  8: 2465, 1446, 54x54
  9: 2496, 1382, 54x54
DEBUG:comtypes._post_coinit.unknwn:Release <POINTER(IUIAutomationElement) ptr=0x23296c723e0 at 232bf9e2250>
Mouse: 1826, 726 | UIA: None | EW: PySide6.QtCore.QRect(1737, 704, 480, 630)
All rects available:
  0: 2396, 1364, 90x90
  1: 1737, 704, 480x630
  2: 2465, 1316, 54x54
  3: 2564, 1382, 54x54
  4: 2394, 1301, 54x54
  5: 2339, 1346, 54x54
  6: 2339, 1416, 54x54
  7: 2394, 1461, 54x54
  8: 2465, 1446, 54x54
  9: 2496, 1382, 54x54
DEBUG:comtypes._post_coinit.unknwn:Release <POINTER(IUIAutomationElement) ptr=0x23296eb0230 at 232bf9e2150>
Mouse: 1827, 728 | UIA: None | EW: PySide6.QtCore.QRect(1737, 704, 480, 630)
All rects available:
  0: 2396, 1364, 90x90
  1: 1737, 704, 480x630
  2: 2465, 1316, 54x54
  3: 2564, 1382, 54x54
  4: 2394, 1301, 54x54
  5: 2339, 1346, 54x54
  6: 2339, 1416, 54x54
  7: 2394, 1461, 54x54
  8: 2465, 1446, 54x54
  9: 2496, 1382, 54x54
DEBUG:comtypes._post_coinit.unknwn:Release <POINTER(IUIAutomationElement) ptr=0x23296c723e0 at 232bf9e2250>
Mouse: 1827, 729 | UIA: None | EW: PySide6.QtCore.QRect(1737, 704, 480, 630)
All rects available:
  0: 2396, 1364, 90x90
  1: 1737, 704, 480x630
  2: 2465, 1316, 54x54
  3: 2564, 1382, 54x54
  4: 2394, 1301, 54x54
  5: 2339, 1346, 54x54
  6: 2339, 1416, 54x54
  7: 2394, 1461, 54x54
  8: 2465, 1446, 54x54
  9: 2496, 1382, 54x54
DEBUG:comtypes._post_coinit.unknwn:Release <POINTER(IUIAutomationElement) ptr=0x23296eb0110 at 232bf9e2150>
Mouse: 1827, 730 | UIA: None | EW: PySide6.QtCore.QRect(1737, 704, 480, 630)
All rects available:
  0: 2396, 1364, 90x90
  1: 1737, 704, 480x630
  2: 2465, 1316, 54x54
  3: 2564, 1382, 54x54
  4: 2394, 1301, 54x54
  5: 2339, 1346, 54x54
  6: 2339, 1416, 54x54
  7: 2394, 1461, 54x54
  8: 2465, 1446, 54x54
  9: 2496, 1382, 54x54
DEBUG:comtypes._post_coinit.unknwn:Release <POINTER(IUIAutomationElement) ptr=0x23296c723e0 at 232bf9e2250>
Mouse: 1827, 730 | UIA: None | EW: PySide6.QtCore.QRect(1737, 704, 480, 630)
All rects available:
  0: 2396, 1364, 90x90
  1: 1737, 704, 480x630
  2: 2465, 1316, 54x54
  3: 2564, 1382, 54x54
  4: 2394, 1301, 54x54
  5: 2339, 1346, 54x54
  6: 2339, 1416, 54x54
  7: 2394, 1461, 54x54
  8: 2465, 1446, 54x54
  9: 2496, 1382, 54x54
DEBUG:comtypes._post_coinit.unknwn:Release <POINTER(IUIAutomationElement) ptr=0x23296eb0230 at 232bf9e2150>
Mouse: 1827, 732 | UIA: None | EW: PySide6.QtCore.QRect(1737, 704, 480, 630)
All rects available:
  0: 2396, 1364, 90x90
  1: 1737, 704, 480x630
  2: 2465, 1316, 54x54
  3: 2564, 1382, 54x54
  4: 2394, 1301, 54x54
  5: 2339, 1346, 54x54
  6: 2339, 1416, 54x54
  7: 2394, 1461, 54x54
  8: 2465, 1446, 54x54
  9: 2496, 1382, 54x54
DEBUG:comtypes._post_coinit.unknwn:Release <POINTER(IUIAutomationElement) ptr=0x23296c723e0 at 232bf9e2250>
Mouse: 1827, 734 | UIA: None | EW: PySide6.QtCore.QRect(1737, 704, 480, 630)
All rects available:
  0: 2396, 1364, 90x90
  1: 1737, 704, 480x630
  2: 2465, 1316, 54x54
  3: 2564, 1382, 54x54
  4: 2394, 1301, 54x54
  5: 2339, 1346, 54x54
  6: 2339, 1416, 54x54
  7: 2394, 1461, 54x54
  8: 2465, 1446, 54x54
  9: 2496, 1382, 54x54
DEBUG:comtypes._post_coinit.unknwn:Release <POINTER(IUIAutomationElement) ptr=0x23296eb0230 at 232bf9e2150>
Mouse: 1827, 734 | UIA: None | EW: PySide6.QtCore.QRect(1737, 704, 480, 630)
All rects available:
  0: 2396, 1364, 90x90
  1: 1737, 704, 480x630
  2: 2465, 1316, 54x54
  3: 2564, 1382, 54x54
  4: 2394, 1301, 54x54
  5: 2339, 1346, 54x54
  6: 2339, 1416, 54x54
  7: 2394, 1461, 54x54
  8: 2465, 1446, 54x54
  9: 2496, 1382, 54x54
DEBUG:comtypes._post_coinit.unknwn:Release <POINTER(IUIAutomationElement) ptr=0x23296c723e0 at 232bf9e2250>
Mouse: 1828, 734 | UIA: None | EW: PySide6.QtCore.QRect(1737, 704, 480, 630)
All rects available:
  0: 2396, 1364, 90x90
  1: 1737, 704, 480x630
  2: 2465, 1316, 54x54
  3: 2564, 1382, 54x54
  4: 2394, 1301, 54x54
  5: 2339, 1346, 54x54
  6: 2339, 1416, 54x54
  7: 2394, 1461, 54x54
  8: 2465, 1446, 54x54
  9: 2496, 1382, 54x54
DEBUG:comtypes._post_coinit.unknwn:Release <POINTER(IUIAutomationElement) ptr=0x23296eb0230 at 232bf9e2150>
Mouse: 1828, 735 | UIA: None | EW: PySide6.QtCore.QRect(1737, 704, 480, 630)
All rects available:
  0: 2396, 1364, 90x90
  1: 1737, 704, 480x630
  2: 2465, 1316, 54x54
  3: 2564, 1382, 54x54
  4: 2394, 1301, 54x54
  5: 2339, 1346, 54x54
  6: 2339, 1416, 54x54
  7: 2394, 1461, 54x54
  8: 2465, 1446, 54x54
  9: 2496, 1382, 54x54
DEBUG:comtypes._post_coinit.unknwn:Release <POINTER(IUIAutomationElement) ptr=0x23296c723e0 at 232bf9e2250>
Mouse: 1828, 736 | UIA: None | EW: PySide6.QtCore.QRect(1737, 704, 480, 630)
All rects available:
  0: 2396, 1364, 90x90
  1: 1737, 704, 480x630
  2: 2465, 1316, 54x54
  3: 2564, 1382, 54x54
  4: 2394, 1301, 54x54
  5: 2339, 1346, 54x54
  6: 2339, 1416, 54x54
  7: 2394, 1461, 54x54
  8: 2465, 1446, 54x54
  9: 2496, 1382, 54x54
DEBUG:comtypes._post_coinit.unknwn:Release <POINTER(IUIAutomationElement) ptr=0x23296eb03e0 at 232bf9e2150>
Mouse: 1830, 736 | UIA: None | EW: PySide6.QtCore.QRect(1737, 704, 480, 630)
All rects available:
  0: 2396, 1364, 90x90
  1: 1737, 704, 480x630
  2: 2465, 1316, 54x54
  3: 2564, 1382, 54x54
  4: 2394, 1301, 54x54
  5: 2339, 1346, 54x54
  6: 2339, 1416, 54x54
  7: 2394, 1461, 54x54
  8: 2465, 1446, 54x54
  9: 2496, 1382, 54x54
DEBUG:root:--- get_all_visible_rects called ---
DEBUG:root:Rect: 2396, 1364, 90x90
DEBUG:root:Rect: 1737, 704, 480x630
DEBUG:root:Rect: 2465, 1316, 54x54
DEBUG:root:Rect: 2564, 1382, 54x54
DEBUG:root:Rect: 2394, 1301, 54x54
DEBUG:root:Rect: 2339, 1346, 54x54
DEBUG:root:Rect: 2339, 1416, 54x54
DEBUG:root:Rect: 2394, 1461, 54x54
DEBUG:root:Rect: 2465, 1446, 54x54
DEBUG:root:Rect: 2496, 1382, 54x54
DEBUG:root:Rect: 1960, 14, 270x210
DEBUG:root:Rect: 11, 205, 1497x1346
DEBUG:root:Rect: 236, 85, 939x151
DEBUG:root:Rect: 11, 24, 1496x1527
DEBUG:root:Rect: 9, 24, 1500x1529
DEBUG:root:Rect: 828, 344, 874x767
DEBUG:root:Rect: 0, 0, 22x22
DEBUG:root:Rect: 0, 0, 2560x1600
DEBUG:root:Rect: -31818, -31939, 885x151
DEBUG:root:Rect: -31989, -32000, 1496x1528
DEBUG:root:Rect: -31991, -32000, 219x30
DEBUG:root:Rect: -31992, -31999, 1004x861
DEBUG:root:Rect: -31994, -32000, 225x33
DEBUG:root:Rect: -31989, -32000, 1447x1245
DEBUG:root:Rect: -31989, -32000, 1317x972
DEBUG:root:Rect: -32000, -32000, 1815x1464
DEBUG:root:Rect: -32000, -32000, 237x39
DEBUG:root:Rect: -32000, -32000, 1920x1200
DEBUG:root:Rect: -32000, -32000, 1920x69
DEBUG:root:Rect: -31991, -32000, 219x39
DEBUG:comtypes._post_coinit.unknwn:Release <POINTER(IUIAutomationElement) ptr=0x23296604350 at 232bf9e2350>
Mouse: 1598, 784 | UIA: None | EW: PySide6.QtCore.QRect(828, 344, 874, 767)
All rects available:
  0: 2396, 1364, 90x90
  1: 1737, 704, 480x630
  2: 2465, 1316, 54x54
  3: 2564, 1382, 54x54
  4: 2394, 1301, 54x54
  5: 2339, 1346, 54x54
  6: 2339, 1416, 54x54
  7: 2394, 1461, 54x54
  8: 2465, 1446, 54x54
  9: 2496, 1382, 54x54
DEBUG:comtypes._post_coinit.unknwn:Release <POINTER(IUIAutomationElement) ptr=0x23296eb0230 at 232bf9e2250>
Mouse: 1598, 783 | UIA: None | EW: PySide6.QtCore.QRect(828, 344, 874, 767)
All rects available:
  0: 2396, 1364, 90x90
  1: 1737, 704, 480x630
  2: 2465, 1316, 54x54
  3: 2564, 1382, 54x54
  4: 2394, 1301, 54x54
  5: 2339, 1346, 54x54
  6: 2339, 1416, 54x54
  7: 2394, 1461, 54x54
  8: 2465, 1446, 54x54
  9: 2496, 1382, 54x54
DEBUG:comtypes._post_coinit.unknwn:Release <POINTER(IUIAutomationElement) ptr=0x232be9081a0 at 232bf9e2350>
Mouse: 1598, 782 | UIA: None | EW: PySide6.QtCore.QRect(828, 344, 874, 767)
All rects available:
  0: 2396, 1364, 90x90
  1: 1737, 704, 480x630
  2: 2465, 1316, 54x54
  3: 2564, 1382, 54x54
  4: 2394, 1301, 54x54
  5: 2339, 1346, 54x54
  6: 2339, 1416, 54x54
  7: 2394, 1461, 54x54
  8: 2465, 1446, 54x54
  9: 2496, 1382, 54x54
DEBUG:comtypes._post_coinit.unknwn:Release <POINTER(IUIAutomationElement) ptr=0x23296e8aa60 at 232bf9e2250>
Mouse: 1598, 780 | UIA: None | EW: PySide6.QtCore.QRect(828, 344, 874, 767)
All rects available:
  0: 2396, 1364, 90x90
  1: 1737, 704, 480x630
  2: 2465, 1316, 54x54
  3: 2564, 1382, 54x54
  4: 2394, 1301, 54x54
  5: 2339, 1346, 54x54
  6: 2339, 1416, 54x54
  7: 2394, 1461, 54x54
  8: 2465, 1446, 54x54
  9: 2496, 1382, 54x54
DEBUG:comtypes._post_coinit.unknwn:Release <POINTER(IUIAutomationElement) ptr=0x232be915430 at 232bf9e2350>
Mouse: 1594, 776 | UIA: None | EW: PySide6.QtCore.QRect(828, 344, 874, 767)
All rects available:
  0: 2396, 1364, 90x90
  1: 1737, 704, 480x630
  2: 2465, 1316, 54x54
  3: 2564, 1382, 54x54
  4: 2394, 1301, 54x54
  5: 2339, 1346, 54x54
  6: 2339, 1416, 54x54
  7: 2394, 1461, 54x54
  8: 2465, 1446, 54x54
  9: 2496, 1382, 54x54
DEBUG:comtypes._post_coinit.unknwn:Release <POINTER(IUIAutomationElement) ptr=0x232be9081a0 at 232bf9e22d0>
Mouse: 1594, 776 | UIA: None | EW: PySide6.QtCore.QRect(828, 344, 874, 767)
All rects available:
  0: 2396, 1364, 90x90
  1: 1737, 704, 480x630
  2: 2465, 1316, 54x54
  3: 2564, 1382, 54x54
  4: 2394, 1301, 54x54
  5: 2339, 1346, 54x54
  6: 2339, 1416, 54x54
  7: 2394, 1461, 54x54
  8: 2465, 1446, 54x54
  9: 2496, 1382, 54x54
DEBUG:comtypes._post_coinit.unknwn:Release <POINTER(IUIAutomationElement) ptr=0x232be9893a0 at 232bf9e2250>
Mouse: 1594, 774 | UIA: None | EW: PySide6.QtCore.QRect(828, 344, 874, 767)
All rects available:
  0: 2396, 1364, 90x90
  1: 1737, 704, 480x630
  2: 2465, 1316, 54x54
  3: 2564, 1382, 54x54
  4: 2394, 1301, 54x54
  5: 2339, 1346, 54x54
  6: 2339, 1416, 54x54
  7: 2394, 1461, 54x54
  8: 2465, 1446, 54x54
  9: 2496, 1382, 54x54
DEBUG:comtypes._post_coinit.unknwn:Release <POINTER(IUIAutomationElement) ptr=0x23296604350 at 232bf9e22d0>
Mouse: 1594, 772 | UIA: None | EW: PySide6.QtCore.QRect(828, 344, 874, 767)
All rects available:
  0: 2396, 1364, 90x90
  1: 1737, 704, 480x630
  2: 2465, 1316, 54x54
  3: 2564, 1382, 54x54
  4: 2394, 1301, 54x54
  5: 2339, 1346, 54x54
  6: 2339, 1416, 54x54
  7: 2394, 1461, 54x54
  8: 2465, 1446, 54x54
  9: 2496, 1382, 54x54
DEBUG:comtypes._post_coinit.unknwn:Release <POINTER(IUIAutomationElement) ptr=0x232be915430 at 232bf9e2250>
Mouse: 1594, 771 | UIA: None | EW: PySide6.QtCore.QRect(828, 344, 874, 767)
All rects available:
  0: 2396, 1364, 90x90
  1: 1737, 704, 480x630
  2: 2465, 1316, 54x54
  3: 2564, 1382, 54x54
  4: 2394, 1301, 54x54
  5: 2339, 1346, 54x54
  6: 2339, 1416, 54x54
  7: 2394, 1461, 54x54
  8: 2465, 1446, 54x54
  9: 2496, 1382, 54x54
DEBUG:comtypes._post_coinit.unknwn:Release <POINTER(IUIAutomationElement) ptr=0x232be9081a0 at 232bf9e22d0>
Mouse: 1598, 770 | UIA: None | EW: PySide6.QtCore.QRect(828, 344, 874, 767)
All rects available:
  0: 2396, 1364, 90x90
  1: 1737, 704, 480x630
  2: 2465, 1316, 54x54
  3: 2564, 1382, 54x54
  4: 2394, 1301, 54x54
  5: 2339, 1346, 54x54
  6: 2339, 1416, 54x54
  7: 2394, 1461, 54x54
  8: 2465, 1446, 54x54
  9: 2496, 1382, 54x54
DEBUG:comtypes._post_coinit.unknwn:Release <POINTER(IUIAutomationElement) ptr=0x232be9893a0 at 232bf9e2250>
Mouse: 1602, 768 | UIA: None | EW: PySide6.QtCore.QRect(828, 344, 874, 767)
All rects available:
  0: 2396, 1364, 90x90
  1: 1737, 704, 480x630
  2: 2465, 1316, 54x54
  3: 2564, 1382, 54x54
  4: 2394, 1301, 54x54
  5: 2339, 1346, 54x54
  6: 2339, 1416, 54x54
  7: 2394, 1461, 54x54
  8: 2465, 1446, 54x54
  9: 2496, 1382, 54x54
DEBUG:comtypes._post_coinit.unknwn:Release <POINTER(IUIAutomationElement) ptr=0x23296604350 at 232bf9e22d0>
Mouse: 1605, 766 | UIA: None | EW: PySide6.QtCore.QRect(828, 344, 874, 767)
All rects available:
  0: 2396, 1364, 90x90
  1: 1737, 704, 480x630
  2: 2465, 1316, 54x54
  3: 2564, 1382, 54x54
  4: 2394, 1301, 54x54
  5: 2339, 1346, 54x54
  6: 2339, 1416, 54x54
  7: 2394, 1461, 54x54
  8: 2465, 1446, 54x54
  9: 2496, 1382, 54x54
DEBUG:comtypes._post_coinit.unknwn:Release <POINTER(IUIAutomationElement) ptr=0x232be915430 at 232bf9e2250>
Mouse: 1610, 764 | UIA: None | EW: PySide6.QtCore.QRect(828, 344, 874, 767)
All rects available:
  0: 2396, 1364, 90x90
  1: 1737, 704, 480x630
  2: 2465, 1316, 54x54
  3: 2564, 1382, 54x54
  4: 2394, 1301, 54x54
  5: 2339, 1346, 54x54
  6: 2339, 1416, 54x54
  7: 2394, 1461, 54x54
  8: 2465, 1446, 54x54
  9: 2496, 1382, 54x54
DEBUG:comtypes._post_coinit.unknwn:Release <POINTER(IUIAutomationElement) ptr=0x232be9081a0 at 232bf9e22d0>
Mouse: 1616, 764 | UIA: None | EW: PySide6.QtCore.QRect(828, 344, 874, 767)
All rects available:
  0: 2396, 1364, 90x90
  1: 1737, 704, 480x630
  2: 2465, 1316, 54x54
  3: 2564, 1382, 54x54
  4: 2394, 1301, 54x54
  5: 2339, 1346, 54x54
  6: 2339, 1416, 54x54
  7: 2394, 1461, 54x54
  8: 2465, 1446, 54x54
  9: 2496, 1382, 54x54
DEBUG:comtypes._post_coinit.unknwn:Release <POINTER(IUIAutomationElement) ptr=0x232be9893a0 at 232bf9e2250>
Mouse: 1620, 764 | UIA: None | EW: PySide6.QtCore.QRect(828, 344, 874, 767)
All rects available:
  0: 2396, 1364, 90x90
  1: 1737, 704, 480x630
  2: 2465, 1316, 54x54
  3: 2564, 1382, 54x54
  4: 2394, 1301, 54x54
  5: 2339, 1346, 54x54
  6: 2339, 1416, 54x54
  7: 2394, 1461, 54x54
  8: 2465, 1446, 54x54
  9: 2496, 1382, 54x54
DEBUG:comtypes._post_coinit.unknwn:Release <POINTER(IUIAutomationElement) ptr=0x23296604350 at 232bf9e22d0>
Mouse: 1622, 764 | UIA: None | EW: PySide6.QtCore.QRect(828, 344, 874, 767)
All rects available:
  0: 2396, 1364, 90x90
  1: 1737, 704, 480x630
  2: 2465, 1316, 54x54
  3: 2564, 1382, 54x54
  4: 2394, 1301, 54x54
  5: 2339, 1346, 54x54
  6: 2339, 1416, 54x54
  7: 2394, 1461, 54x54
  8: 2465, 1446, 54x54
  9: 2496, 1382, 54x54
DEBUG:comtypes._post_coinit.unknwn:Release <POINTER(IUIAutomationElement) ptr=0x232be915430 at 232bf9e2250>
Mouse: 1622, 764 | UIA: None | EW: PySide6.QtCore.QRect(828, 344, 874, 767)
All rects available:
  0: 2396, 1364, 90x90
  1: 1737, 704, 480x630
  2: 2465, 1316, 54x54
  3: 2564, 1382, 54x54
  4: 2394, 1301, 54x54
  5: 2339, 1346, 54x54
  6: 2339, 1416, 54x54
  7: 2394, 1461, 54x54
  8: 2465, 1446, 54x54
  9: 2496, 1382, 54x54
DEBUG:comtypes._post_coinit.unknwn:Release <POINTER(IUIAutomationElement) ptr=0x232be9081a0 at 232bf9e22d0>
Mouse: 1622, 760 | UIA: None | EW: PySide6.QtCore.QRect(828, 344, 874, 767)
All rects available:
  0: 2396, 1364, 90x90
  1: 1737, 704, 480x630
  2: 2465, 1316, 54x54
  3: 2564, 1382, 54x54
  4: 2394, 1301, 54x54
  5: 2339, 1346, 54x54
  6: 2339, 1416, 54x54
  7: 2394, 1461, 54x54
  8: 2465, 1446, 54x54
  9: 2496, 1382, 54x54
DEBUG:comtypes._post_coinit.unknwn:Release <POINTER(IUIAutomationElement) ptr=0x232be9893a0 at 232bf9e2250>
Mouse: 1623, 760 | UIA: None | EW: PySide6.QtCore.QRect(828, 344, 874, 767)
All rects available:
  0: 2396, 1364, 90x90
  1: 1737, 704, 480x630
  2: 2465, 1316, 54x54
  3: 2564, 1382, 54x54
  4: 2394, 1301, 54x54
  5: 2339, 1346, 54x54
  6: 2339, 1416, 54x54
  7: 2394, 1461, 54x54
  8: 2465, 1446, 54x54
  9: 2496, 1382, 54x54
DEBUG:comtypes._post_coinit.unknwn:Release <POINTER(IUIAutomationElement) ptr=0x23296604350 at 232bf9e22d0>
Mouse: 1628, 754 | UIA: None | EW: PySide6.QtCore.QRect(828, 344, 874, 767)
All rects available:
  0: 2396, 1364, 90x90
  1: 1737, 704, 480x630
  2: 2465, 1316, 54x54
  3: 2564, 1382, 54x54
  4: 2394, 1301, 54x54
  5: 2339, 1346, 54x54
  6: 2339, 1416, 54x54
  7: 2394, 1461, 54x54
  8: 2465, 1446, 54x54
  9: 2496, 1382, 54x54
DEBUG:comtypes._post_coinit.unknwn:Release <POINTER(IUIAutomationElement) ptr=0x232be915430 at 232bf9e2250>
Mouse: 1630, 754 | UIA: None | EW: PySide6.QtCore.QRect(828, 344, 874, 767)
All rects available:
  0: 2396, 1364, 90x90
  1: 1737, 704, 480x630
  2: 2465, 1316, 54x54
  3: 2564, 1382, 54x54
  4: 2394, 1301, 54x54
  5: 2339, 1346, 54x54
  6: 2339, 1416, 54x54
  7: 2394, 1461, 54x54
  8: 2465, 1446, 54x54
  9: 2496, 1382, 54x54
DEBUG:comtypes._post_coinit.unknwn:Release <POINTER(IUIAutomationElement) ptr=0x232be9081a0 at 232bf9e22d0>
Mouse: 1636, 753 | UIA: None | EW: PySide6.QtCore.QRect(828, 344, 874, 767)
All rects available:
  0: 2396, 1364, 90x90
  1: 1737, 704, 480x630
  2: 2465, 1316, 54x54
  3: 2564, 1382, 54x54
  4: 2394, 1301, 54x54
  5: 2339, 1346, 54x54
  6: 2339, 1416, 54x54
  7: 2394, 1461, 54x54
  8: 2465, 1446, 54x54
  9: 2496, 1382, 54x54
DEBUG:comtypes._post_coinit.unknwn:Release <POINTER(IUIAutomationElement) ptr=0x232be9893a0 at 232bf9e2250>
Mouse: 1642, 750 | UIA: None | EW: PySide6.QtCore.QRect(828, 344, 874, 767)
All rects available:
  0: 2396, 1364, 90x90
  1: 1737, 704, 480x630
  2: 2465, 1316, 54x54
  3: 2564, 1382, 54x54
  4: 2394, 1301, 54x54
  5: 2339, 1346, 54x54
  6: 2339, 1416, 54x54
  7: 2394, 1461, 54x54
  8: 2465, 1446, 54x54
  9: 2496, 1382, 54x54
DEBUG:comtypes._post_coinit.unknwn:Release <POINTER(IUIAutomationElement) ptr=0x23296604350 at 232bf9e22d0>
Mouse: 1659, 742 | UIA: None | EW: PySide6.QtCore.QRect(828, 344, 874, 767)
All rects available:
  0: 2396, 1364, 90x90
  1: 1737, 704, 480x630
  2: 2465, 1316, 54x54
  3: 2564, 1382, 54x54
  4: 2394, 1301, 54x54
  5: 2339, 1346, 54x54
  6: 2339, 1416, 54x54
  7: 2394, 1461, 54x54
  8: 2465, 1446, 54x54
  9: 2496, 1382, 54x54
DEBUG:comtypes._post_coinit.unknwn:Release <POINTER(IUIAutomationElement) ptr=0x232be915430 at 232bf9e2250>
Mouse: 1672, 742 | UIA: None | EW: PySide6.QtCore.QRect(828, 344, 874, 767)
All rects available:
  0: 2396, 1364, 90x90
  1: 1737, 704, 480x630
  2: 2465, 1316, 54x54
  3: 2564, 1382, 54x54
  4: 2394, 1301, 54x54
  5: 2339, 1346, 54x54
  6: 2339, 1416, 54x54
  7: 2394, 1461, 54x54
  8: 2465, 1446, 54x54
  9: 2496, 1382, 54x54
DEBUG:comtypes._post_coinit.unknwn:Release <POINTER(IUIAutomationElement) ptr=0x232be9081a0 at 232bf9e22d0>
Mouse: 1684, 740 | UIA: None | EW: PySide6.QtCore.QRect(828, 344, 874, 767)
All rects available:
  0: 2396, 1364, 90x90
  1: 1737, 704, 480x630
  2: 2465, 1316, 54x54
  3: 2564, 1382, 54x54
  4: 2394, 1301, 54x54
  5: 2339, 1346, 54x54
  6: 2339, 1416, 54x54
  7: 2394, 1461, 54x54
  8: 2465, 1446, 54x54
  9: 2496, 1382, 54x54
DEBUG:comtypes._post_coinit.unknwn:Release <POINTER(IUIAutomationElement) ptr=0x232be9893a0 at 232bf9e2250>
Mouse: 1694, 738 | UIA: None | EW: PySide6.QtCore.QRect(828, 344, 874, 767)
All rects available:
  0: 2396, 1364, 90x90
  1: 1737, 704, 480x630
  2: 2465, 1316, 54x54
  3: 2564, 1382, 54x54
  4: 2394, 1301, 54x54
  5: 2339, 1346, 54x54
  6: 2339, 1416, 54x54
  7: 2394, 1461, 54x54
  8: 2465, 1446, 54x54
  9: 2496, 1382, 54x54
DEBUG:comtypes._post_coinit.unknwn:Release <POINTER(IUIAutomationElement) ptr=0x23296604350 at 232bf9e22d0>
Mouse: 1701, 736 | UIA: None | EW: PySide6.QtCore.QRect(828, 344, 874, 767)
All rects available:
  0: 2396, 1364, 90x90
  1: 1737, 704, 480x630
  2: 2465, 1316, 54x54
  3: 2564, 1382, 54x54
  4: 2394, 1301, 54x54
  5: 2339, 1346, 54x54
  6: 2339, 1416, 54x54
  7: 2394, 1461, 54x54
  8: 2465, 1446, 54x54
  9: 2496, 1382, 54x54
DEBUG:comtypes._post_coinit.unknwn:Release <POINTER(IUIAutomationElement) ptr=0x232be915430 at 232bf9e2250>
Mouse: 1706, 734 | UIA: None | EW: PySide6.QtCore.QRect(0, 0, 2560, 1600)
All rects available:
  0: 2396, 1364, 90x90
  1: 1737, 704, 480x630
  2: 2465, 1316, 54x54
  3: 2564, 1382, 54x54
  4: 2394, 1301, 54x54
  5: 2339, 1346, 54x54
  6: 2339, 1416, 54x54
  7: 2394, 1461, 54x54
  8: 2465, 1446, 54x54
  9: 2496, 1382, 54x54
DEBUG:comtypes._post_coinit.unknwn:Release <POINTER(IUIAutomationElement) ptr=0x232be9081a0 at 232bf9e22d0>
Mouse: 1706, 734 | UIA: None | EW: PySide6.QtCore.QRect(0, 0, 2560, 1600)
All rects available:
  0: 2396, 1364, 90x90
  1: 1737, 704, 480x630
  2: 2465, 1316, 54x54
  3: 2564, 1382, 54x54
  4: 2394, 1301, 54x54
  5: 2339, 1346, 54x54
  6: 2339, 1416, 54x54
  7: 2394, 1461, 54x54
  8: 2465, 1446, 54x54
  9: 2496, 1382, 54x54
DEBUG:comtypes._post_coinit.unknwn:Release <POINTER(IUIAutomationElement) ptr=0x232be915430 at 232bf9e2250>
Mouse: 1710, 732 | UIA: None | EW: PySide6.QtCore.QRect(0, 0, 2560, 1600)
All rects available:
  0: 2396, 1364, 90x90
  1: 1737, 704, 480x630
  2: 2465, 1316, 54x54
  3: 2564, 1382, 54x54
  4: 2394, 1301, 54x54
  5: 2339, 1346, 54x54
  6: 2339, 1416, 54x54
  7: 2394, 1461, 54x54
  8: 2465, 1446, 54x54
  9: 2496, 1382, 54x54
DEBUG:comtypes._post_coinit.unknwn:Release <POINTER(IUIAutomationElement) ptr=0x232be9081a0 at 232bf9e22d0>
Mouse: 1712, 732 | UIA: None | EW: PySide6.QtCore.QRect(0, 0, 2560, 1600)
All rects available:
  0: 2396, 1364, 90x90
  1: 1737, 704, 480x630
  2: 2465, 1316, 54x54
  3: 2564, 1382, 54x54
  4: 2394, 1301, 54x54
  5: 2339, 1346, 54x54
  6: 2339, 1416, 54x54
  7: 2394, 1461, 54x54
  8: 2465, 1446, 54x54
  9: 2496, 1382, 54x54
DEBUG:comtypes._post_coinit.unknwn:Release <POINTER(IUIAutomationElement) ptr=0x232be915430 at 232bf9e2250>
Mouse: 1712, 732 | UIA: None | EW: PySide6.QtCore.QRect(0, 0, 2560, 1600)
All rects available:
  0: 2396, 1364, 90x90
  1: 1737, 704, 480x630
  2: 2465, 1316, 54x54
  3: 2564, 1382, 54x54
  4: 2394, 1301, 54x54
  5: 2339, 1346, 54x54
  6: 2339, 1416, 54x54
  7: 2394, 1461, 54x54
  8: 2465, 1446, 54x54
  9: 2496, 1382, 54x54
DEBUG:comtypes._post_coinit.unknwn:Release <POINTER(IUIAutomationElement) ptr=0x232be9081a0 at 232bf9e22d0>
Mouse: 1713, 732 | UIA: None | EW: PySide6.QtCore.QRect(0, 0, 2560, 1600)
All rects available:
  0: 2396, 1364, 90x90
  1: 1737, 704, 480x630
  2: 2465, 1316, 54x54
  3: 2564, 1382, 54x54
  4: 2394, 1301, 54x54
  5: 2339, 1346, 54x54
  6: 2339, 1416, 54x54
  7: 2394, 1461, 54x54
  8: 2465, 1446, 54x54
  9: 2496, 1382, 54x54
DEBUG:comtypes._post_coinit.unknwn:Release <POINTER(IUIAutomationElement) ptr=0x232be915430 at 232bf9e2250>
Mouse: 1713, 734 | UIA: None | EW: PySide6.QtCore.QRect(0, 0, 2560, 1600)
All rects available:
  0: 2396, 1364, 90x90
  1: 1737, 704, 480x630
  2: 2465, 1316, 54x54
  3: 2564, 1382, 54x54
  4: 2394, 1301, 54x54
  5: 2339, 1346, 54x54
  6: 2339, 1416, 54x54
  7: 2394, 1461, 54x54
  8: 2465, 1446, 54x54
  9: 2496, 1382, 54x54
DEBUG:comtypes._post_coinit.unknwn:Release <POINTER(IUIAutomationElement) ptr=0x232be9081a0 at 232bf9e22d0>
Mouse: 1714, 734 | UIA: None | EW: PySide6.QtCore.QRect(0, 0, 2560, 1600)
All rects available:
  0: 2396, 1364, 90x90
  1: 1737, 704, 480x630
  2: 2465, 1316, 54x54
  3: 2564, 1382, 54x54
  4: 2394, 1301, 54x54
  5: 2339, 1346, 54x54
  6: 2339, 1416, 54x54
  7: 2394, 1461, 54x54
  8: 2465, 1446, 54x54
  9: 2496, 1382, 54x54
DEBUG:comtypes._post_coinit.unknwn:Release <POINTER(IUIAutomationElement) ptr=0x232be915430 at 232bf9e2250>
Mouse: 1716, 734 | UIA: None | EW: PySide6.QtCore.QRect(0, 0, 2560, 1600)
All rects available:
  0: 2396, 1364, 90x90
  1: 1737, 704, 480x630
  2: 2465, 1316, 54x54
  3: 2564, 1382, 54x54
  4: 2394, 1301, 54x54
  5: 2339, 1346, 54x54
  6: 2339, 1416, 54x54
  7: 2394, 1461, 54x54
  8: 2465, 1446, 54x54
  9: 2496, 1382, 54x54
DEBUG:comtypes._post_coinit.unknwn:Release <POINTER(IUIAutomationElement) ptr=0x232be9081a0 at 232bf9e22d0>
Mouse: 1718, 734 | UIA: None | EW: PySide6.QtCore.QRect(0, 0, 2560, 1600)
All rects available:
  0: 2396, 1364, 90x90
  1: 1737, 704, 480x630
  2: 2465, 1316, 54x54
  3: 2564, 1382, 54x54
  4: 2394, 1301, 54x54
  5: 2339, 1346, 54x54
  6: 2339, 1416, 54x54
  7: 2394, 1461, 54x54
  8: 2465, 1446, 54x54
  9: 2496, 1382, 54x54
DEBUG:comtypes._post_coinit.unknwn:Release <POINTER(IUIAutomationElement) ptr=0x232be915430 at 232bf9e2250>
Mouse: 1720, 734 | UIA: None | EW: PySide6.QtCore.QRect(0, 0, 2560, 1600)
All rects available:
  0: 2396, 1364, 90x90
  1: 1737, 704, 480x630
  2: 2465, 1316, 54x54
  3: 2564, 1382, 54x54
  4: 2394, 1301, 54x54
  5: 2339, 1346, 54x54
  6: 2339, 1416, 54x54
  7: 2394, 1461, 54x54
  8: 2465, 1446, 54x54
  9: 2496, 1382, 54x54
DEBUG:comtypes._post_coinit.unknwn:Release <POINTER(IUIAutomationElement) ptr=0x232be9081a0 at 232bf9e22d0>
Mouse: 1720, 734 | UIA: None | EW: PySide6.QtCore.QRect(0, 0, 2560, 1600)
All rects available:
  0: 2396, 1364, 90x90
  1: 1737, 704, 480x630
  2: 2465, 1316, 54x54
  3: 2564, 1382, 54x54
  4: 2394, 1301, 54x54
  5: 2339, 1346, 54x54
  6: 2339, 1416, 54x54
  7: 2394, 1461, 54x54
  8: 2465, 1446, 54x54
  9: 2496, 1382, 54x54
DEBUG:comtypes._post_coinit.unknwn:Release <POINTER(IUIAutomationElement) ptr=0x232be915430 at 232bf9e2250>
Mouse: 1725, 738 | UIA: None | EW: PySide6.QtCore.QRect(0, 0, 2560, 1600)
All rects available:
  0: 2396, 1364, 90x90
  1: 1737, 704, 480x630
  2: 2465, 1316, 54x54
  3: 2564, 1382, 54x54
  4: 2394, 1301, 54x54
  5: 2339, 1346, 54x54
  6: 2339, 1416, 54x54
  7: 2394, 1461, 54x54
  8: 2465, 1446, 54x54
  9: 2496, 1382, 54x54
DEBUG:comtypes._post_coinit.unknwn:Release <POINTER(IUIAutomationElement) ptr=0x232be9081a0 at 232bf9e22d0>
Mouse: 1731, 742 | UIA: None | EW: PySide6.QtCore.QRect(0, 0, 2560, 1600)
All rects available:
  0: 2396, 1364, 90x90
  1: 1737, 704, 480x630
  2: 2465, 1316, 54x54
  3: 2564, 1382, 54x54
  4: 2394, 1301, 54x54
  5: 2339, 1346, 54x54
  6: 2339, 1416, 54x54
  7: 2394, 1461, 54x54
  8: 2465, 1446, 54x54
  9: 2496, 1382, 54x54
DEBUG:comtypes._post_coinit.unknwn:Release <POINTER(IUIAutomationElement) ptr=0x232be915430 at 232bf9e2250>
Mouse: 1734, 742 | UIA: None | EW: PySide6.QtCore.QRect(0, 0, 2560, 1600)
All rects available:
  0: 2396, 1364, 90x90
  1: 1737, 704, 480x630
  2: 2465, 1316, 54x54
  3: 2564, 1382, 54x54
  4: 2394, 1301, 54x54
  5: 2339, 1346, 54x54
  6: 2339, 1416, 54x54
  7: 2394, 1461, 54x54
  8: 2465, 1446, 54x54
  9: 2496, 1382, 54x54
DEBUG:comtypes._post_coinit.unknwn:Release <POINTER(IUIAutomationElement) ptr=0x232be9081a0 at 232bf9e22d0>
Mouse: 1740, 742 | UIA: None | EW: PySide6.QtCore.QRect(1737, 704, 480, 630)
All rects available:
  0: 2396, 1364, 90x90
  1: 1737, 704, 480x630
  2: 2465, 1316, 54x54
  3: 2564, 1382, 54x54
  4: 2394, 1301, 54x54
  5: 2339, 1346, 54x54
  6: 2339, 1416, 54x54
  7: 2394, 1461, 54x54
  8: 2465, 1446, 54x54
  9: 2496, 1382, 54x54
DEBUG:comtypes._post_coinit.unknwn:Release <POINTER(IUIAutomationElement) ptr=0x232be915430 at 232bf9e2250>
Mouse: 1748, 742 | UIA: None | EW: PySide6.QtCore.QRect(1737, 704, 480, 630)
All rects available:
  0: 2396, 1364, 90x90
  1: 1737, 704, 480x630
  2: 2465, 1316, 54x54
  3: 2564, 1382, 54x54
  4: 2394, 1301, 54x54
  5: 2339, 1346, 54x54
  6: 2339, 1416, 54x54
  7: 2394, 1461, 54x54
  8: 2465, 1446, 54x54
  9: 2496, 1382, 54x54
DEBUG:comtypes._post_coinit.unknwn:Release <POINTER(IUIAutomationElement) ptr=0x232be9893a0 at 232bf9e22d0>
Mouse: 1752, 742 | UIA: None | EW: PySide6.QtCore.QRect(1737, 704, 480, 630)
All rects available:
  0: 2396, 1364, 90x90
  1: 1737, 704, 480x630
  2: 2465, 1316, 54x54
  3: 2564, 1382, 54x54
  4: 2394, 1301, 54x54
  5: 2339, 1346, 54x54
  6: 2339, 1416, 54x54
  7: 2394, 1461, 54x54
  8: 2465, 1446, 54x54
  9: 2496, 1382, 54x54
DEBUG:comtypes._post_coinit.unknwn:Release <POINTER(IUIAutomationElement) ptr=0x23296604350 at 232bf9e2250>
Mouse: 1755, 742 | UIA: None | EW: PySide6.QtCore.QRect(1737, 704, 480, 630)
All rects available:
  0: 2396, 1364, 90x90
  1: 1737, 704, 480x630
  2: 2465, 1316, 54x54
  3: 2564, 1382, 54x54
  4: 2394, 1301, 54x54
  5: 2339, 1346, 54x54
  6: 2339, 1416, 54x54
  7: 2394, 1461, 54x54
  8: 2465, 1446, 54x54
  9: 2496, 1382, 54x54
DEBUG:comtypes._post_coinit.unknwn:Release <POINTER(IUIAutomationElement) ptr=0x232be9081a0 at 232bf9e22d0>
Mouse: 1756, 742 | UIA: None | EW: PySide6.QtCore.QRect(1737, 704, 480, 630)
All rects available:
  0: 2396, 1364, 90x90
  1: 1737, 704, 480x630
  2: 2465, 1316, 54x54
  3: 2564, 1382, 54x54
  4: 2394, 1301, 54x54
  5: 2339, 1346, 54x54
  6: 2339, 1416, 54x54
  7: 2394, 1461, 54x54
  8: 2465, 1446, 54x54
  9: 2496, 1382, 54x54
DEBUG:comtypes._post_coinit.unknwn:Release <POINTER(IUIAutomationElement) ptr=0x232be915430 at 232bf9e2250>
Mouse: 1758, 744 | UIA: None | EW: PySide6.QtCore.QRect(1737, 704, 480, 630)
All rects available:
  0: 2396, 1364, 90x90
  1: 1737, 704, 480x630
  2: 2465, 1316, 54x54
  3: 2564, 1382, 54x54
  4: 2394, 1301, 54x54
  5: 2339, 1346, 54x54
  6: 2339, 1416, 54x54
  7: 2394, 1461, 54x54
  8: 2465, 1446, 54x54
  9: 2496, 1382, 54x54
DEBUG:comtypes._post_coinit.unknwn:Release <POINTER(IUIAutomationElement) ptr=0x232be9893a0 at 232bf9e22d0>
Mouse: 1760, 744 | UIA: None | EW: PySide6.QtCore.QRect(1737, 704, 480, 630)
All rects available:
  0: 2396, 1364, 90x90
  1: 1737, 704, 480x630
  2: 2465, 1316, 54x54
  3: 2564, 1382, 54x54
  4: 2394, 1301, 54x54
  5: 2339, 1346, 54x54
  6: 2339, 1416, 54x54
  7: 2394, 1461, 54x54
  8: 2465, 1446, 54x54
  9: 2496, 1382, 54x54
DEBUG:comtypes._post_coinit.unknwn:Release <POINTER(IUIAutomationElement) ptr=0x23296604350 at 232bf9e2250>
Mouse: 1760, 744 | UIA: None | EW: PySide6.QtCore.QRect(1737, 704, 480, 630)
All rects available:
  0: 2396, 1364, 90x90
  1: 1737, 704, 480x630
  2: 2465, 1316, 54x54
  3: 2564, 1382, 54x54
  4: 2394, 1301, 54x54
  5: 2339, 1346, 54x54
  6: 2339, 1416, 54x54
  7: 2394, 1461, 54x54
  8: 2465, 1446, 54x54
  9: 2496, 1382, 54x54
DEBUG:comtypes._post_coinit.unknwn:Release <POINTER(IUIAutomationElement) ptr=0x232be9081a0 at 232bf9e22d0>
Mouse: 1760, 746 | UIA: None | EW: PySide6.QtCore.QRect(1737, 704, 480, 630)
All rects available:
  0: 2396, 1364, 90x90
  1: 1737, 704, 480x630
  2: 2465, 1316, 54x54
  3: 2564, 1382, 54x54
  4: 2394, 1301, 54x54
  5: 2339, 1346, 54x54
  6: 2339, 1416, 54x54
  7: 2394, 1461, 54x54
  8: 2465, 1446, 54x54
  9: 2496, 1382, 54x54
DEBUG:comtypes._post_coinit.unknwn:Release <POINTER(IUIAutomationElement) ptr=0x232be915430 at 232bf9e2250>
Mouse: 1760, 746 | UIA: None | EW: PySide6.QtCore.QRect(1737, 704, 480, 630)
All rects available:
  0: 2396, 1364, 90x90
  1: 1737, 704, 480x630
  2: 2465, 1316, 54x54
  3: 2564, 1382, 54x54
  4: 2394, 1301, 54x54
  5: 2339, 1346, 54x54
  6: 2339, 1416, 54x54
  7: 2394, 1461, 54x54
  8: 2465, 1446, 54x54
  9: 2496, 1382, 54x54
DEBUG:comtypes._post_coinit.unknwn:Release <POINTER(IUIAutomationElement) ptr=0x232be9893a0 at 232bf9e22d0>
Mouse: 1760, 747 | UIA: None | EW: PySide6.QtCore.QRect(1737, 704, 480, 630)
All rects available:
  0: 2396, 1364, 90x90
  1: 1737, 704, 480x630
  2: 2465, 1316, 54x54
  3: 2564, 1382, 54x54
  4: 2394, 1301, 54x54
  5: 2339, 1346, 54x54
  6: 2339, 1416, 54x54
  7: 2394, 1461, 54x54
  8: 2465, 1446, 54x54
  9: 2496, 1382, 54x54
DEBUG:comtypes._post_coinit.unknwn:Release <POINTER(IUIAutomationElement) ptr=0x23296604350 at 232bf9e2250>
Mouse: 1760, 748 | UIA: None | EW: PySide6.QtCore.QRect(1737, 704, 480, 630)
All rects available:
  0: 2396, 1364, 90x90
  1: 1737, 704, 480x630
  2: 2465, 1316, 54x54
  3: 2564, 1382, 54x54
  4: 2394, 1301, 54x54
  5: 2339, 1346, 54x54
  6: 2339, 1416, 54x54
  7: 2394, 1461, 54x54
  8: 2465, 1446, 54x54
  9: 2496, 1382, 54x54
DEBUG:comtypes._post_coinit.unknwn:Release <POINTER(IUIAutomationElement) ptr=0x232be9081a0 at 232bf9e22d0>
Mouse: 1760, 750 | UIA: None | EW: PySide6.QtCore.QRect(1737, 704, 480, 630)
All rects available:
  0: 2396, 1364, 90x90
  1: 1737, 704, 480x630
  2: 2465, 1316, 54x54
  3: 2564, 1382, 54x54
  4: 2394, 1301, 54x54
  5: 2339, 1346, 54x54
  6: 2339, 1416, 54x54
  7: 2394, 1461, 54x54
  8: 2465, 1446, 54x54
  9: 2496, 1382, 54x54
DEBUG:comtypes._post_coinit.unknwn:Release <POINTER(IUIAutomationElement) ptr=0x232be915430 at 232bf9e2250>
Mouse: 1766, 750 | UIA: None | EW: PySide6.QtCore.QRect(1737, 704, 480, 630)
All rects available:
  0: 2396, 1364, 90x90
  1: 1737, 704, 480x630
  2: 2465, 1316, 54x54
  3: 2564, 1382, 54x54
  4: 2394, 1301, 54x54
  5: 2339, 1346, 54x54
  6: 2339, 1416, 54x54
  7: 2394, 1461, 54x54
  8: 2465, 1446, 54x54
  9: 2496, 1382, 54x54
DEBUG:comtypes._post_coinit.unknwn:Release <POINTER(IUIAutomationElement) ptr=0x232be9893a0 at 232bf9e22d0>
Mouse: 1772, 750 | UIA: None | EW: PySide6.QtCore.QRect(1737, 704, 480, 630)
All rects available:
  0: 2396, 1364, 90x90
  1: 1737, 704, 480x630
  2: 2465, 1316, 54x54
  3: 2564, 1382, 54x54
  4: 2394, 1301, 54x54
  5: 2339, 1346, 54x54
  6: 2339, 1416, 54x54
  7: 2394, 1461, 54x54
  8: 2465, 1446, 54x54
  9: 2496, 1382, 54x54
DEBUG:comtypes._post_coinit.unknwn:Release <POINTER(IUIAutomationElement) ptr=0x23296604350 at 232bf9e2250>
Mouse: 1773, 752 | UIA: None | EW: PySide6.QtCore.QRect(1737, 704, 480, 630)
All rects available:
  0: 2396, 1364, 90x90
  1: 1737, 704, 480x630
  2: 2465, 1316, 54x54
  3: 2564, 1382, 54x54
  4: 2394, 1301, 54x54
  5: 2339, 1346, 54x54
  6: 2339, 1416, 54x54
  7: 2394, 1461, 54x54
  8: 2465, 1446, 54x54
  9: 2496, 1382, 54x54
DEBUG:comtypes._post_coinit.unknwn:Release <POINTER(IUIAutomationElement) ptr=0x232be9081a0 at 232bf9e22d0>
Mouse: 1774, 752 | UIA: None | EW: PySide6.QtCore.QRect(1737, 704, 480, 630)
All rects available:
  0: 2396, 1364, 90x90
  1: 1737, 704, 480x630
  2: 2465, 1316, 54x54
  3: 2564, 1382, 54x54
  4: 2394, 1301, 54x54
  5: 2339, 1346, 54x54
  6: 2339, 1416, 54x54
  7: 2394, 1461, 54x54
  8: 2465, 1446, 54x54
  9: 2496, 1382, 54x54
DEBUG:comtypes._post_coinit.unknwn:Release <POINTER(IUIAutomationElement) ptr=0x232be915430 at 232bf9e2250>
Mouse: 1774, 750 | UIA: None | EW: PySide6.QtCore.QRect(1737, 704, 480, 630)
All rects available:
  0: 2396, 1364, 90x90
  1: 1737, 704, 480x630
  2: 2465, 1316, 54x54
  3: 2564, 1382, 54x54
  4: 2394, 1301, 54x54
  5: 2339, 1346, 54x54
  6: 2339, 1416, 54x54
  7: 2394, 1461, 54x54
  8: 2465, 1446, 54x54
  9: 2496, 1382, 54x54
DEBUG:comtypes._post_coinit.unknwn:Release <POINTER(IUIAutomationElement) ptr=0x232be9893a0 at 232bf9e22d0>
Mouse: 1774, 748 | UIA: None | EW: PySide6.QtCore.QRect(1737, 704, 480, 630)
All rects available:
  0: 2396, 1364, 90x90
  1: 1737, 704, 480x630
  2: 2465, 1316, 54x54
  3: 2564, 1382, 54x54
  4: 2394, 1301, 54x54
  5: 2339, 1346, 54x54
  6: 2339, 1416, 54x54
  7: 2394, 1461, 54x54
  8: 2465, 1446, 54x54
  9: 2496, 1382, 54x54
DEBUG:comtypes._post_coinit.unknwn:Release <POINTER(IUIAutomationElement) ptr=0x23296604350 at 232bf9e2250>
Mouse: 1774, 747 | UIA: None | EW: PySide6.QtCore.QRect(1737, 704, 480, 630)
All rects available:
  0: 2396, 1364, 90x90
  1: 1737, 704, 480x630
  2: 2465, 1316, 54x54
  3: 2564, 1382, 54x54
  4: 2394, 1301, 54x54
  5: 2339, 1346, 54x54
  6: 2339, 1416, 54x54
  7: 2394, 1461, 54x54
  8: 2465, 1446, 54x54
  9: 2496, 1382, 54x54
DEBUG:comtypes._post_coinit.unknwn:Release <POINTER(IUIAutomationElement) ptr=0x232be9081a0 at 232bf9e22d0>
Mouse: 1768, 742 | UIA: None | EW: PySide6.QtCore.QRect(1737, 704, 480, 630)
All rects available:
  0: 2396, 1364, 90x90
  1: 1737, 704, 480x630
  2: 2465, 1316, 54x54
  3: 2564, 1382, 54x54
  4: 2394, 1301, 54x54
  5: 2339, 1346, 54x54
  6: 2339, 1416, 54x54
  7: 2394, 1461, 54x54
  8: 2465, 1446, 54x54
  9: 2496, 1382, 54x54
DEBUG:comtypes._post_coinit.unknwn:Release <POINTER(IUIAutomationElement) ptr=0x232be915430 at 232bf9e2250>
Mouse: 1768, 741 | UIA: None | EW: PySide6.QtCore.QRect(1737, 704, 480, 630)
All rects available:
  0: 2396, 1364, 90x90
  1: 1737, 704, 480x630
  2: 2465, 1316, 54x54
  3: 2564, 1382, 54x54
  4: 2394, 1301, 54x54
  5: 2339, 1346, 54x54
  6: 2339, 1416, 54x54
  7: 2394, 1461, 54x54
  8: 2465, 1446, 54x54
  9: 2496, 1382, 54x54
DEBUG:root:--- get_all_visible_rects called ---
DEBUG:root:Rect: 2339, 1416, 54x54
DEBUG:root:Rect: 2496, 1382, 54x54
DEBUG:root:Rect: 2396, 1364, 90x90
DEBUG:root:Rect: 1737, 704, 480x630
DEBUG:root:Rect: 2465, 1316, 54x54
DEBUG:root:Rect: 2564, 1382, 54x54
DEBUG:root:Rect: 2394, 1301, 54x54
DEBUG:root:Rect: 2339, 1346, 54x54
DEBUG:root:Rect: 2394, 1461, 54x54
DEBUG:root:Rect: 2465, 1446, 54x54
DEBUG:root:Rect: 1960, 14, 270x210
DEBUG:root:Rect: 11, 205, 1497x1346
DEBUG:root:Rect: 236, 85, 939x151
DEBUG:root:Rect: 11, 24, 1496x1527
DEBUG:root:Rect: 9, 24, 1500x1529
DEBUG:root:Rect: 828, 344, 874x767
DEBUG:root:Rect: 0, 0, 22x22
DEBUG:root:Rect: 0, 0, 2560x1600
DEBUG:root:Rect: -31818, -31939, 885x151
DEBUG:root:Rect: -31989, -32000, 1496x1528
DEBUG:root:Rect: -31991, -32000, 219x30
DEBUG:root:Rect: -31992, -31999, 1004x861
DEBUG:root:Rect: -31994, -32000, 225x33
DEBUG:root:Rect: -31989, -32000, 1447x1245
DEBUG:root:Rect: -31989, -32000, 1317x972
DEBUG:root:Rect: -32000, -32000, 1815x1464
DEBUG:root:Rect: -32000, -32000, 237x39
DEBUG:root:Rect: -32000, -32000, 1920x1200
DEBUG:root:Rect: -32000, -32000, 1920x69
DEBUG:root:Rect: -31991, -32000, 219x39
DEBUG:root:--- get_all_visible_rects called ---
DEBUG:root:Rect: 2496, 1382, 54x54
DEBUG:root:Rect: 1806, 656, 480x630
DEBUG:root:Rect: 2465, 1316, 54x54
DEBUG:root:Rect: 2339, 1416, 54x54
DEBUG:root:Rect: 2396, 1364, 90x90
DEBUG:root:Rect: 2564, 1382, 54x54
DEBUG:root:Rect: 2394, 1301, 54x54
DEBUG:root:Rect: 2339, 1346, 54x54
DEBUG:root:Rect: 2394, 1461, 54x54
DEBUG:root:Rect: 2465, 1446, 54x54
DEBUG:root:Rect: 1960, 14, 270x210
DEBUG:root:Rect: 11, 205, 1497x1346
DEBUG:root:Rect: 236, 85, 939x151
DEBUG:root:Rect: 11, 24, 1496x1527
DEBUG:root:Rect: 9, 24, 1500x1529
DEBUG:root:Rect: 828, 344, 874x767
DEBUG:root:Rect: 0, 0, 22x22
DEBUG:root:Rect: 0, 0, 2560x1600
DEBUG:root:Rect: -31818, -31939, 885x151
DEBUG:root:Rect: -31989, -32000, 1496x1528
DEBUG:root:Rect: -31991, -32000, 219x30
DEBUG:root:Rect: -31992, -31999, 1004x861
DEBUG:root:Rect: -31994, -32000, 225x33
DEBUG:root:Rect: -31989, -32000, 1447x1245
DEBUG:root:Rect: -31989, -32000, 1317x972
DEBUG:root:Rect: -32000, -32000, 1815x1464
DEBUG:root:Rect: -32000, -32000, 237x39
DEBUG:root:Rect: -32000, -32000, 1920x1200
DEBUG:root:Rect: -32000, -32000, 1920x69
DEBUG:root:Rect: -31991, -32000, 219x39
DEBUG:comtypes._post_coinit.unknwn:Release <POINTER(IUIAutomationElement) ptr=0x232bea60d20 at 232bf9e20d0>
Mouse: 1161, 868 | UIA: None | EW: PySide6.QtCore.QRect(11, 205, 1497, 1346)
All rects available:
  0: 2496, 1382, 54x54
  1: 1806, 656, 480x630
  2: 2465, 1316, 54x54
  3: 2339, 1416, 54x54
  4: 2396, 1364, 90x90
  5: 2564, 1382, 54x54
  6: 2394, 1301, 54x54
  7: 2339, 1346, 54x54
  8: 2394, 1461, 54x54
  9: 2465, 1446, 54x54
DEBUG:comtypes._post_coinit.unknwn:Release <POINTER(IUIAutomationElement) ptr=0x232bea61470 at 232bf9e2150>
Mouse: 1161, 870 | UIA: None | EW: PySide6.QtCore.QRect(11, 205, 1497, 1346)
All rects available:
  0: 2496, 1382, 54x54
  1: 1806, 656, 480x630
  2: 2465, 1316, 54x54
  3: 2339, 1416, 54x54
  4: 2396, 1364, 90x90
  5: 2564, 1382, 54x54
  6: 2394, 1301, 54x54
  7: 2339, 1346, 54x54
  8: 2394, 1461, 54x54
  9: 2465, 1446, 54x54
DEBUG:comtypes._post_coinit.unknwn:Release <POINTER(IUIAutomationElement) ptr=0x232bea617d0 at 232bf9e20d0>
Mouse: 1160, 872 | UIA: None | EW: PySide6.QtCore.QRect(11, 205, 1497, 1346)
All rects available:
  0: 2496, 1382, 54x54
  1: 1806, 656, 480x630
  2: 2465, 1316, 54x54
  3: 2339, 1416, 54x54
  4: 2396, 1364, 90x90
  5: 2564, 1382, 54x54
  6: 2394, 1301, 54x54
  7: 2339, 1346, 54x54
  8: 2394, 1461, 54x54
  9: 2465, 1446, 54x54
DEBUG:comtypes._post_coinit.unknwn:Release <POINTER(IUIAutomationElement) ptr=0x232bea612c0 at 232bf9e2150>
Mouse: 1158, 873 | UIA: None | EW: PySide6.QtCore.QRect(11, 205, 1497, 1346)
All rects available:
  0: 2496, 1382, 54x54
  1: 1806, 656, 480x630
  2: 2465, 1316, 54x54
  3: 2339, 1416, 54x54
  4: 2396, 1364, 90x90
  5: 2564, 1382, 54x54
  6: 2394, 1301, 54x54
  7: 2339, 1346, 54x54
  8: 2394, 1461, 54x54
  9: 2465, 1446, 54x54
DEBUG:comtypes._post_coinit.unknwn:Release <POINTER(IUIAutomationElement) ptr=0x232bea605d0 at 232bf9e20d0>
Mouse: 1158, 878 | UIA: None | EW: PySide6.QtCore.QRect(11, 205, 1497, 1346)
All rects available:
  0: 2496, 1382, 54x54
  1: 1806, 656, 480x630
  2: 2465, 1316, 54x54
  3: 2339, 1416, 54x54
  4: 2396, 1364, 90x90
  5: 2564, 1382, 54x54
  6: 2394, 1301, 54x54
  7: 2339, 1346, 54x54
  8: 2394, 1461, 54x54
  9: 2465, 1446, 54x54
DEBUG:comtypes._post_coinit.unknwn:Release <POINTER(IUIAutomationElement) ptr=0x232bea600c0 at 232bf9e2150>
Mouse: 1156, 885 | UIA: None | EW: PySide6.QtCore.QRect(11, 205, 1497, 1346)
All rects available:
  0: 2496, 1382, 54x54
  1: 1806, 656, 480x630
  2: 2465, 1316, 54x54
  3: 2339, 1416, 54x54
  4: 2396, 1364, 90x90
  5: 2564, 1382, 54x54
  6: 2394, 1301, 54x54
  7: 2339, 1346, 54x54
  8: 2394, 1461, 54x54
  9: 2465, 1446, 54x54
DEBUG:comtypes._post_coinit.unknwn:Release <POINTER(IUIAutomationElement) ptr=0x232bea60390 at 232bf9e20d0>
Mouse: 1154, 892 | UIA: None | EW: PySide6.QtCore.QRect(11, 205, 1497, 1346)
All rects available:
  0: 2496, 1382, 54x54
  1: 1806, 656, 480x630
  2: 2465, 1316, 54x54
  3: 2339, 1416, 54x54
  4: 2396, 1364, 90x90
  5: 2564, 1382, 54x54
  6: 2394, 1301, 54x54
  7: 2339, 1346, 54x54
  8: 2394, 1461, 54x54
  9: 2465, 1446, 54x54
DEBUG:comtypes._post_coinit.unknwn:Release <POINTER(IUIAutomationElement) ptr=0x232bea61e00 at 232bf9e2150>
Mouse: 1152, 896 | UIA: None | EW: PySide6.QtCore.QRect(11, 205, 1497, 1346)
All rects available:
  0: 2496, 1382, 54x54
  1: 1806, 656, 480x630
  2: 2465, 1316, 54x54
  3: 2339, 1416, 54x54
  4: 2396, 1364, 90x90
  5: 2564, 1382, 54x54
  6: 2394, 1301, 54x54
  7: 2339, 1346, 54x54
  8: 2394, 1461, 54x54
  9: 2465, 1446, 54x54
DEBUG:comtypes._post_coinit.unknwn:Release <POINTER(IUIAutomationElement) ptr=0x232bea60d20 at 232bf9e20d0>
Mouse: 1148, 900 | UIA: None | EW: PySide6.QtCore.QRect(11, 205, 1497, 1346)
All rects available:
  0: 2496, 1382, 54x54
  1: 1806, 656, 480x630
  2: 2465, 1316, 54x54
  3: 2339, 1416, 54x54
  4: 2396, 1364, 90x90
  5: 2564, 1382, 54x54
  6: 2394, 1301, 54x54
  7: 2339, 1346, 54x54
  8: 2394, 1461, 54x54
  9: 2465, 1446, 54x54
DEBUG:comtypes._post_coinit.unknwn:Release <POINTER(IUIAutomationElement) ptr=0x232bea61d70 at 232bf9e2150>
Mouse: 1142, 904 | UIA: None | EW: PySide6.QtCore.QRect(11, 205, 1497, 1346)
All rects available:
  0: 2496, 1382, 54x54
  1: 1806, 656, 480x630
  2: 2465, 1316, 54x54
  3: 2339, 1416, 54x54
  4: 2396, 1364, 90x90
  5: 2564, 1382, 54x54
  6: 2394, 1301, 54x54
  7: 2339, 1346, 54x54
  8: 2394, 1461, 54x54
  9: 2465, 1446, 54x54
DEBUG:comtypes._post_coinit.unknwn:Release <POINTER(IUIAutomationElement) ptr=0x232bea60f60 at 232bf9e20d0>
Mouse: 1138, 908 | UIA: None | EW: PySide6.QtCore.QRect(11, 205, 1497, 1346)
All rects available:
  0: 2496, 1382, 54x54
  1: 1806, 656, 480x630
  2: 2465, 1316, 54x54
  3: 2339, 1416, 54x54
  4: 2396, 1364, 90x90
  5: 2564, 1382, 54x54
  6: 2394, 1301, 54x54
  7: 2339, 1346, 54x54
  8: 2394, 1461, 54x54
  9: 2465, 1446, 54x54
DEBUG:comtypes._post_coinit.unknwn:Release <POINTER(IUIAutomationElement) ptr=0x232bea609c0 at 232bf9e2150>
Mouse: 1134, 914 | UIA: None | EW: PySide6.QtCore.QRect(11, 205, 1497, 1346)
All rects available:
  0: 2496, 1382, 54x54
  1: 1806, 656, 480x630
  2: 2465, 1316, 54x54
  3: 2339, 1416, 54x54
  4: 2396, 1364, 90x90
  5: 2564, 1382, 54x54
  6: 2394, 1301, 54x54
  7: 2339, 1346, 54x54
  8: 2394, 1461, 54x54
  9: 2465, 1446, 54x54
DEBUG:comtypes._post_coinit.unknwn:Release <POINTER(IUIAutomationElement) ptr=0x232bea60420 at 232bf9e20d0>
Mouse: 1130, 920 | UIA: None | EW: PySide6.QtCore.QRect(11, 205, 1497, 1346)
All rects available:
  0: 2496, 1382, 54x54
  1: 1806, 656, 480x630
  2: 2465, 1316, 54x54
  3: 2339, 1416, 54x54
  4: 2396, 1364, 90x90
  5: 2564, 1382, 54x54
  6: 2394, 1301, 54x54
  7: 2339, 1346, 54x54
  8: 2394, 1461, 54x54
  9: 2465, 1446, 54x54
DEBUG:comtypes._post_coinit.unknwn:Release <POINTER(IUIAutomationElement) ptr=0x232bea617d0 at 232bf9e2150>
Mouse: 1124, 928 | UIA: None | EW: PySide6.QtCore.QRect(11, 205, 1497, 1346)
All rects available:
  0: 2496, 1382, 54x54
  1: 1806, 656, 480x630
  2: 2465, 1316, 54x54
  3: 2339, 1416, 54x54
  4: 2396, 1364, 90x90
  5: 2564, 1382, 54x54
  6: 2394, 1301, 54x54
  7: 2339, 1346, 54x54
  8: 2394, 1461, 54x54
  9: 2465, 1446, 54x54
DEBUG:comtypes._post_coinit.unknwn:Release <POINTER(IUIAutomationElement) ptr=0x232bea604b0 at 232bf9e20d0>
Mouse: 1118, 938 | UIA: None | EW: PySide6.QtCore.QRect(11, 205, 1497, 1346)
All rects available:
  0: 2496, 1382, 54x54
  1: 1806, 656, 480x630
  2: 2465, 1316, 54x54
  3: 2339, 1416, 54x54
  4: 2396, 1364, 90x90
  5: 2564, 1382, 54x54
  6: 2394, 1301, 54x54
  7: 2339, 1346, 54x54
  8: 2394, 1461, 54x54
  9: 2465, 1446, 54x54
DEBUG:comtypes._post_coinit.unknwn:Release <POINTER(IUIAutomationElement) ptr=0x232bea61aa0 at 232bf9e2150>
Mouse: 1116, 940 | UIA: None | EW: PySide6.QtCore.QRect(11, 205, 1497, 1346)
All rects available:
  0: 2496, 1382, 54x54
  1: 1806, 656, 480x630
  2: 2465, 1316, 54x54
  3: 2339, 1416, 54x54
  4: 2396, 1364, 90x90
  5: 2564, 1382, 54x54
  6: 2394, 1301, 54x54
  7: 2339, 1346, 54x54
  8: 2394, 1461, 54x54
  9: 2465, 1446, 54x54
DEBUG:comtypes._post_coinit.unknwn:Release <POINTER(IUIAutomationElement) ptr=0x232bea61230 at 232bf9e20d0>
Mouse: 1114, 944 | UIA: None | EW: PySide6.QtCore.QRect(11, 205, 1497, 1346)
All rects available:
  0: 2496, 1382, 54x54
  1: 1806, 656, 480x630
  2: 2465, 1316, 54x54
  3: 2339, 1416, 54x54
  4: 2396, 1364, 90x90
  5: 2564, 1382, 54x54
  6: 2394, 1301, 54x54
  7: 2339, 1346, 54x54
  8: 2394, 1461, 54x54
  9: 2465, 1446, 54x54
DEBUG:comtypes._post_coinit.unknwn:Release <POINTER(IUIAutomationElement) ptr=0x232bea616b0 at 232bf9e2150>
Mouse: 1112, 950 | UIA: None | EW: PySide6.QtCore.QRect(11, 205, 1497, 1346)
All rects available:
  0: 2496, 1382, 54x54
  1: 1806, 656, 480x630
  2: 2465, 1316, 54x54
  3: 2339, 1416, 54x54
  4: 2396, 1364, 90x90
  5: 2564, 1382, 54x54
  6: 2394, 1301, 54x54
  7: 2339, 1346, 54x54
  8: 2394, 1461, 54x54
  9: 2465, 1446, 54x54
DEBUG:comtypes._post_coinit.unknwn:Release <POINTER(IUIAutomationElement) ptr=0x232bea60420 at 232bf9e20d0>
Mouse: 1112, 952 | UIA: None | EW: PySide6.QtCore.QRect(11, 205, 1497, 1346)
All rects available:
  0: 2496, 1382, 54x54
  1: 1806, 656, 480x630
  2: 2465, 1316, 54x54
  3: 2339, 1416, 54x54
  4: 2396, 1364, 90x90
  5: 2564, 1382, 54x54
  6: 2394, 1301, 54x54
  7: 2339, 1346, 54x54
  8: 2394, 1461, 54x54
  9: 2465, 1446, 54x54
DEBUG:comtypes._post_coinit.unknwn:Release <POINTER(IUIAutomationElement) ptr=0x232bea605d0 at 232bf9e2150>
Mouse: 1112, 954 | UIA: None | EW: PySide6.QtCore.QRect(11, 205, 1497, 1346)
All rects available:
  0: 2496, 1382, 54x54
  1: 1806, 656, 480x630
  2: 2465, 1316, 54x54
  3: 2339, 1416, 54x54
  4: 2396, 1364, 90x90
  5: 2564, 1382, 54x54
  6: 2394, 1301, 54x54
  7: 2339, 1346, 54x54
  8: 2394, 1461, 54x54
  9: 2465, 1446, 54x54
DEBUG:comtypes._post_coinit.unknwn:Release <POINTER(IUIAutomationElement) ptr=0x232bea61620 at 232bf9e20d0>
Mouse: 1110, 954 | UIA: None | EW: PySide6.QtCore.QRect(11, 205, 1497, 1346)
All rects available:
  0: 2496, 1382, 54x54
  1: 1806, 656, 480x630
  2: 2465, 1316, 54x54
  3: 2339, 1416, 54x54
  4: 2396, 1364, 90x90
  5: 2564, 1382, 54x54
  6: 2394, 1301, 54x54
  7: 2339, 1346, 54x54
  8: 2394, 1461, 54x54
  9: 2465, 1446, 54x54
DEBUG:comtypes._post_coinit.unknwn:Release <POINTER(IUIAutomationElement) ptr=0x232bea60150 at 232bf9e2150>
Mouse: 1110, 952 | UIA: None | EW: PySide6.QtCore.QRect(11, 205, 1497, 1346)
All rects available:
  0: 2496, 1382, 54x54
  1: 1806, 656, 480x630
  2: 2465, 1316, 54x54
  3: 2339, 1416, 54x54
  4: 2396, 1364, 90x90
  5: 2564, 1382, 54x54
  6: 2394, 1301, 54x54
  7: 2339, 1346, 54x54
  8: 2394, 1461, 54x54
  9: 2465, 1446, 54x54
DEBUG:comtypes._post_coinit.unknwn:Release <POINTER(IUIAutomationElement) ptr=0x232bea60b70 at 232bf9e20d0>
Mouse: 1108, 950 | UIA: None | EW: PySide6.QtCore.QRect(11, 205, 1497, 1346)
All rects available:
  0: 2496, 1382, 54x54
  1: 1806, 656, 480x630
  2: 2465, 1316, 54x54
  3: 2339, 1416, 54x54
  4: 2396, 1364, 90x90
  5: 2564, 1382, 54x54
  6: 2394, 1301, 54x54
  7: 2339, 1346, 54x54
  8: 2394, 1461, 54x54
  9: 2465, 1446, 54x54
DEBUG:comtypes._post_coinit.unknwn:Release <POINTER(IUIAutomationElement) ptr=0x232bea612c0 at 232bf9e2150>
Mouse: 1096, 932 | UIA: None | EW: PySide6.QtCore.QRect(11, 205, 1497, 1346)
All rects available:
  0: 2496, 1382, 54x54
  1: 1806, 656, 480x630
  2: 2465, 1316, 54x54
  3: 2339, 1416, 54x54
  4: 2396, 1364, 90x90
  5: 2564, 1382, 54x54
  6: 2394, 1301, 54x54
  7: 2339, 1346, 54x54
  8: 2394, 1461, 54x54
  9: 2465, 1446, 54x54
DEBUG:comtypes._post_coinit.unknwn:Release <POINTER(IUIAutomationElement) ptr=0x232bea605d0 at 232bf9e20d0>
Mouse: 1092, 910 | UIA: None | EW: PySide6.QtCore.QRect(11, 205, 1497, 1346)
All rects available:
  0: 2496, 1382, 54x54
  1: 1806, 656, 480x630
  2: 2465, 1316, 54x54
  3: 2339, 1416, 54x54
  4: 2396, 1364, 90x90
  5: 2564, 1382, 54x54
  6: 2394, 1301, 54x54
  7: 2339, 1346, 54x54
  8: 2394, 1461, 54x54
  9: 2465, 1446, 54x54
DEBUG:comtypes._post_coinit.unknwn:Release <POINTER(IUIAutomationElement) ptr=0x232bea60e40 at 232bf9e2150>
Mouse: 1089, 896 | UIA: None | EW: PySide6.QtCore.QRect(11, 205, 1497, 1346)
All rects available:
  0: 2496, 1382, 54x54
  1: 1806, 656, 480x630
  2: 2465, 1316, 54x54
  3: 2339, 1416, 54x54
  4: 2396, 1364, 90x90
  5: 2564, 1382, 54x54
  6: 2394, 1301, 54x54
  7: 2339, 1346, 54x54
  8: 2394, 1461, 54x54
  9: 2465, 1446, 54x54
DEBUG:comtypes._post_coinit.unknwn:Release <POINTER(IUIAutomationElement) ptr=0x232bea61d70 at 232bf9e20d0>
Mouse: 1076, 878 | UIA: None | EW: PySide6.QtCore.QRect(11, 205, 1497, 1346)
All rects available:
  0: 2496, 1382, 54x54
  1: 1806, 656, 480x630
  2: 2465, 1316, 54x54
  3: 2339, 1416, 54x54
  4: 2396, 1364, 90x90
  5: 2564, 1382, 54x54
  6: 2394, 1301, 54x54
  7: 2339, 1346, 54x54
  8: 2394, 1461, 54x54
  9: 2465, 1446, 54x54
DEBUG:comtypes._post_coinit.unknwn:Release <POINTER(IUIAutomationElement) ptr=0x232bea61230 at 232bf9e2150>
Mouse: 1046, 842 | UIA: None | EW: PySide6.QtCore.QRect(11, 205, 1497, 1346)
All rects available:
  0: 2496, 1382, 54x54
  1: 1806, 656, 480x630
  2: 2465, 1316, 54x54
  3: 2339, 1416, 54x54
  4: 2396, 1364, 90x90
  5: 2564, 1382, 54x54
  6: 2394, 1301, 54x54
  7: 2339, 1346, 54x54
  8: 2394, 1461, 54x54
  9: 2465, 1446, 54x54
DEBUG:comtypes._post_coinit.unknwn:Release <POINTER(IUIAutomationElement) ptr=0x232bea61aa0 at 232bf9e20d0>
Mouse: 1034, 826 | UIA: None | EW: PySide6.QtCore.QRect(11, 205, 1497, 1346)
All rects available:
  0: 2496, 1382, 54x54
  1: 1806, 656, 480x630
  2: 2465, 1316, 54x54
  3: 2339, 1416, 54x54
  4: 2396, 1364, 90x90
  5: 2564, 1382, 54x54
  6: 2394, 1301, 54x54
  7: 2339, 1346, 54x54
  8: 2394, 1461, 54x54
  9: 2465, 1446, 54x54
DEBUG:comtypes._post_coinit.unknwn:Release <POINTER(IUIAutomationElement) ptr=0x232bea61860 at 232bf9e2150>
Mouse: 1020, 806 | UIA: None | EW: PySide6.QtCore.QRect(11, 205, 1497, 1346)
All rects available:
  0: 2496, 1382, 54x54
  1: 1806, 656, 480x630
  2: 2465, 1316, 54x54
  3: 2339, 1416, 54x54
  4: 2396, 1364, 90x90
  5: 2564, 1382, 54x54
  6: 2394, 1301, 54x54
  7: 2339, 1346, 54x54
  8: 2394, 1461, 54x54
  9: 2465, 1446, 54x54
DEBUG:comtypes._post_coinit.unknwn:Release <POINTER(IUIAutomationElement) ptr=0x232bea60420 at 232bf9e20d0>
Mouse: 1010, 794 | UIA: None | EW: PySide6.QtCore.QRect(11, 205, 1497, 1346)
All rects available:
  0: 2496, 1382, 54x54
  1: 1806, 656, 480x630
  2: 2465, 1316, 54x54
  3: 2339, 1416, 54x54
  4: 2396, 1364, 90x90
  5: 2564, 1382, 54x54
  6: 2394, 1301, 54x54
  7: 2339, 1346, 54x54
  8: 2394, 1461, 54x54
  9: 2465, 1446, 54x54
DEBUG:comtypes._post_coinit.unknwn:Release <POINTER(IUIAutomationElement) ptr=0x232bea609c0 at 232bf9e2150>
Mouse: 992, 770 | UIA: None | EW: PySide6.QtCore.QRect(11, 205, 1497, 1346)
All rects available:
  0: 2496, 1382, 54x54
  1: 1806, 656, 480x630
  2: 2465, 1316, 54x54
  3: 2339, 1416, 54x54
  4: 2396, 1364, 90x90
  5: 2564, 1382, 54x54
  6: 2394, 1301, 54x54
  7: 2339, 1346, 54x54
  8: 2394, 1461, 54x54
  9: 2465, 1446, 54x54
DEBUG:comtypes._post_coinit.unknwn:Release <POINTER(IUIAutomationElement) ptr=0x232bea60f60 at 232bf9e20d0>
Mouse: 966, 744 | UIA: None | EW: PySide6.QtCore.QRect(11, 205, 1497, 1346)
All rects available:
  0: 2496, 1382, 54x54
  1: 1806, 656, 480x630
  2: 2465, 1316, 54x54
  3: 2339, 1416, 54x54
  4: 2396, 1364, 90x90
  5: 2564, 1382, 54x54
  6: 2394, 1301, 54x54
  7: 2339, 1346, 54x54
  8: 2394, 1461, 54x54
  9: 2465, 1446, 54x54
DEBUG:comtypes._post_coinit.unknwn:Release <POINTER(IUIAutomationElement) ptr=0x232bea60db0 at 232bf9e2150>
Mouse: 956, 738 | UIA: None | EW: PySide6.QtCore.QRect(11, 205, 1497, 1346)
All rects available:
  0: 2496, 1382, 54x54
  1: 1806, 656, 480x630
  2: 2465, 1316, 54x54
  3: 2339, 1416, 54x54
  4: 2396, 1364, 90x90
  5: 2564, 1382, 54x54
  6: 2394, 1301, 54x54
  7: 2339, 1346, 54x54
  8: 2394, 1461, 54x54
  9: 2465, 1446, 54x54
DEBUG:comtypes._post_coinit.unknwn:Release <POINTER(IUIAutomationElement) ptr=0x232bea60540 at 232bf9e20d0>
Mouse: 942, 729 | UIA: None | EW: PySide6.QtCore.QRect(11, 205, 1497, 1346)
All rects available:
  0: 2496, 1382, 54x54
  1: 1806, 656, 480x630
  2: 2465, 1316, 54x54
  3: 2339, 1416, 54x54
  4: 2396, 1364, 90x90
  5: 2564, 1382, 54x54
  6: 2394, 1301, 54x54
  7: 2339, 1346, 54x54
  8: 2394, 1461, 54x54
  9: 2465, 1446, 54x54
DEBUG:comtypes._post_coinit.unknwn:Release <POINTER(IUIAutomationElement) ptr=0x232bea61230 at 232bf9e2150>
Mouse: 933, 724 | UIA: None | EW: PySide6.QtCore.QRect(11, 205, 1497, 1346)
All rects available:
  0: 2496, 1382, 54x54
  1: 1806, 656, 480x630
  2: 2465, 1316, 54x54
  3: 2339, 1416, 54x54
  4: 2396, 1364, 90x90
  5: 2564, 1382, 54x54
  6: 2394, 1301, 54x54
  7: 2339, 1346, 54x54
  8: 2394, 1461, 54x54
  9: 2465, 1446, 54x54
DEBUG:comtypes._post_coinit.unknwn:Release <POINTER(IUIAutomationElement) ptr=0x232bea61860 at 232bf9e20d0>
Mouse: 927, 722 | UIA: None | EW: PySide6.QtCore.QRect(11, 205, 1497, 1346)
All rects available:
  0: 2496, 1382, 54x54
  1: 1806, 656, 480x630
  2: 2465, 1316, 54x54
  3: 2339, 1416, 54x54
  4: 2396, 1364, 90x90
  5: 2564, 1382, 54x54
  6: 2394, 1301, 54x54
  7: 2339, 1346, 54x54
  8: 2394, 1461, 54x54
  9: 2465, 1446, 54x54
DEBUG:comtypes._post_coinit.unknwn:Release <POINTER(IUIAutomationElement) ptr=0x232bea60780 at 232bf9e2150>
Mouse: 910, 710 | UIA: None | EW: PySide6.QtCore.QRect(11, 205, 1497, 1346)
All rects available:
  0: 2496, 1382, 54x54
  1: 1806, 656, 480x630
  2: 2465, 1316, 54x54
  3: 2339, 1416, 54x54
  4: 2396, 1364, 90x90
  5: 2564, 1382, 54x54
  6: 2394, 1301, 54x54
  7: 2339, 1346, 54x54
  8: 2394, 1461, 54x54
  9: 2465, 1446, 54x54
DEBUG:comtypes._post_coinit.unknwn:Release <POINTER(IUIAutomationElement) ptr=0x232bea60540 at 232bf9e20d0>
Mouse: 904, 706 | UIA: None | EW: PySide6.QtCore.QRect(11, 205, 1497, 1346)
All rects available:
  0: 2496, 1382, 54x54
  1: 1806, 656, 480x630
  2: 2465, 1316, 54x54
  3: 2339, 1416, 54x54
  4: 2396, 1364, 90x90
  5: 2564, 1382, 54x54
  6: 2394, 1301, 54x54
  7: 2339, 1346, 54x54
  8: 2394, 1461, 54x54
  9: 2465, 1446, 54x54
DEBUG:comtypes._post_coinit.unknwn:Release <POINTER(IUIAutomationElement) ptr=0x232bea61a10 at 232bf9e2150>
Mouse: 882, 693 | UIA: None | EW: PySide6.QtCore.QRect(11, 205, 1497, 1346)
All rects available:
  0: 2496, 1382, 54x54
  1: 1806, 656, 480x630
  2: 2465, 1316, 54x54
  3: 2339, 1416, 54x54
  4: 2396, 1364, 90x90
  5: 2564, 1382, 54x54
  6: 2394, 1301, 54x54
  7: 2339, 1346, 54x54
  8: 2394, 1461, 54x54
  9: 2465, 1446, 54x54
DEBUG:comtypes._post_coinit.unknwn:Release <POINTER(IUIAutomationElement) ptr=0x232bea61d70 at 232bf9e20d0>
Mouse: 862, 681 | UIA: None | EW: PySide6.QtCore.QRect(11, 205, 1497, 1346)
All rects available:
  0: 2496, 1382, 54x54
  1: 1806, 656, 480x630
  2: 2465, 1316, 54x54
  3: 2339, 1416, 54x54
  4: 2396, 1364, 90x90
  5: 2564, 1382, 54x54
  6: 2394, 1301, 54x54
  7: 2339, 1346, 54x54
  8: 2394, 1461, 54x54
  9: 2465, 1446, 54x54
DEBUG:comtypes._post_coinit.unknwn:Release <POINTER(IUIAutomationElement) ptr=0x232bea608a0 at 232bf9e2150>
Mouse: 844, 670 | UIA: None | EW: PySide6.QtCore.QRect(11, 205, 1497, 1346)
All rects available:
  0: 2496, 1382, 54x54
  1: 1806, 656, 480x630
  2: 2465, 1316, 54x54
  3: 2339, 1416, 54x54
  4: 2396, 1364, 90x90
  5: 2564, 1382, 54x54
  6: 2394, 1301, 54x54
  7: 2339, 1346, 54x54
  8: 2394, 1461, 54x54
  9: 2465, 1446, 54x54
DEBUG:comtypes._post_coinit.unknwn:Release <POINTER(IUIAutomationElement) ptr=0x232bea600c0 at 232bf9e20d0>
Mouse: 824, 656 | UIA: None | EW: PySide6.QtCore.QRect(11, 205, 1497, 1346)
All rects available:
  0: 2496, 1382, 54x54
  1: 1806, 656, 480x630
  2: 2465, 1316, 54x54
  3: 2339, 1416, 54x54
  4: 2396, 1364, 90x90
  5: 2564, 1382, 54x54
  6: 2394, 1301, 54x54
  7: 2339, 1346, 54x54
  8: 2394, 1461, 54x54
  9: 2465, 1446, 54x54
DEBUG:comtypes._post_coinit.unknwn:Release <POINTER(IUIAutomationElement) ptr=0x232bea60780 at 232bf9e2150>
Mouse: 808, 648 | UIA: None | EW: PySide6.QtCore.QRect(11, 205, 1497, 1346)
All rects available:
  0: 2496, 1382, 54x54
  1: 1806, 656, 480x630
  2: 2465, 1316, 54x54
  3: 2339, 1416, 54x54
  4: 2396, 1364, 90x90
  5: 2564, 1382, 54x54
  6: 2394, 1301, 54x54
  7: 2339, 1346, 54x54
  8: 2394, 1461, 54x54
  9: 2465, 1446, 54x54
DEBUG:comtypes._post_coinit.unknwn:Release <POINTER(IUIAutomationElement) ptr=0x232bea612c0 at 232bf9e20d0>
Mouse: 800, 644 | UIA: None | EW: PySide6.QtCore.QRect(11, 205, 1497, 1346)
All rects available:
  0: 2496, 1382, 54x54
  1: 1806, 656, 480x630
  2: 2465, 1316, 54x54
  3: 2339, 1416, 54x54
  4: 2396, 1364, 90x90
  5: 2564, 1382, 54x54
  6: 2394, 1301, 54x54
  7: 2339, 1346, 54x54
  8: 2394, 1461, 54x54
  9: 2465, 1446, 54x54
DEBUG:comtypes._post_coinit.unknwn:Release <POINTER(IUIAutomationElement) ptr=0x232bea61e00 at 232bf9e2150>
Mouse: 795, 642 | UIA: None | EW: PySide6.QtCore.QRect(11, 205, 1497, 1346)
All rects available:
  0: 2496, 1382, 54x54
  1: 1806, 656, 480x630
  2: 2465, 1316, 54x54
  3: 2339, 1416, 54x54
  4: 2396, 1364, 90x90
  5: 2564, 1382, 54x54
  6: 2394, 1301, 54x54
  7: 2339, 1346, 54x54
  8: 2394, 1461, 54x54
  9: 2465, 1446, 54x54
DEBUG:comtypes._post_coinit.unknwn:Release <POINTER(IUIAutomationElement) ptr=0x232bea61d70 at 232bf9e20d0>
Mouse: 789, 640 | UIA: None | EW: PySide6.QtCore.QRect(11, 205, 1497, 1346)
All rects available:
  0: 2496, 1382, 54x54
  1: 1806, 656, 480x630
  2: 2465, 1316, 54x54
  3: 2339, 1416, 54x54
  4: 2396, 1364, 90x90
  5: 2564, 1382, 54x54
  6: 2394, 1301, 54x54
  7: 2339, 1346, 54x54
  8: 2394, 1461, 54x54
  9: 2465, 1446, 54x54
DEBUG:comtypes._post_coinit.unknwn:Release <POINTER(IUIAutomationElement) ptr=0x232bea60d20 at 232bf9e2150>
Mouse: 784, 639 | UIA: None | EW: PySide6.QtCore.QRect(11, 205, 1497, 1346)
All rects available:
  0: 2496, 1382, 54x54
  1: 1806, 656, 480x630
  2: 2465, 1316, 54x54
  3: 2339, 1416, 54x54
  4: 2396, 1364, 90x90
  5: 2564, 1382, 54x54
  6: 2394, 1301, 54x54
  7: 2339, 1346, 54x54
  8: 2394, 1461, 54x54
  9: 2465, 1446, 54x54
DEBUG:comtypes._post_coinit.unknwn:Release <POINTER(IUIAutomationElement) ptr=0x232bea61e00 at 232bf9e20d0>
Mouse: 777, 633 | UIA: None | EW: PySide6.QtCore.QRect(11, 205, 1497, 1346)
All rects available:
  0: 2496, 1382, 54x54
  1: 1806, 656, 480x630
  2: 2465, 1316, 54x54
  3: 2339, 1416, 54x54
  4: 2396, 1364, 90x90
  5: 2564, 1382, 54x54
  6: 2394, 1301, 54x54
  7: 2339, 1346, 54x54
  8: 2394, 1461, 54x54
  9: 2465, 1446, 54x54
DEBUG:comtypes._post_coinit.unknwn:Release <POINTER(IUIAutomationElement) ptr=0x232bea61350 at 232bf9e2150>
Mouse: 770, 632 | UIA: None | EW: PySide6.QtCore.QRect(11, 205, 1497, 1346)
All rects available:
  0: 2496, 1382, 54x54
  1: 1806, 656, 480x630
  2: 2465, 1316, 54x54
  3: 2339, 1416, 54x54
  4: 2396, 1364, 90x90
  5: 2564, 1382, 54x54
  6: 2394, 1301, 54x54
  7: 2339, 1346, 54x54
  8: 2394, 1461, 54x54
  9: 2465, 1446, 54x54
DEBUG:comtypes._post_coinit.unknwn:Release <POINTER(IUIAutomationElement) ptr=0x232bea61e00 at 232bf9e20d0>
Mouse: 759, 628 | UIA: None | EW: PySide6.QtCore.QRect(11, 205, 1497, 1346)
All rects available:
  0: 2496, 1382, 54x54
  1: 1806, 656, 480x630
  2: 2465, 1316, 54x54
  3: 2339, 1416, 54x54
  4: 2396, 1364, 90x90
  5: 2564, 1382, 54x54
  6: 2394, 1301, 54x54
  7: 2339, 1346, 54x54
  8: 2394, 1461, 54x54
  9: 2465, 1446, 54x54
DEBUG:comtypes._post_coinit.unknwn:Release <POINTER(IUIAutomationElement) ptr=0x232bea60ed0 at 232bf9e2150>
Mouse: 753, 626 | UIA: None | EW: PySide6.QtCore.QRect(11, 205, 1497, 1346)
All rects available:
  0: 2496, 1382, 54x54
  1: 1806, 656, 480x630
  2: 2465, 1316, 54x54
  3: 2339, 1416, 54x54
  4: 2396, 1364, 90x90
  5: 2564, 1382, 54x54
  6: 2394, 1301, 54x54
  7: 2339, 1346, 54x54
  8: 2394, 1461, 54x54
  9: 2465, 1446, 54x54
DEBUG:comtypes._post_coinit.unknwn:Release <POINTER(IUIAutomationElement) ptr=0x232bea60390 at 232bf9e20d0>
Mouse: 746, 622 | UIA: None | EW: PySide6.QtCore.QRect(11, 205, 1497, 1346)
All rects available:
  0: 2496, 1382, 54x54
  1: 1806, 656, 480x630
  2: 2465, 1316, 54x54
  3: 2339, 1416, 54x54
  4: 2396, 1364, 90x90
  5: 2564, 1382, 54x54
  6: 2394, 1301, 54x54
  7: 2339, 1346, 54x54
  8: 2394, 1461, 54x54
  9: 2465, 1446, 54x54
DEBUG:comtypes._post_coinit.unknwn:Release <POINTER(IUIAutomationElement) ptr=0x232bea61470 at 232bf9e2150>
Mouse: 734, 616 | UIA: None | EW: PySide6.QtCore.QRect(11, 205, 1497, 1346)
All rects available:
  0: 2496, 1382, 54x54
  1: 1806, 656, 480x630
  2: 2465, 1316, 54x54
  3: 2339, 1416, 54x54
  4: 2396, 1364, 90x90
  5: 2564, 1382, 54x54
  6: 2394, 1301, 54x54
  7: 2339, 1346, 54x54
  8: 2394, 1461, 54x54
  9: 2465, 1446, 54x54
DEBUG:comtypes._post_coinit.unknwn:Release <POINTER(IUIAutomationElement) ptr=0x232bea60db0 at 232bf9e20d0>
Mouse: 723, 614 | UIA: None | EW: PySide6.QtCore.QRect(11, 205, 1497, 1346)
All rects available:
  0: 2496, 1382, 54x54
  1: 1806, 656, 480x630
  2: 2465, 1316, 54x54
  3: 2339, 1416, 54x54
  4: 2396, 1364, 90x90
  5: 2564, 1382, 54x54
  6: 2394, 1301, 54x54
  7: 2339, 1346, 54x54
  8: 2394, 1461, 54x54
  9: 2465, 1446, 54x54
DEBUG:comtypes._post_coinit.unknwn:Release <POINTER(IUIAutomationElement) ptr=0x232bea605d0 at 232bf9e2150>
Mouse: 706, 604 | UIA: None | EW: PySide6.QtCore.QRect(11, 205, 1497, 1346)
All rects available:
  0: 2496, 1382, 54x54
  1: 1806, 656, 480x630
  2: 2465, 1316, 54x54
  3: 2339, 1416, 54x54
  4: 2396, 1364, 90x90
  5: 2564, 1382, 54x54
  6: 2394, 1301, 54x54
  7: 2339, 1346, 54x54
  8: 2394, 1461, 54x54
  9: 2465, 1446, 54x54
DEBUG:comtypes._post_coinit.unknwn:Release <POINTER(IUIAutomationElement) ptr=0x232bea61110 at 232bf9e20d0>
Mouse: 699, 600 | UIA: None | EW: PySide6.QtCore.QRect(11, 205, 1497, 1346)
All rects available:
  0: 2496, 1382, 54x54
  1: 1806, 656, 480x630
  2: 2465, 1316, 54x54
  3: 2339, 1416, 54x54
  4: 2396, 1364, 90x90
  5: 2564, 1382, 54x54
  6: 2394, 1301, 54x54
  7: 2339, 1346, 54x54
  8: 2394, 1461, 54x54
  9: 2465, 1446, 54x54
DEBUG:comtypes._post_coinit.unknwn:Release <POINTER(IUIAutomationElement) ptr=0x232bea61c50 at 232bf9e2150>
Mouse: 698, 598 | UIA: None | EW: PySide6.QtCore.QRect(11, 205, 1497, 1346)
All rects available:
  0: 2496, 1382, 54x54
  1: 1806, 656, 480x630
  2: 2465, 1316, 54x54
  3: 2339, 1416, 54x54
  4: 2396, 1364, 90x90
  5: 2564, 1382, 54x54
  6: 2394, 1301, 54x54
  7: 2339, 1346, 54x54
  8: 2394, 1461, 54x54
  9: 2465, 1446, 54x54
DEBUG:comtypes._post_coinit.unknwn:Release <POINTER(IUIAutomationElement) ptr=0x232bea61230 at 232bf9e20d0>
Mouse: 698, 594 | UIA: None | EW: PySide6.QtCore.QRect(11, 205, 1497, 1346)
All rects available:
  0: 2496, 1382, 54x54
  1: 1806, 656, 480x630
  2: 2465, 1316, 54x54
  3: 2339, 1416, 54x54
  4: 2396, 1364, 90x90
  5: 2564, 1382, 54x54
  6: 2394, 1301, 54x54
  7: 2339, 1346, 54x54
  8: 2394, 1461, 54x54
  9: 2465, 1446, 54x54
DEBUG:comtypes._post_coinit.unknwn:Release <POINTER(IUIAutomationElement) ptr=0x232bea60390 at 232bf9e2150>
Mouse: 696, 592 | UIA: None | EW: PySide6.QtCore.QRect(11, 205, 1497, 1346)
All rects available:
  0: 2496, 1382, 54x54
  1: 1806, 656, 480x630
  2: 2465, 1316, 54x54
  3: 2339, 1416, 54x54
  4: 2396, 1364, 90x90
  5: 2564, 1382, 54x54
  6: 2394, 1301, 54x54
  7: 2339, 1346, 54x54
  8: 2394, 1461, 54x54
  9: 2465, 1446, 54x54
DEBUG:comtypes._post_coinit.unknwn:Release <POINTER(IUIAutomationElement) ptr=0x232bea60a50 at 232bf9e20d0>
Mouse: 694, 592 | UIA: None | EW: PySide6.QtCore.QRect(11, 205, 1497, 1346)
All rects available:
  0: 2496, 1382, 54x54
  1: 1806, 656, 480x630
  2: 2465, 1316, 54x54
  3: 2339, 1416, 54x54
  4: 2396, 1364, 90x90
  5: 2564, 1382, 54x54
  6: 2394, 1301, 54x54
  7: 2339, 1346, 54x54
  8: 2394, 1461, 54x54
  9: 2465, 1446, 54x54
DEBUG:comtypes._post_coinit.unknwn:Release <POINTER(IUIAutomationElement) ptr=0x232bea617d0 at 232bf9e2150>
Mouse: 694, 594 | UIA: None | EW: PySide6.QtCore.QRect(11, 205, 1497, 1346)
All rects available:
  0: 2496, 1382, 54x54
  1: 1806, 656, 480x630
  2: 2465, 1316, 54x54
  3: 2339, 1416, 54x54
  4: 2396, 1364, 90x90
  5: 2564, 1382, 54x54
  6: 2394, 1301, 54x54
  7: 2339, 1346, 54x54
  8: 2394, 1461, 54x54
  9: 2465, 1446, 54x54
DEBUG:comtypes._post_coinit.unknwn:Release <POINTER(IUIAutomationElement) ptr=0x232bea61a10 at 232bf9e20d0>
Mouse: 693, 596 | UIA: None | EW: PySide6.QtCore.QRect(11, 205, 1497, 1346)
All rects available:
  0: 2496, 1382, 54x54
  1: 1806, 656, 480x630
  2: 2465, 1316, 54x54
  3: 2339, 1416, 54x54
  4: 2396, 1364, 90x90
  5: 2564, 1382, 54x54
  6: 2394, 1301, 54x54
  7: 2339, 1346, 54x54
  8: 2394, 1461, 54x54
  9: 2465, 1446, 54x54
DEBUG:comtypes._post_coinit.unknwn:Release <POINTER(IUIAutomationElement) ptr=0x232bea61c50 at 232bf9e2150>
Mouse: 693, 597 | UIA: None | EW: PySide6.QtCore.QRect(11, 205, 1497, 1346)
All rects available:
  0: 2496, 1382, 54x54
  1: 1806, 656, 480x630
  2: 2465, 1316, 54x54
  3: 2339, 1416, 54x54
  4: 2396, 1364, 90x90
  5: 2564, 1382, 54x54
  6: 2394, 1301, 54x54
  7: 2339, 1346, 54x54
  8: 2394, 1461, 54x54
  9: 2465, 1446, 54x54
DEBUG:comtypes._post_coinit.unknwn:Release <POINTER(IUIAutomationElement) ptr=0x232bea61110 at 232bf9e20d0>
Mouse: 692, 598 | UIA: None | EW: PySide6.QtCore.QRect(11, 205, 1497, 1346)
All rects available:
  0: 2496, 1382, 54x54
  1: 1806, 656, 480x630
  2: 2465, 1316, 54x54
  3: 2339, 1416, 54x54
  4: 2396, 1364, 90x90
  5: 2564, 1382, 54x54
  6: 2394, 1301, 54x54
  7: 2339, 1346, 54x54
  8: 2394, 1461, 54x54
  9: 2465, 1446, 54x54
DEBUG:comtypes._post_coinit.unknwn:Release <POINTER(IUIAutomationElement) ptr=0x232bea600c0 at 232bf9e2150>
Mouse: 687, 590 | UIA: None | EW: PySide6.QtCore.QRect(11, 205, 1497, 1346)
All rects available:
  0: 2496, 1382, 54x54
  1: 1806, 656, 480x630
  2: 2465, 1316, 54x54
  3: 2339, 1416, 54x54
  4: 2396, 1364, 90x90
  5: 2564, 1382, 54x54
  6: 2394, 1301, 54x54
  7: 2339, 1346, 54x54
  8: 2394, 1461, 54x54
  9: 2465, 1446, 54x54
DEBUG:comtypes._post_coinit.unknwn:Release <POINTER(IUIAutomationElement) ptr=0x232bea600c0 at 232bf9e20d0>
Mouse: 686, 579 | UIA: None | EW: PySide6.QtCore.QRect(11, 205, 1497, 1346)
All rects available:
  0: 2496, 1382, 54x54
  1: 1806, 656, 480x630
  2: 2465, 1316, 54x54
  3: 2339, 1416, 54x54
  4: 2396, 1364, 90x90
  5: 2564, 1382, 54x54
  6: 2394, 1301, 54x54
  7: 2339, 1346, 54x54
  8: 2394, 1461, 54x54
  9: 2465, 1446, 54x54
DEBUG:comtypes._post_coinit.unknwn:Release <POINTER(IUIAutomationElement) ptr=0x232bea61a10 at 232bf9e2150>
Mouse: 686, 576 | UIA: None | EW: PySide6.QtCore.QRect(11, 205, 1497, 1346)
All rects available:
  0: 2496, 1382, 54x54
  1: 1806, 656, 480x630
  2: 2465, 1316, 54x54
  3: 2339, 1416, 54x54
  4: 2396, 1364, 90x90
  5: 2564, 1382, 54x54
  6: 2394, 1301, 54x54
  7: 2339, 1346, 54x54
  8: 2394, 1461, 54x54
  9: 2465, 1446, 54x54
DEBUG:comtypes._post_coinit.unknwn:Release <POINTER(IUIAutomationElement) ptr=0x232bea61860 at 232bf9e20d0>
Mouse: 681, 568 | UIA: None | EW: PySide6.QtCore.QRect(11, 205, 1497, 1346)
All rects available:
  0: 2496, 1382, 54x54
  1: 1806, 656, 480x630
  2: 2465, 1316, 54x54
  3: 2339, 1416, 54x54
  4: 2396, 1364, 90x90
  5: 2564, 1382, 54x54
  6: 2394, 1301, 54x54
  7: 2339, 1346, 54x54
  8: 2394, 1461, 54x54
  9: 2465, 1446, 54x54
DEBUG:comtypes._post_coinit.unknwn:Release <POINTER(IUIAutomationElement) ptr=0x232bea60ed0 at 232bf9e2150>
Mouse: 669, 550 | UIA: None | EW: PySide6.QtCore.QRect(11, 205, 1497, 1346)
All rects available:
  0: 2496, 1382, 54x54
  1: 1806, 656, 480x630
  2: 2465, 1316, 54x54
  3: 2339, 1416, 54x54
  4: 2396, 1364, 90x90
  5: 2564, 1382, 54x54
  6: 2394, 1301, 54x54
  7: 2339, 1346, 54x54
  8: 2394, 1461, 54x54
  9: 2465, 1446, 54x54
DEBUG:comtypes._post_coinit.unknwn:Release <POINTER(IUIAutomationElement) ptr=0x232bea60390 at 232bf9e20d0>
Mouse: 652, 542 | UIA: None | EW: PySide6.QtCore.QRect(11, 205, 1497, 1346)
All rects available:
  0: 2496, 1382, 54x54
  1: 1806, 656, 480x630
  2: 2465, 1316, 54x54
  3: 2339, 1416, 54x54
  4: 2396, 1364, 90x90
  5: 2564, 1382, 54x54
  6: 2394, 1301, 54x54
  7: 2339, 1346, 54x54
  8: 2394, 1461, 54x54
  9: 2465, 1446, 54x54
DEBUG:comtypes._post_coinit.unknwn:Release <POINTER(IUIAutomationElement) ptr=0x232bea606f0 at 232bf9e2150>
Mouse: 644, 532 | UIA: None | EW: PySide6.QtCore.QRect(11, 205, 1497, 1346)
All rects available:
  0: 2496, 1382, 54x54
  1: 1806, 656, 480x630
  2: 2465, 1316, 54x54
  3: 2339, 1416, 54x54
  4: 2396, 1364, 90x90
  5: 2564, 1382, 54x54
  6: 2394, 1301, 54x54
  7: 2339, 1346, 54x54
  8: 2394, 1461, 54x54
  9: 2465, 1446, 54x54
DEBUG:comtypes._post_coinit.unknwn:Release <POINTER(IUIAutomationElement) ptr=0x232bea61e00 at 232bf9e20d0>
Mouse: 633, 525 | UIA: None | EW: PySide6.QtCore.QRect(11, 205, 1497, 1346)
All rects available:
  0: 2496, 1382, 54x54
  1: 1806, 656, 480x630
  2: 2465, 1316, 54x54
  3: 2339, 1416, 54x54
  4: 2396, 1364, 90x90
  5: 2564, 1382, 54x54
  6: 2394, 1301, 54x54
  7: 2339, 1346, 54x54
  8: 2394, 1461, 54x54
  9: 2465, 1446, 54x54
DEBUG:comtypes._post_coinit.unknwn:Release <POINTER(IUIAutomationElement) ptr=0x232bea61980 at 232bf9e2150>
Mouse: 626, 524 | UIA: None | EW: PySide6.QtCore.QRect(11, 205, 1497, 1346)
All rects available:
  0: 2496, 1382, 54x54
  1: 1806, 656, 480x630
  2: 2465, 1316, 54x54
  3: 2339, 1416, 54x54
  4: 2396, 1364, 90x90
  5: 2564, 1382, 54x54
  6: 2394, 1301, 54x54
  7: 2339, 1346, 54x54
  8: 2394, 1461, 54x54
  9: 2465, 1446, 54x54
DEBUG:comtypes._post_coinit.unknwn:Release <POINTER(IUIAutomationElement) ptr=0x232bea61110 at 232bf9e20d0>
Mouse: 626, 524 | UIA: None | EW: PySide6.QtCore.QRect(11, 205, 1497, 1346)
All rects available:
  0: 2496, 1382, 54x54
  1: 1806, 656, 480x630
  2: 2465, 1316, 54x54
  3: 2339, 1416, 54x54
  4: 2396, 1364, 90x90
  5: 2564, 1382, 54x54
  6: 2394, 1301, 54x54
  7: 2339, 1346, 54x54
  8: 2394, 1461, 54x54
  9: 2465, 1446, 54x54
DEBUG:comtypes._post_coinit.unknwn:Release <POINTER(IUIAutomationElement) ptr=0x232bea60420 at 232bf9e2150>
Mouse: 622, 524 | UIA: None | EW: PySide6.QtCore.QRect(11, 205, 1497, 1346)
All rects available:
  0: 2496, 1382, 54x54
  1: 1806, 656, 480x630
  2: 2465, 1316, 54x54
  3: 2339, 1416, 54x54
  4: 2396, 1364, 90x90
  5: 2564, 1382, 54x54
  6: 2394, 1301, 54x54
  7: 2339, 1346, 54x54
  8: 2394, 1461, 54x54
  9: 2465, 1446, 54x54
DEBUG:comtypes._post_coinit.unknwn:Release <POINTER(IUIAutomationElement) ptr=0x232bea61620 at 232bf9e20d0>
Mouse: 622, 524 | UIA: None | EW: PySide6.QtCore.QRect(11, 205, 1497, 1346)
All rects available:
  0: 2496, 1382, 54x54
  1: 1806, 656, 480x630
  2: 2465, 1316, 54x54
  3: 2339, 1416, 54x54
  4: 2396, 1364, 90x90
  5: 2564, 1382, 54x54
  6: 2394, 1301, 54x54
  7: 2339, 1346, 54x54
  8: 2394, 1461, 54x54
  9: 2465, 1446, 54x54
DEBUG:comtypes._post_coinit.unknwn:Release <POINTER(IUIAutomationElement) ptr=0x232bea60810 at 232bf9e2150>
Mouse: 621, 520 | UIA: None | EW: PySide6.QtCore.QRect(11, 205, 1497, 1346)
All rects available:
  0: 2496, 1382, 54x54
  1: 1806, 656, 480x630
  2: 2465, 1316, 54x54
  3: 2339, 1416, 54x54
  4: 2396, 1364, 90x90
  5: 2564, 1382, 54x54
  6: 2394, 1301, 54x54
  7: 2339, 1346, 54x54
  8: 2394, 1461, 54x54
  9: 2465, 1446, 54x54
DEBUG:comtypes._post_coinit.unknwn:Release <POINTER(IUIAutomationElement) ptr=0x232bea606f0 at 232bf9e20d0>
Mouse: 620, 519 | UIA: None | EW: PySide6.QtCore.QRect(11, 205, 1497, 1346)
All rects available:
  0: 2496, 1382, 54x54
  1: 1806, 656, 480x630
  2: 2465, 1316, 54x54
  3: 2339, 1416, 54x54
  4: 2396, 1364, 90x90
  5: 2564, 1382, 54x54
  6: 2394, 1301, 54x54
  7: 2339, 1346, 54x54
  8: 2394, 1461, 54x54
  9: 2465, 1446, 54x54
DEBUG:comtypes._post_coinit.unknwn:Release <POINTER(IUIAutomationElement) ptr=0x232bea608a0 at 232bf9e2150>
Mouse: 616, 516 | UIA: None | EW: PySide6.QtCore.QRect(11, 205, 1497, 1346)
All rects available:
  0: 2496, 1382, 54x54
  1: 1806, 656, 480x630
  2: 2465, 1316, 54x54
  3: 2339, 1416, 54x54
  4: 2396, 1364, 90x90
  5: 2564, 1382, 54x54
  6: 2394, 1301, 54x54
  7: 2339, 1346, 54x54
  8: 2394, 1461, 54x54
  9: 2465, 1446, 54x54
DEBUG:comtypes._post_coinit.unknwn:Release <POINTER(IUIAutomationElement) ptr=0x232bea61350 at 232bf9e20d0>
Mouse: 614, 512 | UIA: None | EW: PySide6.QtCore.QRect(11, 205, 1497, 1346)
All rects available:
  0: 2496, 1382, 54x54
  1: 1806, 656, 480x630
  2: 2465, 1316, 54x54
  3: 2339, 1416, 54x54
  4: 2396, 1364, 90x90
  5: 2564, 1382, 54x54
  6: 2394, 1301, 54x54
  7: 2339, 1346, 54x54
  8: 2394, 1461, 54x54
  9: 2465, 1446, 54x54
DEBUG:comtypes._post_coinit.unknwn:Release <POINTER(IUIAutomationElement) ptr=0x232bea61350 at 232bf9e2150>
Mouse: 609, 506 | UIA: None | EW: PySide6.QtCore.QRect(11, 205, 1497, 1346)
All rects available:
  0: 2496, 1382, 54x54
  1: 1806, 656, 480x630
  2: 2465, 1316, 54x54
  3: 2339, 1416, 54x54
  4: 2396, 1364, 90x90
  5: 2564, 1382, 54x54
  6: 2394, 1301, 54x54
  7: 2339, 1346, 54x54
  8: 2394, 1461, 54x54
  9: 2465, 1446, 54x54
DEBUG:comtypes._post_coinit.unknwn:Release <POINTER(IUIAutomationElement) ptr=0x232bea60420 at 232bf9e20d0>
Mouse: 606, 500 | UIA: None | EW: PySide6.QtCore.QRect(11, 205, 1497, 1346)
All rects available:
  0: 2496, 1382, 54x54
  1: 1806, 656, 480x630
  2: 2465, 1316, 54x54
  3: 2339, 1416, 54x54
  4: 2396, 1364, 90x90
  5: 2564, 1382, 54x54
  6: 2394, 1301, 54x54
  7: 2339, 1346, 54x54
  8: 2394, 1461, 54x54
  9: 2465, 1446, 54x54
DEBUG:comtypes._post_coinit.unknwn:Release <POINTER(IUIAutomationElement) ptr=0x232bea605d0 at 232bf9e2150>
Mouse: 606, 498 | UIA: None | EW: PySide6.QtCore.QRect(11, 205, 1497, 1346)
All rects available:
  0: 2496, 1382, 54x54
  1: 1806, 656, 480x630
  2: 2465, 1316, 54x54
  3: 2339, 1416, 54x54
  4: 2396, 1364, 90x90
  5: 2564, 1382, 54x54
  6: 2394, 1301, 54x54
  7: 2339, 1346, 54x54
  8: 2394, 1461, 54x54
  9: 2465, 1446, 54x54
DEBUG:comtypes._post_coinit.unknwn:Release <POINTER(IUIAutomationElement) ptr=0x232bea609c0 at 232bf9e20d0>
Mouse: 606, 496 | UIA: None | EW: PySide6.QtCore.QRect(11, 205, 1497, 1346)
All rects available:
  0: 2496, 1382, 54x54
  1: 1806, 656, 480x630
  2: 2465, 1316, 54x54
  3: 2339, 1416, 54x54
  4: 2396, 1364, 90x90
  5: 2564, 1382, 54x54
  6: 2394, 1301, 54x54
  7: 2339, 1346, 54x54
  8: 2394, 1461, 54x54
  9: 2465, 1446, 54x54
DEBUG:comtypes._post_coinit.unknwn:Release <POINTER(IUIAutomationElement) ptr=0x232bea60780 at 232bf9e2150>
Mouse: 606, 496 | UIA: None | EW: PySide6.QtCore.QRect(11, 205, 1497, 1346)
All rects available:
  0: 2496, 1382, 54x54
  1: 1806, 656, 480x630
  2: 2465, 1316, 54x54
  3: 2339, 1416, 54x54
  4: 2396, 1364, 90x90
  5: 2564, 1382, 54x54
  6: 2394, 1301, 54x54
  7: 2339, 1346, 54x54
  8: 2394, 1461, 54x54
  9: 2465, 1446, 54x54
DEBUG:comtypes._post_coinit.unknwn:Release <POINTER(IUIAutomationElement) ptr=0x232bea60030 at 232bf9e20d0>
Mouse: 606, 494 | UIA: None | EW: PySide6.QtCore.QRect(11, 205, 1497, 1346)
All rects available:
  0: 2496, 1382, 54x54
  1: 1806, 656, 480x630
  2: 2465, 1316, 54x54
  3: 2339, 1416, 54x54
  4: 2396, 1364, 90x90
  5: 2564, 1382, 54x54
  6: 2394, 1301, 54x54
  7: 2339, 1346, 54x54
  8: 2394, 1461, 54x54
  9: 2465, 1446, 54x54
DEBUG:comtypes._post_coinit.unknwn:Release <POINTER(IUIAutomationElement) ptr=0x232bea600c0 at 232bf9e2150>
Mouse: 606, 494 | UIA: None | EW: PySide6.QtCore.QRect(11, 205, 1497, 1346)
All rects available:
  0: 2496, 1382, 54x54
  1: 1806, 656, 480x630
  2: 2465, 1316, 54x54
  3: 2339, 1416, 54x54
  4: 2396, 1364, 90x90
  5: 2564, 1382, 54x54
  6: 2394, 1301, 54x54
  7: 2339, 1346, 54x54
  8: 2394, 1461, 54x54
  9: 2465, 1446, 54x54
DEBUG:comtypes._post_coinit.unknwn:Release <POINTER(IUIAutomationElement) ptr=0x232bea61230 at 232bf9e20d0>
Mouse: 610, 488 | UIA: None | EW: PySide6.QtCore.QRect(11, 205, 1497, 1346)
All rects available:
  0: 2496, 1382, 54x54
  1: 1806, 656, 480x630
  2: 2465, 1316, 54x54
  3: 2339, 1416, 54x54
  4: 2396, 1364, 90x90
  5: 2564, 1382, 54x54
  6: 2394, 1301, 54x54
  7: 2339, 1346, 54x54
  8: 2394, 1461, 54x54
  9: 2465, 1446, 54x54
DEBUG:comtypes._post_coinit.unknwn:Release <POINTER(IUIAutomationElement) ptr=0x232bea604b0 at 232bf9e2150>
Mouse: 618, 478 | UIA: None | EW: PySide6.QtCore.QRect(11, 205, 1497, 1346)
All rects available:
  0: 2496, 1382, 54x54
  1: 1806, 656, 480x630
  2: 2465, 1316, 54x54
  3: 2339, 1416, 54x54
  4: 2396, 1364, 90x90
  5: 2564, 1382, 54x54
  6: 2394, 1301, 54x54
  7: 2339, 1346, 54x54
  8: 2394, 1461, 54x54
  9: 2465, 1446, 54x54
DEBUG:comtypes._post_coinit.unknwn:Release <POINTER(IUIAutomationElement) ptr=0x232bea60db0 at 232bf9e20d0>
Mouse: 621, 471 | UIA: None | EW: PySide6.QtCore.QRect(11, 205, 1497, 1346)
All rects available:
  0: 2496, 1382, 54x54
  1: 1806, 656, 480x630
  2: 2465, 1316, 54x54
  3: 2339, 1416, 54x54
  4: 2396, 1364, 90x90
  5: 2564, 1382, 54x54
  6: 2394, 1301, 54x54
  7: 2339, 1346, 54x54
  8: 2394, 1461, 54x54
  9: 2465, 1446, 54x54
DEBUG:comtypes._post_coinit.unknwn:Release <POINTER(IUIAutomationElement) ptr=0x232bea617d0 at 232bf9e2150>
Mouse: 626, 464 | UIA: None | EW: PySide6.QtCore.QRect(11, 205, 1497, 1346)
All rects available:
  0: 2496, 1382, 54x54
  1: 1806, 656, 480x630
  2: 2465, 1316, 54x54
  3: 2339, 1416, 54x54
  4: 2396, 1364, 90x90
  5: 2564, 1382, 54x54
  6: 2394, 1301, 54x54
  7: 2339, 1346, 54x54
  8: 2394, 1461, 54x54
  9: 2465, 1446, 54x54
DEBUG:comtypes._post_coinit.unknwn:Release <POINTER(IUIAutomationElement) ptr=0x232bea61110 at 232bf9e20d0>
Mouse: 630, 458 | UIA: None | EW: PySide6.QtCore.QRect(11, 205, 1497, 1346)
All rects available:
  0: 2496, 1382, 54x54
  1: 1806, 656, 480x630
  2: 2465, 1316, 54x54
  3: 2339, 1416, 54x54
  4: 2396, 1364, 90x90
  5: 2564, 1382, 54x54
  6: 2394, 1301, 54x54
  7: 2339, 1346, 54x54
  8: 2394, 1461, 54x54
  9: 2465, 1446, 54x54
DEBUG:comtypes._post_coinit.unknwn:Release <POINTER(IUIAutomationElement) ptr=0x232bea605d0 at 232bf9e2150>
Mouse: 634, 450 | UIA: None | EW: PySide6.QtCore.QRect(11, 205, 1497, 1346)
All rects available:
  0: 2496, 1382, 54x54
  1: 1806, 656, 480x630
  2: 2465, 1316, 54x54
  3: 2339, 1416, 54x54
  4: 2396, 1364, 90x90
  5: 2564, 1382, 54x54
  6: 2394, 1301, 54x54
  7: 2339, 1346, 54x54
  8: 2394, 1461, 54x54
  9: 2465, 1446, 54x54
DEBUG:comtypes._post_coinit.unknwn:Release <POINTER(IUIAutomationElement) ptr=0x232bea616b0 at 232bf9e20d0>
Mouse: 636, 446 | UIA: None | EW: PySide6.QtCore.QRect(11, 205, 1497, 1346)
All rects available:
  0: 2496, 1382, 54x54
  1: 1806, 656, 480x630
  2: 2465, 1316, 54x54
  3: 2339, 1416, 54x54
  4: 2396, 1364, 90x90
  5: 2564, 1382, 54x54
  6: 2394, 1301, 54x54
  7: 2339, 1346, 54x54
  8: 2394, 1461, 54x54
  9: 2465, 1446, 54x54
DEBUG:comtypes._post_coinit.unknwn:Release <POINTER(IUIAutomationElement) ptr=0x232bea60540 at 232bf9e2150>
Mouse: 640, 440 | UIA: None | EW: PySide6.QtCore.QRect(11, 205, 1497, 1346)
All rects available:
  0: 2496, 1382, 54x54
  1: 1806, 656, 480x630
  2: 2465, 1316, 54x54
  3: 2339, 1416, 54x54
  4: 2396, 1364, 90x90
  5: 2564, 1382, 54x54
  6: 2394, 1301, 54x54
  7: 2339, 1346, 54x54
  8: 2394, 1461, 54x54
  9: 2465, 1446, 54x54
DEBUG:comtypes._post_coinit.unknwn:Release <POINTER(IUIAutomationElement) ptr=0x232bea60150 at 232bf9e20d0>
Mouse: 640, 440 | UIA: None | EW: PySide6.QtCore.QRect(11, 205, 1497, 1346)
All rects available:
  0: 2496, 1382, 54x54
  1: 1806, 656, 480x630
  2: 2465, 1316, 54x54
  3: 2339, 1416, 54x54
  4: 2396, 1364, 90x90
  5: 2564, 1382, 54x54
  6: 2394, 1301, 54x54
  7: 2339, 1346, 54x54
  8: 2394, 1461, 54x54
  9: 2465, 1446, 54x54
DEBUG:comtypes._post_coinit.unknwn:Release <POINTER(IUIAutomationElement) ptr=0x232bea61110 at 232bf9e2150>
Mouse: 644, 436 | UIA: None | EW: PySide6.QtCore.QRect(11, 205, 1497, 1346)
All rects available:
  0: 2496, 1382, 54x54
  1: 1806, 656, 480x630
  2: 2465, 1316, 54x54
  3: 2339, 1416, 54x54
  4: 2396, 1364, 90x90
  5: 2564, 1382, 54x54
  6: 2394, 1301, 54x54
  7: 2339, 1346, 54x54
  8: 2394, 1461, 54x54
  9: 2465, 1446, 54x54
DEBUG:comtypes._post_coinit.unknwn:Release <POINTER(IUIAutomationElement) ptr=0x232bea60390 at 232bf9e20d0>
Mouse: 645, 436 | UIA: None | EW: PySide6.QtCore.QRect(11, 205, 1497, 1346)
All rects available:
  0: 2496, 1382, 54x54
  1: 1806, 656, 480x630
  2: 2465, 1316, 54x54
  3: 2339, 1416, 54x54
  4: 2396, 1364, 90x90
  5: 2564, 1382, 54x54
  6: 2394, 1301, 54x54
  7: 2339, 1346, 54x54
  8: 2394, 1461, 54x54
  9: 2465, 1446, 54x54
DEBUG:comtypes._post_coinit.unknwn:Release <POINTER(IUIAutomationElement) ptr=0x232bea618f0 at 232bf9e2150>
Mouse: 646, 434 | UIA: None | EW: PySide6.QtCore.QRect(11, 205, 1497, 1346)
All rects available:
  0: 2496, 1382, 54x54
  1: 1806, 656, 480x630
  2: 2465, 1316, 54x54
  3: 2339, 1416, 54x54
  4: 2396, 1364, 90x90
  5: 2564, 1382, 54x54
  6: 2394, 1301, 54x54
  7: 2339, 1346, 54x54
  8: 2394, 1461, 54x54
  9: 2465, 1446, 54x54
DEBUG:comtypes._post_coinit.unknwn:Release <POINTER(IUIAutomationElement) ptr=0x232bea609c0 at 232bf9e20d0>
Mouse: 646, 432 | UIA: None | EW: PySide6.QtCore.QRect(11, 205, 1497, 1346)
All rects available:
  0: 2496, 1382, 54x54
  1: 1806, 656, 480x630
  2: 2465, 1316, 54x54
  3: 2339, 1416, 54x54
  4: 2396, 1364, 90x90
  5: 2564, 1382, 54x54
  6: 2394, 1301, 54x54
  7: 2339, 1346, 54x54
  8: 2394, 1461, 54x54
  9: 2465, 1446, 54x54
DEBUG:comtypes._post_coinit.unknwn:Release <POINTER(IUIAutomationElement) ptr=0x232bea60780 at 232bf9e2150>
Mouse: 646, 430 | UIA: None | EW: PySide6.QtCore.QRect(11, 205, 1497, 1346)
All rects available:
  0: 2496, 1382, 54x54
  1: 1806, 656, 480x630
  2: 2465, 1316, 54x54
  3: 2339, 1416, 54x54
  4: 2396, 1364, 90x90
  5: 2564, 1382, 54x54
  6: 2394, 1301, 54x54
  7: 2339, 1346, 54x54
  8: 2394, 1461, 54x54
  9: 2465, 1446, 54x54
DEBUG:comtypes._post_coinit.unknwn:Release <POINTER(IUIAutomationElement) ptr=0x232bea61c50 at 232bf9e20d0>
Mouse: 646, 430 | UIA: None | EW: PySide6.QtCore.QRect(11, 205, 1497, 1346)
All rects available:
  0: 2496, 1382, 54x54
  1: 1806, 656, 480x630
  2: 2465, 1316, 54x54
  3: 2339, 1416, 54x54
  4: 2396, 1364, 90x90
  5: 2564, 1382, 54x54
  6: 2394, 1301, 54x54
  7: 2339, 1346, 54x54
  8: 2394, 1461, 54x54
  9: 2465, 1446, 54x54
DEBUG:comtypes._post_coinit.unknwn:Release <POINTER(IUIAutomationElement) ptr=0x232bea604b0 at 232bf9e2150>
Mouse: 646, 428 | UIA: None | EW: PySide6.QtCore.QRect(11, 205, 1497, 1346)
All rects available:
  0: 2496, 1382, 54x54
  1: 1806, 656, 480x630
  2: 2465, 1316, 54x54
  3: 2339, 1416, 54x54
  4: 2396, 1364, 90x90
  5: 2564, 1382, 54x54
  6: 2394, 1301, 54x54
  7: 2339, 1346, 54x54
  8: 2394, 1461, 54x54
  9: 2465, 1446, 54x54
DEBUG:comtypes._post_coinit.unknwn:Release <POINTER(IUIAutomationElement) ptr=0x232bea61350 at 232bf9e20d0>
Mouse: 646, 424 | UIA: None | EW: PySide6.QtCore.QRect(11, 205, 1497, 1346)
All rects available:
  0: 2496, 1382, 54x54
  1: 1806, 656, 480x630
  2: 2465, 1316, 54x54
  3: 2339, 1416, 54x54
  4: 2396, 1364, 90x90
  5: 2564, 1382, 54x54
  6: 2394, 1301, 54x54
  7: 2339, 1346, 54x54
  8: 2394, 1461, 54x54
  9: 2465, 1446, 54x54
DEBUG:comtypes._post_coinit.unknwn:Release <POINTER(IUIAutomationElement) ptr=0x232bea61980 at 232bf9e2150>
Mouse: 645, 424 | UIA: None | EW: PySide6.QtCore.QRect(11, 205, 1497, 1346)
All rects available:
  0: 2496, 1382, 54x54
  1: 1806, 656, 480x630
  2: 2465, 1316, 54x54
  3: 2339, 1416, 54x54
  4: 2396, 1364, 90x90
  5: 2564, 1382, 54x54
  6: 2394, 1301, 54x54
  7: 2339, 1346, 54x54
  8: 2394, 1461, 54x54
  9: 2465, 1446, 54x54
DEBUG:comtypes._post_coinit.unknwn:Release <POINTER(IUIAutomationElement) ptr=0x232bea61c50 at 232bf9e20d0>
Mouse: 642, 420 | UIA: None | EW: PySide6.QtCore.QRect(11, 205, 1497, 1346)
All rects available:
  0: 2496, 1382, 54x54
  1: 1806, 656, 480x630
  2: 2465, 1316, 54x54
  3: 2339, 1416, 54x54
  4: 2396, 1364, 90x90
  5: 2564, 1382, 54x54
  6: 2394, 1301, 54x54
  7: 2339, 1346, 54x54
  8: 2394, 1461, 54x54
  9: 2465, 1446, 54x54
DEBUG:comtypes._post_coinit.unknwn:Release <POINTER(IUIAutomationElement) ptr=0x232bea61590 at 232bf9e2150>
Mouse: 640, 416 | UIA: None | EW: PySide6.QtCore.QRect(11, 205, 1497, 1346)
All rects available:
  0: 2496, 1382, 54x54
  1: 1806, 656, 480x630
  2: 2465, 1316, 54x54
  3: 2339, 1416, 54x54
  4: 2396, 1364, 90x90
  5: 2564, 1382, 54x54
  6: 2394, 1301, 54x54
  7: 2339, 1346, 54x54
  8: 2394, 1461, 54x54
  9: 2465, 1446, 54x54
DEBUG:comtypes._post_coinit.unknwn:Release <POINTER(IUIAutomationElement) ptr=0x232bea61c50 at 232bf9e20d0>
Mouse: 642, 416 | UIA: None | EW: PySide6.QtCore.QRect(11, 205, 1497, 1346)
All rects available:
  0: 2496, 1382, 54x54
  1: 1806, 656, 480x630
  2: 2465, 1316, 54x54
  3: 2339, 1416, 54x54
  4: 2396, 1364, 90x90
  5: 2564, 1382, 54x54
  6: 2394, 1301, 54x54
  7: 2339, 1346, 54x54
  8: 2394, 1461, 54x54
  9: 2465, 1446, 54x54
DEBUG:comtypes._post_coinit.unknwn:Release <POINTER(IUIAutomationElement) ptr=0x232bea60420 at 232bf9e2150>
Mouse: 640, 416 | UIA: None | EW: PySide6.QtCore.QRect(11, 205, 1497, 1346)
All rects available:
  0: 2496, 1382, 54x54
  1: 1806, 656, 480x630
  2: 2465, 1316, 54x54
  3: 2339, 1416, 54x54
  4: 2396, 1364, 90x90
  5: 2564, 1382, 54x54
  6: 2394, 1301, 54x54
  7: 2339, 1346, 54x54
  8: 2394, 1461, 54x54
  9: 2465, 1446, 54x54
DEBUG:comtypes._post_coinit.unknwn:Release <POINTER(IUIAutomationElement) ptr=0x232bea60a50 at 232bf9e20d0>
Mouse: 640, 414 | UIA: None | EW: PySide6.QtCore.QRect(11, 205, 1497, 1346)
All rects available:
  0: 2496, 1382, 54x54
  1: 1806, 656, 480x630
  2: 2465, 1316, 54x54
  3: 2339, 1416, 54x54
  4: 2396, 1364, 90x90
  5: 2564, 1382, 54x54
  6: 2394, 1301, 54x54
  7: 2339, 1346, 54x54
  8: 2394, 1461, 54x54
  9: 2465, 1446, 54x54
DEBUG:comtypes._post_coinit.unknwn:Release <POINTER(IUIAutomationElement) ptr=0x232bea61a10 at 232bf9e2150>
Mouse: 640, 412 | UIA: None | EW: PySide6.QtCore.QRect(11, 205, 1497, 1346)
All rects available:
  0: 2496, 1382, 54x54
  1: 1806, 656, 480x630
  2: 2465, 1316, 54x54
  3: 2339, 1416, 54x54
  4: 2396, 1364, 90x90
  5: 2564, 1382, 54x54
  6: 2394, 1301, 54x54
  7: 2339, 1346, 54x54
  8: 2394, 1461, 54x54
  9: 2465, 1446, 54x54
DEBUG:comtypes._post_coinit.unknwn:Release <POINTER(IUIAutomationElement) ptr=0x232bea61470 at 232bf9e20d0>
Mouse: 636, 410 | UIA: None | EW: PySide6.QtCore.QRect(11, 205, 1497, 1346)
All rects available:
  0: 2496, 1382, 54x54
  1: 1806, 656, 480x630
  2: 2465, 1316, 54x54
  3: 2339, 1416, 54x54
  4: 2396, 1364, 90x90
  5: 2564, 1382, 54x54
  6: 2394, 1301, 54x54
  7: 2339, 1346, 54x54
  8: 2394, 1461, 54x54
  9: 2465, 1446, 54x54
DEBUG:comtypes._post_coinit.unknwn:Release <POINTER(IUIAutomationElement) ptr=0x232bea61a10 at 232bf9e2150>
Mouse: 632, 404 | UIA: None | EW: PySide6.QtCore.QRect(11, 205, 1497, 1346)
All rects available:
  0: 2496, 1382, 54x54
  1: 1806, 656, 480x630
  2: 2465, 1316, 54x54
  3: 2339, 1416, 54x54
  4: 2396, 1364, 90x90
  5: 2564, 1382, 54x54
  6: 2394, 1301, 54x54
  7: 2339, 1346, 54x54
  8: 2394, 1461, 54x54
  9: 2465, 1446, 54x54
DEBUG:comtypes._post_coinit.unknwn:Release <POINTER(IUIAutomationElement) ptr=0x232bea60030 at 232bf9e20d0>
Mouse: 627, 400 | UIA: None | EW: PySide6.QtCore.QRect(11, 205, 1497, 1346)
All rects available:
  0: 2496, 1382, 54x54
  1: 1806, 656, 480x630
  2: 2465, 1316, 54x54
  3: 2339, 1416, 54x54
  4: 2396, 1364, 90x90
  5: 2564, 1382, 54x54
  6: 2394, 1301, 54x54
  7: 2339, 1346, 54x54
  8: 2394, 1461, 54x54
  9: 2465, 1446, 54x54
DEBUG:comtypes._post_coinit.unknwn:Release <POINTER(IUIAutomationElement) ptr=0x232bea61110 at 232bf9e2150>
Mouse: 626, 398 | UIA: None | EW: PySide6.QtCore.QRect(11, 205, 1497, 1346)
All rects available:
  0: 2496, 1382, 54x54
  1: 1806, 656, 480x630
  2: 2465, 1316, 54x54
  3: 2339, 1416, 54x54
  4: 2396, 1364, 90x90
  5: 2564, 1382, 54x54
  6: 2394, 1301, 54x54
  7: 2339, 1346, 54x54
  8: 2394, 1461, 54x54
  9: 2465, 1446, 54x54
DEBUG:comtypes._post_coinit.unknwn:Release <POINTER(IUIAutomationElement) ptr=0x232bea61d70 at 232bf9e20d0>
Mouse: 622, 396 | UIA: None | EW: PySide6.QtCore.QRect(11, 205, 1497, 1346)
All rects available:
  0: 2496, 1382, 54x54
  1: 1806, 656, 480x630
  2: 2465, 1316, 54x54
  3: 2339, 1416, 54x54
  4: 2396, 1364, 90x90
  5: 2564, 1382, 54x54
  6: 2394, 1301, 54x54
  7: 2339, 1346, 54x54
  8: 2394, 1461, 54x54
  9: 2465, 1446, 54x54
DEBUG:comtypes._post_coinit.unknwn:Release <POINTER(IUIAutomationElement) ptr=0x232bea61620 at 232bf9e2150>
Mouse: 620, 394 | UIA: None | EW: PySide6.QtCore.QRect(11, 205, 1497, 1346)
All rects available:
  0: 2496, 1382, 54x54
  1: 1806, 656, 480x630
  2: 2465, 1316, 54x54
  3: 2339, 1416, 54x54
  4: 2396, 1364, 90x90
  5: 2564, 1382, 54x54
  6: 2394, 1301, 54x54
  7: 2339, 1346, 54x54
  8: 2394, 1461, 54x54
  9: 2465, 1446, 54x54
DEBUG:comtypes._post_coinit.unknwn:Release <POINTER(IUIAutomationElement) ptr=0x232bea60c90 at 232bf9e20d0>
Mouse: 618, 392 | UIA: None | EW: PySide6.QtCore.QRect(11, 205, 1497, 1346)
All rects available:
  0: 2496, 1382, 54x54
  1: 1806, 656, 480x630
  2: 2465, 1316, 54x54
  3: 2339, 1416, 54x54
  4: 2396, 1364, 90x90
  5: 2564, 1382, 54x54
  6: 2394, 1301, 54x54
  7: 2339, 1346, 54x54
  8: 2394, 1461, 54x54
  9: 2465, 1446, 54x54
DEBUG:comtypes._post_coinit.unknwn:Release <POINTER(IUIAutomationElement) ptr=0x232bea60c90 at 232bf9e2150>
Mouse: 614, 390 | UIA: None | EW: PySide6.QtCore.QRect(11, 205, 1497, 1346)
All rects available:
  0: 2496, 1382, 54x54
  1: 1806, 656, 480x630
  2: 2465, 1316, 54x54
  3: 2339, 1416, 54x54
  4: 2396, 1364, 90x90
  5: 2564, 1382, 54x54
  6: 2394, 1301, 54x54
  7: 2339, 1346, 54x54
  8: 2394, 1461, 54x54
  9: 2465, 1446, 54x54
DEBUG:comtypes._post_coinit.unknwn:Release <POINTER(IUIAutomationElement) ptr=0x232bea61110 at 232bf9e20d0>
Mouse: 608, 384 | UIA: None | EW: PySide6.QtCore.QRect(11, 205, 1497, 1346)
All rects available:
  0: 2496, 1382, 54x54
  1: 1806, 656, 480x630
  2: 2465, 1316, 54x54
  3: 2339, 1416, 54x54
  4: 2396, 1364, 90x90
  5: 2564, 1382, 54x54
  6: 2394, 1301, 54x54
  7: 2339, 1346, 54x54
  8: 2394, 1461, 54x54
  9: 2465, 1446, 54x54
DEBUG:comtypes._post_coinit.unknwn:Release <POINTER(IUIAutomationElement) ptr=0x232bea618f0 at 232bf9e2150>
Mouse: 603, 380 | UIA: None | EW: PySide6.QtCore.QRect(11, 205, 1497, 1346)
All rects available:
  0: 2496, 1382, 54x54
  1: 1806, 656, 480x630
  2: 2465, 1316, 54x54
  3: 2339, 1416, 54x54
  4: 2396, 1364, 90x90
  5: 2564, 1382, 54x54
  6: 2394, 1301, 54x54
  7: 2339, 1346, 54x54
  8: 2394, 1461, 54x54
  9: 2465, 1446, 54x54
DEBUG:comtypes._post_coinit.unknwn:Release <POINTER(IUIAutomationElement) ptr=0x232bea60f60 at 232bf9e2150>
Mouse: 596, 376 | UIA: None | EW: PySide6.QtCore.QRect(11, 205, 1497, 1346)
All rects available:
  0: 2496, 1382, 54x54
  1: 1806, 656, 480x630
  2: 2465, 1316, 54x54
  3: 2339, 1416, 54x54
  4: 2396, 1364, 90x90
  5: 2564, 1382, 54x54
  6: 2394, 1301, 54x54
  7: 2339, 1346, 54x54
  8: 2394, 1461, 54x54
  9: 2465, 1446, 54x54
DEBUG:comtypes._post_coinit.unknwn:Release <POINTER(IUIAutomationElement) ptr=0x232bea60ae0 at 232bf9e20d0>
Mouse: 594, 374 | UIA: None | EW: PySide6.QtCore.QRect(11, 205, 1497, 1346)
All rects available:
  0: 2496, 1382, 54x54
  1: 1806, 656, 480x630
  2: 2465, 1316, 54x54
  3: 2339, 1416, 54x54
  4: 2396, 1364, 90x90
  5: 2564, 1382, 54x54
  6: 2394, 1301, 54x54
  7: 2339, 1346, 54x54
  8: 2394, 1461, 54x54
  9: 2465, 1446, 54x54
DEBUG:comtypes._post_coinit.unknwn:Release <POINTER(IUIAutomationElement) ptr=0x232bea61a10 at 232bf9e2150>
Mouse: 591, 370 | UIA: None | EW: PySide6.QtCore.QRect(11, 205, 1497, 1346)
All rects available:
  0: 2496, 1382, 54x54
  1: 1806, 656, 480x630
  2: 2465, 1316, 54x54
  3: 2339, 1416, 54x54
  4: 2396, 1364, 90x90
  5: 2564, 1382, 54x54
  6: 2394, 1301, 54x54
  7: 2339, 1346, 54x54
  8: 2394, 1461, 54x54
  9: 2465, 1446, 54x54
DEBUG:comtypes._post_coinit.unknwn:Release <POINTER(IUIAutomationElement) ptr=0x232bea61470 at 232bf9e20d0>
Mouse: 590, 370 | UIA: None | EW: PySide6.QtCore.QRect(11, 205, 1497, 1346)
All rects available:
  0: 2496, 1382, 54x54
  1: 1806, 656, 480x630
  2: 2465, 1316, 54x54
  3: 2339, 1416, 54x54
  4: 2396, 1364, 90x90
  5: 2564, 1382, 54x54
  6: 2394, 1301, 54x54
  7: 2339, 1346, 54x54
  8: 2394, 1461, 54x54
  9: 2465, 1446, 54x54
DEBUG:comtypes._post_coinit.unknwn:Release <POINTER(IUIAutomationElement) ptr=0x232bea60c90 at 232bf9e2150>
Mouse: 585, 368 | UIA: None | EW: PySide6.QtCore.QRect(11, 205, 1497, 1346)
All rects available:
  0: 2496, 1382, 54x54
  1: 1806, 656, 480x630
  2: 2465, 1316, 54x54
  3: 2339, 1416, 54x54
  4: 2396, 1364, 90x90
  5: 2564, 1382, 54x54
  6: 2394, 1301, 54x54
  7: 2339, 1346, 54x54
  8: 2394, 1461, 54x54
  9: 2465, 1446, 54x54
DEBUG:comtypes._post_coinit.unknwn:Release <POINTER(IUIAutomationElement) ptr=0x232bea61980 at 232bf9e20d0>
Mouse: 580, 364 | UIA: None | EW: PySide6.QtCore.QRect(11, 205, 1497, 1346)
All rects available:
  0: 2496, 1382, 54x54
  1: 1806, 656, 480x630
  2: 2465, 1316, 54x54
  3: 2339, 1416, 54x54
  4: 2396, 1364, 90x90
  5: 2564, 1382, 54x54
  6: 2394, 1301, 54x54
  7: 2339, 1346, 54x54
  8: 2394, 1461, 54x54
  9: 2465, 1446, 54x54
DEBUG:comtypes._post_coinit.unknwn:Release <POINTER(IUIAutomationElement) ptr=0x232bea606f0 at 232bf9e2150>
Mouse: 578, 362 | UIA: None | EW: PySide6.QtCore.QRect(11, 205, 1497, 1346)
All rects available:
  0: 2496, 1382, 54x54
  1: 1806, 656, 480x630
  2: 2465, 1316, 54x54
  3: 2339, 1416, 54x54
  4: 2396, 1364, 90x90
  5: 2564, 1382, 54x54
  6: 2394, 1301, 54x54
  7: 2339, 1346, 54x54
  8: 2394, 1461, 54x54
  9: 2465, 1446, 54x54
DEBUG:comtypes._post_coinit.unknwn:Release <POINTER(IUIAutomationElement) ptr=0x232bea60030 at 232bf9e20d0>
Mouse: 574, 360 | UIA: None | EW: PySide6.QtCore.QRect(11, 205, 1497, 1346)
All rects available:
  0: 2496, 1382, 54x54
  1: 1806, 656, 480x630
  2: 2465, 1316, 54x54
  3: 2339, 1416, 54x54
  4: 2396, 1364, 90x90
  5: 2564, 1382, 54x54
  6: 2394, 1301, 54x54
  7: 2339, 1346, 54x54
  8: 2394, 1461, 54x54
  9: 2465, 1446, 54x54
DEBUG:comtypes._post_coinit.unknwn:Release <POINTER(IUIAutomationElement) ptr=0x232bea606f0 at 232bf9e2150>
Mouse: 572, 358 | UIA: None | EW: PySide6.QtCore.QRect(11, 205, 1497, 1346)
All rects available:
  0: 2496, 1382, 54x54
  1: 1806, 656, 480x630
  2: 2465, 1316, 54x54
  3: 2339, 1416, 54x54
  4: 2396, 1364, 90x90
  5: 2564, 1382, 54x54
  6: 2394, 1301, 54x54
  7: 2339, 1346, 54x54
  8: 2394, 1461, 54x54
  9: 2465, 1446, 54x54
DEBUG:comtypes._post_coinit.unknwn:Release <POINTER(IUIAutomationElement) ptr=0x232bea61110 at 232bf9e20d0>
Mouse: 572, 356 | UIA: None | EW: PySide6.QtCore.QRect(11, 205, 1497, 1346)
All rects available:
  0: 2496, 1382, 54x54
  1: 1806, 656, 480x630
  2: 2465, 1316, 54x54
  3: 2339, 1416, 54x54
  4: 2396, 1364, 90x90
  5: 2564, 1382, 54x54
  6: 2394, 1301, 54x54
  7: 2339, 1346, 54x54
  8: 2394, 1461, 54x54
  9: 2465, 1446, 54x54
DEBUG:comtypes._post_coinit.unknwn:Release <POINTER(IUIAutomationElement) ptr=0x232bea60d20 at 232bf9e2150>
Mouse: 570, 356 | UIA: None | EW: PySide6.QtCore.QRect(11, 205, 1497, 1346)
All rects available:
  0: 2496, 1382, 54x54
  1: 1806, 656, 480x630
  2: 2465, 1316, 54x54
  3: 2339, 1416, 54x54
  4: 2396, 1364, 90x90
  5: 2564, 1382, 54x54
  6: 2394, 1301, 54x54
  7: 2339, 1346, 54x54
  8: 2394, 1461, 54x54
  9: 2465, 1446, 54x54
DEBUG:comtypes._post_coinit.unknwn:Release <POINTER(IUIAutomationElement) ptr=0x232bea606f0 at 232bf9e20d0>
Mouse: 568, 354 | UIA: None | EW: PySide6.QtCore.QRect(11, 205, 1497, 1346)
All rects available:
  0: 2496, 1382, 54x54
  1: 1806, 656, 480x630
  2: 2465, 1316, 54x54
  3: 2339, 1416, 54x54
  4: 2396, 1364, 90x90
  5: 2564, 1382, 54x54
  6: 2394, 1301, 54x54
  7: 2339, 1346, 54x54
  8: 2394, 1461, 54x54
  9: 2465, 1446, 54x54
DEBUG:comtypes._post_coinit.unknwn:Release <POINTER(IUIAutomationElement) ptr=0x232bea61110 at 232bf9e2150>
Mouse: 568, 352 | UIA: None | EW: PySide6.QtCore.QRect(11, 205, 1497, 1346)
All rects available:
  0: 2496, 1382, 54x54
  1: 1806, 656, 480x630
  2: 2465, 1316, 54x54
  3: 2339, 1416, 54x54
  4: 2396, 1364, 90x90
  5: 2564, 1382, 54x54
  6: 2394, 1301, 54x54
  7: 2339, 1346, 54x54
  8: 2394, 1461, 54x54
  9: 2465, 1446, 54x54
DEBUG:comtypes._post_coinit.unknwn:Release <POINTER(IUIAutomationElement) ptr=0x232bea617d0 at 232bf9e20d0>
Mouse: 566, 352 | UIA: None | EW: PySide6.QtCore.QRect(11, 205, 1497, 1346)
All rects available:
  0: 2496, 1382, 54x54
  1: 1806, 656, 480x630
  2: 2465, 1316, 54x54
  3: 2339, 1416, 54x54
  4: 2396, 1364, 90x90
  5: 2564, 1382, 54x54
  6: 2394, 1301, 54x54
  7: 2339, 1346, 54x54
  8: 2394, 1461, 54x54
  9: 2465, 1446, 54x54
DEBUG:comtypes._post_coinit.unknwn:Release <POINTER(IUIAutomationElement) ptr=0x232bea60e40 at 232bf9e2150>
Mouse: 567, 352 | UIA: None | EW: PySide6.QtCore.QRect(11, 205, 1497, 1346)
All rects available:
  0: 2496, 1382, 54x54
  1: 1806, 656, 480x630
  2: 2465, 1316, 54x54
  3: 2339, 1416, 54x54
  4: 2396, 1364, 90x90
  5: 2564, 1382, 54x54
  6: 2394, 1301, 54x54
  7: 2339, 1346, 54x54
  8: 2394, 1461, 54x54
  9: 2465, 1446, 54x54
DEBUG:comtypes._post_coinit.unknwn:Release <POINTER(IUIAutomationElement) ptr=0x232bea60a50 at 232bf9e20d0>
Mouse: 567, 352 | UIA: None | EW: PySide6.QtCore.QRect(11, 205, 1497, 1346)
All rects available:
  0: 2496, 1382, 54x54
  1: 1806, 656, 480x630
  2: 2465, 1316, 54x54
  3: 2339, 1416, 54x54
  4: 2396, 1364, 90x90
  5: 2564, 1382, 54x54
  6: 2394, 1301, 54x54
  7: 2339, 1346, 54x54
  8: 2394, 1461, 54x54
  9: 2465, 1446, 54x54
DEBUG:comtypes._post_coinit.unknwn:Release <POINTER(IUIAutomationElement) ptr=0x232bea61d70 at 232bf9e2150>
Mouse: 572, 358 | UIA: None | EW: PySide6.QtCore.QRect(11, 205, 1497, 1346)
All rects available:
  0: 2496, 1382, 54x54
  1: 1806, 656, 480x630
  2: 2465, 1316, 54x54
  3: 2339, 1416, 54x54
  4: 2396, 1364, 90x90
  5: 2564, 1382, 54x54
  6: 2394, 1301, 54x54
  7: 2339, 1346, 54x54
  8: 2394, 1461, 54x54
  9: 2465, 1446, 54x54
DEBUG:comtypes._post_coinit.unknwn:Release <POINTER(IUIAutomationElement) ptr=0x232bea61470 at 232bf9e20d0>
Mouse: 572, 358 | UIA: None | EW: PySide6.QtCore.QRect(11, 205, 1497, 1346)
All rects available:
  0: 2496, 1382, 54x54
  1: 1806, 656, 480x630
  2: 2465, 1316, 54x54
  3: 2339, 1416, 54x54
  4: 2396, 1364, 90x90
  5: 2564, 1382, 54x54
  6: 2394, 1301, 54x54
  7: 2339, 1346, 54x54
  8: 2394, 1461, 54x54
  9: 2465, 1446, 54x54
DEBUG:comtypes._post_coinit.unknwn:Release <POINTER(IUIAutomationElement) ptr=0x232bea60030 at 232bf9e2150>
Mouse: 574, 358 | UIA: None | EW: PySide6.QtCore.QRect(11, 205, 1497, 1346)
All rects available:
  0: 2496, 1382, 54x54
  1: 1806, 656, 480x630
  2: 2465, 1316, 54x54
  3: 2339, 1416, 54x54
  4: 2396, 1364, 90x90
  5: 2564, 1382, 54x54
  6: 2394, 1301, 54x54
  7: 2339, 1346, 54x54
  8: 2394, 1461, 54x54
  9: 2465, 1446, 54x54
DEBUG:comtypes._post_coinit.unknwn:Release <POINTER(IUIAutomationElement) ptr=0x232bea61c50 at 232bf9e20d0>
Mouse: 576, 360 | UIA: None | EW: PySide6.QtCore.QRect(11, 205, 1497, 1346)
All rects available:
  0: 2496, 1382, 54x54
  1: 1806, 656, 480x630
  2: 2465, 1316, 54x54
  3: 2339, 1416, 54x54
  4: 2396, 1364, 90x90
  5: 2564, 1382, 54x54
  6: 2394, 1301, 54x54
  7: 2339, 1346, 54x54
  8: 2394, 1461, 54x54
  9: 2465, 1446, 54x54
DEBUG:comtypes._post_coinit.unknwn:Release <POINTER(IUIAutomationElement) ptr=0x232bea60c90 at 232bf9e2150>
Mouse: 584, 364 | UIA: None | EW: PySide6.QtCore.QRect(11, 205, 1497, 1346)
All rects available:
  0: 2496, 1382, 54x54
  1: 1806, 656, 480x630
  2: 2465, 1316, 54x54
  3: 2339, 1416, 54x54
  4: 2396, 1364, 90x90
  5: 2564, 1382, 54x54
  6: 2394, 1301, 54x54
  7: 2339, 1346, 54x54
  8: 2394, 1461, 54x54
  9: 2465, 1446, 54x54
DEBUG:comtypes._post_coinit.unknwn:Release <POINTER(IUIAutomationElement) ptr=0x232bea61d70 at 232bf9e20d0>
Mouse: 588, 368 | UIA: None | EW: PySide6.QtCore.QRect(11, 205, 1497, 1346)
All rects available:
  0: 2496, 1382, 54x54
  1: 1806, 656, 480x630
  2: 2465, 1316, 54x54
  3: 2339, 1416, 54x54
  4: 2396, 1364, 90x90
  5: 2564, 1382, 54x54
  6: 2394, 1301, 54x54
  7: 2339, 1346, 54x54
  8: 2394, 1461, 54x54
  9: 2465, 1446, 54x54
DEBUG:comtypes._post_coinit.unknwn:Release <POINTER(IUIAutomationElement) ptr=0x232bea60d20 at 232bf9e2150>
Mouse: 590, 370 | UIA: None | EW: PySide6.QtCore.QRect(11, 205, 1497, 1346)
All rects available:
  0: 2496, 1382, 54x54
  1: 1806, 656, 480x630
  2: 2465, 1316, 54x54
  3: 2339, 1416, 54x54
  4: 2396, 1364, 90x90
  5: 2564, 1382, 54x54
  6: 2394, 1301, 54x54
  7: 2339, 1346, 54x54
  8: 2394, 1461, 54x54
  9: 2465, 1446, 54x54
DEBUG:comtypes._post_coinit.unknwn:Release <POINTER(IUIAutomationElement) ptr=0x232bea60c90 at 232bf9e20d0>
Mouse: 591, 370 | UIA: None | EW: PySide6.QtCore.QRect(11, 205, 1497, 1346)
All rects available:
  0: 2496, 1382, 54x54
  1: 1806, 656, 480x630
  2: 2465, 1316, 54x54
  3: 2339, 1416, 54x54
  4: 2396, 1364, 90x90
  5: 2564, 1382, 54x54
  6: 2394, 1301, 54x54
  7: 2339, 1346, 54x54
  8: 2394, 1461, 54x54
  9: 2465, 1446, 54x54
DEBUG:comtypes._post_coinit.unknwn:Release <POINTER(IUIAutomationElement) ptr=0x232bea60420 at 232bf9e2150>
Mouse: 591, 372 | UIA: None | EW: PySide6.QtCore.QRect(11, 205, 1497, 1346)
All rects available:
  0: 2496, 1382, 54x54
  1: 1806, 656, 480x630
  2: 2465, 1316, 54x54
  3: 2339, 1416, 54x54
  4: 2396, 1364, 90x90
  5: 2564, 1382, 54x54
  6: 2394, 1301, 54x54
  7: 2339, 1346, 54x54
  8: 2394, 1461, 54x54
  9: 2465, 1446, 54x54
DEBUG:comtypes._post_coinit.unknwn:Release <POINTER(IUIAutomationElement) ptr=0x232bea60c90 at 232bf9e20d0>
Mouse: 592, 372 | UIA: None | EW: PySide6.QtCore.QRect(11, 205, 1497, 1346)
All rects available:
  0: 2496, 1382, 54x54
  1: 1806, 656, 480x630
  2: 2465, 1316, 54x54
  3: 2339, 1416, 54x54
  4: 2396, 1364, 90x90
  5: 2564, 1382, 54x54
  6: 2394, 1301, 54x54
  7: 2339, 1346, 54x54
  8: 2394, 1461, 54x54
  9: 2465, 1446, 54x54
DEBUG:comtypes._post_coinit.unknwn:Release <POINTER(IUIAutomationElement) ptr=0x232bea60030 at 232bf9e2150>
Mouse: 592, 374 | UIA: None | EW: PySide6.QtCore.QRect(11, 205, 1497, 1346)
All rects available:
  0: 2496, 1382, 54x54
  1: 1806, 656, 480x630
  2: 2465, 1316, 54x54
  3: 2339, 1416, 54x54
  4: 2396, 1364, 90x90
  5: 2564, 1382, 54x54
  6: 2394, 1301, 54x54
  7: 2339, 1346, 54x54
  8: 2394, 1461, 54x54
  9: 2465, 1446, 54x54
DEBUG:comtypes._post_coinit.unknwn:Release <POINTER(IUIAutomationElement) ptr=0x232bea60030 at 232bf9e20d0>
Mouse: 592, 374 | UIA: None | EW: PySide6.QtCore.QRect(11, 205, 1497, 1346)
All rects available:
  0: 2496, 1382, 54x54
  1: 1806, 656, 480x630
  2: 2465, 1316, 54x54
  3: 2339, 1416, 54x54
  4: 2396, 1364, 90x90
  5: 2564, 1382, 54x54
  6: 2394, 1301, 54x54
  7: 2339, 1346, 54x54
  8: 2394, 1461, 54x54
  9: 2465, 1446, 54x54
DEBUG:comtypes._post_coinit.unknwn:Release <POINTER(IUIAutomationElement) ptr=0x232bea61d70 at 232bf9e2150>
Mouse: 594, 374 | UIA: None | EW: PySide6.QtCore.QRect(11, 205, 1497, 1346)
All rects available:
  0: 2496, 1382, 54x54
  1: 1806, 656, 480x630
  2: 2465, 1316, 54x54
  3: 2339, 1416, 54x54
  4: 2396, 1364, 90x90
  5: 2564, 1382, 54x54
  6: 2394, 1301, 54x54
  7: 2339, 1346, 54x54
  8: 2394, 1461, 54x54
  9: 2465, 1446, 54x54
DEBUG:comtypes._post_coinit.unknwn:Release <POINTER(IUIAutomationElement) ptr=0x232bea60030 at 232bf9e20d0>
Mouse: 596, 374 | UIA: None | EW: PySide6.QtCore.QRect(11, 205, 1497, 1346)
All rects available:
  0: 2496, 1382, 54x54
  1: 1806, 656, 480x630
  2: 2465, 1316, 54x54
  3: 2339, 1416, 54x54
  4: 2396, 1364, 90x90
  5: 2564, 1382, 54x54
  6: 2394, 1301, 54x54
  7: 2339, 1346, 54x54
  8: 2394, 1461, 54x54
  9: 2465, 1446, 54x54
DEBUG:comtypes._post_coinit.unknwn:Release <POINTER(IUIAutomationElement) ptr=0x232bea61620 at 232bf9e2150>
Mouse: 597, 375 | UIA: None | EW: PySide6.QtCore.QRect(11, 205, 1497, 1346)
All rects available:
  0: 2496, 1382, 54x54
  1: 1806, 656, 480x630
  2: 2465, 1316, 54x54
  3: 2339, 1416, 54x54
  4: 2396, 1364, 90x90
  5: 2564, 1382, 54x54
  6: 2394, 1301, 54x54
  7: 2339, 1346, 54x54
  8: 2394, 1461, 54x54
  9: 2465, 1446, 54x54
DEBUG:comtypes._post_coinit.unknwn:Release <POINTER(IUIAutomationElement) ptr=0x232bea612c0 at 232bf9e20d0>
Mouse: 598, 376 | UIA: None | EW: PySide6.QtCore.QRect(11, 205, 1497, 1346)
All rects available:
  0: 2496, 1382, 54x54
  1: 1806, 656, 480x630
  2: 2465, 1316, 54x54
  3: 2339, 1416, 54x54
  4: 2396, 1364, 90x90
  5: 2564, 1382, 54x54
  6: 2394, 1301, 54x54
  7: 2339, 1346, 54x54
  8: 2394, 1461, 54x54
  9: 2465, 1446, 54x54
DEBUG:comtypes._post_coinit.unknwn:Release <POINTER(IUIAutomationElement) ptr=0x232bea60030 at 232bf9e2150>
Mouse: 598, 378 | UIA: None | EW: PySide6.QtCore.QRect(11, 205, 1497, 1346)
All rects available:
  0: 2496, 1382, 54x54
  1: 1806, 656, 480x630
  2: 2465, 1316, 54x54
  3: 2339, 1416, 54x54
  4: 2396, 1364, 90x90
  5: 2564, 1382, 54x54
  6: 2394, 1301, 54x54
  7: 2339, 1346, 54x54
  8: 2394, 1461, 54x54
  9: 2465, 1446, 54x54
DEBUG:comtypes._post_coinit.unknwn:Release <POINTER(IUIAutomationElement) ptr=0x232bea60420 at 232bf9e20d0>
Mouse: 600, 378 | UIA: None | EW: PySide6.QtCore.QRect(11, 205, 1497, 1346)
All rects available:
  0: 2496, 1382, 54x54
  1: 1806, 656, 480x630
  2: 2465, 1316, 54x54
  3: 2339, 1416, 54x54
  4: 2396, 1364, 90x90
  5: 2564, 1382, 54x54
  6: 2394, 1301, 54x54
  7: 2339, 1346, 54x54
  8: 2394, 1461, 54x54
  9: 2465, 1446, 54x54
DEBUG:comtypes._post_coinit.unknwn:Release <POINTER(IUIAutomationElement) ptr=0x232bea61d70 at 232bf9e2150>
Mouse: 602, 380 | UIA: None | EW: PySide6.QtCore.QRect(11, 205, 1497, 1346)
All rects available:
  0: 2496, 1382, 54x54
  1: 1806, 656, 480x630
  2: 2465, 1316, 54x54
  3: 2339, 1416, 54x54
  4: 2396, 1364, 90x90
  5: 2564, 1382, 54x54
  6: 2394, 1301, 54x54
  7: 2339, 1346, 54x54
  8: 2394, 1461, 54x54
  9: 2465, 1446, 54x54
DEBUG:comtypes._post_coinit.unknwn:Release <POINTER(IUIAutomationElement) ptr=0x232bea61860 at 232bf9e20d0>
Mouse: 602, 380 | UIA: None | EW: PySide6.QtCore.QRect(11, 205, 1497, 1346)
All rects available:
  0: 2496, 1382, 54x54
  1: 1806, 656, 480x630
  2: 2465, 1316, 54x54
  3: 2339, 1416, 54x54
  4: 2396, 1364, 90x90
  5: 2564, 1382, 54x54
  6: 2394, 1301, 54x54
  7: 2339, 1346, 54x54
  8: 2394, 1461, 54x54
  9: 2465, 1446, 54x54
DEBUG:root:--- get_all_visible_rects called ---
DEBUG:root:Rect: 1960, 14, 270x210
DEBUG:root:Rect: 2496, 1382, 54x54
DEBUG:root:Rect: 1806, 656, 480x630
DEBUG:root:Rect: 2465, 1316, 54x54
DEBUG:root:Rect: 2339, 1416, 54x54
DEBUG:root:Rect: 2396, 1364, 90x90
DEBUG:root:Rect: 2564, 1382, 54x54
DEBUG:root:Rect: 2394, 1301, 54x54
DEBUG:root:Rect: 2339, 1346, 54x54
DEBUG:root:Rect: 2394, 1461, 54x54
DEBUG:root:Rect: 2465, 1446, 54x54
DEBUG:root:Rect: 593, 124, 1359x1151
DEBUG:root:Rect: 593, 69, 1358x1206
DEBUG:root:Rect: 591, 69, 1362x1208
DEBUG:root:Rect: 828, 344, 874x767
DEBUG:root:Rect: 0, 0, 22x22
DEBUG:root:Rect: 0, 0, 2560x1600
DEBUG:root:Rect: -31818, -31939, 885x151
DEBUG:root:Rect: -31989, -32000, 1496x1528
DEBUG:root:Rect: -31991, -32000, 219x30
DEBUG:root:Rect: -31992, -31999, 1004x861
DEBUG:root:Rect: -31994, -32000, 225x33
DEBUG:root:Rect: -31989, -32000, 1447x1245
DEBUG:root:Rect: -32000, -32000, 1815x1464
DEBUG:root:Rect: -32000, -32000, 237x39
DEBUG:root:Rect: -32000, -32000, 1920x1200
DEBUG:root:Rect: -32000, -32000, 1920x69
DEBUG:root:Rect: -31991, -32000, 219x39
DEBUG:root:Rect: -31989, -32000, 1317x972
DEBUG:root:Rect: -31764, -31939, 939x151
DEBUG:root:Rect: -31989, -32000, 1496x1527
DEBUG:comtypes._post_coinit.unknwn:Release <POINTER(IUIAutomationElement) ptr=0x232bea606f0 at 232bf9e2150>
Mouse: 1906, 882 | UIA: None | EW: PySide6.QtCore.QRect(1806, 656, 480, 630)
All rects available:
  0: 1960, 14, 270x210
  1: 2496, 1382, 54x54
  2: 1806, 656, 480x630
  3: 2465, 1316, 54x54
  4: 2339, 1416, 54x54
  5: 2396, 1364, 90x90
  6: 2564, 1382, 54x54
  7: 2394, 1301, 54x54
  8: 2339, 1346, 54x54
  9: 2394, 1461, 54x54
DEBUG:comtypes._post_coinit.unknwn:Release <POINTER(IUIAutomationElement) ptr=0x232bea60660 at 232bf9e20d0>
Mouse: 1928, 843 | UIA: None | EW: PySide6.QtCore.QRect(1806, 656, 480, 630)
All rects available:
  0: 1960, 14, 270x210
  1: 2496, 1382, 54x54
  2: 1806, 656, 480x630
  3: 2465, 1316, 54x54
  4: 2339, 1416, 54x54
  5: 2396, 1364, 90x90
  6: 2564, 1382, 54x54
  7: 2394, 1301, 54x54
  8: 2339, 1346, 54x54
  9: 2394, 1461, 54x54
DEBUG:comtypes._post_coinit.unknwn:Release <POINTER(IUIAutomationElement) ptr=0x232bea60ff0 at 232bf9e2150>
Mouse: 1928, 842 | UIA: None | EW: PySide6.QtCore.QRect(1806, 656, 480, 630)
All rects available:
  0: 1960, 14, 270x210
  1: 2496, 1382, 54x54
  2: 1806, 656, 480x630
  3: 2465, 1316, 54x54
  4: 2339, 1416, 54x54
  5: 2396, 1364, 90x90
  6: 2564, 1382, 54x54
  7: 2394, 1301, 54x54
  8: 2339, 1346, 54x54
  9: 2394, 1461, 54x54
DEBUG:comtypes._post_coinit.unknwn:Release <POINTER(IUIAutomationElement) ptr=0x232bea61980 at 232bf9e20d0>
Mouse: 1924, 832 | UIA: None | EW: PySide6.QtCore.QRect(1806, 656, 480, 630)
All rects available:
  0: 1960, 14, 270x210
  1: 2496, 1382, 54x54
  2: 1806, 656, 480x630
  3: 2465, 1316, 54x54
  4: 2339, 1416, 54x54
  5: 2396, 1364, 90x90
  6: 2564, 1382, 54x54
  7: 2394, 1301, 54x54
  8: 2339, 1346, 54x54
  9: 2394, 1461, 54x54
DEBUG:comtypes._post_coinit.unknwn:Release <POINTER(IUIAutomationElement) ptr=0x232bea61a10 at 232bf9e20d0>
Mouse: 1922, 794 | UIA: None | EW: PySide6.QtCore.QRect(1806, 656, 480, 630)
All rects available:
  0: 1960, 14, 270x210
  1: 2496, 1382, 54x54
  2: 1806, 656, 480x630
  3: 2465, 1316, 54x54
  4: 2339, 1416, 54x54
  5: 2396, 1364, 90x90
  6: 2564, 1382, 54x54
  7: 2394, 1301, 54x54
  8: 2339, 1346, 54x54
  9: 2394, 1461, 54x54
DEBUG:comtypes._post_coinit.unknwn:Release <POINTER(IUIAutomationElement) ptr=0x232bea60a50 at 232bf9e2150>
Mouse: 1922, 790 | UIA: None | EW: PySide6.QtCore.QRect(1806, 656, 480, 630)
All rects available:
  0: 1960, 14, 270x210
  1: 2496, 1382, 54x54
  2: 1806, 656, 480x630
  3: 2465, 1316, 54x54
  4: 2339, 1416, 54x54
  5: 2396, 1364, 90x90
  6: 2564, 1382, 54x54
  7: 2394, 1301, 54x54
  8: 2339, 1346, 54x54
  9: 2394, 1461, 54x54
DEBUG:comtypes._post_coinit.unknwn:Release <POINTER(IUIAutomationElement) ptr=0x232bea61e00 at 232bf9e20d0>
Mouse: 1922, 780 | UIA: None | EW: PySide6.QtCore.QRect(1806, 656, 480, 630)
All rects available:
  0: 1960, 14, 270x210
  1: 2496, 1382, 54x54
  2: 1806, 656, 480x630
  3: 2465, 1316, 54x54
  4: 2339, 1416, 54x54
  5: 2396, 1364, 90x90
  6: 2564, 1382, 54x54
  7: 2394, 1301, 54x54
  8: 2339, 1346, 54x54
  9: 2394, 1461, 54x54
DEBUG:comtypes._post_coinit.unknwn:Release <POINTER(IUIAutomationElement) ptr=0x232bea60660 at 232bf9e2150>
Mouse: 1918, 766 | UIA: None | EW: PySide6.QtCore.QRect(1806, 656, 480, 630)
All rects available:
  0: 1960, 14, 270x210
  1: 2496, 1382, 54x54
  2: 1806, 656, 480x630
  3: 2465, 1316, 54x54
  4: 2339, 1416, 54x54
  5: 2396, 1364, 90x90
  6: 2564, 1382, 54x54
  7: 2394, 1301, 54x54
  8: 2339, 1346, 54x54
  9: 2394, 1461, 54x54
DEBUG:comtypes._post_coinit.unknwn:Release <POINTER(IUIAutomationElement) ptr=0x232bea60a50 at 232bf9e20d0>
Mouse: 1918, 764 | UIA: None | EW: PySide6.QtCore.QRect(1806, 656, 480, 630)
All rects available:
  0: 1960, 14, 270x210
  1: 2496, 1382, 54x54
  2: 1806, 656, 480x630
  3: 2465, 1316, 54x54
  4: 2339, 1416, 54x54
  5: 2396, 1364, 90x90
  6: 2564, 1382, 54x54
  7: 2394, 1301, 54x54
  8: 2339, 1346, 54x54
  9: 2394, 1461, 54x54
DEBUG:comtypes._post_coinit.unknwn:Release <POINTER(IUIAutomationElement) ptr=0x232bea60420 at 232bf9e2150>
Mouse: 1918, 759 | UIA: None | EW: PySide6.QtCore.QRect(1806, 656, 480, 630)
All rects available:
  0: 1960, 14, 270x210
  1: 2496, 1382, 54x54
  2: 1806, 656, 480x630
  3: 2465, 1316, 54x54
  4: 2339, 1416, 54x54
  5: 2396, 1364, 90x90
  6: 2564, 1382, 54x54
  7: 2394, 1301, 54x54
  8: 2339, 1346, 54x54
  9: 2394, 1461, 54x54
DEBUG:comtypes._post_coinit.unknwn:Release <POINTER(IUIAutomationElement) ptr=0x232bea61ce0 at 232bf9e20d0>
Mouse: 1917, 750 | UIA: None | EW: PySide6.QtCore.QRect(1806, 656, 480, 630)
All rects available:
  0: 1960, 14, 270x210
  1: 2496, 1382, 54x54
  2: 1806, 656, 480x630
  3: 2465, 1316, 54x54
  4: 2339, 1416, 54x54
  5: 2396, 1364, 90x90
  6: 2564, 1382, 54x54
  7: 2394, 1301, 54x54
  8: 2339, 1346, 54x54
  9: 2394, 1461, 54x54
DEBUG:comtypes._post_coinit.unknwn:Release <POINTER(IUIAutomationElement) ptr=0x232bea61ce0 at 232bf9e2150>
Mouse: 1918, 742 | UIA: None | EW: PySide6.QtCore.QRect(1806, 656, 480, 630)
All rects available:
  0: 1960, 14, 270x210
  1: 2496, 1382, 54x54
  2: 1806, 656, 480x630
  3: 2465, 1316, 54x54
  4: 2339, 1416, 54x54
  5: 2396, 1364, 90x90
  6: 2564, 1382, 54x54
  7: 2394, 1301, 54x54
  8: 2339, 1346, 54x54
  9: 2394, 1461, 54x54
DEBUG:comtypes._post_coinit.unknwn:Release <POINTER(IUIAutomationElement) ptr=0x232bea60420 at 232bf9e20d0>
Mouse: 1918, 735 | UIA: None | EW: PySide6.QtCore.QRect(1806, 656, 480, 630)
All rects available:
  0: 1960, 14, 270x210
  1: 2496, 1382, 54x54
  2: 1806, 656, 480x630
  3: 2465, 1316, 54x54
  4: 2339, 1416, 54x54
  5: 2396, 1364, 90x90
  6: 2564, 1382, 54x54
  7: 2394, 1301, 54x54
  8: 2339, 1346, 54x54
  9: 2394, 1461, 54x54
DEBUG:comtypes._post_coinit.unknwn:Release <POINTER(IUIAutomationElement) ptr=0x232bea601e0 at 232bf9e2150>
Mouse: 1918, 728 | UIA: None | EW: PySide6.QtCore.QRect(1806, 656, 480, 630)
All rects available:
  0: 1960, 14, 270x210
  1: 2496, 1382, 54x54
  2: 1806, 656, 480x630
  3: 2465, 1316, 54x54
  4: 2339, 1416, 54x54
  5: 2396, 1364, 90x90
  6: 2564, 1382, 54x54
  7: 2394, 1301, 54x54
  8: 2339, 1346, 54x54
  9: 2394, 1461, 54x54
DEBUG:comtypes._post_coinit.unknwn:Release <POINTER(IUIAutomationElement) ptr=0x232bea60150 at 232bf9e20d0>
Mouse: 1918, 723 | UIA: None | EW: PySide6.QtCore.QRect(1806, 656, 480, 630)
All rects available:
  0: 1960, 14, 270x210
  1: 2496, 1382, 54x54
  2: 1806, 656, 480x630
  3: 2465, 1316, 54x54
  4: 2339, 1416, 54x54
  5: 2396, 1364, 90x90
  6: 2564, 1382, 54x54
  7: 2394, 1301, 54x54
  8: 2339, 1346, 54x54
  9: 2394, 1461, 54x54
DEBUG:comtypes._post_coinit.unknwn:Release <POINTER(IUIAutomationElement) ptr=0x232bea61980 at 232bf9e2150>
Mouse: 1918, 718 | UIA: None | EW: PySide6.QtCore.QRect(1806, 656, 480, 630)
All rects available:
  0: 1960, 14, 270x210
  1: 2496, 1382, 54x54
  2: 1806, 656, 480x630
  3: 2465, 1316, 54x54
  4: 2339, 1416, 54x54
  5: 2396, 1364, 90x90
  6: 2564, 1382, 54x54
  7: 2394, 1301, 54x54
  8: 2339, 1346, 54x54
  9: 2394, 1461, 54x54
DEBUG:comtypes._post_coinit.unknwn:Release <POINTER(IUIAutomationElement) ptr=0x232bea612c0 at 232bf9e20d0>
Mouse: 1917, 716 | UIA: None | EW: PySide6.QtCore.QRect(1806, 656, 480, 630)
All rects available:
  0: 1960, 14, 270x210
  1: 2496, 1382, 54x54
  2: 1806, 656, 480x630
  3: 2465, 1316, 54x54
  4: 2339, 1416, 54x54
  5: 2396, 1364, 90x90
  6: 2564, 1382, 54x54
  7: 2394, 1301, 54x54
  8: 2339, 1346, 54x54
  9: 2394, 1461, 54x54
DEBUG:comtypes._post_coinit.unknwn:Release <POINTER(IUIAutomationElement) ptr=0x232bea60c90 at 232bf9e2150>
Mouse: 1918, 712 | UIA: None | EW: PySide6.QtCore.QRect(1806, 656, 480, 630)
All rects available:
  0: 1960, 14, 270x210
  1: 2496, 1382, 54x54
  2: 1806, 656, 480x630
  3: 2465, 1316, 54x54
  4: 2339, 1416, 54x54
  5: 2396, 1364, 90x90
  6: 2564, 1382, 54x54
  7: 2394, 1301, 54x54
  8: 2339, 1346, 54x54
  9: 2394, 1461, 54x54
DEBUG:comtypes._post_coinit.unknwn:Release <POINTER(IUIAutomationElement) ptr=0x232bea612c0 at 232bf9e20d0>
Mouse: 1918, 712 | UIA: None | EW: PySide6.QtCore.QRect(1806, 656, 480, 630)
All rects available:
  0: 1960, 14, 270x210
  1: 2496, 1382, 54x54
  2: 1806, 656, 480x630
  3: 2465, 1316, 54x54
  4: 2339, 1416, 54x54
  5: 2396, 1364, 90x90
  6: 2564, 1382, 54x54
  7: 2394, 1301, 54x54
  8: 2339, 1346, 54x54
  9: 2394, 1461, 54x54
DEBUG:comtypes._post_coinit.unknwn:Release <POINTER(IUIAutomationElement) ptr=0x232bea61470 at 232bf9e2150>
Mouse: 1918, 712 | UIA: None | EW: PySide6.QtCore.QRect(1806, 656, 480, 630)
All rects available:
  0: 1960, 14, 270x210
  1: 2496, 1382, 54x54
  2: 1806, 656, 480x630
  3: 2465, 1316, 54x54
  4: 2339, 1416, 54x54
  5: 2396, 1364, 90x90
  6: 2564, 1382, 54x54
  7: 2394, 1301, 54x54
  8: 2339, 1346, 54x54
  9: 2394, 1461, 54x54
DEBUG:comtypes._post_coinit.unknwn:Release <POINTER(IUIAutomationElement) ptr=0x232bea61980 at 232bf9e20d0>
Mouse: 1920, 712 | UIA: None | EW: PySide6.QtCore.QRect(1806, 656, 480, 630)
All rects available:
  0: 1960, 14, 270x210
  1: 2496, 1382, 54x54
  2: 1806, 656, 480x630
  3: 2465, 1316, 54x54
  4: 2339, 1416, 54x54
  5: 2396, 1364, 90x90
  6: 2564, 1382, 54x54
  7: 2394, 1301, 54x54
  8: 2339, 1346, 54x54
  9: 2394, 1461, 54x54
DEBUG:comtypes._post_coinit.unknwn:Release <POINTER(IUIAutomationElement) ptr=0x232bea61230 at 232bf9e2150>
Mouse: 1923, 716 | UIA: None | EW: PySide6.QtCore.QRect(1806, 656, 480, 630)
All rects available:
  0: 1960, 14, 270x210
  1: 2496, 1382, 54x54
  2: 1806, 656, 480x630
  3: 2465, 1316, 54x54
  4: 2339, 1416, 54x54
  5: 2396, 1364, 90x90
  6: 2564, 1382, 54x54
  7: 2394, 1301, 54x54
  8: 2339, 1346, 54x54
  9: 2394, 1461, 54x54
DEBUG:comtypes._post_coinit.unknwn:Release <POINTER(IUIAutomationElement) ptr=0x232bea60e40 at 232bf9e20d0>
Mouse: 1923, 717 | UIA: None | EW: PySide6.QtCore.QRect(1806, 656, 480, 630)
All rects available:
  0: 1960, 14, 270x210
  1: 2496, 1382, 54x54
  2: 1806, 656, 480x630
  3: 2465, 1316, 54x54
  4: 2339, 1416, 54x54
  5: 2396, 1364, 90x90
  6: 2564, 1382, 54x54
  7: 2394, 1301, 54x54
  8: 2339, 1346, 54x54
  9: 2394, 1461, 54x54
DEBUG:comtypes._post_coinit.unknwn:Release <POINTER(IUIAutomationElement) ptr=0x232bea60c90 at 232bf9e2150>
Mouse: 1923, 718 | UIA: None | EW: PySide6.QtCore.QRect(1806, 656, 480, 630)
All rects available:
  0: 1960, 14, 270x210
  1: 2496, 1382, 54x54
  2: 1806, 656, 480x630
  3: 2465, 1316, 54x54
  4: 2339, 1416, 54x54
  5: 2396, 1364, 90x90
  6: 2564, 1382, 54x54
  7: 2394, 1301, 54x54
  8: 2339, 1346, 54x54
  9: 2394, 1461, 54x54
DEBUG:comtypes._post_coinit.unknwn:Release <POINTER(IUIAutomationElement) ptr=0x232bea601e0 at 232bf9e20d0>
Mouse: 1922, 718 | UIA: None | EW: PySide6.QtCore.QRect(1806, 656, 480, 630)
All rects available:
  0: 1960, 14, 270x210
  1: 2496, 1382, 54x54
  2: 1806, 656, 480x630
  3: 2465, 1316, 54x54
  4: 2339, 1416, 54x54
  5: 2396, 1364, 90x90
  6: 2564, 1382, 54x54
  7: 2394, 1301, 54x54
  8: 2339, 1346, 54x54
  9: 2394, 1461, 54x54
DEBUG:comtypes._post_coinit.unknwn:Release <POINTER(IUIAutomationElement) ptr=0x232bea60c90 at 232bf9e2150>
Mouse: 1918, 724 | UIA: None | EW: PySide6.QtCore.QRect(1806, 656, 480, 630)
All rects available:
  0: 1960, 14, 270x210
  1: 2496, 1382, 54x54
  2: 1806, 656, 480x630
  3: 2465, 1316, 54x54
  4: 2339, 1416, 54x54
  5: 2396, 1364, 90x90
  6: 2564, 1382, 54x54
  7: 2394, 1301, 54x54
  8: 2339, 1346, 54x54
  9: 2394, 1461, 54x54
DEBUG:comtypes._post_coinit.unknwn:Release <POINTER(IUIAutomationElement) ptr=0x232bea60c90 at 232bf9e20d0>
Mouse: 1917, 728 | UIA: None | EW: PySide6.QtCore.QRect(1806, 656, 480, 630)
All rects available:
  0: 1960, 14, 270x210
  1: 2496, 1382, 54x54
  2: 1806, 656, 480x630
  3: 2465, 1316, 54x54
  4: 2339, 1416, 54x54
  5: 2396, 1364, 90x90
  6: 2564, 1382, 54x54
  7: 2394, 1301, 54x54
  8: 2339, 1346, 54x54
  9: 2394, 1461, 54x54
DEBUG:comtypes._post_coinit.unknwn:Release <POINTER(IUIAutomationElement) ptr=0x232bea60ed0 at 232bf9e2150>
Mouse: 1916, 730 | UIA: None | EW: PySide6.QtCore.QRect(1806, 656, 480, 630)
All rects available:
  0: 1960, 14, 270x210
  1: 2496, 1382, 54x54
  2: 1806, 656, 480x630
  3: 2465, 1316, 54x54
  4: 2339, 1416, 54x54
  5: 2396, 1364, 90x90
  6: 2564, 1382, 54x54
  7: 2394, 1301, 54x54
  8: 2339, 1346, 54x54
  9: 2394, 1461, 54x54
DEBUG:comtypes._post_coinit.unknwn:Release <POINTER(IUIAutomationElement) ptr=0x232bea61350 at 232bf9e20d0>
Mouse: 1916, 730 | UIA: None | EW: PySide6.QtCore.QRect(1806, 656, 480, 630)
All rects available:
  0: 1960, 14, 270x210
  1: 2496, 1382, 54x54
  2: 1806, 656, 480x630
  3: 2465, 1316, 54x54
  4: 2339, 1416, 54x54
  5: 2396, 1364, 90x90
  6: 2564, 1382, 54x54
  7: 2394, 1301, 54x54
  8: 2339, 1346, 54x54
  9: 2394, 1461, 54x54
DEBUG:comtypes._post_coinit.unknwn:Release <POINTER(IUIAutomationElement) ptr=0x232bea60b70 at 232bf9e2150>
Mouse: 1916, 732 | UIA: None | EW: PySide6.QtCore.QRect(1806, 656, 480, 630)
All rects available:
  0: 1960, 14, 270x210
  1: 2496, 1382, 54x54
  2: 1806, 656, 480x630
  3: 2465, 1316, 54x54
  4: 2339, 1416, 54x54
  5: 2396, 1364, 90x90
  6: 2564, 1382, 54x54
  7: 2394, 1301, 54x54
  8: 2339, 1346, 54x54
  9: 2394, 1461, 54x54
DEBUG:root:--- get_all_visible_rects called ---
DEBUG:root:Rect: 1960, 14, 270x210
DEBUG:root:Rect: 2496, 1382, 54x54
DEBUG:root:Rect: 2465, 1446, 54x54
DEBUG:root:Rect: 1806, 656, 480x630
DEBUG:root:Rect: 2465, 1316, 54x54
DEBUG:root:Rect: 2339, 1416, 54x54
DEBUG:root:Rect: 2396, 1364, 90x90
DEBUG:root:Rect: 2564, 1382, 54x54
DEBUG:root:Rect: 2394, 1301, 54x54
DEBUG:root:Rect: 2339, 1346, 54x54
DEBUG:root:Rect: 2394, 1461, 54x54
DEBUG:root:Rect: 593, 124, 1359x1151
DEBUG:root:Rect: 593, 69, 1358x1206
DEBUG:root:Rect: 591, 69, 1362x1208
DEBUG:root:Rect: 828, 344, 874x767
DEBUG:root:Rect: 0, 0, 22x22
DEBUG:root:Rect: 0, 0, 2560x1600
DEBUG:root:Rect: -31818, -31939, 885x151
DEBUG:root:Rect: -31989, -32000, 1496x1528
DEBUG:root:Rect: -31991, -32000, 219x30
DEBUG:root:Rect: -31992, -31999, 1004x861
DEBUG:root:Rect: -31994, -32000, 225x33
DEBUG:root:Rect: -31989, -32000, 1447x1245
DEBUG:root:Rect: -32000, -32000, 1815x1464
DEBUG:root:Rect: -32000, -32000, 237x39
DEBUG:root:Rect: -32000, -32000, 1920x1200
DEBUG:root:Rect: -32000, -32000, 1920x69
DEBUG:root:Rect: -31991, -32000, 219x39
DEBUG:root:Rect: -31989, -32000, 1317x972
DEBUG:root:Rect: -31764, -31939, 939x151
DEBUG:root:Rect: -31989, -32000, 1496x1527
DEBUG:comtypes._post_coinit.unknwn:Release <POINTER(IUIAutomationElement) ptr=0x232bea61590 at 232bd89b3d0>
Mouse: 2253, 836 | UIA: None | EW: PySide6.QtCore.QRect(1806, 656, 480, 630)
All rects available:
  0: 1960, 14, 270x210
  1: 2496, 1382, 54x54
  2: 2465, 1446, 54x54
  3: 1806, 656, 480x630
  4: 2465, 1316, 54x54
  5: 2339, 1416, 54x54
  6: 2396, 1364, 90x90
  7: 2564, 1382, 54x54
  8: 2394, 1301, 54x54
  9: 2339, 1346, 54x54
DEBUG:comtypes._post_coinit.unknwn:Release <POINTER(IUIAutomationElement) ptr=0x232bea612c0 at 232bd89b3d0>
Mouse: 2247, 834 | UIA: None | EW: PySide6.QtCore.QRect(1806, 656, 480, 630)
All rects available:
  0: 1960, 14, 270x210
  1: 2496, 1382, 54x54
  2: 2465, 1446, 54x54
  3: 1806, 656, 480x630
  4: 2465, 1316, 54x54
  5: 2339, 1416, 54x54
  6: 2396, 1364, 90x90
  7: 2564, 1382, 54x54
  8: 2394, 1301, 54x54
  9: 2339, 1346, 54x54
DEBUG:comtypes._post_coinit.unknwn:Release <POINTER(IUIAutomationElement) ptr=0x232bea600c0 at 232bd89b3d0>
Mouse: 2244, 832 | UIA: None | EW: PySide6.QtCore.QRect(1806, 656, 480, 630)
All rects available:
  0: 1960, 14, 270x210
  1: 2496, 1382, 54x54
  2: 2465, 1446, 54x54
  3: 1806, 656, 480x630
  4: 2465, 1316, 54x54
  5: 2339, 1416, 54x54
  6: 2396, 1364, 90x90
  7: 2564, 1382, 54x54
  8: 2394, 1301, 54x54
  9: 2339, 1346, 54x54
DEBUG:comtypes._post_coinit.unknwn:Release <POINTER(IUIAutomationElement) ptr=0x232bea60660 at 232bd89b3d0>
Mouse: 2240, 831 | UIA: None | EW: PySide6.QtCore.QRect(1806, 656, 480, 630)
All rects available:
  0: 1960, 14, 270x210
  1: 2496, 1382, 54x54
  2: 2465, 1446, 54x54
  3: 1806, 656, 480x630
  4: 2465, 1316, 54x54
  5: 2339, 1416, 54x54
  6: 2396, 1364, 90x90
  7: 2564, 1382, 54x54
  8: 2394, 1301, 54x54
  9: 2339, 1346, 54x54
DEBUG:comtypes._post_coinit.unknwn:Release <POINTER(IUIAutomationElement) ptr=0x232bea60c90 at 232bd89b3d0>
Mouse: 2235, 831 | UIA: None | EW: PySide6.QtCore.QRect(1806, 656, 480, 630)
All rects available:
  0: 1960, 14, 270x210
  1: 2496, 1382, 54x54
  2: 2465, 1446, 54x54
  3: 1806, 656, 480x630
  4: 2465, 1316, 54x54
  5: 2339, 1416, 54x54
  6: 2396, 1364, 90x90
  7: 2564, 1382, 54x54
  8: 2394, 1301, 54x54
  9: 2339, 1346, 54x54
DEBUG:comtypes._post_coinit.unknwn:Release <POINTER(IUIAutomationElement) ptr=0x232bea60420 at 232bd89b3d0>
Mouse: 2228, 830 | UIA: None | EW: PySide6.QtCore.QRect(1806, 656, 480, 630)
All rects available:
  0: 1960, 14, 270x210
  1: 2496, 1382, 54x54
  2: 2465, 1446, 54x54
  3: 1806, 656, 480x630
  4: 2465, 1316, 54x54
  5: 2339, 1416, 54x54
  6: 2396, 1364, 90x90
  7: 2564, 1382, 54x54
  8: 2394, 1301, 54x54
  9: 2339, 1346, 54x54
DEBUG:comtypes._post_coinit.unknwn:Release <POINTER(IUIAutomationElement) ptr=0x232bea604b0 at 232bd89b3d0>
Mouse: 2210, 822 | UIA: None | EW: PySide6.QtCore.QRect(1806, 656, 480, 630)
All rects available:
  0: 1960, 14, 270x210
  1: 2496, 1382, 54x54
  2: 2465, 1446, 54x54
  3: 1806, 656, 480x630
  4: 2465, 1316, 54x54
  5: 2339, 1416, 54x54
  6: 2396, 1364, 90x90
  7: 2564, 1382, 54x54
  8: 2394, 1301, 54x54
  9: 2339, 1346, 54x54
DEBUG:comtypes._post_coinit.unknwn:Release <POINTER(IUIAutomationElement) ptr=0x232bea60ff0 at 232bd89b3d0>
Mouse: 2196, 818 | UIA: None | EW: PySide6.QtCore.QRect(1806, 656, 480, 630)
All rects available:
  0: 1960, 14, 270x210
  1: 2496, 1382, 54x54
  2: 2465, 1446, 54x54
  3: 1806, 656, 480x630
  4: 2465, 1316, 54x54
  5: 2339, 1416, 54x54
  6: 2396, 1364, 90x90
  7: 2564, 1382, 54x54
  8: 2394, 1301, 54x54
  9: 2339, 1346, 54x54
DEBUG:comtypes._post_coinit.unknwn:Release <POINTER(IUIAutomationElement) ptr=0x232bea60150 at 232bd89b3d0>
Mouse: 2194, 818 | UIA: None | EW: PySide6.QtCore.QRect(1806, 656, 480, 630)
All rects available:
  0: 1960, 14, 270x210
  1: 2496, 1382, 54x54
  2: 2465, 1446, 54x54
  3: 1806, 656, 480x630
  4: 2465, 1316, 54x54
  5: 2339, 1416, 54x54
  6: 2396, 1364, 90x90
  7: 2564, 1382, 54x54
  8: 2394, 1301, 54x54
  9: 2339, 1346, 54x54
DEBUG:comtypes._post_coinit.unknwn:Release <POINTER(IUIAutomationElement) ptr=0x232bea61a10 at 232bd89b3d0>
Mouse: 2186, 820 | UIA: None | EW: PySide6.QtCore.QRect(1806, 656, 480, 630)
All rects available:
  0: 1960, 14, 270x210
  1: 2496, 1382, 54x54
  2: 2465, 1446, 54x54
  3: 1806, 656, 480x630
  4: 2465, 1316, 54x54
  5: 2339, 1416, 54x54
  6: 2396, 1364, 90x90
  7: 2564, 1382, 54x54
  8: 2394, 1301, 54x54
  9: 2339, 1346, 54x54
DEBUG:comtypes._post_coinit.unknwn:Release <POINTER(IUIAutomationElement) ptr=0x232bea60f60 at 232bd89b3d0>
Mouse: 2181, 820 | UIA: None | EW: PySide6.QtCore.QRect(1806, 656, 480, 630)
All rects available:
  0: 1960, 14, 270x210
  1: 2496, 1382, 54x54
  2: 2465, 1446, 54x54
  3: 1806, 656, 480x630
  4: 2465, 1316, 54x54
  5: 2339, 1416, 54x54
  6: 2396, 1364, 90x90
  7: 2564, 1382, 54x54
  8: 2394, 1301, 54x54
  9: 2339, 1346, 54x54
DEBUG:comtypes._post_coinit.unknwn:Release <POINTER(IUIAutomationElement) ptr=0x232bea61620 at 232bd89b3d0>
Mouse: 2176, 819 | UIA: None | EW: PySide6.QtCore.QRect(1806, 656, 480, 630)
All rects available:
  0: 1960, 14, 270x210
  1: 2496, 1382, 54x54
  2: 2465, 1446, 54x54
  3: 1806, 656, 480x630
  4: 2465, 1316, 54x54
  5: 2339, 1416, 54x54
  6: 2396, 1364, 90x90
  7: 2564, 1382, 54x54
  8: 2394, 1301, 54x54
  9: 2339, 1346, 54x54
DEBUG:comtypes._post_coinit.unknwn:Release <POINTER(IUIAutomationElement) ptr=0x232bea61470 at 232bd89b3d0>
Mouse: 2170, 818 | UIA: None | EW: PySide6.QtCore.QRect(1806, 656, 480, 630)
All rects available:
  0: 1960, 14, 270x210
  1: 2496, 1382, 54x54
  2: 2465, 1446, 54x54
  3: 1806, 656, 480x630
  4: 2465, 1316, 54x54
  5: 2339, 1416, 54x54
  6: 2396, 1364, 90x90
  7: 2564, 1382, 54x54
  8: 2394, 1301, 54x54
  9: 2339, 1346, 54x54
DEBUG:comtypes._post_coinit.unknwn:Release <POINTER(IUIAutomationElement) ptr=0x232bea60930 at 232bd89b3d0>
Mouse: 2152, 814 | UIA: None | EW: PySide6.QtCore.QRect(1806, 656, 480, 630)
All rects available:
  0: 1960, 14, 270x210
  1: 2496, 1382, 54x54
  2: 2465, 1446, 54x54
  3: 1806, 656, 480x630
  4: 2465, 1316, 54x54
  5: 2339, 1416, 54x54
  6: 2396, 1364, 90x90
  7: 2564, 1382, 54x54
  8: 2394, 1301, 54x54
  9: 2339, 1346, 54x54
DEBUG:comtypes._post_coinit.unknwn:Release <POINTER(IUIAutomationElement) ptr=0x232bea60150 at 232bd89b3d0>
Mouse: 2144, 813 | UIA: None | EW: PySide6.QtCore.QRect(1806, 656, 480, 630)
All rects available:
  0: 1960, 14, 270x210
  1: 2496, 1382, 54x54
  2: 2465, 1446, 54x54
  3: 1806, 656, 480x630
  4: 2465, 1316, 54x54
  5: 2339, 1416, 54x54
  6: 2396, 1364, 90x90
  7: 2564, 1382, 54x54
  8: 2394, 1301, 54x54
  9: 2339, 1346, 54x54
DEBUG:comtypes._post_coinit.unknwn:Release <POINTER(IUIAutomationElement) ptr=0x232bea61aa0 at 232bd89b3d0>
Mouse: 2132, 810 | UIA: None | EW: PySide6.QtCore.QRect(1806, 656, 480, 630)
All rects available:
  0: 1960, 14, 270x210
  1: 2496, 1382, 54x54
  2: 2465, 1446, 54x54
  3: 1806, 656, 480x630
  4: 2465, 1316, 54x54
  5: 2339, 1416, 54x54
  6: 2396, 1364, 90x90
  7: 2564, 1382, 54x54
  8: 2394, 1301, 54x54
  9: 2339, 1346, 54x54
DEBUG:comtypes._post_coinit.unknwn:Release <POINTER(IUIAutomationElement) ptr=0x232bea612c0 at 232bd89b3d0>
Mouse: 2116, 795 | UIA: None | EW: PySide6.QtCore.QRect(1806, 656, 480, 630)
All rects available:
  0: 1960, 14, 270x210
  1: 2496, 1382, 54x54
  2: 2465, 1446, 54x54
  3: 1806, 656, 480x630
  4: 2465, 1316, 54x54
  5: 2339, 1416, 54x54
  6: 2396, 1364, 90x90
  7: 2564, 1382, 54x54
  8: 2394, 1301, 54x54
  9: 2339, 1346, 54x54
DEBUG:comtypes._post_coinit.unknwn:Release <POINTER(IUIAutomationElement) ptr=0x232bea60ed0 at 232bd89b3d0>
Mouse: 2114, 790 | UIA: None | EW: PySide6.QtCore.QRect(1806, 656, 480, 630)
All rects available:
  0: 1960, 14, 270x210
  1: 2496, 1382, 54x54
  2: 2465, 1446, 54x54
  3: 1806, 656, 480x630
  4: 2465, 1316, 54x54
  5: 2339, 1416, 54x54
  6: 2396, 1364, 90x90
  7: 2564, 1382, 54x54
  8: 2394, 1301, 54x54
  9: 2339, 1346, 54x54
DEBUG:comtypes._post_coinit.unknwn:Release <POINTER(IUIAutomationElement) ptr=0x232bea61e00 at 232bd89b3d0>
Mouse: 2109, 788 | UIA: None | EW: PySide6.QtCore.QRect(1806, 656, 480, 630)
All rects available:
  0: 1960, 14, 270x210
  1: 2496, 1382, 54x54
  2: 2465, 1446, 54x54
  3: 1806, 656, 480x630
  4: 2465, 1316, 54x54
  5: 2339, 1416, 54x54
  6: 2396, 1364, 90x90
  7: 2564, 1382, 54x54
  8: 2394, 1301, 54x54
  9: 2339, 1346, 54x54
DEBUG:comtypes._post_coinit.unknwn:Release <POINTER(IUIAutomationElement) ptr=0x232bea61e00 at 232bd89b3d0>
Mouse: 2102, 786 | UIA: None | EW: PySide6.QtCore.QRect(1806, 656, 480, 630)
All rects available:
  0: 1960, 14, 270x210
  1: 2496, 1382, 54x54
  2: 2465, 1446, 54x54
  3: 1806, 656, 480x630
  4: 2465, 1316, 54x54
  5: 2339, 1416, 54x54
  6: 2396, 1364, 90x90
  7: 2564, 1382, 54x54
  8: 2394, 1301, 54x54
  9: 2339, 1346, 54x54
DEBUG:comtypes._post_coinit.unknwn:Release <POINTER(IUIAutomationElement) ptr=0x232bea60ae0 at 232bd89b3d0>
Mouse: 2100, 786 | UIA: None | EW: PySide6.QtCore.QRect(1806, 656, 480, 630)
All rects available:
  0: 1960, 14, 270x210
  1: 2496, 1382, 54x54
  2: 2465, 1446, 54x54
  3: 1806, 656, 480x630
  4: 2465, 1316, 54x54
  5: 2339, 1416, 54x54
  6: 2396, 1364, 90x90
  7: 2564, 1382, 54x54
  8: 2394, 1301, 54x54
  9: 2339, 1346, 54x54
DEBUG:comtypes._post_coinit.unknwn:Release <POINTER(IUIAutomationElement) ptr=0x232bea604b0 at 232bd89b3d0>
Mouse: 2098, 783 | UIA: None | EW: PySide6.QtCore.QRect(1806, 656, 480, 630)
All rects available:
  0: 1960, 14, 270x210
  1: 2496, 1382, 54x54
  2: 2465, 1446, 54x54
  3: 1806, 656, 480x630
  4: 2465, 1316, 54x54
  5: 2339, 1416, 54x54
  6: 2396, 1364, 90x90
  7: 2564, 1382, 54x54
  8: 2394, 1301, 54x54
  9: 2339, 1346, 54x54
DEBUG:comtypes._post_coinit.unknwn:Release <POINTER(IUIAutomationElement) ptr=0x232bea60810 at 232bd89b3d0>
Mouse: 2097, 782 | UIA: None | EW: PySide6.QtCore.QRect(1806, 656, 480, 630)
All rects available:
  0: 1960, 14, 270x210
  1: 2496, 1382, 54x54
  2: 2465, 1446, 54x54
  3: 1806, 656, 480x630
  4: 2465, 1316, 54x54
  5: 2339, 1416, 54x54
  6: 2396, 1364, 90x90
  7: 2564, 1382, 54x54
  8: 2394, 1301, 54x54
  9: 2339, 1346, 54x54
DEBUG:comtypes._post_coinit.unknwn:Release <POINTER(IUIAutomationElement) ptr=0x232bea604b0 at 232bd89b3d0>
Mouse: 2094, 780 | UIA: None | EW: PySide6.QtCore.QRect(1806, 656, 480, 630)
All rects available:
  0: 1960, 14, 270x210
  1: 2496, 1382, 54x54
  2: 2465, 1446, 54x54
  3: 1806, 656, 480x630
  4: 2465, 1316, 54x54
  5: 2339, 1416, 54x54
  6: 2396, 1364, 90x90
  7: 2564, 1382, 54x54
  8: 2394, 1301, 54x54
  9: 2339, 1346, 54x54
DEBUG:comtypes._post_coinit.unknwn:Release <POINTER(IUIAutomationElement) ptr=0x232bea61350 at 232bd89b3d0>
Mouse: 2092, 777 | UIA: None | EW: PySide6.QtCore.QRect(1806, 656, 480, 630)
All rects available:
  0: 1960, 14, 270x210
  1: 2496, 1382, 54x54
  2: 2465, 1446, 54x54
  3: 1806, 656, 480x630
  4: 2465, 1316, 54x54
  5: 2339, 1416, 54x54
  6: 2396, 1364, 90x90
  7: 2564, 1382, 54x54
  8: 2394, 1301, 54x54
  9: 2339, 1346, 54x54
DEBUG:comtypes._post_coinit.unknwn:Release <POINTER(IUIAutomationElement) ptr=0x232bea600c0 at 232bd89b3d0>
Mouse: 2092, 776 | UIA: None | EW: PySide6.QtCore.QRect(1806, 656, 480, 630)
All rects available:
  0: 1960, 14, 270x210
  1: 2496, 1382, 54x54
  2: 2465, 1446, 54x54
  3: 1806, 656, 480x630
  4: 2465, 1316, 54x54
  5: 2339, 1416, 54x54
  6: 2396, 1364, 90x90
  7: 2564, 1382, 54x54
  8: 2394, 1301, 54x54
  9: 2339, 1346, 54x54
DEBUG:comtypes._post_coinit.unknwn:Release <POINTER(IUIAutomationElement) ptr=0x232bea60930 at 232bd89b3d0>
Mouse: 2092, 776 | UIA: None | EW: PySide6.QtCore.QRect(1806, 656, 480, 630)
All rects available:
  0: 1960, 14, 270x210
  1: 2496, 1382, 54x54
  2: 2465, 1446, 54x54
  3: 1806, 656, 480x630
  4: 2465, 1316, 54x54
  5: 2339, 1416, 54x54
  6: 2396, 1364, 90x90
  7: 2564, 1382, 54x54
  8: 2394, 1301, 54x54
  9: 2339, 1346, 54x54
DEBUG:comtypes._post_coinit.unknwn:Release <POINTER(IUIAutomationElement) ptr=0x232bea60e40 at 232bd89b3d0>
Mouse: 2092, 772 | UIA: None | EW: PySide6.QtCore.QRect(1806, 656, 480, 630)
All rects available:
  0: 1960, 14, 270x210
  1: 2496, 1382, 54x54
  2: 2465, 1446, 54x54
  3: 1806, 656, 480x630
  4: 2465, 1316, 54x54
  5: 2339, 1416, 54x54
  6: 2396, 1364, 90x90
  7: 2564, 1382, 54x54
  8: 2394, 1301, 54x54
  9: 2339, 1346, 54x54
DEBUG:comtypes._post_coinit.unknwn:Release <POINTER(IUIAutomationElement) ptr=0x232bea61a10 at 232bd89b3d0>
Mouse: 2090, 771 | UIA: None | EW: PySide6.QtCore.QRect(1806, 656, 480, 630)
All rects available:
  0: 1960, 14, 270x210
  1: 2496, 1382, 54x54
  2: 2465, 1446, 54x54
  3: 1806, 656, 480x630
  4: 2465, 1316, 54x54
  5: 2339, 1416, 54x54
  6: 2396, 1364, 90x90
  7: 2564, 1382, 54x54
  8: 2394, 1301, 54x54
  9: 2339, 1346, 54x54
DEBUG:comtypes._post_coinit.unknwn:Release <POINTER(IUIAutomationElement) ptr=0x232bea61470 at 232bd89b3d0>
Mouse: 2086, 771 | UIA: None | EW: PySide6.QtCore.QRect(1806, 656, 480, 630)
All rects available:
  0: 1960, 14, 270x210
  1: 2496, 1382, 54x54
  2: 2465, 1446, 54x54
  3: 1806, 656, 480x630
  4: 2465, 1316, 54x54
  5: 2339, 1416, 54x54
  6: 2396, 1364, 90x90
  7: 2564, 1382, 54x54
  8: 2394, 1301, 54x54
  9: 2339, 1346, 54x54
DEBUG:comtypes._post_coinit.unknwn:Release <POINTER(IUIAutomationElement) ptr=0x232bea61aa0 at 232bd89b3d0>
Mouse: 2086, 770 | UIA: None | EW: PySide6.QtCore.QRect(1806, 656, 480, 630)
All rects available:
  0: 1960, 14, 270x210
  1: 2496, 1382, 54x54
  2: 2465, 1446, 54x54
  3: 1806, 656, 480x630
  4: 2465, 1316, 54x54
  5: 2339, 1416, 54x54
  6: 2396, 1364, 90x90
  7: 2564, 1382, 54x54
  8: 2394, 1301, 54x54
  9: 2339, 1346, 54x54
DEBUG:comtypes._post_coinit.unknwn:Release <POINTER(IUIAutomationElement) ptr=0x232bea600c0 at 232bd89b3d0>
Mouse: 2085, 770 | UIA: None | EW: PySide6.QtCore.QRect(1806, 656, 480, 630)
All rects available:
  0: 1960, 14, 270x210
  1: 2496, 1382, 54x54
  2: 2465, 1446, 54x54
  3: 1806, 656, 480x630
  4: 2465, 1316, 54x54
  5: 2339, 1416, 54x54
  6: 2396, 1364, 90x90
  7: 2564, 1382, 54x54
  8: 2394, 1301, 54x54
  9: 2339, 1346, 54x54
DEBUG:comtypes._post_coinit.unknwn:Release <POINTER(IUIAutomationElement) ptr=0x232bea60d20 at 232bd89b3d0>
Mouse: 2080, 765 | UIA: None | EW: PySide6.QtCore.QRect(1806, 656, 480, 630)
All rects available:
  0: 1960, 14, 270x210
  1: 2496, 1382, 54x54
  2: 2465, 1446, 54x54
  3: 1806, 656, 480x630
  4: 2465, 1316, 54x54
  5: 2339, 1416, 54x54
  6: 2396, 1364, 90x90
  7: 2564, 1382, 54x54
  8: 2394, 1301, 54x54
  9: 2339, 1346, 54x54
DEBUG:comtypes._post_coinit.unknwn:Release <POINTER(IUIAutomationElement) ptr=0x232bea60a50 at 232bd89b3d0>
Mouse: 2072, 758 | UIA: None | EW: PySide6.QtCore.QRect(1806, 656, 480, 630)
All rects available:
  0: 1960, 14, 270x210
  1: 2496, 1382, 54x54
  2: 2465, 1446, 54x54
  3: 1806, 656, 480x630
  4: 2465, 1316, 54x54
  5: 2339, 1416, 54x54
  6: 2396, 1364, 90x90
  7: 2564, 1382, 54x54
  8: 2394, 1301, 54x54
  9: 2339, 1346, 54x54
DEBUG:comtypes._post_coinit.unknwn:Release <POINTER(IUIAutomationElement) ptr=0x232bea612c0 at 232bd89b3d0>
Mouse: 2066, 750 | UIA: None | EW: PySide6.QtCore.QRect(1806, 656, 480, 630)
All rects available:
  0: 1960, 14, 270x210
  1: 2496, 1382, 54x54
  2: 2465, 1446, 54x54
  3: 1806, 656, 480x630
  4: 2465, 1316, 54x54
  5: 2339, 1416, 54x54
  6: 2396, 1364, 90x90
  7: 2564, 1382, 54x54
  8: 2394, 1301, 54x54
  9: 2339, 1346, 54x54
DEBUG:comtypes._post_coinit.unknwn:Release <POINTER(IUIAutomationElement) ptr=0x232bea60ff0 at 232bd89b3d0>
Mouse: 2058, 742 | UIA: None | EW: PySide6.QtCore.QRect(1806, 656, 480, 630)
All rects available:
  0: 1960, 14, 270x210
  1: 2496, 1382, 54x54
  2: 2465, 1446, 54x54
  3: 1806, 656, 480x630
  4: 2465, 1316, 54x54
  5: 2339, 1416, 54x54
  6: 2396, 1364, 90x90
  7: 2564, 1382, 54x54
  8: 2394, 1301, 54x54
  9: 2339, 1346, 54x54
DEBUG:comtypes._post_coinit.unknwn:Release <POINTER(IUIAutomationElement) ptr=0x232bea60150 at 232bd89b3d0>
Mouse: 2054, 736 | UIA: None | EW: PySide6.QtCore.QRect(1806, 656, 480, 630)
All rects available:
  0: 1960, 14, 270x210
  1: 2496, 1382, 54x54
  2: 2465, 1446, 54x54
  3: 1806, 656, 480x630
  4: 2465, 1316, 54x54
  5: 2339, 1416, 54x54
  6: 2396, 1364, 90x90
  7: 2564, 1382, 54x54
  8: 2394, 1301, 54x54
  9: 2339, 1346, 54x54
DEBUG:comtypes._post_coinit.unknwn:Release <POINTER(IUIAutomationElement) ptr=0x232bea60540 at 232bd89b3d0>
Mouse: 2052, 734 | UIA: None | EW: PySide6.QtCore.QRect(1806, 656, 480, 630)
All rects available:
  0: 1960, 14, 270x210
  1: 2496, 1382, 54x54
  2: 2465, 1446, 54x54
  3: 1806, 656, 480x630
  4: 2465, 1316, 54x54
  5: 2339, 1416, 54x54
  6: 2396, 1364, 90x90
  7: 2564, 1382, 54x54
  8: 2394, 1301, 54x54
  9: 2339, 1346, 54x54
DEBUG:comtypes._post_coinit.unknwn:Release <POINTER(IUIAutomationElement) ptr=0x232bea61350 at 232bd89b3d0>
Mouse: 2050, 734 | UIA: None | EW: PySide6.QtCore.QRect(1806, 656, 480, 630)
All rects available:
  0: 1960, 14, 270x210
  1: 2496, 1382, 54x54
  2: 2465, 1446, 54x54
  3: 1806, 656, 480x630
  4: 2465, 1316, 54x54
  5: 2339, 1416, 54x54
  6: 2396, 1364, 90x90
  7: 2564, 1382, 54x54
  8: 2394, 1301, 54x54
  9: 2339, 1346, 54x54
DEBUG:comtypes._post_coinit.unknwn:Release <POINTER(IUIAutomationElement) ptr=0x232bea61470 at 232bd89b3d0>
Mouse: 2050, 730 | UIA: None | EW: PySide6.QtCore.QRect(1806, 656, 480, 630)
All rects available:
  0: 1960, 14, 270x210
  1: 2496, 1382, 54x54
  2: 2465, 1446, 54x54
  3: 1806, 656, 480x630
  4: 2465, 1316, 54x54
  5: 2339, 1416, 54x54
  6: 2396, 1364, 90x90
  7: 2564, 1382, 54x54
  8: 2394, 1301, 54x54
  9: 2339, 1346, 54x54
DEBUG:comtypes._post_coinit.unknwn:Release <POINTER(IUIAutomationElement) ptr=0x232bea60a50 at 232bd89b3d0>
Mouse: 2048, 729 | UIA: None | EW: PySide6.QtCore.QRect(1806, 656, 480, 630)
All rects available:
  0: 1960, 14, 270x210
  1: 2496, 1382, 54x54
  2: 2465, 1446, 54x54
  3: 1806, 656, 480x630
  4: 2465, 1316, 54x54
  5: 2339, 1416, 54x54
  6: 2396, 1364, 90x90
  7: 2564, 1382, 54x54
  8: 2394, 1301, 54x54
  9: 2339, 1346, 54x54
DEBUG:comtypes._post_coinit.unknwn:Release <POINTER(IUIAutomationElement) ptr=0x232bea605d0 at 232bd89b3d0>
Mouse: 2048, 728 | UIA: None | EW: PySide6.QtCore.QRect(1806, 656, 480, 630)
All rects available:
  0: 1960, 14, 270x210
  1: 2496, 1382, 54x54
  2: 2465, 1446, 54x54
  3: 1806, 656, 480x630
  4: 2465, 1316, 54x54
  5: 2339, 1416, 54x54
  6: 2396, 1364, 90x90
  7: 2564, 1382, 54x54
  8: 2394, 1301, 54x54
  9: 2339, 1346, 54x54
DEBUG:comtypes._post_coinit.unknwn:Release <POINTER(IUIAutomationElement) ptr=0x232bea60ff0 at 232bd89b3d0>
Mouse: 2048, 724 | UIA: None | EW: PySide6.QtCore.QRect(1806, 656, 480, 630)
All rects available:
  0: 1960, 14, 270x210
  1: 2496, 1382, 54x54
  2: 2465, 1446, 54x54
  3: 1806, 656, 480x630
  4: 2465, 1316, 54x54
  5: 2339, 1416, 54x54
  6: 2396, 1364, 90x90
  7: 2564, 1382, 54x54
  8: 2394, 1301, 54x54
  9: 2339, 1346, 54x54
DEBUG:comtypes._post_coinit.unknwn:Release <POINTER(IUIAutomationElement) ptr=0x232bea60420 at 232bd89b3d0>
Mouse: 2046, 724 | UIA: None | EW: PySide6.QtCore.QRect(1806, 656, 480, 630)
All rects available:
  0: 1960, 14, 270x210
  1: 2496, 1382, 54x54
  2: 2465, 1446, 54x54
  3: 1806, 656, 480x630
  4: 2465, 1316, 54x54
  5: 2339, 1416, 54x54
  6: 2396, 1364, 90x90
  7: 2564, 1382, 54x54
  8: 2394, 1301, 54x54
  9: 2339, 1346, 54x54
DEBUG:root:--- get_all_visible_rects called ---
DEBUG:root:Rect: 1659, 185, 480x630
DEBUG:root:Rect: 2313, 447, 54x54
DEBUG:root:Rect: 2412, 513, 54x54
DEBUG:root:Rect: 2243, 432, 54x54
DEBUG:root:Rect: 2187, 477, 54x54
DEBUG:root:Rect: 2187, 548, 54x54
DEBUG:root:Rect: 2243, 593, 54x54
DEBUG:root:Rect: 2313, 578, 54x54
DEBUG:root:Rect: 2345, 513, 54x54
DEBUG:root:Rect: 2244, 495, 90x90
DEBUG:root:Rect: 1960, 14, 270x210
DEBUG:root:Rect: 11, 205, 1497x1346
DEBUG:root:Rect: 236, 85, 939x151
DEBUG:root:Rect: 11, 24, 1496x1527
DEBUG:root:Rect: 9, 24, 1500x1529
DEBUG:root:Rect: 593, 124, 1359x1151
DEBUG:root:Rect: 593, 69, 1358x1206
DEBUG:root:Rect: 591, 69, 1362x1208
DEBUG:root:Rect: 0, 0, 22x22
DEBUG:root:Rect: 0, 0, 2560x1600
DEBUG:root:Rect: -31818, -31939, 885x151
DEBUG:root:Rect: -31989, -32000, 1496x1528
DEBUG:root:Rect: -31991, -32000, 219x30
DEBUG:root:Rect: -31992, -31999, 1004x861
DEBUG:root:Rect: -31994, -32000, 225x33
DEBUG:root:Rect: -31989, -32000, 1447x1245
DEBUG:root:Rect: -32000, -32000, 1815x1464
DEBUG:root:Rect: -32000, -32000, 237x39
DEBUG:root:Rect: -32000, -32000, 1920x1200
DEBUG:root:Rect: -32000, -32000, 1920x69
DEBUG:root:Rect: -31991, -32000, 219x39
DEBUG:root:Rect: -31989, -32000, 1317x972
DEBUG:comtypes._post_coinit.unknwn:Release <POINTER(IUIAutomationElement) ptr=0x232bec87510 at 232bfa58ad0>
Mouse: 1830, 232 | UIA: None | EW: PySide6.QtCore.QRect(1659, 185, 480, 630)
All rects available:
  0: 1659, 185, 480x630
  1: 2313, 447, 54x54
  2: 2412, 513, 54x54
  3: 2243, 432, 54x54
  4: 2187, 477, 54x54
  5: 2187, 548, 54x54
  6: 2243, 593, 54x54
  7: 2313, 578, 54x54
  8: 2345, 513, 54x54
  9: 2244, 495, 90x90
DEBUG:comtypes._post_coinit.unknwn:Release <POINTER(IUIAutomationElement) ptr=0x232be8f3350 at 232bfa58a50>
Mouse: 1834, 252 | UIA: None | EW: PySide6.QtCore.QRect(1659, 185, 480, 630)
All rects available:
  0: 1659, 185, 480x630
  1: 2313, 447, 54x54
  2: 2412, 513, 54x54
  3: 2243, 432, 54x54
  4: 2187, 477, 54x54
  5: 2187, 548, 54x54
  6: 2243, 593, 54x54
  7: 2313, 578, 54x54
  8: 2345, 513, 54x54
  9: 2244, 495, 90x90
DEBUG:comtypes._post_coinit.unknwn:Release <POINTER(IUIAutomationElement) ptr=0x232bea5ffa0 at 232bfa58ad0>
Mouse: 1834, 254 | UIA: None | EW: PySide6.QtCore.QRect(1659, 185, 480, 630)
All rects available:
  0: 1659, 185, 480x630
  1: 2313, 447, 54x54
  2: 2412, 513, 54x54
  3: 2243, 432, 54x54
  4: 2187, 477, 54x54
  5: 2187, 548, 54x54
  6: 2243, 593, 54x54
  7: 2313, 578, 54x54
  8: 2345, 513, 54x54
  9: 2244, 495, 90x90
DEBUG:comtypes._post_coinit.unknwn:Release <POINTER(IUIAutomationElement) ptr=0x232bec87510 at 232bfa58a50>
Mouse: 1838, 254 | UIA: None | EW: PySide6.QtCore.QRect(1659, 185, 480, 630)
All rects available:
  0: 1659, 185, 480x630
  1: 2313, 447, 54x54
  2: 2412, 513, 54x54
  3: 2243, 432, 54x54
  4: 2187, 477, 54x54
  5: 2187, 548, 54x54
  6: 2243, 593, 54x54
  7: 2313, 578, 54x54
  8: 2345, 513, 54x54
  9: 2244, 495, 90x90
DEBUG:comtypes._post_coinit.unknwn:Release <POINTER(IUIAutomationElement) ptr=0x232be8f29c0 at 232bfa58ad0>
Mouse: 1839, 256 | UIA: None | EW: PySide6.QtCore.QRect(1659, 185, 480, 630)
All rects available:
  0: 1659, 185, 480x630
  1: 2313, 447, 54x54
  2: 2412, 513, 54x54
  3: 2243, 432, 54x54
  4: 2187, 477, 54x54
  5: 2187, 548, 54x54
  6: 2243, 593, 54x54
  7: 2313, 578, 54x54
  8: 2345, 513, 54x54
  9: 2244, 495, 90x90
DEBUG:comtypes._post_coinit.unknwn:Release <POINTER(IUIAutomationElement) ptr=0x23296f62d30 at 232bfa58a50>
Mouse: 1839, 258 | UIA: None | EW: PySide6.QtCore.QRect(1659, 185, 480, 630)
All rects available:
  0: 1659, 185, 480x630
  1: 2313, 447, 54x54
  2: 2412, 513, 54x54
  3: 2243, 432, 54x54
  4: 2187, 477, 54x54
  5: 2187, 548, 54x54
  6: 2243, 593, 54x54
  7: 2313, 578, 54x54
  8: 2345, 513, 54x54
  9: 2244, 495, 90x90
DEBUG:comtypes._post_coinit.unknwn:Release <POINTER(IUIAutomationElement) ptr=0x232be8f29c0 at 232bfa58ad0>
Mouse: 1838, 258 | UIA: None | EW: PySide6.QtCore.QRect(1659, 185, 480, 630)
All rects available:
  0: 1659, 185, 480x630
  1: 2313, 447, 54x54
  2: 2412, 513, 54x54
  3: 2243, 432, 54x54
  4: 2187, 477, 54x54
  5: 2187, 548, 54x54
  6: 2243, 593, 54x54
  7: 2313, 578, 54x54
  8: 2345, 513, 54x54
  9: 2244, 495, 90x90
DEBUG:comtypes._post_coinit.unknwn:Release <POINTER(IUIAutomationElement) ptr=0x23296f62d30 at 232bfa58a50>
Mouse: 1836, 258 | UIA: None | EW: PySide6.QtCore.QRect(1659, 185, 480, 630)
All rects available:
  0: 1659, 185, 480x630
  1: 2313, 447, 54x54
  2: 2412, 513, 54x54
  3: 2243, 432, 54x54
  4: 2187, 477, 54x54
  5: 2187, 548, 54x54
  6: 2243, 593, 54x54
  7: 2313, 578, 54x54
  8: 2345, 513, 54x54
  9: 2244, 495, 90x90
DEBUG:comtypes._post_coinit.unknwn:Release <POINTER(IUIAutomationElement) ptr=0x232be8f29c0 at 232bfa58ad0>
Mouse: 1834, 258 | UIA: None | EW: PySide6.QtCore.QRect(1659, 185, 480, 630)
All rects available:
  0: 1659, 185, 480x630
  1: 2313, 447, 54x54
  2: 2412, 513, 54x54
  3: 2243, 432, 54x54
  4: 2187, 477, 54x54
  5: 2187, 548, 54x54
  6: 2243, 593, 54x54
  7: 2313, 578, 54x54
  8: 2345, 513, 54x54
  9: 2244, 495, 90x90
DEBUG:comtypes._post_coinit.unknwn:Release <POINTER(IUIAutomationElement) ptr=0x23296f63360 at 232bfa58a50>
Mouse: 1833, 258 | UIA: None | EW: PySide6.QtCore.QRect(1659, 185, 480, 630)
All rects available:
  0: 1659, 185, 480x630
  1: 2313, 447, 54x54
  2: 2412, 513, 54x54
  3: 2243, 432, 54x54
  4: 2187, 477, 54x54
  5: 2187, 548, 54x54
  6: 2243, 593, 54x54
  7: 2313, 578, 54x54
  8: 2345, 513, 54x54
  9: 2244, 495, 90x90
DEBUG:comtypes._post_coinit.unknwn:Release <POINTER(IUIAutomationElement) ptr=0x232be8f1fa0 at 232bfa58ad0>
Mouse: 1832, 258 | UIA: None | EW: PySide6.QtCore.QRect(1659, 185, 480, 630)
All rects available:
  0: 1659, 185, 480x630
  1: 2313, 447, 54x54
  2: 2412, 513, 54x54
  3: 2243, 432, 54x54
  4: 2187, 477, 54x54
  5: 2187, 548, 54x54
  6: 2243, 593, 54x54
  7: 2313, 578, 54x54
  8: 2345, 513, 54x54
  9: 2244, 495, 90x90
DEBUG:comtypes._post_coinit.unknwn:Release <POINTER(IUIAutomationElement) ptr=0x23296f62d30 at 232bfa58a50>
Mouse: 1828, 258 | UIA: None | EW: PySide6.QtCore.QRect(1659, 185, 480, 630)
All rects available:
  0: 1659, 185, 480x630
  1: 2313, 447, 54x54
  2: 2412, 513, 54x54
  3: 2243, 432, 54x54
  4: 2187, 477, 54x54
  5: 2187, 548, 54x54
  6: 2243, 593, 54x54
  7: 2313, 578, 54x54
  8: 2345, 513, 54x54
  9: 2244, 495, 90x90
DEBUG:comtypes._post_coinit.unknwn:Release <POINTER(IUIAutomationElement) ptr=0x232be8f2420 at 232bfa58ad0>
Mouse: 1827, 256 | UIA: None | EW: PySide6.QtCore.QRect(1659, 185, 480, 630)
All rects available:
  0: 1659, 185, 480x630
  1: 2313, 447, 54x54
  2: 2412, 513, 54x54
  3: 2243, 432, 54x54
  4: 2187, 477, 54x54
  5: 2187, 548, 54x54
  6: 2243, 593, 54x54
  7: 2313, 578, 54x54
  8: 2345, 513, 54x54
  9: 2244, 495, 90x90
DEBUG:comtypes._post_coinit.unknwn:Release <POINTER(IUIAutomationElement) ptr=0x23296f63360 at 232bfa58a50>
Mouse: 1824, 255 | UIA: None | EW: PySide6.QtCore.QRect(1659, 185, 480, 630)
All rects available:
  0: 1659, 185, 480x630
  1: 2313, 447, 54x54
  2: 2412, 513, 54x54
  3: 2243, 432, 54x54
  4: 2187, 477, 54x54
  5: 2187, 548, 54x54
  6: 2243, 593, 54x54
  7: 2313, 578, 54x54
  8: 2345, 513, 54x54
  9: 2244, 495, 90x90
DEBUG:comtypes._post_coinit.unknwn:Release <POINTER(IUIAutomationElement) ptr=0x232be8f1fa0 at 232bfa58ad0>
Mouse: 1822, 255 | UIA: None | EW: PySide6.QtCore.QRect(1659, 185, 480, 630)
All rects available:
  0: 1659, 185, 480x630
  1: 2313, 447, 54x54
  2: 2412, 513, 54x54
  3: 2243, 432, 54x54
  4: 2187, 477, 54x54
  5: 2187, 548, 54x54
  6: 2243, 593, 54x54
  7: 2313, 578, 54x54
  8: 2345, 513, 54x54
  9: 2244, 495, 90x90
DEBUG:comtypes._post_coinit.unknwn:Release <POINTER(IUIAutomationElement) ptr=0x23296f63360 at 232bfa58a50>
Mouse: 1820, 255 | UIA: None | EW: PySide6.QtCore.QRect(1659, 185, 480, 630)
All rects available:
  0: 1659, 185, 480x630
  1: 2313, 447, 54x54
  2: 2412, 513, 54x54
  3: 2243, 432, 54x54
  4: 2187, 477, 54x54
  5: 2187, 548, 54x54
  6: 2243, 593, 54x54
  7: 2313, 578, 54x54
  8: 2345, 513, 54x54
  9: 2244, 495, 90x90
DEBUG:comtypes._post_coinit.unknwn:Release <POINTER(IUIAutomationElement) ptr=0x232be8f29c0 at 232bfa58ad0>
Mouse: 1816, 254 | UIA: None | EW: PySide6.QtCore.QRect(1659, 185, 480, 630)
All rects available:
  0: 1659, 185, 480x630
  1: 2313, 447, 54x54
  2: 2412, 513, 54x54
  3: 2243, 432, 54x54
  4: 2187, 477, 54x54
  5: 2187, 548, 54x54
  6: 2243, 593, 54x54
  7: 2313, 578, 54x54
  8: 2345, 513, 54x54
  9: 2244, 495, 90x90
DEBUG:comtypes._post_coinit.unknwn:Release <POINTER(IUIAutomationElement) ptr=0x23296f62d30 at 232bfa58a50>
Mouse: 1814, 252 | UIA: None | EW: PySide6.QtCore.QRect(1659, 185, 480, 630)
All rects available:
  0: 1659, 185, 480x630
  1: 2313, 447, 54x54
  2: 2412, 513, 54x54
  3: 2243, 432, 54x54
  4: 2187, 477, 54x54
  5: 2187, 548, 54x54
  6: 2243, 593, 54x54
  7: 2313, 578, 54x54
  8: 2345, 513, 54x54
  9: 2244, 495, 90x90
DEBUG:comtypes._post_coinit.unknwn:Release <POINTER(IUIAutomationElement) ptr=0x232be8f1fa0 at 232bfa58ad0>
Mouse: 1812, 249 | UIA: None | EW: PySide6.QtCore.QRect(1659, 185, 480, 630)
All rects available:
  0: 1659, 185, 480x630
  1: 2313, 447, 54x54
  2: 2412, 513, 54x54
  3: 2243, 432, 54x54
  4: 2187, 477, 54x54
  5: 2187, 548, 54x54
  6: 2243, 593, 54x54
  7: 2313, 578, 54x54
  8: 2345, 513, 54x54
  9: 2244, 495, 90x90
DEBUG:comtypes._post_coinit.unknwn:Release <POINTER(IUIAutomationElement) ptr=0x23296f63360 at 232bfa58a50>
Mouse: 1810, 248 | UIA: None | EW: PySide6.QtCore.QRect(1659, 185, 480, 630)
All rects available:
  0: 1659, 185, 480x630
  1: 2313, 447, 54x54
  2: 2412, 513, 54x54
  3: 2243, 432, 54x54
  4: 2187, 477, 54x54
  5: 2187, 548, 54x54
  6: 2243, 593, 54x54
  7: 2313, 578, 54x54
  8: 2345, 513, 54x54
  9: 2244, 495, 90x90
DEBUG:comtypes._post_coinit.unknwn:Release <POINTER(IUIAutomationElement) ptr=0x232be8f1fa0 at 232bfa58ad0>
Mouse: 1808, 248 | UIA: None | EW: PySide6.QtCore.QRect(1659, 185, 480, 630)
All rects available:
  0: 1659, 185, 480x630
  1: 2313, 447, 54x54
  2: 2412, 513, 54x54
  3: 2243, 432, 54x54
  4: 2187, 477, 54x54
  5: 2187, 548, 54x54
  6: 2243, 593, 54x54
  7: 2313, 578, 54x54
  8: 2345, 513, 54x54
  9: 2244, 495, 90x90
DEBUG:comtypes._post_coinit.unknwn:Release <POINTER(IUIAutomationElement) ptr=0x23296f62d30 at 232bfa58a50>
Mouse: 1804, 244 | UIA: None | EW: PySide6.QtCore.QRect(1659, 185, 480, 630)
All rects available:
  0: 1659, 185, 480x630
  1: 2313, 447, 54x54
  2: 2412, 513, 54x54
  3: 2243, 432, 54x54
  4: 2187, 477, 54x54
  5: 2187, 548, 54x54
  6: 2243, 593, 54x54
  7: 2313, 578, 54x54
  8: 2345, 513, 54x54
  9: 2244, 495, 90x90
DEBUG:comtypes._post_coinit.unknwn:Release <POINTER(IUIAutomationElement) ptr=0x232be8f29c0 at 232bfa58ad0>
Mouse: 1802, 243 | UIA: None | EW: PySide6.QtCore.QRect(1659, 185, 480, 630)
All rects available:
  0: 1659, 185, 480x630
  1: 2313, 447, 54x54
  2: 2412, 513, 54x54
  3: 2243, 432, 54x54
  4: 2187, 477, 54x54
  5: 2187, 548, 54x54
  6: 2243, 593, 54x54
  7: 2313, 578, 54x54
  8: 2345, 513, 54x54
  9: 2244, 495, 90x90
DEBUG:comtypes._post_coinit.unknwn:Release <POINTER(IUIAutomationElement) ptr=0x23296f63360 at 232bfa58a50>
Mouse: 1802, 244 | UIA: None | EW: PySide6.QtCore.QRect(1659, 185, 480, 630)
All rects available:
  0: 1659, 185, 480x630
  1: 2313, 447, 54x54
  2: 2412, 513, 54x54
  3: 2243, 432, 54x54
  4: 2187, 477, 54x54
  5: 2187, 548, 54x54
  6: 2243, 593, 54x54
  7: 2313, 578, 54x54
  8: 2345, 513, 54x54
  9: 2244, 495, 90x90
DEBUG:comtypes._post_coinit.unknwn:Release <POINTER(IUIAutomationElement) ptr=0x232be8f2420 at 232bfa58ad0>
Mouse: 1802, 244 | UIA: None | EW: PySide6.QtCore.QRect(1659, 185, 480, 630)
All rects available:
  0: 1659, 185, 480x630
  1: 2313, 447, 54x54
  2: 2412, 513, 54x54
  3: 2243, 432, 54x54
  4: 2187, 477, 54x54
  5: 2187, 548, 54x54
  6: 2243, 593, 54x54
  7: 2313, 578, 54x54
  8: 2345, 513, 54x54
  9: 2244, 495, 90x90
DEBUG:comtypes._post_coinit.unknwn:Release <POINTER(IUIAutomationElement) ptr=0x23296f63360 at 232bfa58a50>
Mouse: 1800, 244 | UIA: None | EW: PySide6.QtCore.QRect(1659, 185, 480, 630)
All rects available:
  0: 1659, 185, 480x630
  1: 2313, 447, 54x54
  2: 2412, 513, 54x54
  3: 2243, 432, 54x54
  4: 2187, 477, 54x54
  5: 2187, 548, 54x54
  6: 2243, 593, 54x54
  7: 2313, 578, 54x54
  8: 2345, 513, 54x54
  9: 2244, 495, 90x90
DEBUG:comtypes._post_coinit.unknwn:Release <POINTER(IUIAutomationElement) ptr=0x232be8f2420 at 232bfa58ad0>
Mouse: 1802, 244 | UIA: None | EW: PySide6.QtCore.QRect(1659, 185, 480, 630)
All rects available:
  0: 1659, 185, 480x630
  1: 2313, 447, 54x54
  2: 2412, 513, 54x54
  3: 2243, 432, 54x54
  4: 2187, 477, 54x54
  5: 2187, 548, 54x54
  6: 2243, 593, 54x54
  7: 2313, 578, 54x54
  8: 2345, 513, 54x54
  9: 2244, 495, 90x90
DEBUG:comtypes._post_coinit.unknwn:Release <POINTER(IUIAutomationElement) ptr=0x23296f63360 at 232bfa58a50>
Mouse: 1803, 244 | UIA: None | EW: PySide6.QtCore.QRect(1659, 185, 480, 630)
All rects available:
  0: 1659, 185, 480x630
  1: 2313, 447, 54x54
  2: 2412, 513, 54x54
  3: 2243, 432, 54x54
  4: 2187, 477, 54x54
  5: 2187, 548, 54x54
  6: 2243, 593, 54x54
  7: 2313, 578, 54x54
  8: 2345, 513, 54x54
  9: 2244, 495, 90x90
DEBUG:comtypes._post_coinit.unknwn:Release <POINTER(IUIAutomationElement) ptr=0x232be8f29c0 at 232bfa58ad0>
Mouse: 1804, 244 | UIA: None | EW: PySide6.QtCore.QRect(1659, 185, 480, 630)
All rects available:
  0: 1659, 185, 480x630
  1: 2313, 447, 54x54
  2: 2412, 513, 54x54
  3: 2243, 432, 54x54
  4: 2187, 477, 54x54
  5: 2187, 548, 54x54
  6: 2243, 593, 54x54
  7: 2313, 578, 54x54
  8: 2345, 513, 54x54
  9: 2244, 495, 90x90
DEBUG:comtypes._post_coinit.unknwn:Calling CoUninitialize()
DEBUG:comtypes._post_coinit.unknwn:CoUninitialize() done.
