id,name,filePath,startLine,endLine,isExported,content,description
"Function:main.py:FloatingAssistant.__init__","__init__","main.py",52,230,false,"
class FloatingAssistant:
    def __init__(self):
        self.app = QApplication(sys.argv)
        
        # Set Application Name for Task Manager / Windows Grouping
        self.app.setApplicationName(""\u684c\u9762\u4eba\u5076"") # ????
        self.app.setApplicationDisplayName(""\u684c\u9762\u4eba\u5076"") # ????
        
        try:
            import ctypes
            myappid = 'shuwe.desktop.assistant.1.0' # arbitrary string
            ctypes.windll.shell32.SetCurrentProcessExplicitAppUserModelID(myappid)
        except Exception:
            pass
        
        # Don't quit when last window is closed (important for tray/background apps)
        self.app.setQuitOnLastWindowClosed(False)

        import os
        from PySide6.QtGui import QIcon
        icon_path = os.path.join(get_base_dir(), ""app_icon.ico"")
        if os.path.exists(icon_path):
            self.app.setWindowIcon(QIcon(icon_path))

        # Initialize UI
        self.ball = FloatingBall()
        self.tray = TrayIcon()
        self.clipboard_mgr = ClipboardManager(max_items=20)
        self.hotkey_mgr = HotkeyManager(load_hotkeys())
        self.options = load_options()

        # Sub Balls
        self.sub_balls = []
        
        self.clipboard_ball = SubBall(self.ball, text="""", radius=80, angle=0, tooltip=""\u526a\u8d34\u677f\u5386\u53f2"", bg_color=QColor(255, 165, 0, 230))
        self.sub_balls.append(self.clipboard_ball)

        self.screenshot_ball = SubBall(self.ball, text=""✂️"", radius=80, angle=0, tooltip=""\u7cfb\u7edf\u622a\u56fe"", bg_color=QColor(50, 200, 50, 230))
        self.sub_balls.append(self.screenshot_ball)

        self.notebook_ball = SubBall(self.ball, text="""", radius=80, angle=0, tooltip=""\u8bb0\u4e8b\u672c"", bg_color=QColor(50, 150, 250, 230))
        self.sub_balls.append(self.notebook_ball)

        self.smart_screenshot_ball = SubBall(self.ball, text="""", radius=80, angle=0, tooltip=""\u667a\u80fd\u622a\u56fe"", bg_color=QColor(255, 69, 0, 230))
        self.sub_balls.append(self.smart_screenshot_ball)

        self.record_ball = SubBall(self.ball, text="""", radius=80, angle=0, tooltip=""\u5f55\u5c4f"", bg_color=QColor(255, 0, 0, 230))
        self.sub_balls.append(self.record_ball)

        self.search_ball = SubBall(self.ball, text=""\U0001f50d"", radius=80, angle=0, tooltip=""\u641c\u7d22"", bg_color=QColor(156, 39, 176, 230))
        self.sub_balls.append(self.search_ball)

        self.recent_ball = SubBall(self.ball, text="""", radius=80, angle=0, tooltip=""最近使用"", bg_color=QColor(0, 150, 136, 230))
        self.sub_balls.append(self.recent_ball)

        # --- Load custom apps ---
        custom_apps = self.options.get(""custom_apps"", [])
        from PySide6.QtWidgets import QFileIconProvider
        from PySide6.QtCore import QFileInfo
        for app in custom_apps:
            if not app.get('enabled', True):
                continue
            icon = QFileIconProvider().icon(QFileInfo(app[""path""]))
            ball = SubBall(self.ball, text="""", radius=80, angle=0, tooltip=app[""name""], bg_color=QColor(100, 100, 100, 230), icon=icon)
            ball.custom_app_path = app[""path""]
            ball.clicked.connect(lambda p=app[""path""]: os.startfile(p) if hasattr(os, ""startfile"") else None)
            self.sub_balls.append(ball)
            
        # Assign angles and radii (concentric layout)
        self._update_balls_layout()
            
        self.notebook_mgr = NotebookManager()
        self.notebook_panel = NotebookPanel()
        self.recent_mgr = RecentManager()
        self.recent_panel = RecentPanel()
        self.panel = Panel()
        self.is_recording = False
        self.video_save_path = self.options.get(""video_save_path"", """")
        if not self.video_save_path:
            import os
            self.video_save_path = os.path.join(get_base_dir(), ""video"")
            self.options[""video_save_path""] = self.video_save_path
        
        self.notebook_panel.set_main_ball(self.ball)
        self.recent_panel.set_main_ball(self.ball)
        self.search_panel = SearchBoxPanel()
        self.search_panel.set_main_ball(self.ball)
        self.search_panel.search_requested.connect(self.perform_web_search)
        self.notebook_panel.set_content(self.notebook_mgr.content)
        
        self.settings_dialog = None

        # Connections - Main Ball
        self.ball.clicked.connect(self.toggle_sub_balls)
        self.ball.right_clicked.connect(self.show_ball_menu)
        self.ball.position_changed.connect(self.on_ball_moved)
        
        # Connections - Sub Ball
        self.clipboard_ball.clicked.connect(self.on_clipboard_ball_clicked)
        self.clipboard_ball.position_changed.connect(self.on_clipboard_ball_moved)
        self.screenshot_ball.clicked.connect(self.on_screenshot_ball_clicked)
        self.record_ball.clicked.connect(self.on_record_ball_clicked)
        se
... [truncated]",""
"Function:main.py:FloatingAssistant._update_balls_layout","_update_balls_layout","main.py",232,256,false,"        self.panel.set_tracking_enabled(self.options.get(""clipboard_tracking_enabled"", True))

    def _update_balls_layout(self):
        # Concentric circles layout algorithm
        total_balls = len(self.sub_balls)
        import math
        # 初始内圈半径设置紧凑（主球半径30 + 子球半径18 + 间隙）= 55
        current_circle_radius = 55
        balls_placed = 0
        
        while balls_placed < total_balls:
            # Calculate max balls that can fit in the current circle
            # Assuming ball diameter + gap = ~45 pixels
            max_in_circle = max(1, int(2 * math.pi * current_circle_radius / 45))
            balls_in_this_circle = min(max_in_circle, total_balls - balls_placed)
            
            for i in range(balls_in_this_circle):
                b = self.sub_balls[balls_placed + i]
                b.default_radius = current_circle_radius
                b.radius = b.default_radius
                b.default_angle = math.pi * 2 * (i / balls_in_this_circle)
                b.angle = b.default_angle
                b.siblings = [sib for sib in self.sub_balls if sib != b]
                
            balls_placed += balls_in_this_circle
            # 每多一圈向外扩展 45 像素
            current_circle_radius += 45

    def toggle_sub_balls(self):
",""
"Function:main.py:FloatingAssistant.toggle_sub_balls","toggle_sub_balls","main.py",258,296,true,"            current_circle_radius += 45

    def toggle_sub_balls(self):
        # When main ball is clicked, show/hide the surrounding sub balls
        any_visible = any(sb.isVisible() for sb in self.sub_balls)
        if any_visible:
            # Hide all sub balls and panels
            for sb in self.sub_balls:
                sb.hide()
            self.panel.hide()
            self.notebook_panel.hide()
            self.search_panel.hide()
            self.recent_panel.hide()
        else:
            # Show all sub balls based on options
            if self.options.get(""enable_clipboard_ball"", True):
                self.clipboard_ball.update_position_from_main()
                self.clipboard_ball.show()
            if self.options.get(""enable_screenshot_ball"", True):
                self.screenshot_ball.update_position_from_main()
                self.screenshot_ball.show()
            if self.options.get(""enable_notebook_ball"", True):
                self.notebook_ball.update_position_from_main()
                self.notebook_ball.show()
            if self.options.get(""enable_smart_screenshot_ball"", True):
                self.smart_screenshot_ball.update_position_from_main()
                self.smart_screenshot_ball.show()
            if self.options.get(""enable_record_ball"", True):
                self.record_ball.update_position_from_main()
                self.record_ball.show()
            if self.options.get(""enable_search_ball"", True):
                self.search_ball.update_position_from_main()
                self.search_ball.show()
            if self.options.get(""enable_recent_ball"", True):
                self.recent_ball.update_position_from_main()
                self.recent_ball.show()
            
            for sb in self.sub_balls:
                if hasattr(sb, 'custom_app_path'):
                    sb.update_position_from_main()
                    sb.show()

    def on_ball_moved(self, x, y):
",""
"Function:main.py:FloatingAssistant.on_ball_moved","on_ball_moved","main.py",298,302,true,"                    sb.show()

    def on_ball_moved(self, x, y):
        # Update positions of all visible sub-balls to maintain their orbit/distance
        for sb in self.sub_balls:
            if sb.isVisible():
                sb.update_position_from_main()

    def show_ball_menu(self):",""
"Function:main.py:FloatingAssistant.show_ball_menu","show_ball_menu","main.py",304,306,true,"                sb.update_position_from_main()

    def show_ball_menu(self):
        from PySide6.QtGui import QCursor
        self.tray.menu.exec(QCursor.pos())
                
    def on_clipboard_ball_clicked(self):
",""
"Function:main.py:FloatingAssistant.on_clipboard_ball_clicked","on_clipboard_ball_clicked","main.py",308,313,true,"        self.tray.menu.exec(QCursor.pos())
                
    def on_clipboard_ball_clicked(self):
        # Clean missing files before showing
        self.clipboard_mgr.clean_missing_files()
        # Toggle clipboard panel near the sub-ball
        ball_pos = self.clipboard_ball.geometry()
        self.panel.toggle_visibility(ball_pos.x(), ball_pos.y())

    def on_clipboard_ball_moved(self, x, y):
",""
"Function:main.py:FloatingAssistant.on_clipboard_ball_moved","on_clipboard_ball_moved","main.py",315,316,true,"        self.panel.toggle_visibility(ball_pos.x(), ball_pos.y())

    def on_clipboard_ball_moved(self, x, y):
        pass

    def _on_clipboard_item_right_clicked(self, item):
",""
"Function:main.py:FloatingAssistant._on_clipboard_item_right_clicked","_on_clipboard_item_right_clicked","main.py",318,330,false,"        pass

    def _on_clipboard_item_right_clicked(self, item):
        if isinstance(item, dict) and item.get(""type"") == ""image"":
            import os
            import subprocess
            val = item.get(""value"", """")
            if item.get(""is_path"", False) or (os.path.exists(val) and val.endswith('.png')):
                if os.path.exists(val):
                    try:
                        subprocess.run(['explorer', '/select,', os.path.normpath(val)])
                    except Exception as e:
                        print(f""Failed to open image folder: {e}"")
        else:
            self.clipboard_mgr.copy_to_clipboard(item, as_plain_text=True)

    def on_notebook_ball_clicked(self):
",""
"Function:main.py:FloatingAssistant.on_notebook_ball_clicked","on_notebook_ball_clicked","main.py",332,334,true,"            self.clipboard_mgr.copy_to_clipboard(item, as_plain_text=True)

    def on_notebook_ball_clicked(self):
        ball_pos = self.notebook_ball.geometry()
        self.notebook_panel.toggle_visibility(ball_pos.x(), ball_pos.y())

    def on_notebook_ball_moved(self, x, y):
",""
"Function:main.py:FloatingAssistant.on_notebook_ball_moved","on_notebook_ball_moved","main.py",336,337,true,"        self.notebook_panel.toggle_visibility(ball_pos.x(), ball_pos.y())

    def on_notebook_ball_moved(self, x, y):
        pass

    def on_screenshot_ball_clicked(self):
",""
"Function:main.py:FloatingAssistant.on_screenshot_ball_clicked","on_screenshot_ball_clicked","main.py",339,340,true,"        pass

    def on_screenshot_ball_clicked(self):
        self._trigger_system_screenshot()

    
",""
"Function:main.py:FloatingAssistant.on_search_ball_clicked","on_search_ball_clicked","main.py",344,346,true,"    

    def on_search_ball_clicked(self):
        ball_pos = self.search_ball.geometry()
        self.search_panel.toggle_visibility(ball_pos.x(), ball_pos.y())

    def on_search_ball_moved(self, x, y):
",""
"Function:main.py:FloatingAssistant.on_search_ball_moved","on_search_ball_moved","main.py",348,349,true,"        self.search_panel.toggle_visibility(ball_pos.x(), ball_pos.y())

    def on_search_ball_moved(self, x, y):
        pass

    def on_recent_ball_clicked(self):
",""
"Function:main.py:FloatingAssistant.on_recent_ball_clicked","on_recent_ball_clicked","main.py",351,353,true,"        pass

    def on_recent_ball_clicked(self):
        ball_pos = self.recent_ball.geometry()
        self.recent_panel.toggle_visibility(ball_pos.x(), ball_pos.y())

    def on_recent_ball_moved(self, x, y):
",""
"Function:main.py:FloatingAssistant.on_recent_ball_moved","on_recent_ball_moved","main.py",355,356,true,"        self.recent_panel.toggle_visibility(ball_pos.x(), ball_pos.y())

    def on_recent_ball_moved(self, x, y):
        pass

    def perform_web_search(self, query):
",""
"Function:main.py:FloatingAssistant.perform_web_search","perform_web_search","main.py",358,364,true,"        pass

    def perform_web_search(self, query):
        import urllib.parse
        import webbrowser
        
        # Use Bing as default search engine
        search_url = ""https://www.bing.com/search?q="" + urllib.parse.quote(query)
        webbrowser.open(search_url)

    def on_record_ball_clicked(self):
",""
"Function:main.py:FloatingAssistant.on_record_ball_clicked","on_record_ball_clicked","main.py",366,378,true,"        webbrowser.open(search_url)

    def on_record_ball_clicked(self):
        if self.is_recording:
            # Stop recording
            self.stop_recording()
        else:
            # Start selection
            if hasattr(self, 'screenshot_mask') and self.screenshot_mask is not None:
                return
            self._hide_balls_for_screenshot()
            self.screenshot_mask = ScreenshotMask(mode=""record"")
            self.screenshot_mask.rect_selected.connect(self._on_record_rect_selected)
            self.screenshot_mask.finished.connect(self._on_screenshot_finished)
            self.screenshot_mask.show()
            
    def _on_record_rect_selected(self, rect):
",""
"Function:main.py:FloatingAssistant._on_record_rect_selected","_on_record_rect_selected","main.py",380,385,false,"            self.screenshot_mask.show()
            
    def _on_record_rect_selected(self, rect):
        self._restore_balls_after_screenshot()
        # Show border with countdown
        self.recording_border = RecordingBorder(rect)
        self.recording_border.countdown_finished.connect(lambda: self.start_actual_recording(rect))
        self.recording_border.show()
        
    def start_actual_recording(self, rect):
",""
"Function:main.py:FloatingAssistant.start_actual_recording","start_actual_recording","main.py",387,396,true,"        self.recording_border.show()
        
    def start_actual_recording(self, rect):
        self.is_recording = True
        from PySide6.QtGui import QColor
        self.record_ball.bg_color = QColor(50, 200, 50, 230) # Green indicating recording
        self.record_ball.update()
        fmt = self.options.get(""video_save_format"", ""mp4"")
        self.recorder_thread = ScreenRecorderThread(rect, self.video_save_path, save_format=fmt)
        self.recorder_thread.finished_recording.connect(self._on_recording_saved)
        self.recorder_thread.error_occurred.connect(self._on_recording_error)
        self.recorder_thread.start()
        
    def stop_recording(self):
",""
"Function:main.py:FloatingAssistant.stop_recording","stop_recording","main.py",398,407,true,"        self.recorder_thread.start()
        
    def stop_recording(self):
        if self.recorder_thread:
            self.recorder_thread.stop()
        self.is_recording = False
        from PySide6.QtGui import QColor
        self.record_ball.bg_color = QColor(255, 0, 0, 230) # Back to Red
        self.record_ball.update()
        if self.recording_border:
            self.recording_border.hide()
            self.recording_border = None
            
    def _on_recording_saved(self, path):
",""
"Function:main.py:FloatingAssistant._on_recording_saved","_on_recording_saved","main.py",409,418,false,"            self.recording_border = None
            
    def _on_recording_saved(self, path):
        from PySide6.QtWidgets import QMessageBox
        from PySide6.QtCore import QTimer
        # Show success toast or message, no blocking
        msg = QMessageBox(self.ball)
        msg.setWindowTitle(""\u5f55\u5c4f\u5b8c\u6210"") # 录屏完成
        msg.setText(f""\u89c6\u9891\u5df2\u4fdd\u5b58\u81f3:\n{path}"")
        msg.setWindowFlags(Qt.FramelessWindowHint | Qt.WindowStaysOnTopHint | Qt.Tool)
        msg.show()
        QTimer.singleShot(3000, msg.close)
        
    def _on_recording_error(self, err):
",""
"Function:main.py:FloatingAssistant._on_recording_error","_on_recording_error","main.py",420,423,false,"        QTimer.singleShot(3000, msg.close)
        
    def _on_recording_error(self, err):
        self.stop_recording()
        from PySide6.QtWidgets import QMessageBox
        QMessageBox.warning(None, ""\u5f55\u5c4f\u9519\u8bef"", err) # 录屏错误

    def on_smart_screenshot_clicked(self, background_image=None, pre_captured_rects=None):
",""
"Function:main.py:FloatingAssistant.on_smart_screenshot_clicked","on_smart_screenshot_clicked","main.py",425,471,true,"        QMessageBox.warning(None, ""\u5f55\u5c4f\u9519\u8bef"", err) # 录屏错误

    def on_smart_screenshot_clicked(self, background_image=None, pre_captured_rects=None):
        if getattr(self, 'screenshot_mask', None) is not None:
            return 
        if getattr(self, '_smart_screenshot_pending', False):
            return

        self._smart_screenshot_pending = True

        popup = QApplication.activePopupWidget()
        if popup:
            popup.close()

        def start_mask():
            if getattr(self, 'screenshot_mask', None) is not None:
                self._smart_screenshot_pending = False
                return

            all_rects_global = None
            virtual_left = 0
            virtual_top = 0
            try:
                import win32api
                import win32con
                nonlocal background_image
                if background_image is None:
                    background_image = ImageGrab.grab(all_screens=True)
                if pre_captured_rects is not None:
                    all_rects_global = pre_captured_rects
                else:
                    all_rects_global = get_all_visible_rects()
                virtual_left = win32api.GetSystemMetrics(win32con.SM_XVIRTUALSCREEN)
                virtual_top = win32api.GetSystemMetrics(win32con.SM_YVIRTUALSCREEN)
            except Exception:
                background_image = None
                all_rects_global = None

            self._hide_balls_for_screenshot()
            self.screenshot_mask = ScreenshotMask(
                background_image=background_image,
                all_rects_global=all_rects_global,
                virtual_screen_left=virtual_left,
                virtual_screen_top=virtual_top,
            )
            self.screenshot_mask.finished.connect(self._on_screenshot_finished)
            self.screenshot_mask.show()

        QTimer.singleShot(0, start_mask)
        
    def _on_screenshot_finished(self):
",""
"Function:main.py:FloatingAssistant.start_mask","start_mask","main.py",437,469,true,"            popup.close()

        def start_mask():
            if getattr(self, 'screenshot_mask', None) is not None:
                self._smart_screenshot_pending = False
                return

            all_rects_global = None
            virtual_left = 0
            virtual_top = 0
            try:
                import win32api
                import win32con
                nonlocal background_image
                if background_image is None:
                    background_image = ImageGrab.grab(all_screens=True)
                if pre_captured_rects is not None:
                    all_rects_global = pre_captured_rects
                else:
                    all_rects_global = get_all_visible_rects()
                virtual_left = win32api.GetSystemMetrics(win32con.SM_XVIRTUALSCREEN)
                virtual_top = win32api.GetSystemMetrics(win32con.SM_YVIRTUALSCREEN)
            except Exception:
                background_image = None
                all_rects_global = None

            self._hide_balls_for_screenshot()
            self.screenshot_mask = ScreenshotMask(
                background_image=background_image,
                all_rects_global=all_rects_global,
                virtual_screen_left=virtual_left,
                virtual_screen_top=virtual_top,
            )
            self.screenshot_mask.finished.connect(self._on_screenshot_finished)
            self.screenshot_mask.show()

        QTimer.singleShot(0, start_mask)
",""
"Function:main.py:FloatingAssistant._on_screenshot_finished","_on_screenshot_finished","main.py",473,477,false,"        QTimer.singleShot(0, start_mask)
        
    def _on_screenshot_finished(self):
        self._smart_screenshot_pending = False
        self._restore_balls_after_screenshot()
        if hasattr(self, 'screenshot_mask'):
            self.screenshot_mask = None

    def _hide_balls_for_screenshot(self):
",""
"Function:main.py:FloatingAssistant._hide_balls_for_screenshot","_hide_balls_for_screenshot","main.py",479,485,false,"            self.screenshot_mask = None

    def _hide_balls_for_screenshot(self):
        if not self.options.get(""hide_ball_when_screenshot"", True):
            return
        self._were_sub_balls_visible = any(sb.isVisible() for sb in self.sub_balls)
        self.ball.hide()
        for sb in self.sub_balls:
            sb.hide()

    def _restore_balls_after_screenshot(self):
",""
"Function:main.py:FloatingAssistant._restore_balls_after_screenshot","_restore_balls_after_screenshot","main.py",487,514,false,"            sb.hide()

    def _restore_balls_after_screenshot(self):
        if not self.options.get(""hide_ball_when_screenshot"", True):
            return
        self.ball.show()
        if getattr(self, '_were_sub_balls_visible', False):
            if self.options.get(""enable_clipboard_ball"", True):
                self.clipboard_ball.reset_position()
                self.clipboard_ball.show()
            if self.options.get(""enable_screenshot_ball"", True):
                self.screenshot_ball.reset_position()
                self.screenshot_ball.show()
            if self.options.get(""enable_notebook_ball"", True):
                self.notebook_ball.reset_position()
                self.notebook_ball.show()
            if self.options.get(""enable_smart_screenshot_ball"", True):
                self.smart_screenshot_ball.reset_position()
                self.smart_screenshot_ball.show()
            if self.options.get(""enable_record_ball"", True):
                self.record_ball.reset_position()
                self.record_ball.show()
            if self.options.get(""enable_search_ball"", True):
                self.search_ball.reset_position()
                self.search_ball.show()

            for sb in self.sub_balls:
                if hasattr(sb, 'custom_app_path'):
                    sb.reset_position()
                    sb.show()

    def toggle_hide_ball_when_screenshot(self):
",""
"Function:main.py:FloatingAssistant.toggle_hide_ball_when_screenshot","toggle_hide_ball_when_screenshot","main.py",516,520,true,"                    sb.show()

    def toggle_hide_ball_when_screenshot(self):
        current = self.options.get(""hide_ball_when_screenshot"", True)
        self.options[""hide_ball_when_screenshot""] = not current
        save_option(""hide_ball_when_screenshot"", self.options[""hide_ball_when_screenshot""])
        self.tray.set_hide_ball_when_screenshot(self.options[""hide_ball_when_screenshot""])

    def set_clipboard_max_items(self, value):
",""
"Function:main.py:FloatingAssistant.set_clipboard_max_items","set_clipboard_max_items","main.py",522,529,true,"        self.tray.set_hide_ball_when_screenshot(self.options[""hide_ball_when_screenshot""])

    def set_clipboard_max_items(self, value):
        self.options[""clipboard_max_items""] = int(value)
        save_option(""clipboard_max_items"", self.options[""clipboard_max_items""])
        self.clipboard_mgr.max_items = self.options[""clipboard_max_items""]
        self.tray.set_clipboard_max_items(self.options[""clipboard_max_items""])
        self.clipboard_mgr.history = self.clipboard_mgr.get_history()[: self.clipboard_mgr.max_items]
        self.clipboard_mgr._save_history()
        self.clipboard_mgr.history_changed.emit(self.clipboard_mgr.history)

    def set_recent_max_items(self, value):
",""
"Function:main.py:FloatingAssistant.set_recent_max_items","set_recent_max_items","main.py",531,538,true,"        self.clipboard_mgr.history_changed.emit(self.clipboard_mgr.history)

    def set_recent_max_items(self, value):
        self.options[""recent_max_items""] = int(value)
        save_option(""recent_max_items"", self.options[""recent_max_items""])
        self.recent_mgr.max_items = self.options[""recent_max_items""]
        self.tray.set_recent_max_items(self.options[""recent_max_items""])
        self.recent_mgr.history = self.recent_mgr.get_items()[: self.recent_mgr.max_items]
        self.recent_mgr._save_history()
        self.recent_mgr.items_changed.emit(self.recent_mgr.history)

    def set_video_save_path(self, path):
",""
"Function:main.py:FloatingAssistant.set_video_save_path","set_video_save_path","main.py",540,545,true,"        self.recent_mgr.items_changed.emit(self.recent_mgr.history)

    def set_video_save_path(self, path):
        self.video_save_path = path
        self.options[""video_save_path""] = path
        save_option(""video_save_path"", path)
        from PySide6.QtWidgets import QMessageBox
        QMessageBox.information(None, ""\u63d0\u793a"", f""\u5df2\u4fee\u6539\u5f55\u5c4f\u4fdd\u5b58\u8def\u5f84\u4e3a:\n{path}"")
        
    def toggle_clipboard_tracking(self):
",""
"Function:main.py:FloatingAssistant.toggle_clipboard_tracking","toggle_clipboard_tracking","main.py",547,552,true,"        QMessageBox.information(None, ""\u63d0\u793a"", f""\u5df2\u4fee\u6539\u5f55\u5c4f\u4fdd\u5b58\u8def\u5f84\u4e3a:\n{path}"")
        
    def toggle_clipboard_tracking(self):
        current = self.options.get(""clipboard_tracking_enabled"", True)
        self.options[""clipboard_tracking_enabled""] = not current
        save_option(""clipboard_tracking_enabled"", self.options[""clipboard_tracking_enabled""])
        self.clipboard_mgr.tracking_enabled = self.options[""clipboard_tracking_enabled""]
        self.panel.set_tracking_enabled(self.options[""clipboard_tracking_enabled""])

    def toggle_record_text(self):
",""
"Function:main.py:FloatingAssistant.toggle_record_text","toggle_record_text","main.py",554,560,true,"        self.panel.set_tracking_enabled(self.options[""clipboard_tracking_enabled""])

    def toggle_record_text(self):
        current = self.options.get(""record_text"", True)
        new_val = not current
        self.options[""record_text""] = new_val
        save_option(""record_text"", new_val)
        self.clipboard_mgr.record_text = new_val
        self.panel.set_content_tracking_states(new_val, self.options.get(""record_image"", True))

    def toggle_record_image(self):
",""
"Function:main.py:FloatingAssistant.toggle_record_image","toggle_record_image","main.py",562,568,true,"        self.panel.set_content_tracking_states(new_val, self.options.get(""record_image"", True))

    def toggle_record_image(self):
        current = self.options.get(""record_image"", True)
        new_val = not current
        self.options[""record_image""] = new_val
        save_option(""record_image"", new_val)
        self.clipboard_mgr.record_image = new_val
        self.panel.set_content_tracking_states(self.options.get(""record_text"", True), new_val)
        
    def toggle_recent_tracking(self):
",""
"Function:main.py:FloatingAssistant.toggle_recent_tracking","toggle_recent_tracking","main.py",570,576,true,"        self.panel.set_content_tracking_states(self.options.get(""record_text"", True), new_val)
        
    def toggle_recent_tracking(self):
        current = self.options.get(""recent_tracking_enabled"", True)
        new_val = not current
        self.options[""recent_tracking_enabled""] = new_val
        save_option(""recent_tracking_enabled"", new_val)
        self.recent_mgr.set_tracking_enabled(new_val)
        self.recent_panel.set_tracking_enabled(new_val)

    def _on_recent_excluded_extensions_changed(self, exts):
",""
"Function:main.py:FloatingAssistant._on_recent_excluded_extensions_changed","_on_recent_excluded_extensions_changed","main.py",578,581,false,"        self.recent_panel.set_tracking_enabled(new_val)

    def _on_recent_excluded_extensions_changed(self, exts):
        self.options[""recent_excluded_extensions""] = exts
        save_option(""recent_excluded_extensions"", exts)
        self.recent_mgr.set_excluded_extensions(exts)

    def _on_recent_visibility_dict_changed(self, visibility_dict):
",""
"Function:main.py:FloatingAssistant._on_recent_visibility_dict_changed","_on_recent_visibility_dict_changed","main.py",583,585,false,"        self.recent_mgr.set_excluded_extensions(exts)

    def _on_recent_visibility_dict_changed(self, visibility_dict):
        self.options[""recent_extension_visibility""] = visibility_dict
        save_option(""recent_extension_visibility"", visibility_dict)

    def _trigger_system_screenshot(self):
",""
"Function:main.py:FloatingAssistant._trigger_system_screenshot","_trigger_system_screenshot","main.py",587,597,false,"        save_option(""recent_extension_visibility"", visibility_dict)

    def _trigger_system_screenshot(self):
        # 释放所有可能的修饰键（避免组合键冲突，如 win+shift+s 触发失败）
        self._hide_balls_for_screenshot()
        for k in ['ctrl', 'shift', 'alt', 'windows', 'left windows', 'right windows']:
            try:
                keyboard.release(k)
            except ValueError:
                pass
                
        keyboard.send(""win+shift+s"")
        QTimer.singleShot(1200, self._restore_balls_after_screenshot)

    def toggle_main_ball(self):
",""
"Function:main.py:FloatingAssistant.toggle_main_ball","toggle_main_ball","main.py",599,609,true,"        QTimer.singleShot(1200, self._restore_balls_after_screenshot)

    def toggle_main_ball(self):
        if self.ball.isVisible():
            self.ball.hide()
            for sb in self.sub_balls:
                sb.hide()
            self.panel.hide()
            self.notebook_panel.hide()
            self.search_panel.hide()
            self.recent_panel.hide()
        else:
            self.ball.show()

    def prompt_settings(self):
",""
"Function:main.py:FloatingAssistant.prompt_settings","prompt_settings","main.py",611,621,true,"            self.ball.show()

    def prompt_settings(self):
        from ui.settings import SettingsDialog
        
        if self.settings_dialog is not None and self.settings_dialog.isVisible():
            self.settings_dialog.raise_()
            self.settings_dialog.activateWindow()
            return
            
        self.settings_dialog = SettingsDialog(self.options, self.hotkey_mgr, self.clipboard_mgr, self.recent_mgr)
        self.settings_dialog.settings_saved.connect(self.apply_settings)
        self.settings_dialog.show()
        
    def apply_settings(self, new_options):
",""
"Function:main.py:FloatingAssistant.apply_settings","apply_settings","main.py",623,734,true,"        self.settings_dialog.show()
        
    def apply_settings(self, new_options):
        self.options = new_options
        self.tray.set_hide_ball_when_screenshot(self.options.get(""hide_ball_when_screenshot"", True))
        self.tray.set_clipboard_tracking_enabled(self.options.get(""clipboard_tracking_enabled"", True))
        self.tray.set_clipboard_max_items(self.options.get(""clipboard_max_items"", 20))
        # Apply clipboard
        self.clipboard_mgr.max_items = self.options.get(""clipboard_max_items"", 20)
        self.clipboard_mgr.tracking_enabled = self.options.get(""clipboard_tracking_enabled"", True)
        self.panel.set_tracking_enabled(self.clipboard_mgr.tracking_enabled)
        # Apply video path
        self.video_save_path = self.options.get(""video_save_path"", """")
        
        # Apply picture path
        pic_path = self.options.get(""picture_save_path"", """")
        if not pic_path:
            import os
            pic_path = os.path.join(get_base_dir(), ""picture"")
            self.options[""picture_save_path""] = pic_path
        self.clipboard_mgr.picture_save_path = pic_path
        self.clipboard_mgr.max_images = self.options.get(""clipboard_max_images"", 20)
        if not self.video_save_path:
            import os
            self.video_save_path = os.path.join(get_base_dir(), ""video"")
            self.options[""video_save_path""] = self.video_save_path
        # Apply UI refresh if needed
        self.clipboard_mgr.history = self.clipboard_mgr.get_history()[: self.clipboard_mgr.max_items]
        self.clipboard_mgr._save_history()
        self.clipboard_mgr.history_changed.emit(self.clipboard_mgr.history)
        
        # Delete old custom balls
        old_custom_balls = [sb for sb in self.sub_balls if hasattr(sb, 'custom_app_path')]
        for sb in old_custom_balls:
            if sb.isVisible():
                sb.hide()
            self.sub_balls.remove(sb)
            sb.deleteLater()

        # Create new custom balls
        custom_apps = self.options.get(""custom_apps"", [])
        from PySide6.QtWidgets import QFileIconProvider
        from PySide6.QtCore import QFileInfo
        import math
        import os
        for app in custom_apps:
            if not app.get('enabled', True):
                continue
            icon = QFileIconProvider().icon(QFileInfo(app[""path""]))
            ball = SubBall(self.ball, text="""", radius=80, angle=0, tooltip=app[""name""], bg_color=QColor(100, 100, 100, 230), icon=icon)
            ball.custom_app_path = app[""path""]
            ball.clicked.connect(lambda p=app[""path""]: os.startfile(p) if hasattr(os, ""startfile"") else None)
            self.sub_balls.append(ball)

        # Reassign angles
        self._update_balls_layout()

        # Synchronize sub-balls visibility dynamically if the menu is currently expanded
        # If at least one ball is visible, we consider the menu ""expanded""
        any_visible = any(sb.isVisible() for sb in self.sub_balls)
        
        # However, what if ALL balls were just disabled? We might want to track a state `self._menu_expanded`
        # But since we don't have it, we check if they were visible before this update.
        if any_visible:
            if self.options.get(""enable_clipboard_ball"", True):
                self.clipboard_ball.reset_position()
                self.clipboard_ball.show()
            else:
                self.clipboard_ball.hide()
                self.panel.hide()
                
            if self.options.get(""enable_screenshot_ball"", True):
                self.screenshot_ball.reset_position()
                self.screenshot_ball.show()
            else:
                self.screenshot_ball.hide()
                
            if self.options.get(""enable_notebook_ball"", True):
                self.notebook_ball.reset_position()
                self.notebook_ball.show()
            else:
                self.notebook_ball.hide()
                self.notebook_panel.hide()
                
            if self.options.get(""enable_smart_screenshot_ball"", True):
                self.smart_screenshot_ball.reset_position()
                self.smart_screenshot_ball.show()
            else:
                self.smart_screenshot_ball.hide()
                
            if self.options.get(""enable_record_ball"", True):
                self.record_ball.reset_position()
                self.record_ball.show()
            else:
                self.record_ball.hide()
                
            if self.options.get(""enable_search_ball"", True):
                self.search_ball.reset_position()
                self.search_ball.show()
            else:
                self.search_ball.hide()
                self.search_panel.hide()

            if self.options.get(""enable_recent_ball"", True):
                self.recent_ball.reset_position()
                self.recent_ball.s
... [truncated]",""
"Function:main.py:FloatingAssistant.on_action_triggered","on_action_triggered","main.py",736,758,true,"                    sb.show()
                
    def on_action_triggered(self, action_name, payload_img=None, payload_rects=None):
        if action_name == ""clipboard"":
            self.clipboard_mgr.clean_missing_files()
            # Open panel relative to current cursor position
            from PySide6.QtGui import QCursor
            cursor_pos = QCursor.pos()
            self.panel.toggle_visibility(cursor_pos.x(), cursor_pos.y())
        elif action_name == ""screenshot"":
            self.on_screenshot_ball_clicked()
        elif action_name == ""smart_screenshot"":
            self.on_smart_screenshot_clicked(background_image=payload_img, pre_captured_rects=payload_rects)
        elif action_name == ""notebook"":
            self.on_notebook_ball_clicked()
        elif action_name == ""toggle_ball"":
            self.toggle_main_ball()
        elif action_name == ""record"":
            self.on_record_ball_clicked()
        elif action_name == ""search"":
            self.on_search_ball_clicked()
        elif action_name == ""recent"":
            from PySide6.QtGui import QCursor
            cursor_pos = QCursor.pos()
            self.recent_panel.toggle_visibility(cursor_pos.x(), cursor_pos.y())

    
",""
"Function:main.py:FloatingAssistant.show_about","show_about","main.py",761,767,true,"
    
    def show_about(self):
        from PySide6.QtWidgets import QMessageBox
        msg = QMessageBox(self.ball)
        msg.setWindowTitle(""\u5173\u4e8e"") # 关于
        msg.setText(""\u4f5c\u8005\uff1aWikex\u4f2a\u5915\n\u8c37\u6b4c\u90ae\u7bb1\uff1ashuweixing295@gmail.com\nQQ\u90ae\u7bb1\uff1a2110575127@qq.com"") # 作者信息
        msg.setStyleSheet(""QMessageBox { background-color: #ffffff; color: #000000; } QLabel { color: #000000; font-size: 14px; font-weight: bold; } QPushButton { color: #000000; padding: 5px 15px; }"")
        msg.exec()

    def quit_app(self):
",""
"Function:main.py:FloatingAssistant.quit_app","quit_app","main.py",769,771,true,"        msg.exec()

    def quit_app(self):
        self.tray.hide()
        self.app.quit()

    def run(self):
",""
"Function:main.py:FloatingAssistant.run","run","main.py",773,774,true,"        self.app.quit()

    def run(self):
        return self.app.exec()

if __name__ == ""__main__"":
",""
"Function:utils/path_helper.py:get_base_dir","get_base_dir","utils/path_helper.py",3,10,true,"import sys

def get_base_dir():
    if getattr(sys, 'frozen', False):
        # We are running in a bundle (PyInstaller)
        return os.path.dirname(sys.executable)
    else:
        # We are running in a normal Python environment
        # Because this file is in utils/, the base dir is its parent
        return os.path.dirname(os.path.dirname(os.path.abspath(__file__)))

CONFIG_FILE = os.path.join(get_base_dir(), ""config.json"")",""
"Function:utils/config.py:load_config","load_config","utils/config.py",49,73,true,"}

def load_config():
    if not os.path.exists(CONFIG_FILE):
        return {""hotkeys"": DEFAULT_HOTKEYS, ""options"": DEFAULT_OPTIONS}
        
    try:
        with open(CONFIG_FILE, ""r"", encoding=""utf-8"") as f:
            config = json.load(f)
            
            # Merge with defaults in case new keys were added in later versions
            hotkeys = config.get(""hotkeys"", {})
            for k, v in DEFAULT_HOTKEYS.items():
                if k not in hotkeys:
                    hotkeys[k] = v

            options = config.get(""options"", {})
            for k, v in DEFAULT_OPTIONS.items():
                if k not in options:
                    options[k] = v
            
            config[""hotkeys""] = hotkeys
            config[""options""] = options
            return config
    except Exception as e:
        print(f""Failed to load config: {e}"")
        return {""hotkeys"": DEFAULT_HOTKEYS, ""options"": DEFAULT_OPTIONS}

def save_config(config_data):
",""
"Function:utils/config.py:save_config","save_config","utils/config.py",75,82,true,"        return {""hotkeys"": DEFAULT_HOTKEYS, ""options"": DEFAULT_OPTIONS}

def save_config(config_data):
    try:
        with open(CONFIG_FILE, ""w"", encoding=""utf-8"") as f:
            json.dump(config_data, f, indent=4, ensure_ascii=False)
        return True
    except Exception as e:
        print(f""Failed to save config: {e}"")
        return False

def load_hotkeys():
",""
"Function:utils/config.py:load_hotkeys","load_hotkeys","utils/config.py",84,85,true,"        return False

def load_hotkeys():
    return load_config().get(""hotkeys"", DEFAULT_HOTKEYS)

def load_options():
",""
"Function:utils/config.py:load_options","load_options","utils/config.py",87,88,true,"    return load_config().get(""hotkeys"", DEFAULT_HOTKEYS)

def load_options():
    return load_config().get(""options"", DEFAULT_OPTIONS)

def save_hotkeys(hotkeys_dict):
",""
"Function:utils/config.py:save_hotkeys","save_hotkeys","utils/config.py",90,93,true,"    return load_config().get(""options"", DEFAULT_OPTIONS)

def save_hotkeys(hotkeys_dict):
    config = load_config()
    config[""hotkeys""] = hotkeys_dict
    save_config(config)

def save_option(option_name, value):
",""
"Function:utils/config.py:save_option","save_option","utils/config.py",95,100,true,"    save_config(config)

def save_option(option_name, value):
    config = load_config()
    options = config.get(""options"", DEFAULT_OPTIONS)
    options[option_name] = value
    config[""options""] = options
    save_config(config)

",""
"Function:ui/sub_ball.py:SubBall.__init__","__init__","ui/sub_ball.py",9,24,false,"    position_changed = Signal(int, int)

    def __init__(self, main_ball, text="""", radius=80, angle=math.pi * 1.25, tooltip=""Clipboard"", bg_color=None, icon=None):
        super().__init__()
        self.main_ball = main_ball
        self.radius = radius # Target distance from main ball center
        self.angle = angle   # Current angle in radians
        self.default_angle = angle
        self.default_radius = radius
        self.text = text
        self.tooltip = tooltip
        self.bg_color = bg_color if bg_color else QColor(255, 165, 0, 230)
        self.icon = icon
        
        self.init_ui()
        self._is_dragging = False
        self._has_moved = False
        self._drag_start_pos = QPoint()
        
    def init_ui(self):
",""
"Function:ui/sub_ball.py:SubBall.init_ui","init_ui","ui/sub_ball.py",26,36,true,"        self._drag_start_pos = QPoint()
        
    def init_ui(self):
        self.setWindowTitle(""\u684c\u9762\u4eba\u5076"")
        self.setWindowFlags(Qt.FramelessWindowHint | Qt.WindowStaysOnTopHint | Qt.Tool)
        self.setAttribute(Qt.WA_TranslucentBackground)
        # 将小球稍微缩小一点
        self.setFixedSize(36, 36)
        
        # 增加鼠标悬停提示
        self.setToolTip(self.tooltip)
        # 设置提示的样式
        self.setStyleSheet(""QToolTip { color: #000; background-color: #ffffe0; border: 1px solid #ccc; font-weight: bold; }"")
        
    def paintEvent(self, event):
",""
"Function:ui/sub_ball.py:SubBall.paintEvent","paintEvent","ui/sub_ball.py",38,72,true,"        self.setStyleSheet(""QToolTip { color: #000; background-color: #ffffe0; border: 1px solid #ccc; font-weight: bold; }"")
        
    def paintEvent(self, event):
        from PySide6.QtGui import QRadialGradient
        painter = QPainter(self)
        painter.setRenderHint(QPainter.Antialiasing)
        
        # Modern gradient based on bg_color
        r, g, b, a = self.bg_color.red(), self.bg_color.green(), self.bg_color.blue(), self.bg_color.alpha()
        
        # Lighter top-left
        lighter = QColor(min(255, r + 40), min(255, g + 40), min(255, b + 40), a)
        # Darker bottom-right
        darker = QColor(max(0, r - 20), max(0, g - 20), max(0, b - 20), a)
        
        gradient = QRadialGradient(self.width() / 3, self.height() / 3, self.width() * 0.8)
        gradient.setColorAt(0, lighter)
        gradient.setColorAt(1, darker)
        
        painter.setBrush(gradient)
        painter.setPen(Qt.NoPen)
        painter.drawEllipse(0, 0, self.width(), self.height())
        
        # Draw icon/text
        painter.setPen(Qt.white)
        font = QFont()
        font.setPointSize(10) # 稍微调小字体以适应更小的球
        font.setBold(True)
        painter.setFont(font)
        if hasattr(self, 'icon') and self.icon and not self.icon.isNull():
            pixmap = self.icon.pixmap(20, 20)
            if not pixmap.isNull():
                painter.drawPixmap((self.width() - 20) // 2, (self.height() - 20) // 2, pixmap)
            else:
                painter.drawText(self.rect(), Qt.AlignCenter, self.text)
        else:
            painter.drawText(self.rect(), Qt.AlignCenter, self.text)

    def reset_position(self):
",""
"Function:ui/sub_ball.py:SubBall.reset_position","reset_position","ui/sub_ball.py",74,77,true,"            painter.drawText(self.rect(), Qt.AlignCenter, self.text)

    def reset_position(self):
        self.angle = self.default_angle
        self.radius = self.default_radius
        self.update_position_from_main()

    def update_position_from_main(self):
",""
"Function:ui/sub_ball.py:SubBall.update_position_from_main","update_position_from_main","ui/sub_ball.py",79,90,true,"        self.update_position_from_main()

    def update_position_from_main(self):
        # Calculate center of main ball
        mx = self.main_ball.x() + self.main_ball.width() / 2
        my = self.main_ball.y() + self.main_ball.height() / 2
        
        # Calculate my center based on angle and radius
        cx = mx + self.radius * math.cos(self.angle)
        cy = my + self.radius * math.sin(self.angle)
        
        # Set top-left position
        self.move(int(cx - self.width() / 2), int(cy - self.height() / 2))
        self.position_changed.emit(self.x(), self.y())

    def enterEvent(self, event):
",""
"Function:ui/sub_ball.py:SubBall.enterEvent","enterEvent","ui/sub_ball.py",92,95,true,"        self.position_changed.emit(self.x(), self.y())

    def enterEvent(self, event):
        from PySide6.QtWidgets import QToolTip
        QToolTip.showText(self.mapToGlobal(QPoint(self.width() // 2, self.height())), self.tooltip, self)
        super().enterEvent(event)

    def leaveEvent(self, event):
",""
"Function:ui/sub_ball.py:SubBall.leaveEvent","leaveEvent","ui/sub_ball.py",97,100,true,"        super().enterEvent(event)

    def leaveEvent(self, event):
        from PySide6.QtWidgets import QToolTip
        QToolTip.hideText()
        super().leaveEvent(event)

    def mousePressEvent(self, event: QMouseEvent):
",""
"Function:ui/sub_ball.py:SubBall.mousePressEvent","mousePressEvent","ui/sub_ball.py",102,107,true,"        super().leaveEvent(event)

    def mousePressEvent(self, event: QMouseEvent):
        if event.button() == Qt.LeftButton:
            self._is_dragging = True
            self._has_moved = False
            self._drag_start_pos = event.globalPos() - self.frameGeometry().topLeft()
            event.accept()

    def mouseMoveEvent(self, event: QMouseEvent):
",""
"Function:ui/sub_ball.py:SubBall.mouseMoveEvent","mouseMoveEvent","ui/sub_ball.py",109,144,true,"            event.accept()

    def mouseMoveEvent(self, event: QMouseEvent):
        if self._is_dragging and event.buttons() & Qt.LeftButton:
            self._has_moved = True
            new_global_pos = event.globalPos() - self._drag_start_pos
            
            # My new center
            scx = new_global_pos.x() + self.width() / 2
            scy = new_global_pos.y() + self.height() / 2
            
            # Main ball center
            mx = self.main_ball.x() + self.main_ball.width() / 2
            my = self.main_ball.y() + self.main_ball.height() / 2
            
            # Calculate new angle and radius
            dx = scx - mx
            dy = scy - my
            dist = math.hypot(dx, dy)
            
            # Clamp distance (keep it around the main ball)
            # Main ball is 60x60, Sub ball is 36x36
            # 最小半径 = 30 + 18 + 5 = 53 (紧挨着+5像素间隙)
            min_radius = self.main_ball.width() / 2 + self.width() / 2 + 5 
            # 最大半径 = 缩小为 120，防止脱离太远
            max_radius = 150 
            clamped_dist = max(min_radius, min(dist, max_radius))
            
            if dist != 0:
                self.angle = math.atan2(dy, dx)
                self.radius = clamped_dist
                
                if hasattr(self, 'siblings'):
                    min_dist_between = self.width() + 5
                    self._resolve_overlap(mx, my, min_dist_between)
                
            self.update_position_from_main()
            event.accept()

    def _resolve_overlap(self, mx, my, min_dist, visited=None):
",""
"Function:ui/sub_ball.py:SubBall._resolve_overlap","_resolve_overlap","ui/sub_ball.py",146,177,false,"            event.accept()

    def _resolve_overlap(self, mx, my, min_dist, visited=None):
        if visited is None:
            visited = set()
        visited.add(self)
        
        for sib in self.siblings:
            if not sib.isVisible() or sib in visited:
                continue
            
            my_cx = mx + self.radius * math.cos(self.angle)
            my_cy = my + self.radius * math.sin(self.angle)
            
            sib_cx = mx + sib.radius * math.cos(sib.angle)
            sib_cy = my + sib.radius * math.sin(sib.angle)
            
            actual_dist = math.hypot(sib_cx - my_cx, sib_cy - my_cy)
            if actual_dist < min_dist:
                angle_diff = sib.angle - self.angle
                # Normalize between -pi and pi
                angle_diff = (angle_diff + math.pi) % (2 * math.pi) - math.pi
                if angle_diff == 0:
                    angle_diff = 0.01
                
                push_dir = 1 if angle_diff >= 0 else -1
                
                # Approximate the angle shift needed based on arc length = r * theta
                # min_dist is the chord, angle_needed ~ min_dist / radius
                angle_needed = (min_dist / max(sib.radius, 1)) * 1.1 # 增加10%余量防止精度问题
                
                sib.angle = self.angle + push_dir * angle_needed
                sib.update_position_from_main()
                sib._resolve_overlap(mx, my, min_dist, visited)

    def mouseReleaseEvent(self, event: QMouseEvent):
",""
"Function:ui/sub_ball.py:SubBall.mouseReleaseEvent","mouseReleaseEvent","ui/sub_ball.py",179,184,true,"                sib._resolve_overlap(mx, my, min_dist, visited)

    def mouseReleaseEvent(self, event: QMouseEvent):
        if event.button() == Qt.LeftButton:
            self._is_dragging = False
            if not self._has_moved:
                self.clicked.emit()
            event.accept()
",""
"Function:ui/settings.py:HotkeyLineEdit.__init__","__init__","ui/settings.py",12,34,false,"    focus_out = Signal()
    
    def __init__(self, parent=None):
        super().__init__(parent)
        self.setReadOnly(True)
        self.setMinimumHeight(34)
        self.setCursor(Qt.PointingHandCursor)
        self.setStyleSheet(""""""
            QLineEdit {
                padding: 8px 12px;
                font-size: 14px;
                color: #1e293b;
                background-color: #f8fafc;
                border: 1px solid #cbd5e1;
                border-radius: 6px;
            }
            QLineEdit:hover {
                border-color: #94a3b8;
                background-color: #ffffff;
            }
            QLineEdit:focus {
                border: 2px solid #3b82f6;
                background-color: #ffffff;
            }
        """""")
        
    def keyPressEvent(self, event: QKeyEvent):
",""
"Function:ui/settings.py:HotkeyLineEdit.keyPressEvent","keyPressEvent","ui/settings.py",36,75,true,"        """""")
        
    def keyPressEvent(self, event: QKeyEvent):
        key = event.key()
        modifiers = event.modifiers()
        if key == Qt.Key_unknown: return

        mods = []
        if modifiers & Qt.ControlModifier: mods.append(""ctrl"")
        if modifiers & Qt.AltModifier: mods.append(""alt"")
        if modifiers & Qt.ShiftModifier: mods.append(""shift"")
        if modifiers & Qt.MetaModifier: mods.append(""windows"")

        key_str = """"
        if Qt.Key_A <= key <= Qt.Key_Z: key_str = chr(key).lower()
        elif Qt.Key_0 <= key <= Qt.Key_9: key_str = chr(key)
        elif key == Qt.Key_F1: key_str = ""f1""
        elif key == Qt.Key_F2: key_str = ""f2""
        elif key == Qt.Key_F3: key_str = ""f3""
        elif key == Qt.Key_F4: key_str = ""f4""
        elif key == Qt.Key_F5: key_str = ""f5""
        elif key == Qt.Key_F6: key_str = ""f6""
        elif key == Qt.Key_F7: key_str = ""f7""
        elif key == Qt.Key_F8: key_str = ""f8""
        elif key == Qt.Key_F9: key_str = ""f9""
        elif key == Qt.Key_F10: key_str = ""f10""
        elif key == Qt.Key_F11: key_str = ""f11""
        elif key == Qt.Key_F12: key_str = ""f12""
        elif key == Qt.Key_Space: key_str = ""space""
        elif key == Qt.Key_Escape: key_str = ""esc""
        elif key == Qt.Key_Return or key == Qt.Key_Enter: key_str = ""enter""
        elif key == Qt.Key_Tab: key_str = ""tab""
        elif key == Qt.Key_Backspace or key == Qt.Key_Delete: 
            self.setText("""")
            return
            
        if not key_str and not mods: return
        if key_str: mods.append(key_str)
            
        hotkey_text = ""+"".join(mods)
        if key_str:
            self.setText(hotkey_text)

    def focusInEvent(self, event):
",""
"Function:ui/settings.py:HotkeyLineEdit.focusInEvent","focusInEvent","ui/settings.py",77,79,true,"            self.setText(hotkey_text)

    def focusInEvent(self, event):
        super().focusInEvent(event)
        self.focus_in.emit()

    def focusOutEvent(self, event):
",""
"Function:ui/settings.py:HotkeyLineEdit.focusOutEvent","focusOutEvent","ui/settings.py",81,83,true,"        self.focus_in.emit()

    def focusOutEvent(self, event):
        super().focusOutEvent(event)
        self.focus_out.emit()

class HotkeyRow(QWidget):
",""
"Function:ui/settings.py:HotkeyRow.__init__","__init__","ui/settings.py",90,124,false,"    focus_out = Signal()
    
    def __init__(self, name, label_text, current_hotkey=""""):
        super().__init__()
        self.name = name
        self.setProperty(""hotkeyRow"", True)
        self.layout = QHBoxLayout(self)
        self.layout.setContentsMargins(0, 6, 0, 6)
        self.layout.setSpacing(10)
        
        self.label = QLabel(label_text)
        self.label.setMinimumWidth(150)
        self.label.setStyleSheet(""font-size: 14px; color: #111827; font-weight: bold;"")
        
        self.input = HotkeyLineEdit()
        self.input.setText(current_hotkey)
        self.input.setPlaceholderText(""按下快捷键"")
        self.input.setAlignment(Qt.AlignCenter)
        self.input.textChanged.connect(self._on_text_changed)
        self.input.focus_in.connect(self.focus_in)
        self.input.focus_out.connect(self.focus_out)
        
        self.btn_clear = QPushButton(""×"")
        self.btn_clear.setFixedSize(24, 24)
        self.btn_clear.setStyleSheet(""border-radius: 12px; background-color: #9ca3af; color: white; font-weight: bold; font-size: 14px;"")
        self.btn_clear.clicked.connect(self.clear_input)
        self.btn_clear.setCursor(Qt.PointingHandCursor)
        
        self.lbl_valid = QLabel(""✓"")
        self.lbl_valid.setFixedSize(24, 24)
        self.lbl_valid.setAlignment(Qt.AlignCenter)
        
        self.layout.addWidget(self.label)
        self.layout.addWidget(self.input, 1)
        self.layout.addWidget(self.btn_clear)
        self.layout.addWidget(self.lbl_valid)
        self._update_validity(current_hotkey)

    def focusInEvent(self, event):
",""
"Function:ui/settings.py:HotkeyRow.focusInEvent","focusInEvent","ui/settings.py",126,128,true,"        self._update_validity(current_hotkey)

    def focusInEvent(self, event):
        super().focusInEvent(event)
        self.setStyleSheet(""QWidget[hotkeyRow=\""true\""] { background: #eff6ff; border: 1px solid #93c5fd; border-radius: 8px; }"")

    def focusOutEvent(self, event):
",""
"Function:ui/settings.py:HotkeyRow.focusOutEvent","focusOutEvent","ui/settings.py",130,134,true,"        self.setStyleSheet(""QWidget[hotkeyRow=\""true\""] { background: #eff6ff; border: 1px solid #93c5fd; border-radius: 8px; }"")

    def focusOutEvent(self, event):
        super().focusOutEvent(event)
        self.setStyleSheet("""")
        self.input.style().unpolish(self.input)
        self.input.style().polish(self.input)
        
    def _on_text_changed(self, text):
",""
"Function:ui/settings.py:HotkeyRow._on_text_changed","_on_text_changed","ui/settings.py",136,138,false,"        self.input.style().polish(self.input)
        
    def _on_text_changed(self, text):
        self._update_validity(text)
        self.text_changed.emit(self.name, text)

    def _update_validity(self, text):
",""
"Function:ui/settings.py:HotkeyRow._update_validity","_update_validity","ui/settings.py",140,144,false,"        self.text_changed.emit(self.name, text)

    def _update_validity(self, text):
        if text.strip():
            self.lbl_valid.setStyleSheet(""border-radius: 12px; background-color: #22c55e; color: white; font-weight: bold; font-size: 14px;"")
        else:
            self.lbl_valid.setStyleSheet(""border-radius: 12px; background-color: #cbd5e1; color: white; font-weight: bold; font-size: 14px;"")

    def clear_input(self):
",""
"Function:ui/settings.py:HotkeyRow.clear_input","clear_input","ui/settings.py",146,147,true,"            self.lbl_valid.setStyleSheet(""border-radius: 12px; background-color: #cbd5e1; color: white; font-weight: bold; font-size: 14px;"")

    def clear_input(self):
        self.input.setText("""")
        
    def set_hotkey(self, hk):
",""
"Function:ui/settings.py:HotkeyRow.set_hotkey","set_hotkey","ui/settings.py",149,154,true,"        self.input.setText("""")
        
    def set_hotkey(self, hk):
        # Disconnect temporarily to avoid double emitting during programmatic change
        self.input.blockSignals(True)
        self.input.setText(hk)
        self._update_validity(hk)
        self.input.blockSignals(False)

class SettingsDialog(QDialog):
",""
"Function:ui/settings.py:SettingsDialog.__init__","__init__","ui/settings.py",159,239,false,"    settings_saved = Signal(dict) # Emits updated options

    def __init__(self, options, hotkey_mgr, clipboard_mgr=None, recent_mgr=None, parent=None):
        super().__init__(parent)
        self.options = options
        self.hotkey_mgr = hotkey_mgr
        self.clipboard_mgr = clipboard_mgr
        self.recent_mgr = recent_mgr
        self.setWindowTitle(""桌面人偶设置"")
        self.setFixedSize(580, 480)
        self.setStyleSheet(""""""
            QDialog {
                background-color: #f1f5f9;
                color: #0f172a;
            }
            QWidget {
                color: #0f172a;
            }
            QMessageBox {
                background-color: #ffffff;
                color: #0f172a;
            }
            QLabel {
                color: #334155;
                font-size: 14px;
            }
            QCheckBox {
                font-size: 14px;
                color: #334155;
                spacing: 8px;
            }
            QCheckBox::indicator {
                width: 18px;
                height: 18px;
                border-radius: 4px;
                border: 1px solid #cbd5e1;
                background-color: #ffffff;
            }
            QCheckBox::indicator:hover {
                border-color: #94a3b8;
            }
            QCheckBox::indicator:checked {
                background-color: #3b82f6;
                border-color: #3b82f6;
            }
            QTabWidget::pane {
                border: 1px solid #e2e8f0;
                background-color: #ffffff;
                border-radius: 6px;
            }
            QTabBar::tab {
                background: #f1f5f9;
                color: #64748b;
                padding: 10px 20px;
                font-size: 14px;
                font-weight: bold;
                border: 1px solid transparent;
                border-bottom: none;
                border-top-left-radius: 6px;
                border-top-right-radius: 6px;
                margin-right: 2px;
            }
            QTabBar::tab:hover {
                color: #334155;
                background: #e2e8f0;
            }
            QTabBar::tab:selected {
                background: #ffffff;
                color: #0f172a;
                border: 1px solid #e2e8f0;
                border-bottom: 1px solid #ffffff;
            }
        """""")
        
        self.original_hotkeys = dict(self.hotkey_mgr.hotkeys)
        self.current_hotkeys = dict(self.original_hotkeys)
        
        import copy
        self.original_options = copy.deepcopy(self.options)
        self.current_options = copy.deepcopy(self.options)
        
        self.setWindowFlags(Qt.Window | Qt.WindowCloseButtonHint)
        self.init_ui()
        
    def init_ui(self):
",""
"Function:ui/settings.py:SettingsDialog.init_ui","init_ui","ui/settings.py",241,518,true,"        self.init_ui()
        
    def init_ui(self):
        main_layout = QVBoxLayout(self)
        main_layout.setContentsMargins(15, 15, 15, 15)
        
        self.tabs = QTabWidget()
        
        # Helper for Restore Default Buttons
        def create_restore_btn(callback):
            btn = QPushButton(""恢复默认"") # 恢复默认设置
            btn.setStyleSheet(""padding: 6px 16px; font-size: 13px; border: 1px solid #cbd5e1; background-color: #f8fafc; color: #475569; border-radius: 6px; font-weight: bold;"")
            btn.setCursor(Qt.PointingHandCursor)
            btn.clicked.connect(callback)
            
            layout = QHBoxLayout()
            layout.addStretch()
            layout.addWidget(btn)
            return layout
        
        # --- Tab 1: General ---
        self.tab_general = QWidget()
        gen_layout = QVBoxLayout(self.tab_general)
        gen_layout.setSpacing(15)
        
        self.chk_hide_ball = QCheckBox(""截屏时自动隐藏悬浮球"") # 截屏时自动隐藏悬浮球
        self.chk_hide_ball.setChecked(self.current_options.get(""hide_ball_when_screenshot"", True))
        self.chk_hide_ball.stateChanged.connect(self._on_general_changed)
        gen_layout.addWidget(self.chk_hide_ball)
        
        gen_layout.addStretch()
        gen_layout.addLayout(create_restore_btn(self._restore_general_defaults))
        self.tabs.addTab(self.tab_general, ""常规"") # 常规设置
        
        # --- Tab 2: Clipboard ---
        self.tab_clipboard = QWidget()
        clip_layout = QVBoxLayout(self.tab_clipboard)
        clip_layout.setSpacing(15)
        
        self.chk_clip_tracking = QCheckBox(""监听剪贴板变化"") # 监听剪贴板变化
        self.chk_clip_tracking.setChecked(self.current_options.get(""clipboard_tracking_enabled"", True))
        self.chk_clip_tracking.stateChanged.connect(self._on_clipboard_changed)
        clip_layout.addWidget(self.chk_clip_tracking)
        
        limit_layout = QHBoxLayout()
        limit_label = QLabel(""最大条数:"") # 剪贴板历史最大条数:
        self.spin_limit = QSpinBox()
        self.spin_limit.setRange(1, 999)
        self.spin_limit.setValue(self.current_options.get(""clipboard_max_items"", 20))
        self.spin_limit.editingFinished.connect(self._on_clipboard_limit_editing_finished)
        self.spin_limit.setStyleSheet(""padding: 4px 8px; font-size: 14px; color: #0f172a; border: 1px solid #cbd5e1; border-radius: 6px; background-color: #ffffff;"")
        limit_layout.addWidget(limit_label)
        limit_layout.addWidget(self.spin_limit)
        limit_layout.addStretch()
        clip_layout.addLayout(limit_layout)
        
        pic_layout = QHBoxLayout()
        pic_label = QLabel(""图片缓存目录:"") # 图片缓存目录:
        self.pic_path_input = QLineEdit(self.current_options.get(""picture_save_path"", """"))
        self.pic_path_input.setReadOnly(True)
        self.pic_path_input.setStyleSheet(""padding: 6px 10px; border: 1px solid #cbd5e1; border-radius: 6px; background-color: #f8fafc; color: #64748b;"")
        btn_browse_pic = QPushButton(""浏览..."") # 浏览...
        btn_browse_pic.setStyleSheet(""padding: 6px 14px; background-color: #e2e8f0; color: #334155; border: 1px solid #cbd5e1; border-radius: 6px; font-weight: bold;"")
        btn_browse_pic.clicked.connect(self._browse_pic_path)
        pic_layout.addWidget(pic_label)
        pic_layout.addWidget(self.pic_path_input)
        pic_layout.addWidget(btn_browse_pic)
        clip_layout.addLayout(pic_layout)
        
        pic_limit_layout = QHBoxLayout()
        pic_limit_label = QLabel(""图片缓存最大张数:"") # 图片缓存最大张数:
        self.spin_pic_limit = QSpinBox()
        self.spin_pic_limit.setRange(1, 999)
        self.spin_pic_limit.setValue(self.current_options.get(""clipboard_max_images"", 20))
        self.spin_pic_limit.valueChanged.connect(self._on_clipboard_changed)
        self.spin_pic_limit.setStyleSheet(""padding: 4px 8px; font-size: 14px; color: #0f172a; border: 1px solid #cbd5e1; border-radius: 6px; background-color: #ffffff;"")
        pic_limit_layout.addWidget(pic_limit_label)
        pic_limit_layout.addWidget(self.spin_pic_limit)
        pic_limit_layout.addStretch()
        clip_layout.addLayout(pic_limit_layout)
        clip_layout.addStretch()
        clip_layout.addLayout(create_restore_btn(self._restore_clipboard_defaults))
        self.tabs.addTab(self.tab_clipboard, ""剪贴板"") # 剪贴板设置
        
        # --- Tab 3: Video ---
        self.tab_video = QWidget()
        video_tab_layout = QVBoxLayout(self.tab_video)
        video_tab_layout.setSpacing(15)
        
        video_layout = QHBoxLayout()
        video_label = QLabel(""保存目录:"") # 录屏保存目录:
        self.video_path_input = QLineEdit(self.current_options.get(""video_save_path"", """"))
        self.video_path_input.setReadOnly(True)
        self.video_path_input.setStyleSheet(""padding: 6px 10px; border: 1px solid #cbd5e1; border-radius: 6px; background-color: #f8fafc; color: #64748b;"")
        btn_browse_video = QPushButton(""浏览...""
... [truncated]",""
"Function:ui/settings.py:SettingsDialog.create_restore_btn","create_restore_btn","ui/settings.py",248,257,true,"        
        # Helper for Restore Default Buttons
        def create_restore_btn(callback):
            btn = QPushButton(""恢复默认"") # 恢复默认设置
            btn.setStyleSheet(""padding: 6px 16px; font-size: 13px; border: 1px solid #cbd5e1; background-color: #f8fafc; color: #475569; border-radius: 6px; font-weight: bold;"")
            btn.setCursor(Qt.PointingHandCursor)
            btn.clicked.connect(callback)
            
            layout = QHBoxLayout()
            layout.addStretch()
            layout.addWidget(btn)
            return layout
        
        # --- Tab 1: General ---
",""
"Function:ui/settings.py:SettingsDialog._filter_sys_features","_filter_sys_features","ui/settings.py",520,522,false,"        main_layout.addWidget(self.tabs)

    def _filter_sys_features(self, text):
        for name, widget in self.sys_feature_widgets:
            widget.setVisible(text.lower() in name.lower())

    def _filter_custom_features(self, text):
",""
"Function:ui/settings.py:SettingsDialog._filter_custom_features","_filter_custom_features","ui/settings.py",524,526,false,"            widget.setVisible(text.lower() in name.lower())

    def _filter_custom_features(self, text):
        for name, widget in self.custom_feature_widgets:
            widget.setVisible(text.lower() in name.lower())

    def _update_custom_apps_list(self):
",""
"Function:ui/settings.py:SettingsDialog._update_custom_apps_list","_update_custom_apps_list","ui/settings.py",528,559,false,"            widget.setVisible(text.lower() in name.lower())

    def _update_custom_apps_list(self):
        # Clear layout
        while self.custom_content_layout.count():
            item = self.custom_content_layout.takeAt(0)
            if item.widget():
                item.widget().deleteLater()
        self.custom_feature_widgets.clear()
        
        custom_apps = self.current_options.get(""custom_apps"", [])
        for i, app in enumerate(custom_apps):
            row = QWidget()
            row_layout = QHBoxLayout(row)
            row_layout.setContentsMargins(5, 5, 5, 5)
            
            chk = QCheckBox(app['name'])
            chk.setChecked(app.get('enabled', True))
            chk.setStyleSheet(""font-size: 14px; color: #334155;"")
            chk.setToolTip(app['path'])
            chk.stateChanged.connect(lambda state, idx=i: self._on_custom_app_toggled(idx, state))
            
            btn_del = QPushButton(""×"")
            btn_del.setFixedSize(20, 20)
            btn_del.setStyleSheet(""QPushButton { border-radius: 10px; background-color: #f87171; color: white; font-weight: bold; } QPushButton:hover { background-color: #ef4444; }"")
            btn_del.setCursor(Qt.PointingHandCursor)
            btn_del.clicked.connect(lambda checked=False, idx=i: self._remove_custom_app_by_index(idx))
            
            row_layout.addWidget(chk)
            row_layout.addStretch()
            row_layout.addWidget(btn_del)
            
            self.custom_content_layout.addWidget(row)
            self.custom_feature_widgets.append((app['name'], row))

    def _on_custom_app_toggled(self, idx, state):
",""
"Function:ui/settings.py:SettingsDialog._on_custom_app_toggled","_on_custom_app_toggled","ui/settings.py",561,567,false,"            self.custom_feature_widgets.append((app['name'], row))

    def _on_custom_app_toggled(self, idx, state):
        from PySide6.QtCore import Qt
        custom_apps = self.current_options.get(""custom_apps"", [])
        if 0 <= idx < len(custom_apps):
            custom_apps[idx]['enabled'] = (state == Qt.Checked.value) or (state == Qt.Checked) or (state == 2)
            self.current_options[""custom_apps""] = custom_apps
            self._auto_save_options()

    def _add_custom_app_dialog(self):
",""
"Function:ui/settings.py:SettingsDialog._add_custom_app_dialog","_add_custom_app_dialog","ui/settings.py",569,628,false,"            self._auto_save_options()

    def _add_custom_app_dialog(self):
        dialog = QDialog(self)
        dialog.setWindowTitle(""添加快捷启动软件"") # 添加自定义软件
        dialog.setFixedSize(400, 180)
        dialog.setStyleSheet(""QDialog { background: white; } QLabel { color: #334155; font-size: 14px; }"")
        
        layout = QVBoxLayout(dialog)
        
        name_layout = QHBoxLayout()
        name_layout.addWidget(QLabel(""软件名称:"")) # 程序名称:
        input_name = QLineEdit()
        input_name.setStyleSheet(""padding: 6px; border: 1px solid #cbd5e1; border-radius: 4px; background-color: #f8fafc; color: #0f172a;"")
        name_layout.addWidget(input_name)
        layout.addLayout(name_layout)
        
        path_layout = QHBoxLayout()
        path_layout.addWidget(QLabel(""软件路径:"")) # 程序路径:
        input_path = QLineEdit()
        input_path.setStyleSheet(""padding: 6px; border: 1px solid #cbd5e1; border-radius: 4px; background-color: #f8fafc; color: #0f172a;"")
        btn_browse = QPushButton(""浏览..."") # 浏览...
        btn_browse.setStyleSheet(""padding: 6px 12px; background: #f1f5f9; border: 1px solid #cbd5e1; border-radius: 4px; color: #0f172a;"")
        
        def do_browse():
            path, _ = QFileDialog.getOpenFileName(dialog, ""选择软件"", """", ""Executable Files (*.exe)"")
            if path:
                input_path.setText(path)
                from PySide6.QtCore import QFileInfo
                if not input_name.text():
                    input_name.setText(QFileInfo(path).baseName())
        btn_browse.clicked.connect(do_browse)
        
        path_layout.addWidget(input_path)
        path_layout.addWidget(btn_browse)
        layout.addLayout(path_layout)
        
        layout.addStretch()
        
        btn_layout = QHBoxLayout()
        btn_ok = QPushButton(""确定"") # 确定
        btn_ok.setStyleSheet(""padding: 8px 20px; background: #3b82f6; color: white; border-radius: 4px; font-weight: bold;"")
        btn_cancel = QPushButton(""取消"") # 取消
        btn_cancel.setStyleSheet(""padding: 8px 20px; background: #e2e8f0; color: #334155; border-radius: 4px; font-weight: bold;"")
        
        btn_ok.clicked.connect(dialog.accept)
        btn_cancel.clicked.connect(dialog.reject)
        
        btn_layout.addStretch()
        btn_layout.addWidget(btn_cancel)
        btn_layout.addWidget(btn_ok)
        layout.addLayout(btn_layout)
        
        if dialog.exec() == QDialog.Accepted:
            name = input_name.text().strip()
            path = input_path.text().strip()
            if name and path:
                custom_apps = self.current_options.get(""custom_apps"", [])
                custom_apps.append({""name"": name, ""path"": path})
                self.current_options[""custom_apps""] = custom_apps
                self._update_custom_apps_list()
                self._auto_save_options()

    def _remove_custom_app_by_index(self, idx):
",""
"Function:ui/settings.py:SettingsDialog.do_browse","do_browse","ui/settings.py",591,597,true,"        btn_browse.setStyleSheet(""padding: 6px 12px; background: #f1f5f9; border: 1px solid #cbd5e1; border-radius: 4px; color: #0f172a;"")
        
        def do_browse():
            path, _ = QFileDialog.getOpenFileName(dialog, ""选择软件"", """", ""Executable Files (*.exe)"")
            if path:
                input_path.setText(path)
                from PySide6.QtCore import QFileInfo
                if not input_name.text():
                    input_name.setText(QFileInfo(path).baseName())
        btn_browse.clicked.connect(do_browse)
        
",""
"Function:ui/settings.py:SettingsDialog._remove_custom_app_by_index","_remove_custom_app_by_index","ui/settings.py",630,636,false,"                self._auto_save_options()

    def _remove_custom_app_by_index(self, idx):
        custom_apps = self.current_options.get(""custom_apps"", [])
        if 0 <= idx < len(custom_apps):
            custom_apps.pop(idx)
            self.current_options[""custom_apps""] = custom_apps
            self._update_custom_apps_list()
            self._auto_save_options()

    def _auto_save_options(self):
",""
"Function:ui/settings.py:SettingsDialog._auto_save_options","_auto_save_options","ui/settings.py",638,641,false,"            self._auto_save_options()

    def _auto_save_options(self):
        for k, v in self.current_options.items():
            save_option(k, v)
        self.settings_saved.emit(self.current_options)

    def _on_general_changed(self):
",""
"Function:ui/settings.py:SettingsDialog._on_general_changed","_on_general_changed","ui/settings.py",643,645,false,"        self.settings_saved.emit(self.current_options)

    def _on_general_changed(self):
        self.current_options[""hide_ball_when_screenshot""] = self.chk_hide_ball.isChecked()
        self._auto_save_options()

    
",""
"Function:ui/settings.py:SettingsDialog._browse_pic_path","_browse_pic_path","ui/settings.py",648,673,false,"
    
    def _browse_pic_path(self):
        import os
        import shutil
        old_path = self.current_options.get(""picture_save_path"", """")
        if not old_path:
            from utils.path_helper import get_base_dir
            old_path = os.path.join(get_base_dir(), ""picture"")
            
        path = QFileDialog.getExistingDirectory(self, ""\u9009\u62e9\u56fe\u7247\u4fdd\u5b58\u6587\u4ef6\u5939"", self.pic_path_input.text())
        if path:
            if os.path.normpath(path) != os.path.normpath(old_path):
                if os.path.exists(old_path) and os.path.isdir(old_path) and os.listdir(old_path):
                    reply = QMessageBox.question(self, ""\u6e05\u7406\u65e7\u76ee\u5f55"", f""\u662f\u5426\u5220\u9664\u65e7\u76ee\u5f55\u4e0b\u7684\u6240\u6709\u6587\u4ef6\uff1f\n({old_path})"", QMessageBox.Yes | QMessageBox.No, QMessageBox.No)
                    if reply == QMessageBox.Yes:
                        for filename in os.listdir(old_path):
                            filepath = os.path.join(old_path, filename)
                            try:
                                if os.path.isfile(filepath):
                                    os.remove(filepath)
                                elif os.path.isdir(filepath):
                                    shutil.rmtree(filepath)
                            except Exception:
                                pass
            self.pic_path_input.setText(path)
            self.current_options[""picture_save_path""] = path
            self._auto_save_options()

    def _browse_video_path(self):
",""
"Function:ui/settings.py:SettingsDialog._browse_video_path","_browse_video_path","ui/settings.py",675,700,false,"            self._auto_save_options()

    def _browse_video_path(self):
        import os
        import shutil
        old_path = self.current_options.get(""video_save_path"", """")
        if not old_path:
            from utils.path_helper import get_base_dir
            old_path = os.path.join(get_base_dir(), ""video"")
            
        path = QFileDialog.getExistingDirectory(self, ""\u9009\u62e9\u5f55\u5c4f\u4fdd\u5b58\u6587\u4ef6\u5939"", self.video_path_input.text())
        if path:
            if os.path.normpath(path) != os.path.normpath(old_path):
                if os.path.exists(old_path) and os.path.isdir(old_path) and os.listdir(old_path):
                    reply = QMessageBox.question(self, ""\u6e05\u7406\u65e7\u76ee\u5f55"", f""\u662f\u5426\u5220\u9664\u65e7\u76ee\u5f55\u4e0b\u7684\u6240\u6709\u6587\u4ef6\uff1f\n({old_path})"", QMessageBox.Yes | QMessageBox.No, QMessageBox.No)
                    if reply == QMessageBox.Yes:
                        for filename in os.listdir(old_path):
                            filepath = os.path.join(old_path, filename)
                            try:
                                if os.path.isfile(filepath):
                                    os.remove(filepath)
                                elif os.path.isdir(filepath):
                                    shutil.rmtree(filepath)
                            except Exception:
                                pass
            self.video_path_input.setText(path)
            self.current_options[""video_save_path""] = path
            self._auto_save_options()

    def _restore_general_defaults(self):
",""
"Function:ui/settings.py:SettingsDialog._restore_general_defaults","_restore_general_defaults","ui/settings.py",702,708,false,"            self._auto_save_options()

    def _restore_general_defaults(self):
        self.chk_hide_ball.blockSignals(True)
        self.chk_hide_ball.setChecked(DEFAULT_OPTIONS.get(""hide_ball_when_screenshot"", True))
        self.chk_hide_ball.blockSignals(False)
        
        self.current_options[""hide_ball_when_screenshot""] = DEFAULT_OPTIONS.get(""hide_ball_when_screenshot"", True)
        self._auto_save_options()

    def _restore_video_defaults(self):
",""
"Function:ui/settings.py:SettingsDialog._restore_video_defaults","_restore_video_defaults","ui/settings.py",710,719,false,"        self._auto_save_options()

    def _restore_video_defaults(self):
        import os
        from utils.path_helper import get_base_dir
        
        default_video_path = os.path.join(get_base_dir(), ""video"")
        self.video_path_input.setText(default_video_path)
        self.current_options[""video_save_path""] = default_video_path
        self.combo_video_format.setCurrentText(""mp4"")
        self.current_options[""video_save_format""] = ""mp4""
        self._auto_save_options()

    def _on_video_format_changed(self, text):
",""
"Function:ui/settings.py:SettingsDialog._on_video_format_changed","_on_video_format_changed","ui/settings.py",721,723,false,"        self._auto_save_options()

    def _on_video_format_changed(self, text):
        self.current_options[""video_save_format""] = text
        self._auto_save_options()

    def _on_clipboard_limit_editing_finished(self):
",""
"Function:ui/settings.py:SettingsDialog._on_clipboard_limit_editing_finished","_on_clipboard_limit_editing_finished","ui/settings.py",725,745,false,"        self._auto_save_options()

    def _on_clipboard_limit_editing_finished(self):
        new_val = self.spin_limit.value()
        old_val = self.current_options.get(""clipboard_max_items"", 20)
        
        if new_val == old_val:
            return
            
        if getattr(self, 'clipboard_mgr', None) is not None:
            current_history_len = len(self.clipboard_mgr.get_history())
            if new_val < current_history_len:
                reply = QMessageBox.question(self, ""确认修改"", 
                    ""修改后的最大条数小于当前剪贴板历史条数，是否修改？\n修改后将删除最早的内容。"",
                    QMessageBox.Yes | QMessageBox.No, QMessageBox.No)
                if reply == QMessageBox.No:
                    self.spin_limit.blockSignals(True)
                    self.spin_limit.setValue(old_val)
                    self.spin_limit.blockSignals(False)
                    return
                    
        self.current_options[""clipboard_max_items""] = new_val
        self._auto_save_options()

    def _on_clipboard_changed(self):
",""
"Function:ui/settings.py:SettingsDialog._on_clipboard_changed","_on_clipboard_changed","ui/settings.py",747,750,false,"        self._auto_save_options()

    def _on_clipboard_changed(self):
        self.current_options[""clipboard_tracking_enabled""] = self.chk_clip_tracking.isChecked()
        self.current_options[""clipboard_max_images""] = self.spin_pic_limit.value()
        self._auto_save_options()

    def _restore_clipboard_defaults(self):
",""
"Function:ui/settings.py:SettingsDialog._restore_clipboard_defaults","_restore_clipboard_defaults","ui/settings.py",752,778,false,"        self._auto_save_options()

    def _restore_clipboard_defaults(self):
        import os
        from utils.path_helper import get_base_dir
        
        self.chk_clip_tracking.blockSignals(True)
        self.spin_limit.blockSignals(True)
        self.spin_pic_limit.blockSignals(True)
        
        val_tracking = DEFAULT_OPTIONS.get(""clipboard_tracking_enabled"", True)
        val_max = DEFAULT_OPTIONS.get(""clipboard_max_items"", 20)
        val_pic_max = DEFAULT_OPTIONS.get(""clipboard_max_images"", 20)
        default_pic_path = os.path.join(get_base_dir(), ""picture"")
        
        self.chk_clip_tracking.setChecked(val_tracking)
        self.spin_limit.setValue(val_max)
        self.spin_pic_limit.setValue(val_pic_max)
        self.pic_path_input.setText(default_pic_path)
        
        self.chk_clip_tracking.blockSignals(False)
        self.spin_limit.blockSignals(False)
        self.spin_pic_limit.blockSignals(False)
        
        self.current_options[""clipboard_tracking_enabled""] = val_tracking
        self.current_options[""clipboard_max_items""] = val_max
        self.current_options[""clipboard_max_images""] = val_pic_max
        self.current_options[""picture_save_path""] = default_pic_path
        self._auto_save_options()

    def _on_recent_limit_editing_finished(self):
",""
"Function:ui/settings.py:SettingsDialog._on_recent_limit_editing_finished","_on_recent_limit_editing_finished","ui/settings.py",780,800,false,"        self._auto_save_options()

    def _on_recent_limit_editing_finished(self):
        new_val = self.spin_recent_limit.value()
        old_val = self.current_options.get(""recent_max_items"", 30)
        
        if new_val == old_val:
            return
            
        if getattr(self, 'recent_mgr', None) is not None:
            current_history_len = len(self.recent_mgr.get_items())
            if new_val < current_history_len:
                reply = QMessageBox.question(self, ""确认修改"", 
                    ""修改后的最大条数小于当前最近使用记录条数，是否修改？\n修改后将删除最早的内容。"",
                    QMessageBox.Yes | QMessageBox.No, QMessageBox.No)
                if reply == QMessageBox.No:
                    self.spin_recent_limit.blockSignals(True)
                    self.spin_recent_limit.setValue(old_val)
                    self.spin_recent_limit.blockSignals(False)
                    return
                    
        self.current_options[""recent_max_items""] = new_val
        self._auto_save_options()

    def _on_recent_changed(self):
",""
"Function:ui/settings.py:SettingsDialog._on_recent_changed","_on_recent_changed","ui/settings.py",802,805,false,"        self._auto_save_options()

    def _on_recent_changed(self):
        self.current_options[""recent_tracking_enabled""] = self.chk_recent_tracking.isChecked()
        self.current_options[""recent_max_items""] = self.spin_recent_limit.value()
        self._auto_save_options()

    def _open_recent_excluded_dialog(self):
",""
"Function:ui/settings.py:SettingsDialog._open_recent_excluded_dialog","_open_recent_excluded_dialog","ui/settings.py",807,816,false,"        self._auto_save_options()

    def _open_recent_excluded_dialog(self):
        from ui.recent_dialogs import ExcludedExtensionsDialog
        current_excluded = self.current_options.get(""recent_excluded_extensions"", {})
        dialog = ExcludedExtensionsDialog(current_excluded, self)
        if dialog.exec() == ExcludedExtensionsDialog.Accepted:
            new_excluded = dialog.get_excluded_extensions()
            self.current_options[""recent_excluded_extensions""] = new_excluded
            self._auto_save_options()
            if getattr(self, 'recent_mgr', None):
                self.recent_mgr.set_excluded_extensions(new_excluded)

    def _restore_recent_defaults(self):
",""
"Function:ui/settings.py:SettingsDialog._restore_recent_defaults","_restore_recent_defaults","ui/settings.py",818,837,false,"                self.recent_mgr.set_excluded_extensions(new_excluded)

    def _restore_recent_defaults(self):
        self.chk_recent_tracking.blockSignals(True)
        self.spin_recent_limit.blockSignals(True)
        
        val_tracking = DEFAULT_OPTIONS.get(""recent_tracking_enabled"", True)
        val_max = DEFAULT_OPTIONS.get(""recent_max_items"", 30)
        val_excl = DEFAULT_OPTIONS.get(""recent_excluded_extensions"", {})
        
        self.chk_recent_tracking.setChecked(val_tracking)
        self.spin_recent_limit.setValue(val_max)
        
        self.chk_recent_tracking.blockSignals(False)
        self.spin_recent_limit.blockSignals(False)
        
        self.current_options[""recent_tracking_enabled""] = val_tracking
        self.current_options[""recent_max_items""] = val_max
        self.current_options[""recent_excluded_extensions""] = val_excl
        self._auto_save_options()
        if getattr(self, 'recent_mgr', None):
            self.recent_mgr.set_excluded_extensions(val_excl)

    def _on_feature_changed(self):
",""
"Function:ui/settings.py:SettingsDialog._on_feature_changed","_on_feature_changed","ui/settings.py",839,842,false,"            self.recent_mgr.set_excluded_extensions(val_excl)

    def _on_feature_changed(self):
        for key, chk in self.feat_checkboxes.items():
            self.current_options[key] = chk.isChecked()
        self._auto_save_options()

    def _restore_feature_defaults(self):
",""
"Function:ui/settings.py:SettingsDialog._restore_feature_defaults","_restore_feature_defaults","ui/settings.py",844,850,false,"        self._auto_save_options()

    def _restore_feature_defaults(self):
        for key, chk in self.feat_checkboxes.items():
            chk.blockSignals(True)
            chk.setChecked(DEFAULT_OPTIONS.get(key, True))
            self.current_options[key] = DEFAULT_OPTIONS.get(key, True)
            chk.blockSignals(False)
        self._auto_save_options()

    def on_hotkey_changed(self, name, new_text):
",""
"Function:ui/settings.py:SettingsDialog.on_hotkey_changed","on_hotkey_changed","ui/settings.py",852,872,true,"        self._auto_save_options()

    def on_hotkey_changed(self, name, new_text):
        if new_text != self.current_hotkeys.get(name):
            success = self.hotkey_mgr.update_hotkey(name, new_text)
            if success:
                self.current_hotkeys[name] = new_text
                self.original_hotkeys[name] = new_text
                save_hotkeys(self.hotkey_mgr.hotkeys)
            else:
                QMessageBox.warning(self, ""\u5feb\u6377\u952e\u51b2\u7a81"", f""\u65e0\u6cd5\u6ce8\u518c\u5feb\u6377\u952e: {new_text}\n\u53ef\u80fd\u88ab\u5176\u4ed6\u7a0b\u5e8f\u5360\u7528\u3002"")
                # Revert UI
                row_map = {
                    ""screenshot"": self.screenshot_row,
                    ""smart_screenshot"": self.smart_screenshot_row,
                    ""record"": self.record_row,
                    ""search"": self.search_row,
                    ""notebook"": self.notebook_row,
                    ""clipboard"": self.clipboard_row,
                    ""recent"": self.recent_row,
                    ""toggle_ball"": self.toggle_ball_row
                }
                row_map[name].set_hotkey(self.current_hotkeys.get(name, """"))

    def _restore_hotkey_defaults(self):
",""
"Function:ui/settings.py:SettingsDialog._restore_hotkey_defaults","_restore_hotkey_defaults","ui/settings.py",874,900,false,"                row_map[name].set_hotkey(self.current_hotkeys.get(name, """"))

    def _restore_hotkey_defaults(self):
        row_map = {
            ""screenshot"": self.screenshot_row,
            ""smart_screenshot"": self.smart_screenshot_row,
            ""record"": self.record_row,
            ""search"": self.search_row,
            ""notebook"": self.notebook_row,
            ""clipboard"": self.clipboard_row,
            ""recent"": self.recent_row,
            ""toggle_ball"": self.toggle_ball_row
        }
        
        failed = []
        for name, default_key in DEFAULT_HOTKEYS.items():
            if name in row_map:
                success = self.hotkey_mgr.update_hotkey(name, default_key)
                if success:
                    row_map[name].set_hotkey(default_key)
                    self.current_hotkeys[name] = default_key
                    self.original_hotkeys[name] = default_key
                else:
                    failed.append(default_key)
                    
        if failed:
            QMessageBox.warning(self, ""\u5feb\u6377\u952e\u51b2\u7a81"", f""\u90e8\u5206\u9ed8\u8ba4\u5feb\u6377\u952e\u6062\u590d\u5931\u8d25: {', '.join(failed)}"")
            
        save_hotkeys(self.hotkey_mgr.hotkeys)
",""
"Function:ui/search_box.py:SearchBoxPanel.__init__","__init__","ui/search_box.py",8,12,false,"    search_requested = Signal(str)

    def __init__(self):
        super().__init__()
        self.init_ui()
        self._main_ball = None
        self._relative_offset = (-100, 60) # Below the main ball

    def set_main_ball(self, ball):",""
"Function:ui/search_box.py:SearchBoxPanel.set_main_ball","set_main_ball","ui/search_box.py",14,15,true,"        self._relative_offset = (-100, 60) # Below the main ball

    def set_main_ball(self, ball):
        self._main_ball = ball

    def init_ui(self):",""
"Function:ui/search_box.py:SearchBoxPanel.init_ui","init_ui","ui/search_box.py",17,66,true,"        self._main_ball = ball

    def init_ui(self):
        self.setWindowTitle(""\u684c\u9762\u4eba\u5076"") # 桌面人偶
        self.setWindowFlags(Qt.FramelessWindowHint | Qt.Tool | Qt.WindowStaysOnTopHint)
        self.setAttribute(Qt.WA_TranslucentBackground)
        self.setFixedSize(300, 60)
        
        # Main container to allow border radius with translucent background
        self.container = QWidget(self)
        self.container.setFixedSize(self.width(), self.height())
        self.container.setStyleSheet(""""""
            QWidget {
                background-color: rgba(255, 255, 255, 240);
                border: 1px solid #ccc;
                border-radius: 30px;
            }
        """""")
        
        layout = QHBoxLayout(self.container)
        layout.setContentsMargins(20, 5, 10, 5)
        
        self.input = QLineEdit()
        self.input.setPlaceholderText(""\u641c\u7d22..."") # 搜索...
        self.input.setStyleSheet(""""""
            QLineEdit {
                border: none;
                background: transparent;
                font-size: 16px;
                color: #333;
            }
        """""")
        self.input.returnPressed.connect(self._on_search)
        
        self.btn_search = QPushButton(""\uD83D\uDD0D"") # 
        self.btn_search.setFixedSize(40, 40)
        self.btn_search.setCursor(Qt.PointingHandCursor)
        self.btn_search.setStyleSheet(""""""
            QPushButton {
                border: none;
                background-color: #f0f0f0;
                border-radius: 20px;
                font-size: 18px;
            }
            QPushButton:hover {
                background-color: #e0e0e0;
            }
        """""")
        self.btn_search.clicked.connect(self._on_search)
        
        layout.addWidget(self.input, 1)
        layout.addWidget(self.btn_search)

    def _on_search(self):",""
"Function:ui/search_box.py:SearchBoxPanel._on_search","_on_search","ui/search_box.py",68,73,false,"        layout.addWidget(self.btn_search)

    def _on_search(self):
        text = self.input.text().strip()
        if text:
            self.search_requested.emit(text)
            self.input.setText("""")
            self.hide()

    def update_position(self, ball_x, ball_y):",""
"Function:ui/search_box.py:SearchBoxPanel.update_position","update_position","ui/search_box.py",75,83,true,"            self.hide()

    def update_position(self, ball_x, ball_y):
        new_x = ball_x + self._relative_offset[0]
        new_y = ball_y + self._relative_offset[1]
        
        from PySide6.QtWidgets import QApplication
        screen_geo = QApplication.primaryScreen().availableGeometry()
        new_x = max(screen_geo.left(), min(new_x, screen_geo.right() - self.width()))
        new_y = max(screen_geo.top(), min(new_y, screen_geo.bottom() - self.height()))
        self.move(new_x, new_y)

    def toggle_visibility(self, x, y):",""
"Function:ui/search_box.py:SearchBoxPanel.toggle_visibility","toggle_visibility","ui/search_box.py",85,93,true,"        self.move(new_x, new_y)

    def toggle_visibility(self, x, y):
        if self.isVisible():
            self.hide()
        else:
            self.update_position(x, y)
            self.show()
            self.raise_()
            self.activateWindow()
            self.input.setFocus()

    def keyPressEvent(self, event: QKeyEvent):",""
"Function:ui/search_box.py:SearchBoxPanel.keyPressEvent","keyPressEvent","ui/search_box.py",95,99,true,"            self.input.setFocus()

    def keyPressEvent(self, event: QKeyEvent):
        if event.key() == Qt.Key_Escape:
            self.hide()
        else:
            super().keyPressEvent(event)
",""
"Function:ui/screenshot_mask.py:ScreenshotMask.__init__","__init__","ui/screenshot_mask.py",14,34,false,"    rect_selected = Signal(object)

    def __init__(self, mode=""screenshot"", background_image=None, all_rects_global=None, virtual_screen_left=None, virtual_screen_top=None):
        self.mode = mode
        super().__init__()
        self.setWindowTitle(""\u684c\u9762\u4eba\u5076"")
        self.setWindowFlags(Qt.FramelessWindowHint | Qt.WindowStaysOnTopHint | Qt.Tool)
        self.setFocusPolicy(Qt.StrongFocus)
        self.setAttribute(Qt.WA_TranslucentBackground)
        self.setCursor(Qt.CrossCursor)
        self.setMouseTracking(True)

        self.start_pos_global = None
        self.current_pos_global = None
        self.is_dragging = False
        self.smart_rect_physical = None
        self.smart_rect_global = None
        self.background_image = background_image
        self.all_rects_global = all_rects_global if all_rects_global is not None else get_all_visible_rects()
        self.virtual_screen_left = virtual_screen_left if virtual_screen_left is not None else win32api.GetSystemMetrics(win32con.SM_XVIRTUALSCREEN)
        self.virtual_screen_top = virtual_screen_top if virtual_screen_top is not None else win32api.GetSystemMetrics(win32con.SM_YVIRTUALSCREEN)
        self.total_geometry = self._get_total_geometry()
        self.setGeometry(self.total_geometry)

    def showEvent(self, event):
",""
"Function:ui/screenshot_mask.py:ScreenshotMask.showEvent","showEvent","ui/screenshot_mask.py",36,40,true,"        self.setGeometry(self.total_geometry)

    def showEvent(self, event):
        super().showEvent(event)
        self.raise_()
        self.activateWindow()
        self.setFocus(Qt.ActiveWindowFocusReason)

    def _get_total_geometry(self):
",""
"Function:ui/screenshot_mask.py:ScreenshotMask._get_total_geometry","_get_total_geometry","ui/screenshot_mask.py",42,46,false,"        self.setFocus(Qt.ActiveWindowFocusReason)

    def _get_total_geometry(self):
        total_rect = QRect()
        for screen in QGuiApplication.screens():
            total_rect = total_rect.united(screen.geometry())
        return total_rect

    def _screen_for_logical_point(self, point):
",""
"Function:ui/screenshot_mask.py:ScreenshotMask._screen_for_logical_point","_screen_for_logical_point","ui/screenshot_mask.py",48,50,false,"        return total_rect

    def _screen_for_logical_point(self, point):
        screen = QGuiApplication.screenAt(point)
        return screen or QGuiApplication.primaryScreen()

    def _screen_for_physical_point(self, point):
",""
"Function:ui/screenshot_mask.py:ScreenshotMask._screen_for_physical_point","_screen_for_physical_point","ui/screenshot_mask.py",52,62,false,"        return screen or QGuiApplication.primaryScreen()

    def _screen_for_physical_point(self, point):
        for screen in QGuiApplication.screens():
            geom = screen.geometry()
            ratio = screen.devicePixelRatio()
            left = int(round(geom.x() * ratio))
            top = int(round(geom.y() * ratio))
            right = int(round((geom.x() + geom.width()) * ratio))
            bottom = int(round((geom.y() + geom.height()) * ratio))
            if left <= point.x() <= right and top <= point.y() <= bottom:
                return screen
        return QGuiApplication.primaryScreen()

    def _logical_point_to_physical(self, point):
",""
"Function:ui/screenshot_mask.py:ScreenshotMask._logical_point_to_physical","_logical_point_to_physical","ui/screenshot_mask.py",64,71,false,"        return QGuiApplication.primaryScreen()

    def _logical_point_to_physical(self, point):
        screen = self._screen_for_logical_point(point)
        ratio = screen.devicePixelRatio()
        geom = screen.geometry()
        return QPoint(
            int(round((point.x() - geom.x()) * ratio + geom.x() * ratio)),
            int(round((point.y() - geom.y()) * ratio + geom.y() * ratio)),
        )

    def _physical_rect_to_logical(self, rect):
",""
"Function:ui/screenshot_mask.py:ScreenshotMask._physical_rect_to_logical","_physical_rect_to_logical","ui/screenshot_mask.py",73,83,false,"        )

    def _physical_rect_to_logical(self, rect):
        center = rect.center()
        screen = self._screen_for_physical_point(center)
        ratio = screen.devicePixelRatio()
        geom = screen.geometry()
        return QRect(
            int(round((rect.x() - geom.x() * ratio) / ratio + geom.x())),
            int(round((rect.y() - geom.y() * ratio) / ratio + geom.y())),
            max(1, int(round(rect.width() / ratio))),
            max(1, int(round(rect.height() / ratio))),
        )

    def _logical_rect_to_physical(self, rect):
",""
"Function:ui/screenshot_mask.py:ScreenshotMask._logical_rect_to_physical","_logical_rect_to_physical","ui/screenshot_mask.py",85,95,false,"        )

    def _logical_rect_to_physical(self, rect):
        center = rect.center()
        screen = self._screen_for_logical_point(center)
        ratio = screen.devicePixelRatio()
        geom = screen.geometry()
        return QRect(
            int(round((rect.x() - geom.x()) * ratio + geom.x() * ratio)),
            int(round((rect.y() - geom.y()) * ratio + geom.y() * ratio)),
            max(1, int(round(rect.width() * ratio))),
            max(1, int(round(rect.height() * ratio))),
        )

    def find_best_rect(self, global_pos):
",""
"Function:ui/screenshot_mask.py:ScreenshotMask.find_best_rect","find_best_rect","ui/screenshot_mask.py",97,120,true,"        )

    def find_best_rect(self, global_pos):
        physical_pos = self._logical_point_to_physical(global_pos)
        screen_area = self.total_geometry.width() * self.total_geometry.height()
        best_rect = None
        min_area = float('inf')

        try:
            uia_rect = get_uia_rect_at(physical_pos.x(), physical_pos.y())
            if uia_rect:
                area = uia_rect.width() * uia_rect.height()
                if 20 < area < screen_area * 0.95:
                    best_rect = uia_rect
                    min_area = area
        except Exception:
            pass

        for rect in self.all_rects_global:
            if rect.contains(physical_pos):
                area = rect.width() * rect.height()
                if 20 < area < min_area:
                    min_area = area
                    best_rect = rect

        return best_rect

    def paintEvent(self, event):
",""
"Function:ui/screenshot_mask.py:ScreenshotMask.paintEvent","paintEvent","ui/screenshot_mask.py",122,169,true,"        return best_rect

    def paintEvent(self, event):
        painter = QPainter(self)
        painter.setRenderHint(QPainter.Antialiasing)
        offset = self.total_geometry.topLeft()

        if self.background_image is not None and not hasattr(self, '_bg_pixmap'):
            try:
                byte_io = io.BytesIO()
                self.background_image.save(byte_io, format='PNG')
                self._bg_pixmap = QPixmap()
                self._bg_pixmap.loadFromData(byte_io.getvalue())
            except Exception:
                self._bg_pixmap = None

        if hasattr(self, '_bg_pixmap') and self._bg_pixmap is not None:
            painter.drawPixmap(self.rect(), self._bg_pixmap)
        else:
            painter.fillRect(self.rect(), QColor(0, 0, 0, 100))

        local_rect = None
        local_drag_rect = None

        if self.smart_rect_global and not self.is_dragging:
            local_rect = self.smart_rect_global.translated(-offset)

        if self.is_dragging and self.start_pos_global and self.current_pos_global:
            drag_rect_global = QRect(self.start_pos_global, self.current_pos_global).normalized()
            local_drag_rect = drag_rect_global.translated(-offset)

        from PySide6.QtGui import QRegion
        clip_region = QRegion(self.rect())
        if local_rect:
            clip_region = clip_region.subtracted(QRegion(local_rect))
        if local_drag_rect:
            clip_region = clip_region.subtracted(QRegion(local_drag_rect))

        painter.setClipRegion(clip_region)
        painter.fillRect(self.rect(), QColor(0, 0, 0, 120))
        
        painter.setClipping(False)

        if local_rect:
            painter.setPen(QPen(QColor(255, 165, 0), 3))
            painter.drawRect(local_rect)

        if local_drag_rect:
            painter.setPen(QPen(QColor(0, 120, 215), 2))
            painter.drawRect(local_drag_rect)

    def mousePressEvent(self, event):
",""
"Function:ui/screenshot_mask.py:ScreenshotMask.mousePressEvent","mousePressEvent","ui/screenshot_mask.py",171,177,true,"            painter.drawRect(local_drag_rect)

    def mousePressEvent(self, event):
        if event.button() == Qt.LeftButton:
            self.start_pos_global = event.globalPos()
            self.current_pos_global = event.globalPos()
            self.is_dragging = False
        elif event.button() == Qt.RightButton:
            self.close_mask()

    def mouseMoveEvent(self, event):
",""
"Function:ui/screenshot_mask.py:ScreenshotMask.mouseMoveEvent","mouseMoveEvent","ui/screenshot_mask.py",179,189,true,"            self.close_mask()

    def mouseMoveEvent(self, event):
        self.current_pos_global = event.globalPos()
        if event.buttons() & Qt.LeftButton:
            if self.start_pos_global and (self.current_pos_global - self.start_pos_global).manhattanLength() > 5:
                self.is_dragging = True

        if not self.is_dragging:
            self.smart_rect_physical = self.find_best_rect(self.current_pos_global)
            self.smart_rect_global = self._physical_rect_to_logical(self.smart_rect_physical) if self.smart_rect_physical else None

        self.update()

    def mouseReleaseEvent(self, event):
",""
"Function:ui/screenshot_mask.py:ScreenshotMask.mouseReleaseEvent","mouseReleaseEvent","ui/screenshot_mask.py",191,200,true,"        self.update()

    def mouseReleaseEvent(self, event):
        if event.button() == Qt.LeftButton:
            if self.is_dragging:
                final_rect_global = QRect(self.start_pos_global, event.globalPos()).normalized()
                self.capture_rect(self._logical_rect_to_physical(final_rect_global))
            else:
                if self.smart_rect_physical:
                    self.capture_rect(self.smart_rect_physical)
                else:
                    self.close_mask()

    def keyPressEvent(self, event):
",""
"Function:ui/screenshot_mask.py:ScreenshotMask.keyPressEvent","keyPressEvent","ui/screenshot_mask.py",202,204,true,"                    self.close_mask()

    def keyPressEvent(self, event):
        if event.key() == Qt.Key_Escape:
            self.close_mask()

    def capture_rect(self, qrect_global):
",""
"Function:ui/screenshot_mask.py:ScreenshotMask.capture_rect","capture_rect","ui/screenshot_mask.py",206,223,true,"            self.close_mask()

    def capture_rect(self, qrect_global):
        if qrect_global.width() < 5 or qrect_global.height() < 5:
            if hasattr(self, 'close_mask'):
                self.close_mask()
            else:
                self.hide()
                self.finished.emit()
            return

        self.hide()
        if self.mode == ""record"":
            self.rect_selected.emit(qrect_global)
            if hasattr(self, 'close_mask'):
                self.close_mask()
            else:
                self.finished.emit()
        else:
            QTimer.singleShot(150, lambda: self._do_capture(qrect_global))

    def _do_capture(self, qrect_global):",""
"Function:ui/screenshot_mask.py:ScreenshotMask._do_capture","_do_capture","ui/screenshot_mask.py",225,250,false,"            QTimer.singleShot(150, lambda: self._do_capture(qrect_global))

    def _do_capture(self, qrect_global):
        try:
            v_left = self.virtual_screen_left
            v_top = self.virtual_screen_top

            left = qrect_global.x() - v_left
            top = qrect_global.y() - v_top
            right = left + qrect_global.width()
            bottom = top + qrect_global.height()

            if self.background_image is not None:
                img = self.background_image.crop((left, top, right, bottom))
            else:
                img = ImageGrab.grab(bbox=(left, top, right, bottom), all_screens=True)

            byte_io = io.BytesIO()
            img.save(byte_io, format='PNG')
            pixmap = QPixmap()
            pixmap.loadFromData(byte_io.getvalue())

            QApplication.clipboard().setPixmap(pixmap)
        except Exception as e:
            print(f""Capture failed: {e}"")
        finally:
            self.finished.emit()
            self.close()

    def close_mask(self):
",""
"Function:ui/screenshot_mask.py:ScreenshotMask.close_mask","close_mask","ui/screenshot_mask.py",252,255,true,"            self.close()

    def close_mask(self):
        self.finished.emit()
        self.close()
        self.deleteLater()
",""
"Function:ui/recording_border.py:RecordingBorder.__init__","__init__","ui/recording_border.py",8,55,false,"    countdown_finished = Signal()

    def __init__(self, target_rect_physical: QRect):
        super().__init__()
        self.setWindowTitle(""桌面人偶_录屏边框"")
        
        # Transparent for mouse events so user can click through the border
        self.setWindowFlags(
            Qt.FramelessWindowHint | 
            Qt.WindowStaysOnTopHint | 
            Qt.Tool | 
            Qt.WindowTransparentForInput
        )
        self.setAttribute(Qt.WA_TranslucentBackground)
        self.setAttribute(Qt.WA_TransparentForMouseEvents)

        # Convert physical target rect back to logical rect for drawing
        center = target_rect_physical.center()
        screen = QGuiApplication.primaryScreen()
        for s in QGuiApplication.screens():
            geom = s.geometry()
            ratio = s.devicePixelRatio()
            left = int(round(geom.x() * ratio))
            top = int(round(geom.y() * ratio))
            right = int(round((geom.x() + geom.width()) * ratio))
            bottom = int(round((geom.y() + geom.height()) * ratio))
            if left <= center.x() <= right and top <= center.y() <= bottom:
                screen = s
                break

        ratio = screen.devicePixelRatio()
        geom = screen.geometry()
        
        lx = int(round((target_rect_physical.x() - geom.x() * ratio) / ratio + geom.x()))
        ly = int(round((target_rect_physical.y() - geom.y() * ratio) / ratio + geom.y()))
        lw = max(1, int(round(target_rect_physical.width() / ratio)))
        lh = max(1, int(round(target_rect_physical.height() / ratio)))
        
        self.logical_rect = QRect(lx, ly, lw, lh)
        
        # Expand the window by 4 logical pixels so the 2-pixel border is drawn OUTSIDE the capture area
        # This prevents the border itself from being recorded
        self.setGeometry(self.logical_rect.adjusted(-4, -4, 4, 4))
        
        self.countdown = 3
        self.is_recording = False
        
        self.timer = QTimer(self)
        self.timer.timeout.connect(self.tick)
        self.timer.start(1000)

    def paintEvent(self, event):",""
"Function:ui/recording_border.py:RecordingBorder.paintEvent","paintEvent","ui/recording_border.py",57,81,true,"        self.timer.start(1000)

    def paintEvent(self, event):
        painter = QPainter(self)
        painter.setRenderHint(QPainter.Antialiasing)
        
        # Draw red border
        pen = QPen(QColor(255, 0, 0, 200), 4) # 4 logical pixels thick
        pen.setJoinStyle(Qt.MiterJoin)
        painter.setPen(pen)
        painter.setBrush(Qt.NoBrush)
        
        # Draw exactly at the bounds of the widget (since widget is larger than capture area)
        # Inward 2px offset for the 4px pen width so it fully fits inside the widget without clipping
        painter.drawRect(2, 2, self.width() - 4, self.height() - 4)
        
        # Draw countdown or recording indicator
        font = QFont(""Arial"", 48, QFont.Bold)
        painter.setFont(font)
        painter.setPen(QColor(255, 0, 0, 220))
        
        if not self.is_recording:
            painter.drawText(self.rect(), Qt.AlignCenter, str(self.countdown))
        else:
            # Maybe just draw a tiny REC indicator or keep it empty
            # Let's keep it empty during recording so it doesn't distract or overlap
            pass

    def tick(self):",""
"Function:ui/recording_border.py:RecordingBorder.tick","tick","ui/recording_border.py",83,92,true,"            pass

    def tick(self):
        if self.countdown > 1:
            self.countdown -= 1
            self.update()
        else:
            self.countdown = 0
            self.is_recording = True
            self.timer.stop()
            self.update()
            self.countdown_finished.emit()
",""
"Function:ui/recent_panel.py:RecentListWidget.__init__","__init__","ui/recent_panel.py",12,17,false,"    order_changed = Signal(list)
    
    def __init__(self, parent=None):
        super().__init__(parent)
        self.setSelectionMode(QAbstractItemView.SingleSelection)
        self.setDragDropMode(QAbstractItemView.InternalMove)
        self.setDefaultDropAction(Qt.MoveAction)
        self.setHorizontalScrollBarPolicy(Qt.ScrollBarAlwaysOff)

    def dropEvent(self, event):",""
"Function:ui/recent_panel.py:RecentListWidget.dropEvent","dropEvent","ui/recent_panel.py",19,22,true,"        self.setHorizontalScrollBarPolicy(Qt.ScrollBarAlwaysOff)

    def dropEvent(self, event):
        super().dropEvent(event)
        new_order = [self.item(i).data(Qt.UserRole) for i in range(self.count())]
        self.order_changed.emit(new_order)

    def mousePressEvent(self, event):",""
"Function:ui/recent_panel.py:RecentListWidget.mousePressEvent","mousePressEvent","ui/recent_panel.py",24,28,true,"        self.order_changed.emit(new_order)

    def mousePressEvent(self, event):
        super().mousePressEvent(event)
        item = self.itemAt(event.pos())
        if item and event.button() == Qt.RightButton:
            self.item_right_clicked.emit(item)

class RecentItemWidget(QWidget):",""
"Function:ui/recent_panel.py:RecentItemWidget.__init__","__init__","ui/recent_panel.py",33,89,false,"    deleted = Signal(object)

    def __init__(self, item_data, parent=None):
        super().__init__(parent)
        self.item_data = item_data
        self.setAttribute(Qt.WA_StyledBackground, True)
        self.setAttribute(Qt.WA_Hover, True)
        self.setStyleSheet(""RecentItemWidget { background-color: #ffffff; border: 1px solid #e2e8f0; border-radius: 8px; } RecentItemWidget:hover { border: 1px solid #3b82f6; }"")
        
        layout = QHBoxLayout(self)
        layout.setContentsMargins(5, 5, 5, 5)
        
        self.btn_delete = QPushButton(""✖"")
        self.btn_delete.setFixedSize(24, 24)
        self.btn_delete.setStyleSheet(""""""
            QPushButton { border-radius: 12px; background-color: #ff4c4c; color: white; font-weight: bold; font-size: 12px; }
            QPushButton:hover { background-color: #ff0000; }
        """""")
        self.btn_delete.setCursor(Qt.PointingHandCursor)
        self.btn_delete.clicked.connect(self._on_delete_clicked)
        layout.addWidget(self.btn_delete)
        
        from PySide6.QtWidgets import QFileIconProvider
        from PySide6.QtCore import QFileInfo
        
        path = item_data.get(""path"", """")
        name = item_data.get(""name"", """")
        
        icon = QFileIconProvider().icon(QFileInfo(path))
        
        icon_label = QLabel()
        icon_label.setPixmap(icon.pixmap(24, 24))
        layout.addWidget(icon_label)
        
        text_layout = QVBoxLayout()
        text_layout.setSpacing(2)
        
        name_label = QLabel()
        name_label.setStyleSheet(""color: #000000; font-size: 13px; font-weight: bold; background: transparent;"")
        
        path_label = QLabel()
        path_label.setStyleSheet(""color: #666666; font-size: 11px; background: transparent;"")
        path_label.setToolTip(path)
        
        from PySide6.QtGui import QFontMetrics
        name_fm = QFontMetrics(name_label.font())
        path_fm = QFontMetrics(path_label.font())
        
        # Max width 190 to account for delete button and icon
        elided_name = name_fm.elidedText(name, Qt.ElideRight, 190)
        elided_path = path_fm.elidedText(path, Qt.ElideRight, 190)
        
        name_label.setText(elided_name)
        path_label.setText(elided_path)
        
        text_layout.addWidget(name_label)
        text_layout.addWidget(path_label)
        
        layout.addLayout(text_layout, 1)

    def _on_delete_clicked(self):",""
"Function:ui/recent_panel.py:RecentItemWidget._on_delete_clicked","_on_delete_clicked","ui/recent_panel.py",91,92,false,"        layout.addLayout(text_layout, 1)

    def _on_delete_clicked(self):
        self.deleted.emit(self.item_data)

class RecentPanel(QWidget):",""
"Function:ui/recent_panel.py:RecentPanel.__init__","__init__","ui/recent_panel.py",104,113,false,"    history_reordered = Signal(list)

    def __init__(self):
        super().__init__()
        self._is_dragging = False
        self._drag_start_pos = None
        self._relative_offset = None
        self._main_ball = None
        self._current_items = []
        self._excluded_extensions = []
        self._visibility_dict = {}
        self.init_ui()

    def set_main_ball(self, ball):",""
"Function:ui/recent_panel.py:RecentPanel.set_main_ball","set_main_ball","ui/recent_panel.py",115,116,true,"        self.init_ui()

    def set_main_ball(self, ball):
        self._main_ball = ball

    def mousePressEvent(self, event):",""
"Function:ui/recent_panel.py:RecentPanel.mousePressEvent","mousePressEvent","ui/recent_panel.py",118,122,true,"        self._main_ball = ball

    def mousePressEvent(self, event):
        if event.button() == Qt.LeftButton:
            self._is_dragging = True
            self._drag_start_pos = event.globalPos() - self.frameGeometry().topLeft()
            event.accept()

    def mouseMoveEvent(self, event):",""
"Function:ui/recent_panel.py:RecentPanel.mouseMoveEvent","mouseMoveEvent","ui/recent_panel.py",124,129,true,"            event.accept()

    def mouseMoveEvent(self, event):
        if self._is_dragging and event.buttons() & Qt.LeftButton:
            self.move(event.globalPos() - self._drag_start_pos)
            if self._main_ball:
                self._relative_offset = (self.x() - self._main_ball.x(), self.y() - self._main_ball.y())
            event.accept()

    def mouseReleaseEvent(self, event):",""
"Function:ui/recent_panel.py:RecentPanel.mouseReleaseEvent","mouseReleaseEvent","ui/recent_panel.py",131,134,true,"            event.accept()

    def mouseReleaseEvent(self, event):
        if event.button() == Qt.LeftButton:
            self._is_dragging = False
            event.accept()

    def init_ui(self):",""
"Function:ui/recent_panel.py:RecentPanel.init_ui","init_ui","ui/recent_panel.py",136,199,true,"            event.accept()

    def init_ui(self):
        self.setWindowTitle(""最近使用"")
        self.setWindowFlags(Qt.FramelessWindowHint | Qt.Tool | Qt.WindowStaysOnTopHint | Qt.WindowDoesNotAcceptFocus)
        self.setFixedSize(320, 420)
        self.setStyleSheet(""RecentPanel { background-color: #f0f0f0; border: 1px solid #ccc; border-radius: 10px; } QWidget { color: #000000; }"")
        
        layout = QVBoxLayout(self)
        layout.setContentsMargins(10, 10, 10, 10)
        
        title_layout = QHBoxLayout()
        
        self.btn_excluded = QPushButton(""禁止记录"")
        self.btn_excluded.setFixedSize(70, 28)
        self.btn_excluded.setCursor(Qt.PointingHandCursor)
        self.btn_excluded.setStyleSheet(""QPushButton { background-color: #ef4444; color: white; border-radius: 5px; font-weight: bold; font-size: 13px; } QPushButton:hover { background-color: #dc2626; }"")
        self.btn_excluded.clicked.connect(self._on_excluded_clicked)
        
        title = QLabel(""最近使用"")
        title.setStyleSheet(""font-weight: bold; font-size: 14px; color: #333;"")
        
        btn_close = QPushButton(""×"")
        btn_close.setFixedSize(24, 24)
        btn_close.setStyleSheet(""QPushButton { background-color: transparent; border: none; color: #777; font-weight: bold; font-size: 18px; } QPushButton:hover { color: #ff0000; }"")
        btn_close.clicked.connect(self.hide)
        
        title_layout.addWidget(self.btn_excluded)
        title_layout.addStretch()
        title_layout.addWidget(title)
        title_layout.addStretch()
        title_layout.addWidget(btn_close)
        layout.addLayout(title_layout)
        
        self.list_widget = RecentListWidget()
        self.list_widget.setStyleSheet(""QListWidget { border: 1px solid #ddd; background-color: white; color: #000000; }"")
        self.list_widget.itemDoubleClicked.connect(self._on_item_clicked)
        self.list_widget.item_right_clicked.connect(self._on_item_right_clicked)
        self.list_widget.order_changed.connect(self.history_reordered.emit)
        
        bottom_layout = QHBoxLayout()
        bottom_layout.setContentsMargins(0, 0, 0, 0)
        
        self.btn_filter = QPushButton(""查看"")
        self.btn_filter.setStyleSheet(""QPushButton { background-color: #3b82f6; color: white; border-radius: 5px; padding: 6px 12px; font-weight: bold; } QPushButton:hover { background-color: #2563eb; }"")
        self.btn_filter.clicked.connect(self._on_filter_clicked)
        
        self.btn_toggle_tracking = QPushButton(""记录"")
        self.btn_toggle_tracking.setFixedSize(60, 28)
        self.btn_toggle_tracking.setCursor(Qt.PointingHandCursor)
        self.btn_toggle_tracking.setStyleSheet(""QPushButton { background-color: #4CAF50; color: white; border-radius: 5px; font-weight: bold; font-size: 13px; } QPushButton:hover { background-color: #45a049; }"")
        self.btn_toggle_tracking.clicked.connect(self.toggle_tracking_clicked.emit)
        
        self.btn_clear_all = QPushButton(""清空"")
        self.btn_clear_all.setFixedSize(50, 28)
        self.btn_clear_all.setCursor(Qt.PointingHandCursor)
        self.btn_clear_all.setStyleSheet(""QPushButton { background-color: #ff4c4c; color: white; border-radius: 5px; padding: 6px; font-weight: bold; font-size: 13px; } QPushButton:hover { background-color: #ff0000; }"")
        self.btn_clear_all.clicked.connect(self._on_clear_clicked)
        
        bottom_layout.addWidget(self.btn_filter)
        bottom_layout.addStretch()
        bottom_layout.addWidget(self.btn_toggle_tracking)
        bottom_layout.addWidget(self.btn_clear_all)
        
        layout.addWidget(self.list_widget)
        layout.addLayout(bottom_layout)

    def set_tracking_enabled(self, enabled):",""
"Function:ui/recent_panel.py:RecentPanel.set_tracking_enabled","set_tracking_enabled","ui/recent_panel.py",201,207,true,"        layout.addLayout(bottom_layout)

    def set_tracking_enabled(self, enabled):
        if enabled:
            self.btn_toggle_tracking.setText(""记录中"")
            self.btn_toggle_tracking.setStyleSheet(""QPushButton { background-color: #4CAF50; color: white; border-radius: 5px; font-weight: bold; font-size: 12px; } QPushButton:hover { background-color: #45a049; }"")
        else:
            self.btn_toggle_tracking.setText(""已暂停"")
            self.btn_toggle_tracking.setStyleSheet(""QPushButton { background-color: #888888; color: white; border-radius: 5px; font-weight: bold; font-size: 12px; } QPushButton:hover { background-color: #777777; }"")

    def set_excluded_extensions(self, exts):",""
"Function:ui/recent_panel.py:RecentPanel.set_excluded_extensions","set_excluded_extensions","ui/recent_panel.py",209,210,true,"            self.btn_toggle_tracking.setStyleSheet(""QPushButton { background-color: #888888; color: white; border-radius: 5px; font-weight: bold; font-size: 12px; } QPushButton:hover { background-color: #777777; }"")

    def set_excluded_extensions(self, exts):
        self._excluded_extensions = exts

    def set_visibility_dict(self, visibility_dict):",""
"Function:ui/recent_panel.py:RecentPanel.set_visibility_dict","set_visibility_dict","ui/recent_panel.py",212,214,true,"        self._excluded_extensions = exts

    def set_visibility_dict(self, visibility_dict):
        self._visibility_dict = visibility_dict
        self._apply_filter()

    def _on_excluded_clicked(self):",""
"Function:ui/recent_panel.py:RecentPanel._on_excluded_clicked","_on_excluded_clicked","ui/recent_panel.py",216,221,false,"        self._apply_filter()

    def _on_excluded_clicked(self):
        dialog = ExcludedExtensionsDialog(self._excluded_extensions, self)
        if dialog.exec() == ExcludedExtensionsDialog.Accepted:
            new_exts = dialog.get_excluded_extensions()
            self._excluded_extensions = new_exts
            self.excluded_extensions_changed.emit(new_exts)

    def _on_filter_clicked(self):",""
"Function:ui/recent_panel.py:RecentPanel._on_filter_clicked","_on_filter_clicked","ui/recent_panel.py",223,230,false,"            self.excluded_extensions_changed.emit(new_exts)

    def _on_filter_clicked(self):
        unique_exts = set(item.get(""ext"", """") for item in self._current_items)
        dialog = ExtensionFilterDialog(unique_exts, self._visibility_dict)
        if dialog.exec() == ExtensionFilterDialog.Accepted:
            new_dict = dialog.get_visibility_dict()
            self._visibility_dict = new_dict
            self.visibility_dict_changed.emit(new_dict)
            self._apply_filter()

    def _on_clear_clicked(self):",""
"Function:ui/recent_panel.py:RecentPanel._on_clear_clicked","_on_clear_clicked","ui/recent_panel.py",232,238,false,"            self._apply_filter()

    def _on_clear_clicked(self):
        from PySide6.QtWidgets import QMessageBox
        reply = QMessageBox.question(self, ""确认清空"", 
            ""确定要清空所有的最近使用记录吗？"",
            QMessageBox.Yes | QMessageBox.No, QMessageBox.No)
        if reply == QMessageBox.Yes:
            self.history_cleared.emit()

    def update_items(self, items):",""
"Function:ui/recent_panel.py:RecentPanel.update_items","update_items","ui/recent_panel.py",240,242,true,"            self.history_cleared.emit()

    def update_items(self, items):
        self._current_items = items
        self._apply_filter()

    def _apply_filter(self):",""
"Function:ui/recent_panel.py:RecentPanel._apply_filter","_apply_filter","ui/recent_panel.py",244,263,false,"        self._apply_filter()

    def _apply_filter(self):
        v_scroll = self.list_widget.verticalScrollBar().value()
        self.list_widget.clear()
        
        for item_data in self._current_items:
            ext = item_data.get(""ext"", """")
            is_visible = self._visibility_dict.get(ext, True)
            if not is_visible:
                continue
                
            list_item = QListWidgetItem()
            list_item.setData(Qt.UserRole, item_data)
            self.list_widget.addItem(list_item)
            
            widget = RecentItemWidget(item_data)
            widget.deleted.connect(self.item_deleted.emit)
            list_item.setSizeHint(widget.sizeHint())
            self.list_widget.setItemWidget(list_item, widget)
            
        QTimer.singleShot(0, lambda: self.list_widget.verticalScrollBar().setValue(v_scroll))

    def _on_item_clicked(self, item):",""
"Function:ui/recent_panel.py:RecentPanel._on_item_clicked","_on_item_clicked","ui/recent_panel.py",265,267,false,"        QTimer.singleShot(0, lambda: self.list_widget.verticalScrollBar().setValue(v_scroll))

    def _on_item_clicked(self, item):
        full_item = item.data(Qt.UserRole)
        QTimer.singleShot(10, lambda: self.item_clicked.emit(full_item))

    def _on_item_right_clicked(self, item):",""
"Function:ui/recent_panel.py:RecentPanel._on_item_right_clicked","_on_item_right_clicked","ui/recent_panel.py",269,271,false,"        QTimer.singleShot(10, lambda: self.item_clicked.emit(full_item))

    def _on_item_right_clicked(self, item):
        full_item = item.data(Qt.UserRole)
        QTimer.singleShot(10, lambda: self.item_right_clicked.emit(full_item))

    def update_position(self, ball_x, ball_y):",""
"Function:ui/recent_panel.py:RecentPanel.update_position","update_position","ui/recent_panel.py",273,283,true,"        QTimer.singleShot(10, lambda: self.item_right_clicked.emit(full_item))

    def update_position(self, ball_x, ball_y):
        if self._relative_offset is None:
            self._relative_offset = (-310, -200)
        
        new_x = ball_x + self._relative_offset[0]
        new_y = ball_y + self._relative_offset[1]
        
        screen_geo = QApplication.primaryScreen().availableGeometry()
        new_x = max(screen_geo.left(), min(new_x, screen_geo.right() - self.width()))
        new_y = max(screen_geo.top(), min(new_y, screen_geo.bottom() - self.height()))
        self.move(new_x, new_y)

    def toggle_visibility(self, x, y):",""
"Function:ui/recent_panel.py:RecentPanel.toggle_visibility","toggle_visibility","ui/recent_panel.py",285,291,true,"        self.move(new_x, new_y)

    def toggle_visibility(self, x, y):
        if self.isVisible():
            self.hide()
        else:
            self.update_position(x, y)
            self.show()
            self.raise_()
",""
"Function:ui/recent_dialogs.py:ExcludedExtensionsDialog.__init__","__init__","ui/recent_dialogs.py",5,59,false,"
class ExcludedExtensionsDialog(QDialog):
    def __init__(self, excluded_extensions, parent=None):
        super().__init__(parent)
        self.setWindowTitle(""排除记录"")
        self.setFixedSize(320, 400)
        self.setStyleSheet(""QDialog { background: white; } QLabel { color: #334155; font-size: 14px; }"")
        
        # Ensure backward compatibility if it's a list
        if isinstance(excluded_extensions, list):
            self.excluded = {ext: True for ext in excluded_extensions}
        else:
            self.excluded = dict(excluded_extensions)
        
        layout = QVBoxLayout(self)
        
        desc = QLabel(""勾选左侧选框表示禁止记录\n(例如: .tmp, .dat)"")
        layout.addWidget(desc)
        
        input_layout = QHBoxLayout()
        self.input_ext = QLineEdit()
        self.input_ext.setPlaceholderText(""输入后缀，例如 .txt"")
        self.input_ext.setStyleSheet(""padding: 6px; border: 1px solid #cbd5e1; border-radius: 4px; background-color: #f8fafc; color: #0f172a;"")
        
        btn_add = QPushButton(""添加"")
        btn_add.setStyleSheet(""padding: 6px 12px; background: #3b82f6; color: white; border-radius: 4px; font-weight: bold;"")
        btn_add.clicked.connect(self._add_ext)
        
        input_layout.addWidget(self.input_ext)
        input_layout.addWidget(btn_add)
        layout.addLayout(input_layout)
        
        # Add Select All button
        btn_select_all = QPushButton(""全选 / 取消全选"")
        btn_select_all.setStyleSheet(""padding: 6px; background: #e2e8f0; color: #334155; border-radius: 4px; font-weight: bold;"")
        btn_select_all.clicked.connect(self._toggle_select_all)
        layout.addWidget(btn_select_all)
        
        self.list_widget = QListWidget()
        self.list_widget.setStyleSheet(""border: 1px solid #cbd5e1; border-radius: 4px;"")
        layout.addWidget(self.list_widget)
        
        btn_layout = QHBoxLayout()
        btn_ok = QPushButton(""确定"")
        btn_ok.setStyleSheet(""padding: 8px 20px; background: #3b82f6; color: white; border-radius: 4px; font-weight: bold;"")
        btn_cancel = QPushButton(""取消"")
        btn_cancel.setStyleSheet(""padding: 8px 20px; background: #e2e8f0; color: #334155; border-radius: 4px; font-weight: bold;"")
        
        btn_ok.clicked.connect(self.accept)
        btn_cancel.clicked.connect(self.reject)
        
        btn_layout.addStretch()
        btn_layout.addWidget(btn_cancel)
        btn_layout.addWidget(btn_ok)
        layout.addLayout(btn_layout)
        
        self._refresh_list()

    def _toggle_select_all(self):",""
"Function:ui/recent_dialogs.py:ExcludedExtensionsDialog._toggle_select_all","_toggle_select_all","ui/recent_dialogs.py",61,65,false,"        self._refresh_list()

    def _toggle_select_all(self):
        all_checked = all(self.excluded.values()) if self.excluded else False
        for ext in self.excluded:
            self.excluded[ext] = not all_checked
        self._refresh_list()

    def _normalize_ext(self, ext):",""
"Function:ui/recent_dialogs.py:ExcludedExtensionsDialog._normalize_ext","_normalize_ext","ui/recent_dialogs.py",67,71,false,"        self._refresh_list()

    def _normalize_ext(self, ext):
        ext = ext.strip().lower()
        if ext and not ext.startswith('.'):
            ext = '.' + ext
        return ext

    def _add_ext(self):",""
"Function:ui/recent_dialogs.py:ExcludedExtensionsDialog._add_ext","_add_ext","ui/recent_dialogs.py",73,78,false,"        return ext

    def _add_ext(self):
        ext = self._normalize_ext(self.input_ext.text())
        if ext and ext not in self.excluded:
            self.excluded[ext] = True
            self._refresh_list()
        self.input_ext.clear()

    def _remove_ext(self, ext):",""
"Function:ui/recent_dialogs.py:ExcludedExtensionsDialog._remove_ext","_remove_ext","ui/recent_dialogs.py",80,83,false,"        self.input_ext.clear()

    def _remove_ext(self, ext):
        if ext in self.excluded:
            del self.excluded[ext]
        self._refresh_list()

    def _on_checkbox_toggled(self, ext, state):",""
"Function:ui/recent_dialogs.py:ExcludedExtensionsDialog._on_checkbox_toggled","_on_checkbox_toggled","ui/recent_dialogs.py",85,86,false,"        self._refresh_list()

    def _on_checkbox_toggled(self, ext, state):
        self.excluded[ext] = state

    def _refresh_list(self):",""
"Function:ui/recent_dialogs.py:ExcludedExtensionsDialog._refresh_list","_refresh_list","ui/recent_dialogs.py",88,112,false,"        self.excluded[ext] = state

    def _refresh_list(self):
        self.list_widget.clear()
        for ext in sorted(list(self.excluded.keys())):
            item = QListWidgetItem()
            self.list_widget.addItem(item)
            
            row_widget = QWidget()
            row_layout = QHBoxLayout(row_widget)
            row_layout.setContentsMargins(5, 2, 5, 2)
            
            chk = QCheckBox(ext)
            chk.setChecked(self.excluded[ext])
            chk.toggled.connect(lambda state, e=ext: self._on_checkbox_toggled(e, state))
            
            btn_del = QPushButton(""删除"")
            btn_del.setStyleSheet(""background-color: #ef4444; color: white; border-radius: 4px; padding: 4px 8px; font-weight: bold;"")
            btn_del.setCursor(Qt.PointingHandCursor)
            btn_del.clicked.connect(lambda checked, e=ext: self._remove_ext(e))
            
            row_layout.addWidget(chk)
            row_layout.addStretch()
            row_layout.addWidget(btn_del)
            
            item.setSizeHint(row_widget.sizeHint())
            self.list_widget.setItemWidget(item, row_widget)

    def get_excluded_extensions(self):",""
"Function:ui/recent_dialogs.py:ExcludedExtensionsDialog.get_excluded_extensions","get_excluded_extensions","ui/recent_dialogs.py",114,115,true,"            self.list_widget.setItemWidget(item, row_widget)

    def get_excluded_extensions(self):
        return self.excluded

",""
"Function:ui/recent_dialogs.py:ExtensionFilterDialog.__init__","__init__","ui/recent_dialogs.py",119,170,false,"
class ExtensionFilterDialog(QDialog):
    def __init__(self, unique_extensions, visible_extensions_dict, parent=None):
        super().__init__(parent)
        self.setWindowTitle(""查看"")
        self.setWindowFlags(Qt.Window | Qt.WindowCloseButtonHint | Qt.WindowStaysOnTopHint)
        self.setFixedSize(300, 400)
        self.setStyleSheet(""QDialog { background: white; } QLabel { color: #334155; font-size: 14px; }"")
        
        self.result_dict = dict(visible_extensions_dict)
        
        layout = QVBoxLayout(self)
        
        desc = QLabel(""取消勾选以在面板中隐藏该类型"")
        layout.addWidget(desc)

        btn_select_all = QPushButton(""全选 / 取消全选"")
        btn_select_all.setStyleSheet(""padding: 6px; background: #e2e8f0; color: #334155; border-radius: 4px; font-weight: bold;"")
        btn_select_all.clicked.connect(self._toggle_select_all)
        layout.addWidget(btn_select_all)
        
        self.list_widget = QListWidget()
        self.list_widget.setStyleSheet(""border: 1px solid #cbd5e1; border-radius: 4px;"")
        
        self.checkboxes = []
        for ext in sorted(list(unique_extensions)):
            item = QListWidgetItem()
            self.list_widget.addItem(item)
            
            chk = QCheckBox(ext if ext else ""未知后缀"")
            # If not explicitly false in dict, it's visible (default true)
            is_visible = self.result_dict.get(ext, True)
            chk.setChecked(is_visible)
            
            self.checkboxes.append((ext, chk))
            
            item.setSizeHint(chk.sizeHint())
            self.list_widget.setItemWidget(item, chk)
            
        layout.addWidget(self.list_widget)
        
        btn_layout = QHBoxLayout()
        btn_ok = QPushButton(""确定"")
        btn_ok.setStyleSheet(""padding: 8px 20px; background: #3b82f6; color: white; border-radius: 4px; font-weight: bold;"")
        btn_cancel = QPushButton(""取消"")
        btn_cancel.setStyleSheet(""padding: 8px 20px; background: #e2e8f0; color: #334155; border-radius: 4px; font-weight: bold;"")
        
        btn_ok.clicked.connect(self.accept)
        btn_cancel.clicked.connect(self.reject)
        
        btn_layout.addStretch()
        btn_layout.addWidget(btn_cancel)
        btn_layout.addWidget(btn_ok)
        layout.addLayout(btn_layout)

    def _toggle_select_all(self):",""
"Function:ui/recent_dialogs.py:ExtensionFilterDialog._toggle_select_all","_toggle_select_all","ui/recent_dialogs.py",172,178,false,"        layout.addLayout(btn_layout)

    def _toggle_select_all(self):
        if not self.checkboxes:
            return
        # If all checked, uncheck all. Else check all.
        all_checked = all(chk.isChecked() for ext, chk in self.checkboxes)
        for ext, chk in self.checkboxes:
            chk.setChecked(not all_checked)

    def accept(self):",""
"Function:ui/recent_dialogs.py:ExtensionFilterDialog.accept","accept","ui/recent_dialogs.py",180,183,true,"            chk.setChecked(not all_checked)

    def accept(self):
        for ext, chk in self.checkboxes:
            self.result_dict[ext] = chk.isChecked()
        super().accept()

    def get_visibility_dict(self):",""
"Function:ui/recent_dialogs.py:ExtensionFilterDialog.get_visibility_dict","get_visibility_dict","ui/recent_dialogs.py",185,186,true,"        super().accept()

    def get_visibility_dict(self):
        return self.result_dict
",""
"Function:ui/panel.py:PinnedImageDialog.__init__","__init__","ui/panel.py",9,35,false,"
class PinnedImageDialog(QWidget):
    def __init__(self, pixmap, item_data=None, parent=None):
        super().__init__(parent)
        self.setWindowTitle(""\u684c\u9762\u4eba\u5076"") # 桌面人偶
        self.setWindowFlags(Qt.FramelessWindowHint | Qt.WindowStaysOnTopHint | Qt.Tool)
        self.setAttribute(Qt.WA_TranslucentBackground)
        self.original_pixmap = pixmap
        self.item_data = item_data
        self.scale_factor = 1.0
        
        self._is_dragging = False
        self._drag_start_pos = None

        self.setFixedSize(pixmap.size())

        screen = QApplication.primaryScreen()
        if screen:
            ratio = screen.devicePixelRatio()
            if ratio and ratio > 1.0:
                self.scale_factor = 1.0 / ratio
                self.setFixedSize(
                    max(1, int(pixmap.width() * self.scale_factor)),
                    max(1, int(pixmap.height() * self.scale_factor)),
                )
        
        # Add a subtle shadow or just rely on OS. Since it's translucent, a slight border might help if there are transparent parts, but raw image is fine.
        # Add tooltip to tell users how to close
        self.setToolTip(""\u6eda\u8f6e\u7f29\u653e\uff0c\u53cc\u51fb\u5173\u95ed"") # 滚轮缩放，双击关闭

    def paintEvent(self, event):
",""
"Function:ui/panel.py:PinnedImageDialog.paintEvent","paintEvent","ui/panel.py",37,46,true,"        self.setToolTip(""\u6eda\u8f6e\u7f29\u653e\uff0c\u53cc\u51fb\u5173\u95ed"") # 滚轮缩放，双击关闭

    def paintEvent(self, event):
        from PySide6.QtGui import QPainter
        painter = QPainter(self)
        painter.setRenderHint(QPainter.Antialiasing)
        painter.setRenderHint(QPainter.SmoothPixmapTransform)
        
        scaled_width = int(self.original_pixmap.width() * self.scale_factor)
        scaled_height = int(self.original_pixmap.height() * self.scale_factor)
        
        painter.drawPixmap(0, 0, scaled_width, scaled_height, self.original_pixmap)

    def wheelEvent(self, event):
",""
"Function:ui/panel.py:PinnedImageDialog.wheelEvent","wheelEvent","ui/panel.py",48,76,true,"        painter.drawPixmap(0, 0, scaled_width, scaled_height, self.original_pixmap)

    def wheelEvent(self, event):
        angle = event.angleDelta().y()
        
        # Calculate cursor position relative to the image before scaling
        cursor_x = event.position().x()
        cursor_y = event.position().y()
        
        old_scale = self.scale_factor
        
        if angle > 0:
            self.scale_factor *= 1.15
        else:
            self.scale_factor *= 0.85
            
        self.scale_factor = max(0.1, min(self.scale_factor, 15.0))
        
        if self.scale_factor != old_scale:
            scaled_width = int(self.original_pixmap.width() * self.scale_factor)
            scaled_height = int(self.original_pixmap.height() * self.scale_factor)
            
            self.setFixedSize(scaled_width, scaled_height)
            
            # Adjust window position so zoom focuses on mouse cursor
            # new_x = old_window_x - (cursor_x * (new_scale/old_scale) - cursor_x)
            new_x = self.x() - int(cursor_x * (self.scale_factor / old_scale) - cursor_x)
            new_y = self.y() - int(cursor_y * (self.scale_factor / old_scale) - cursor_y)
            self.move(new_x, new_y)
            
            self.update()

    def mousePressEvent(self, event: QMouseEvent):
",""
"Function:ui/panel.py:PinnedImageDialog.mousePressEvent","mousePressEvent","ui/panel.py",78,84,true,"            self.update()

    def mousePressEvent(self, event: QMouseEvent):
        if event.button() == Qt.LeftButton:
            self._is_dragging = True
            self._drag_start_pos = event.globalPos() - self.frameGeometry().topLeft()
            event.accept()
        elif event.button() == Qt.RightButton:
            self.close()

    def mouseMoveEvent(self, event: QMouseEvent):
",""
"Function:ui/panel.py:PinnedImageDialog.mouseMoveEvent","mouseMoveEvent","ui/panel.py",86,89,true,"            self.close()

    def mouseMoveEvent(self, event: QMouseEvent):
        if self._is_dragging and event.buttons() & Qt.LeftButton:
            self.move(event.globalPos() - self._drag_start_pos)
            event.accept()

    def mouseReleaseEvent(self, event: QMouseEvent):
",""
"Function:ui/panel.py:PinnedImageDialog.mouseReleaseEvent","mouseReleaseEvent","ui/panel.py",91,94,true,"            event.accept()

    def mouseReleaseEvent(self, event: QMouseEvent):
        if event.button() == Qt.LeftButton:
            self._is_dragging = False
            event.accept()

    def mouseDoubleClickEvent(self, event: QMouseEvent):
",""
"Function:ui/panel.py:PinnedImageDialog.mouseDoubleClickEvent","mouseDoubleClickEvent","ui/panel.py",96,97,true,"            event.accept()

    def mouseDoubleClickEvent(self, event: QMouseEvent):
        self.close()
        
    def keyPressEvent(self, event):
",""
"Function:ui/panel.py:PinnedImageDialog.keyPressEvent","keyPressEvent","ui/panel.py",99,101,true,"        self.close()
        
    def keyPressEvent(self, event):
        if event.key() == Qt.Key_Escape:
            self.close()

class DetailsDialog(QDialog):
",""
"Function:ui/panel.py:DetailsDialog.__init__","__init__","ui/panel.py",104,116,false,"
class DetailsDialog(QDialog):
    def __init__(self, item_data, parent=None):
        super().__init__(parent)
        self.setWindowTitle(""剪贴板内容详情"")
        self.setWindowFlags(Qt.Window | Qt.WindowCloseButtonHint | Qt.WindowStaysOnTopHint)
        self.resize(500, 400)
        layout = QVBoxLayout(self)
        
        text = item_data.get(""value"", """") if isinstance(item_data, dict) else str(item_data)
        text_edit = QPlainTextEdit()
        text_edit.setReadOnly(True)
        text_edit.setPlainText(text)
        text_edit.setStyleSheet(""font-size: 14px; color: #1e293b; background-color: #f8fafc; border: none;"")
        layout.addWidget(text_edit)

class ClipboardItemWidget(QWidget):
",""
"Function:ui/panel.py:ClipboardItemWidget.__init__","__init__","ui/panel.py",122,225,false,"    viewed = Signal(object)
    
    def __init__(self, text, full_item, parent=None):
        super().__init__(parent)
        self.full_item = full_item
        self.setAttribute(Qt.WA_StyledBackground, True)
        self.setAttribute(Qt.WA_Hover, True)
        self.setStyleSheet(""ClipboardItemWidget { background-color: #ffffff; border: 1px solid #e2e8f0; border-radius: 8px; } ClipboardItemWidget:hover { border: 1px solid #3b82f6; }"")
        
        self.hover_timer = QTimer(self)
        self.hover_timer.setSingleShot(True)
        self.hover_timer.setInterval(1000)
        self.hover_timer.timeout.connect(self.show_hover_effect)
        self.full_tooltip_text = """"
        
        layout = QHBoxLayout(self)
        layout.setContentsMargins(5, 5, 5, 5)
        
        self.btn_view = QPushButton("""") # View details
        self.btn_view.setFixedSize(24, 24)
        self.btn_view.setStyleSheet(""""""
            QPushButton { border-radius: 12px; background-color: #4CAF50; color: white; font-weight: bold; font-size: 12px; }
            QPushButton:hover { background-color: #45a049; }
        """""")
        self.btn_view.setCursor(Qt.PointingHandCursor)
        self.btn_view.clicked.connect(self._on_view_clicked)
        layout.addWidget(self.btn_view)
        
        self.btn_delete = QPushButton(""✖"")
        self.btn_delete.setFixedSize(24, 24)
        self.btn_delete.setStyleSheet(""""""
            QPushButton { border-radius: 12px; background-color: #ff4c4c; color: white; font-weight: bold; font-size: 12px; }
            QPushButton:hover { background-color: #ff0000; }
        """""")
        self.btn_delete.setCursor(Qt.PointingHandCursor)
        self.btn_delete.clicked.connect(self._on_delete_clicked)
        layout.addWidget(self.btn_delete)
        
        if isinstance(full_item, dict) and full_item.get(""type"") == ""image"":
            val = full_item.get(""value"", """")
            image = QImage()
            import os
            if full_item.get(""is_path"", False) or (os.path.exists(val) and val.endswith('.png')):
                try:
                    with open(val, ""rb"") as f:
                        image.loadFromData(f.read(), ""PNG"")
                except Exception:
                    pass
            else:
                try:
                    data = base64.b64decode(val)
                    image.loadFromData(data, ""PNG"")
                except:
                    pass
            pixmap = QPixmap.fromImage(image)
            # 缩放至最大高度 60 像素，保持比例
            pixmap = pixmap.scaledToHeight(60, Qt.SmoothTransformation)
            self.label = QLabel()
            self.full_tooltip_text = f""图片路径: {val}""
            self.label.setPixmap(pixmap)
            self.label.setStyleSheet(""background: transparent;"")
            
            img_container = QWidget()
            img_container.setStyleSheet(""background: transparent;"")
            img_layout = QHBoxLayout(img_container)
            img_layout.setContentsMargins(0, 0, 0, 0)
            img_layout.addStretch()
            img_layout.addWidget(self.label)
            img_layout.addStretch()
            
            layout.addWidget(img_container, 1)
        else:
            from PySide6.QtGui import QFontMetrics
            self.label = QLabel()
            self.full_tooltip_text = text
            self.label.setStyleSheet(""color: #000000; font-size: 13px; background: transparent;"")
            
            display_text = text.strip().replace('\r\n', '\n').replace('\r', '\n')
            display_text = display_text.replace('\n', '  ')
            
            fm = QFontMetrics(self.label.font())
            max_width = 190
            
            if fm.horizontalAdvance(display_text) <= max_width:
                final_text = display_text
            else:
                line1 = """"
                rem = """"
                for i in range(len(display_text), 0, -1):
                    if fm.horizontalAdvance(display_text[:i]) <= max_width:
                        line1 = display_text[:i]
                        rem = display_text[i:]
                        break
                
                if not line1:
                    line1 = display_text[:1]
                    rem = display_text[1:]
                    
                if fm.horizontalAdvance(rem) <= max_width:
                    final_text = line1 + ""\n"" + rem
                else:
                    line2 = fm.elidedText(rem, Qt.ElideRight, max_width)
                    final_text = line1 + ""\n"" + line2
                    
            self.label.setText(final_text)
            layout.addWidget(self.label, 1)
        
    def _on_delete_clicked(self):
",""
"Function:ui/panel.py:ClipboardItemWidget._on_delete_clicked","_on_delete_clicked","ui/panel.py",227,228,false,"            layout.addWidget(self.label, 1)
        
    def _on_delete_clicked(self):
        self.deleted.emit(self.full_item)
        
    def _on_view_clicked(self):
",""
"Function:ui/panel.py:ClipboardItemWidget._on_view_clicked","_on_view_clicked","ui/panel.py",230,231,false,"        self.deleted.emit(self.full_item)
        
    def _on_view_clicked(self):
        self.viewed.emit(self.full_item)

    def enterEvent(self, event):
",""
"Function:ui/panel.py:ClipboardItemWidget.enterEvent","enterEvent","ui/panel.py",233,235,true,"        self.viewed.emit(self.full_item)

    def enterEvent(self, event):
        self.hover_timer.start()
        super().enterEvent(event)

    def leaveEvent(self, event):
",""
"Function:ui/panel.py:ClipboardItemWidget.leaveEvent","leaveEvent","ui/panel.py",237,240,true,"        super().enterEvent(event)

    def leaveEvent(self, event):
        self.hover_timer.stop()
        QToolTip.hideText()
        super().leaveEvent(event)

    def show_hover_effect(self):
",""
"Function:ui/panel.py:ClipboardItemWidget.show_hover_effect","show_hover_effect","ui/panel.py",242,246,true,"        super().leaveEvent(event)

    def show_hover_effect(self):
        if not self.full_tooltip_text:
            return
        from PySide6.QtGui import QCursor
        QToolTip.showText(QCursor.pos(), self.full_tooltip_text, self)

class ClipboardListWidget(QListWidget):
",""
"Function:ui/panel.py:ClipboardListWidget.__init__","__init__","ui/panel.py",251,256,false,"    order_changed = Signal(list)
    item_right_clicked = Signal(object)
    def __init__(self, parent=None):
        super().__init__(parent)
        self.setDragDropMode(QAbstractItemView.InternalMove)
        self.setDefaultDropAction(Qt.MoveAction)
        self.setSelectionMode(QAbstractItemView.SingleSelection)
        self.setHorizontalScrollBarPolicy(Qt.ScrollBarAlwaysOff)
        
    def dropEvent(self, event):
",""
"Function:ui/panel.py:ClipboardListWidget.dropEvent","dropEvent","ui/panel.py",258,261,true,"        self.setHorizontalScrollBarPolicy(Qt.ScrollBarAlwaysOff)
        
    def dropEvent(self, event):
        super().dropEvent(event)
        new_order = [self.item(i).data(Qt.UserRole) for i in range(self.count())]
        self.order_changed.emit(new_order)

    def mousePressEvent(self, event):
",""
"Function:ui/panel.py:ClipboardListWidget.mousePressEvent","mousePressEvent","ui/panel.py",263,267,true,"        self.order_changed.emit(new_order)

    def mousePressEvent(self, event):
        super().mousePressEvent(event)
        item = self.itemAt(event.pos())
        if item and event.button() == Qt.RightButton:
            self.item_right_clicked.emit(item)

class Panel(QWidget):
",""
"Function:ui/panel.py:Panel.__init__","__init__","ui/panel.py",280,287,false,"    toggle_image_tracking_clicked = Signal()

    def __init__(self):
        super().__init__()
        self._is_dragging = False
        self._drag_start_pos = None
        self._relative_offset = None
        self._main_ball = None
        self._current_history = []
        self.init_ui()

    def set_main_ball(self, ball):
",""
"Function:ui/panel.py:Panel.set_main_ball","set_main_ball","ui/panel.py",289,290,true,"        self.init_ui()

    def set_main_ball(self, ball):
        self._main_ball = ball

    def mousePressEvent(self, event):
",""
"Function:ui/panel.py:Panel.mousePressEvent","mousePressEvent","ui/panel.py",292,296,true,"        self._main_ball = ball

    def mousePressEvent(self, event):
        if event.button() == Qt.LeftButton:
            self._is_dragging = True
            self._drag_start_pos = event.globalPos() - self.frameGeometry().topLeft()
            event.accept()

    def mouseMoveEvent(self, event):
",""
"Function:ui/panel.py:Panel.mouseMoveEvent","mouseMoveEvent","ui/panel.py",298,303,true,"            event.accept()

    def mouseMoveEvent(self, event):
        if self._is_dragging and event.buttons() & Qt.LeftButton:
            self.move(event.globalPos() - self._drag_start_pos)
            if self._main_ball:
                self._relative_offset = (self.x() - self._main_ball.x(), self.y() - self._main_ball.y())
            event.accept()

    def mouseReleaseEvent(self, event):
",""
"Function:ui/panel.py:Panel.mouseReleaseEvent","mouseReleaseEvent","ui/panel.py",305,308,true,"            event.accept()

    def mouseReleaseEvent(self, event):
        if event.button() == Qt.LeftButton:
            self._is_dragging = False
            event.accept()

    def init_ui(self):
",""
"Function:ui/panel.py:Panel.init_ui","init_ui","ui/panel.py",310,391,true,"            event.accept()

    def init_ui(self):
        self.setWindowTitle(""\u684c\u9762\u4eba\u5076"")
        self.setWindowFlags(Qt.FramelessWindowHint | Qt.Tool | Qt.WindowStaysOnTopHint | Qt.WindowDoesNotAcceptFocus)
        self.setFixedSize(320, 420)
        self.setStyleSheet(""Panel { background-color: #f0f0f0; border: 1px solid #ccc; border-radius: 10px; } QWidget { color: #000000; }"")
        
        layout = QVBoxLayout(self)
        layout.setContentsMargins(10, 10, 10, 10)
        
        title_layout = QHBoxLayout()
        
        # Tracking Toggle Buttons (Text/Image)
        self.btn_track_text = QPushButton(""存文"")
        self.btn_track_text.setFixedSize(40, 28)
        self.btn_track_text.setCheckable(True)
        self.btn_track_text.setCursor(Qt.PointingHandCursor)
        self.btn_track_text.setToolTip(""开启/暂停文字监听"")
        self.btn_track_text.setStyleSheet(""QPushButton { border: 1px solid #bbb; border-radius: 5px; background-color: #e0e0e0; font-weight: bold; font-size: 14px; color: #333; } QPushButton:checked { background-color: #4CAF50; color: white; border-color: #45a049; }"")
        self.btn_track_text.clicked.connect(self.toggle_text_tracking_clicked.emit)
        
        self.btn_track_image = QPushButton(""存图"")
        self.btn_track_image.setFixedSize(40, 28)
        self.btn_track_image.setCheckable(True)
        self.btn_track_image.setCursor(Qt.PointingHandCursor)
        self.btn_track_image.setToolTip(""开启/暂停图片监听"")
        self.btn_track_image.setStyleSheet(""QPushButton { border: 1px solid #bbb; border-radius: 5px; background-color: #e0e0e0; font-weight: bold; font-size: 14px; color: #333; } QPushButton:checked { background-color: #2196F3; color: white; border-color: #1E88E5; }"")
        self.btn_track_image.clicked.connect(self.toggle_image_tracking_clicked.emit)
        
        title = QLabel(""剪贴板历史"")
        title.setStyleSheet(""font-weight: bold; font-size: 14px; color: #333;"")
        
        btn_close = QPushButton(""×"")
        btn_close.setFixedSize(24, 24)
        btn_close.setStyleSheet(""QPushButton { background-color: transparent; border: none; color: #777; font-weight: bold; font-size: 18px; } QPushButton:hover { color: #ff0000; }"")
        btn_close.clicked.connect(self.hide)
        
        title_layout.addWidget(self.btn_track_text)
        title_layout.addWidget(self.btn_track_image)
        title_layout.addStretch()
        title_layout.addWidget(title)
        title_layout.addStretch()
        title_layout.addWidget(btn_close)
        layout.addLayout(title_layout)
        self.list_widget = ClipboardListWidget()
        self.list_widget.setStyleSheet(""QListWidget { border: 1px solid #ddd; background-color: white; color: #000000; }"")
        self.list_widget.itemClicked.connect(self._on_item_clicked)
        self.list_widget.item_right_clicked.connect(self._on_item_right_clicked)
        self.list_widget.order_changed.connect(self.history_reordered.emit)
        
        bottom_layout = QHBoxLayout()
        bottom_layout.setContentsMargins(0, 0, 0, 0)
        
        self.btn_filter_text = QPushButton(""看文"")
        self.btn_filter_text.setCheckable(True)
        self.btn_filter_text.setChecked(True)
        self.btn_filter_text.setToolTip(""显示/隐藏文本记录"")
        self.btn_filter_text.setStyleSheet(""QPushButton { background-color: #e0e0e0; color: #333; border-radius: 5px; padding: 8px; font-weight: bold; } QPushButton:checked { background-color: #4CAF50; color: white; }"")
        self.btn_filter_text.clicked.connect(self._apply_filter)
        
        self.btn_filter_image = QPushButton(""看图"")
        self.btn_filter_image.setCheckable(True)
        self.btn_filter_image.setChecked(True)
        self.btn_filter_image.setToolTip(""显示/隐藏图片记录"")
        self.btn_filter_image.setStyleSheet(""QPushButton { background-color: #e0e0e0; color: #333; border-radius: 5px; padding: 8px; font-weight: bold; } QPushButton:checked { background-color: #2196F3; color: white; }"")
        self.btn_filter_image.clicked.connect(self._apply_filter)

        self.btn_toggle_tracking = QPushButton(""正在记录"")
        self.btn_toggle_tracking.setStyleSheet(""QPushButton { background-color: #4CAF50; color: white; border-radius: 5px; padding: 8px; font-weight: bold; } QPushButton:hover { background-color: #45a049; }"")
        self.btn_toggle_tracking.clicked.connect(self.toggle_tracking_clicked.emit)
        
        self.btn_clear_all = QPushButton(""清空"")
        self.btn_clear_all.setStyleSheet(""QPushButton { background-color: #ff4c4c; color: white; border-radius: 5px; padding: 8px; font-weight: bold; } QPushButton:hover { background-color: #ff0000; }"")
        self.btn_clear_all.clicked.connect(self._on_clear_all_clicked)
        
        bottom_layout.addWidget(self.btn_filter_text)
        bottom_layout.addWidget(self.btn_filter_image)
        bottom_layout.addStretch()
        bottom_layout.addWidget(self.
... [truncated]",""
"Function:ui/panel.py:Panel.set_content_tracking_states","set_content_tracking_states","ui/panel.py",393,395,true,"        layout.addLayout(bottom_layout)

    def set_content_tracking_states(self, text_enabled, image_enabled):
        self.btn_track_text.setChecked(text_enabled)
        self.btn_track_image.setChecked(image_enabled)

    def set_tracking_enabled(self, enabled):
",""
"Function:ui/panel.py:Panel.set_tracking_enabled","set_tracking_enabled","ui/panel.py",397,403,true,"        self.btn_track_image.setChecked(image_enabled)

    def set_tracking_enabled(self, enabled):
        if enabled:
            self.btn_toggle_tracking.setText(""暂停记录"")
            self.btn_toggle_tracking.setStyleSheet(""QPushButton { background-color: #4CAF50; color: white; border-radius: 5px; padding: 8px; font-weight: bold; } QPushButton:hover { background-color: #45a049; }"")
        else:
            self.btn_toggle_tracking.setText(""继续记录"")
            self.btn_toggle_tracking.setStyleSheet(""QPushButton { background-color: #888888; color: white; border-radius: 5px; padding: 8px; font-weight: bold; } QPushButton:hover { background-color: #777777; }"")

    def _on_clear_all_clicked(self):
",""
"Function:ui/panel.py:Panel._on_clear_all_clicked","_on_clear_all_clicked","ui/panel.py",405,448,false,"            self.btn_toggle_tracking.setStyleSheet(""QPushButton { background-color: #888888; color: white; border-radius: 5px; padding: 8px; font-weight: bold; } QPushButton:hover { background-color: #777777; }"")

    def _on_clear_all_clicked(self):
        if not self._current_history:
            return
            
        has_text = False
        has_image = False
        for item in self._current_history:
            if item.get(""type"") == ""image"":
                has_image = True
            else:
                has_text = True
            if has_text and has_image:
                break
                
        msg_box = QMessageBox(self)
        msg_box.setStyleSheet(""QMessageBox { background-color: #ffffff; color: #000000; } QLabel { color: #000000; } QPushButton { color: #000000; padding: 6px 12px; }"")
        
        if has_text and has_image:
            msg_box.setWindowTitle(""清空选项"")
            msg_box.setText(""请选择要清空的剪贴板内容："")
            
            btn_text = msg_box.addButton(""仅清空文字"", QMessageBox.ActionRole)
            btn_image = msg_box.addButton(""仅清空图片"", QMessageBox.ActionRole)
            btn_all = msg_box.addButton(""文字和图片"", QMessageBox.ActionRole)
            btn_cancel = msg_box.addButton(""取消"", QMessageBox.RejectRole)
            
            msg_box.exec()
            clicked = msg_box.clickedButton()
            
            if clicked == btn_text:
                self.history_cleared.emit(""text"")
            elif clicked == btn_image:
                self.history_cleared.emit(""image"")
            elif clicked == btn_all:
                self.history_cleared.emit(""all"")
        else:
            msg_box.setWindowTitle(""确认清空"")
            content_type = ""图片"" if has_image else ""文字""
            msg_box.setText(f""确定要清空所有的{content_type}记录吗？"")
            btn_yes = msg_box.addButton(""是"", QMessageBox.YesRole)
            btn_no = msg_box.addButton(""否"", QMessageBox.NoRole)
            msg_box.exec()
            if msg_box.clickedButton() == btn_yes:
                self.history_cleared.emit(""all"")

    def update_history(self, history_list):",""
"Function:ui/panel.py:Panel.update_history","update_history","ui/panel.py",450,453,true,"                self.history_cleared.emit(""all"")

    def update_history(self, history_list):
        self._current_history = history_list
        self._sync_open_image_dialogs()
        self._apply_filter()

    def _sync_open_image_dialogs(self):",""
"Function:ui/panel.py:Panel._sync_open_image_dialogs","_sync_open_image_dialogs","ui/panel.py",455,476,false,"        self._apply_filter()

    def _sync_open_image_dialogs(self):
        if not hasattr(self, '_pinned_images'):
            return

        current_keys = set()
        for item in self._current_history:
            if isinstance(item, dict):
                current_keys.add((item.get(""type""), item.get(""value"", """")))

        still_open = []
        for dialog in self._pinned_images:
            item_data = getattr(dialog, 'item_data', None)
            item_key = None
            if isinstance(item_data, dict):
                item_key = (item_data.get(""type""), item_data.get(""value"", """"))

            if item_key is not None and item_key not in current_keys:
                dialog.close()
            elif dialog.isVisible():
                still_open.append(dialog)

        self._pinned_images = still_open

    def _apply_filter(self):
",""
"Function:ui/panel.py:Panel._apply_filter","_apply_filter","ui/panel.py",478,509,false,"        self._pinned_images = still_open

    def _apply_filter(self):
        show_text = self.btn_filter_text.isChecked()
        show_image = self.btn_filter_image.isChecked()
        
        v_scroll = self.list_widget.verticalScrollBar().value()
        
        self.list_widget.clear()
        for item_data in self._current_history:
            is_image = isinstance(item_data, dict) and item_data.get(""type"") == ""image""
            
            if is_image and not show_image:
                continue
            if not is_image and not show_text:
                continue
                
            if is_image:
                preview = ""[图片]""
            else:
                text = item_data.get(""value"", """") if isinstance(item_data, dict) else str(item_data)
                preview = text
                
            list_item = QListWidgetItem()
            list_item.setData(Qt.UserRole, item_data)
            self.list_widget.addItem(list_item)
            widget = ClipboardItemWidget(preview, item_data)
            widget.deleted.connect(self.item_deleted.emit)
            widget.viewed.connect(self._on_item_viewed)
            list_item.setSizeHint(widget.sizeHint())
            self.list_widget.setItemWidget(list_item, widget)
            
        # Restore scroll position after a short delay to allow layout update
        QTimer.singleShot(0, lambda: self.list_widget.verticalScrollBar().setValue(v_scroll))

    def _on_item_clicked(self, item):
",""
"Function:ui/panel.py:Panel._on_item_clicked","_on_item_clicked","ui/panel.py",511,513,false,"        QTimer.singleShot(0, lambda: self.list_widget.verticalScrollBar().setValue(v_scroll))

    def _on_item_clicked(self, item):
        full_item = item.data(Qt.UserRole)
        QTimer.singleShot(10, lambda: self.item_clicked.emit(full_item))

    def _on_item_right_clicked(self, item):
",""
"Function:ui/panel.py:Panel._on_item_right_clicked","_on_item_right_clicked","ui/panel.py",515,517,false,"        QTimer.singleShot(10, lambda: self.item_clicked.emit(full_item))

    def _on_item_right_clicked(self, item):
        full_item = item.data(Qt.UserRole)
        QTimer.singleShot(10, lambda: self.item_right_clicked.emit(full_item))

    def update_position(self, ball_x, ball_y):
",""
"Function:ui/panel.py:Panel.update_position","update_position","ui/panel.py",519,529,true,"        QTimer.singleShot(10, lambda: self.item_right_clicked.emit(full_item))

    def update_position(self, ball_x, ball_y):
        if self._relative_offset is None:
            self._relative_offset = (-310, -200)
        
        new_x = ball_x + self._relative_offset[0]
        new_y = ball_y + self._relative_offset[1]
        
        screen_geo = QApplication.primaryScreen().availableGeometry()
        new_x = max(screen_geo.left(), min(new_x, screen_geo.right() - self.width()))
        new_y = max(screen_geo.top(), min(new_y, screen_geo.bottom() - self.height()))
        self.move(new_x, new_y)

    def _on_item_viewed(self, item_data):
",""
"Function:ui/panel.py:Panel._on_item_viewed","_on_item_viewed","ui/panel.py",531,574,false,"        self.move(new_x, new_y)

    def _on_item_viewed(self, item_data):
        if isinstance(item_data, dict) and item_data.get(""type"") == ""image"":
            val = item_data.get(""value"", """")
            image = QImage()
            import os
            if item_data.get(""is_path"", False) or (os.path.exists(val) and val.endswith('.png')):
                try:
                    with open(val, ""rb"") as f:
                        image.loadFromData(f.read(), ""PNG"")
                except Exception:
                    pass
            else:
                import base64
                try:
                    data = base64.b64decode(val)
                    image.loadFromData(data, ""PNG"")
                except:
                    pass
            
            if image.isNull():
                self.item_deleted.emit(item_data)
                return
                
            pixmap = QPixmap.fromImage(image)
            
            if not hasattr(self, '_pinned_images'):
                self._pinned_images = []
            
            # Clean up closed ones
            self._pinned_images = [p for p in self._pinned_images if p.isVisible()]
            
            pinned = PinnedImageDialog(pixmap, item_data)
            
            # Center it on screen
            from PySide6.QtGui import QGuiApplication
            screen_geo = QGuiApplication.primaryScreen().availableGeometry()
            pinned.move(screen_geo.center() - pinned.rect().center())
            pinned.show()
            pinned.item_data = item_data
            
            self._pinned_images.append(pinned)
        else:
            self._details_dialog = DetailsDialog(item_data, self)
            self._details_dialog.show()

    def toggle_visibility(self, x, y):
",""
"Function:ui/panel.py:Panel.toggle_visibility","toggle_visibility","ui/panel.py",576,582,true,"            self._details_dialog.show()

    def toggle_visibility(self, x, y):
        if self.isVisible():
            self.hide()
        else:
            self.update_position(x, y)
            self.show()
            self.raise_()
",""
"Function:ui/notebook.py:NotebookPanel.__init__","__init__","ui/notebook.py",9,15,false,"    content_changed = Signal(str)

    def __init__(self):
        super().__init__()
        self._is_dragging = False
        self._drag_start_pos = None
        self._relative_offset = None
        self._main_ball = None
        self.init_ui()

    def set_main_ball(self, ball):
",""
"Function:ui/notebook.py:NotebookPanel.set_main_ball","set_main_ball","ui/notebook.py",17,18,true,"        self.init_ui()

    def set_main_ball(self, ball):
        self._main_ball = ball

    def mousePressEvent(self, event: QMouseEvent):
",""
"Function:ui/notebook.py:NotebookPanel.mousePressEvent","mousePressEvent","ui/notebook.py",20,24,true,"        self._main_ball = ball

    def mousePressEvent(self, event: QMouseEvent):
        if event.button() == Qt.LeftButton:
            self._is_dragging = True
            self._drag_start_pos = event.globalPos() - self.frameGeometry().topLeft()
            event.accept()

    def mouseMoveEvent(self, event: QMouseEvent):
",""
"Function:ui/notebook.py:NotebookPanel.mouseMoveEvent","mouseMoveEvent","ui/notebook.py",26,31,true,"            event.accept()

    def mouseMoveEvent(self, event: QMouseEvent):
        if self._is_dragging and event.buttons() & Qt.LeftButton:
            self.move(event.globalPos() - self._drag_start_pos)
            if self._main_ball:
                self._relative_offset = (self.x() - self._main_ball.x(), self.y() - self._main_ball.y())
            event.accept()

    def mouseReleaseEvent(self, event: QMouseEvent):
",""
"Function:ui/notebook.py:NotebookPanel.mouseReleaseEvent","mouseReleaseEvent","ui/notebook.py",33,36,true,"            event.accept()

    def mouseReleaseEvent(self, event: QMouseEvent):
        if event.button() == Qt.LeftButton:
            self._is_dragging = False
            event.accept()

    def init_ui(self):
",""
"Function:ui/notebook.py:NotebookPanel.init_ui","init_ui","ui/notebook.py",38,80,true,"            event.accept()

    def init_ui(self):
        self.setWindowTitle(""\u684c\u9762\u4eba\u5076"")
        self.setWindowFlags(Qt.FramelessWindowHint | Qt.Tool | Qt.WindowStaysOnTopHint)
        self.setAttribute(Qt.WA_ShowWithoutActivating)
        self.setFixedSize(320, 420)
        self.setStyleSheet(""background-color: #f6f7fb; border: 1px solid #d8dbe6; border-radius: 12px; color: #000000;"")
        
        layout = QVBoxLayout(self)
        layout.setContentsMargins(12, 12, 12, 12)
        layout.setSpacing(10)
        
        title_layout = QHBoxLayout()
        title = QLabel(""悬浮记事本"")
        title.setStyleSheet(""font-weight: bold; font-size: 14px; color: #111827;"")
        btn_close = QPushButton(""✖"")
        btn_close.setFixedSize(20, 20)
        btn_close.setStyleSheet(""QPushButton { background-color: transparent; border: none; color: #6b7280; font-weight: bold; font-size: 14px; } QPushButton:hover { color: #ef4444; }"")
        btn_close.clicked.connect(self.hide)
        
        title_layout.addStretch()
        title_layout.addWidget(title)
        title_layout.addStretch()
        title_layout.addWidget(btn_close)
        layout.addLayout(title_layout)
        
        self.text_edit = QPlainTextEdit()
        self.text_edit.setLineWrapMode(QPlainTextEdit.WidgetWidth)
        self.text_edit.setWordWrapMode(QTextOption.WrapAtWordBoundaryOrAnywhere)
        self.text_edit.setHorizontalScrollBarPolicy(Qt.ScrollBarAlwaysOff)
        self.text_edit.setStyleSheet(""QTextEdit { border: 1px solid #d1d5db; background-color: white; color: #000000; padding: 10px; border-radius: 8px; font-size: 14px; selection-background-color: #bfdbfe; }"")
        self.text_edit.textChanged.connect(self._on_text_changed)
        layout.addWidget(self.text_edit)
        
        btn_layout = QHBoxLayout()
        self.btn_copy = QPushButton(""复制全部"")
        self.btn_copy.setStyleSheet(""QPushButton { background-color: #2563eb; color: white; border-radius: 6px; padding: 8px; font-weight: bold; } QPushButton:hover { background-color: #1d4ed8; }"")
        self.btn_copy.clicked.connect(self._on_copy_clicked)
        self.btn_clear = QPushButton(""清空"")
        self.btn_clear.setStyleSheet(""QPushButton { background-color: #ef4444; color: white; border-radius: 6px; padding: 8px; font-weight: bold; } QPushButton:hover { background-color: #dc2626; }"")
        self.btn_clear.clicked.connect(self._on_clear_clicked)
        btn_layout.addWidget(self.btn_copy)
        btn_layout.addWidget(self.btn_clear)
        layout.addLayout(btn_layout)

    def keyPressEvent(self, event):
",""
"Function:ui/notebook.py:NotebookPanel.keyPressEvent","keyPressEvent","ui/notebook.py",82,87,true,"        layout.addLayout(btn_layout)

    def keyPressEvent(self, event):
        if event.key() == Qt.Key_Escape:
            self.hide()
            event.accept()
            return
        super().keyPressEvent(event)

    def _on_text_changed(self):
",""
"Function:ui/notebook.py:NotebookPanel._on_text_changed","_on_text_changed","ui/notebook.py",89,90,false,"        super().keyPressEvent(event)

    def _on_text_changed(self):
        self.content_changed.emit(self.text_edit.toPlainText())

    def _on_copy_clicked(self):
",""
"Function:ui/notebook.py:NotebookPanel._on_copy_clicked","_on_copy_clicked","ui/notebook.py",92,93,false,"        self.content_changed.emit(self.text_edit.toPlainText())

    def _on_copy_clicked(self):
        QApplication.clipboard().setText(self.text_edit.toPlainText())

    def _on_clear_clicked(self):
",""
"Function:ui/notebook.py:NotebookPanel._on_clear_clicked","_on_clear_clicked","ui/notebook.py",95,104,false,"        QApplication.clipboard().setText(self.text_edit.toPlainText())

    def _on_clear_clicked(self):
        msg_box = QMessageBox(self)
        msg_box.setWindowTitle(""确认"")
        msg_box.setText(""确定要清空记事本吗？"")
        msg_box.setStyleSheet(""QMessageBox { background-color: #ffffff; color: #000000; } QLabel { color: #000000; } QPushButton { color: #000000; }"")
        btn_yes = msg_box.addButton(""是"", QMessageBox.YesRole)
        msg_box.addButton(""否"", QMessageBox.NoRole)
        msg_box.exec()
        if msg_box.clickedButton() == btn_yes:
            self.text_edit.clear()

    def set_content(self, text):
",""
"Function:ui/notebook.py:NotebookPanel.set_content","set_content","ui/notebook.py",106,109,true,"            self.text_edit.clear()

    def set_content(self, text):
        self.text_edit.blockSignals(True)
        self.text_edit.setPlainText(text)
        self.text_edit.blockSignals(False)

    def update_position(self, ball_x, ball_y):
",""
"Function:ui/notebook.py:NotebookPanel.update_position","update_position","ui/notebook.py",111,122,true,"        self.text_edit.blockSignals(False)

    def update_position(self, ball_x, ball_y):
        if self._relative_offset is None:
            # Default to the left of the ball
            self._relative_offset = (-310, -200)
        
        new_x = ball_x + self._relative_offset[0]
        new_y = ball_y + self._relative_offset[1]
        
        screen_geo = QApplication.primaryScreen().availableGeometry()
        new_x = max(screen_geo.left(), min(new_x, screen_geo.right() - self.width()))
        new_y = max(screen_geo.top(), min(new_y, screen_geo.bottom() - self.height()))
        self.move(new_x, new_y)

    def toggle_visibility(self, x, y):
",""
"Function:ui/notebook.py:NotebookPanel.toggle_visibility","toggle_visibility","ui/notebook.py",124,131,true,"        self.move(new_x, new_y)

    def toggle_visibility(self, x, y):
        if self.isVisible():
            self.hide()
        else:
            self.update_position(x, y)
            self.show()
            self.raise_()
            self.activateWindow()
",""
"Function:ui/floating_ball.py:FloatingBall.__init__","__init__","ui/floating_ball.py",11,18,false,"    position_changed = Signal(int, int)

    def __init__(self):
        super().__init__()
        self.init_ui()
        
        # Variables for dragging
        self._is_dragging = False
        self._drag_start_pos = QPoint()
        self._has_moved = False

    def init_ui(self):
",""
"Function:ui/floating_ball.py:FloatingBall.init_ui","init_ui","ui/floating_ball.py",20,34,true,"        self._has_moved = False

    def init_ui(self):
        self.setWindowTitle(""\u684c\u9762\u4eba\u5076"")
        # Frameless, topmost, tool (not in taskbar)
        self.setWindowFlags(
            Qt.FramelessWindowHint | 
            Qt.WindowStaysOnTopHint | 
            Qt.Tool
        )
        self.setAttribute(Qt.WA_TranslucentBackground)
        
        # Fixed size
        self.setFixedSize(60, 60)
        
        # Initial position: bottom right (offset a bit)
        # We will position it when showing to avoid multiple screen issues
        
    def paintEvent(self, event):
",""
"Function:ui/floating_ball.py:FloatingBall.paintEvent","paintEvent","ui/floating_ball.py",36,48,true,"        # We will position it when showing to avoid multiple screen issues
        
    def paintEvent(self, event):
        from PySide6.QtGui import QRadialGradient
        painter = QPainter(self)
        painter.setRenderHint(QPainter.Antialiasing)
        
        # Create a modern 3D-like radial gradient
        gradient = QRadialGradient(self.width() / 3, self.height() / 3, self.width())
        gradient.setColorAt(0, QColor(100, 180, 255, 230))
        gradient.setColorAt(1, QColor(20, 100, 220, 210))
        
        painter.setBrush(gradient)
        painter.setPen(Qt.NoPen)
        painter.drawEllipse(0, 0, self.width(), self.height())

    def mousePressEvent(self, event: QMouseEvent):
",""
"Function:ui/floating_ball.py:FloatingBall.mousePressEvent","mousePressEvent","ui/floating_ball.py",50,58,true,"        painter.drawEllipse(0, 0, self.width(), self.height())

    def mousePressEvent(self, event: QMouseEvent):
        if event.button() == Qt.LeftButton:
            self._is_dragging = True
            self._has_moved = False
            self._drag_start_pos = event.globalPos() - self.frameGeometry().topLeft()
            event.accept()
        elif event.button() == Qt.RightButton:
            self.right_clicked.emit()
            event.accept()

    def mouseMoveEvent(self, event: QMouseEvent):
",""
"Function:ui/floating_ball.py:FloatingBall.mouseMoveEvent","mouseMoveEvent","ui/floating_ball.py",60,66,true,"            event.accept()

    def mouseMoveEvent(self, event: QMouseEvent):
        if self._is_dragging and event.buttons() & Qt.LeftButton:
            # Move the window
            self.move(event.globalPos() - self._drag_start_pos)
            self._has_moved = True
            self.position_changed.emit(self.x(), self.y())
            event.accept()

    def mouseReleaseEvent(self, event: QMouseEvent):
",""
"Function:ui/floating_ball.py:FloatingBall.mouseReleaseEvent","mouseReleaseEvent","ui/floating_ball.py",68,73,true,"            event.accept()

    def mouseReleaseEvent(self, event: QMouseEvent):
        if event.button() == Qt.LeftButton:
            self._is_dragging = False
            if not self._has_moved:
                self.clicked.emit()
            event.accept()

    def move_to_bottom_right(self):
",""
"Function:ui/floating_ball.py:FloatingBall.move_to_bottom_right","move_to_bottom_right","ui/floating_ball.py",75,79,true,"            event.accept()

    def move_to_bottom_right(self):
        screen_geo = QApplication.primaryScreen().availableGeometry()
        x = screen_geo.width() - self.width() - 50
        y = screen_geo.height() - self.height() - 50
        self.move(x, y)

if __name__ == ""__main__"":
",""
"Function:system/tray.py:TrayIcon.__init__","__init__","system/tray.py",18,85,false,"    change_browser_path_requested = Signal(str)

    def __init__(self, parent=None):
        super().__init__(parent)
        self.tray = QSystemTrayIcon(self)
        self.hide_ball_when_screenshot = True
        self.clipboard_tracking_enabled = True
        self.clipboard_record_text = True
        self.clipboard_record_image = True
        
        self.tray.setIcon(self._create_dummy_icon())
        self.tray.setToolTip(""\u60ac\u6d6e\u52a9\u624b"")

        # Context Menu
        self.menu = QMenu()

        # 1. View / Control
        self.action_toggle = QAction(""\u663e\u793a/\u9690\u85cf\u4e3b\u754c\u9762"", self) # 显示/隐藏主界面
        self.action_toggle.triggered.connect(self.toggle_requested.emit)
        self.menu.addAction(self.action_toggle)
        self.menu.addSeparator()

        # 2. Clipboard
        self.action_clipboard_tracking = QAction(""\u76d1听剪贴板变化"", self) # 监听剪贴板变化
        self.action_clipboard_tracking.setCheckable(True)
        self.action_clipboard_tracking.setChecked(self.clipboard_tracking_enabled)
        self.action_clipboard_tracking.triggered.connect(self._on_toggle_clipboard_tracking)
        self.menu.addAction(self.action_clipboard_tracking)

        self.action_clipboard_limit = QAction(""\u526a\u8d34\u677f历史容量..."", self) # 剪贴板历史容量...
        self.action_clipboard_limit.triggered.connect(self._on_change_clipboard_limit)
        self.menu.addAction(self.action_clipboard_limit)
        self.menu.addSeparator()

        # 2.5 Recent Files
        self.action_recent_tracking = QAction(""监听最近使用变化"", self)
        self.action_recent_tracking.setCheckable(True)
        self.action_recent_tracking.setChecked(True)
        self.action_recent_tracking.triggered.connect(self._on_toggle_recent_tracking)
        self.menu.addAction(self.action_recent_tracking)

        self.action_recent_limit = QAction(""最近使用最大条数..."", self)
        self.action_recent_limit.triggered.connect(self._on_change_recent_limit)
        self.menu.addAction(self.action_recent_limit)
        self.menu.addSeparator()

        # 3. Screenshot / Record
        self.action_hide_ball = QAction(""\u622a屏时\u81ea动隐藏"", self) # 截屏时自动隐藏
        self.action_hide_ball.setCheckable(True)
        self.action_hide_ball.setChecked(self.hide_ball_when_screenshot)
        self.action_hide_ball.triggered.connect(self._on_toggle_hide_ball)
        self.menu.addAction(self.action_hide_ball)
        self.menu.addSeparator()

        # 4. Settings
        self.action_settings = QAction(""\u8bbe\u7f6e..."", self) # 设置...
        self.action_settings.triggered.connect(self.settings_requested.emit)
        self.menu.addAction(self.action_settings)
        self.menu.addSeparator()

        # 5. System
        self.action_about = QAction(""\u5173\u4e8e\u684c\u9762\u4eba\u5076"", self) # 关于桌面人偶
        self.action_about.triggered.connect(self.about_requested.emit)
        self.menu.addAction(self.action_about)
        
        self.action_quit = QAction(""\u9000\u51fa\u684c\u9762\u4eba\u5076"", self) # 退出桌面人偶
        self.action_quit.triggered.connect(self.quit_requested.emit)
        self.menu.addAction(self.action_quit)

        self.tray.activated.connect(self._on_activated)
    def _on_activated(self, reason):
        # QSystemTrayIcon.Trigger \u901a\u5e38\u8868\u793a\u5de6\u952e\u5355\u51fb
",""
"Function:system/tray.py:TrayIcon._on_activated","_on_activated","system/tray.py",86,90,false,"
        self.tray.activated.connect(self._on_activated)
    def _on_activated(self, reason):
        # QSystemTrayIcon.Trigger \u901a\u5e38\u8868\u793a\u5de6\u952e\u5355\u51fb
        if reason == QSystemTrayIcon.Trigger:
            from PySide6.QtGui import QCursor
            self.menu.exec(QCursor.pos())


",""
"Function:system/tray.py:TrayIcon._on_toggle_hide_ball","_on_toggle_hide_ball","system/tray.py",95,97,false,"

    def _on_toggle_hide_ball(self, checked):
        self.hide_ball_when_screenshot = checked
        self.toggle_hide_ball_when_screenshot_requested.emit()

    def set_hide_ball_when_screenshot(self, checked):
",""
"Function:system/tray.py:TrayIcon.set_hide_ball_when_screenshot","set_hide_ball_when_screenshot","system/tray.py",99,101,true,"        self.toggle_hide_ball_when_screenshot_requested.emit()

    def set_hide_ball_when_screenshot(self, checked):
        self.hide_ball_when_screenshot = checked
        self.action_hide_ball.setChecked(checked)

    def _on_change_clipboard_limit(self):
",""
"Function:system/tray.py:TrayIcon._on_change_clipboard_limit","_on_change_clipboard_limit","system/tray.py",103,108,false,"        self.action_hide_ball.setChecked(checked)

    def _on_change_clipboard_limit(self):
        # We need the current limit value. Fallback to 20 if not set as instance var
        current = getattr(self, 'clipboard_max_items', 20)
        value, ok = QInputDialog.getInt(None, ""\u8bbe\u7f6e\u526a\u8d34\u677f\u6700\u5927\u6761\u6570"", ""\u8bf7\u8f93\u5165\u6700\u591a\u4fdd\u5b58\u6761\u6570\uff1a"", current, 1, 999, 1)
        if ok:
            self.change_clipboard_max_items_requested.emit(value)

    def _on_toggle_clipboard_tracking(self, checked):
",""
"Function:system/tray.py:TrayIcon._on_toggle_clipboard_tracking","_on_toggle_clipboard_tracking","system/tray.py",110,112,false,"            self.change_clipboard_max_items_requested.emit(value)

    def _on_toggle_clipboard_tracking(self, checked):
        self.clipboard_tracking_enabled = checked
        self.toggle_clipboard_tracking_requested.emit()

    def set_clipboard_max_items(self, value):
",""
"Function:system/tray.py:TrayIcon.set_clipboard_max_items","set_clipboard_max_items","system/tray.py",114,115,true,"        self.toggle_clipboard_tracking_requested.emit()

    def set_clipboard_max_items(self, value):
        self.clipboard_max_items = value

    def set_clipboard_tracking_enabled(self, checked):
",""
"Function:system/tray.py:TrayIcon.set_clipboard_tracking_enabled","set_clipboard_tracking_enabled","system/tray.py",117,119,true,"        self.clipboard_max_items = value

    def set_clipboard_tracking_enabled(self, checked):
        self.clipboard_tracking_enabled = checked
        self.action_clipboard_tracking.setChecked(checked)

    def _on_change_recent_limit(self):
",""
"Function:system/tray.py:TrayIcon._on_change_recent_limit","_on_change_recent_limit","system/tray.py",121,125,false,"        self.action_clipboard_tracking.setChecked(checked)

    def _on_change_recent_limit(self):
        current = getattr(self, 'recent_max_items', 30)
        value, ok = QInputDialog.getInt(None, ""设置最近使用最大条数"", ""请输入最多保存条数："", current, 1, 999, 1)
        if ok:
            self.change_recent_max_items_requested.emit(value)

    def _on_toggle_recent_tracking(self, checked):
",""
"Function:system/tray.py:TrayIcon._on_toggle_recent_tracking","_on_toggle_recent_tracking","system/tray.py",127,129,false,"            self.change_recent_max_items_requested.emit(value)

    def _on_toggle_recent_tracking(self, checked):
        self.recent_tracking_enabled = checked
        self.toggle_recent_tracking_requested.emit()

    def set_recent_max_items(self, value):
",""
"Function:system/tray.py:TrayIcon.set_recent_max_items","set_recent_max_items","system/tray.py",131,132,true,"        self.toggle_recent_tracking_requested.emit()

    def set_recent_max_items(self, value):
        self.recent_max_items = value

    def set_recent_tracking_enabled(self, checked):
",""
"Function:system/tray.py:TrayIcon.set_recent_tracking_enabled","set_recent_tracking_enabled","system/tray.py",134,136,true,"        self.recent_max_items = value

    def set_recent_tracking_enabled(self, checked):
        self.recent_tracking_enabled = checked
        self.action_recent_tracking.setChecked(checked)

    def show(self):
",""
"Function:system/tray.py:TrayIcon.show","show","system/tray.py",138,139,true,"        self.action_recent_tracking.setChecked(checked)

    def show(self):
        self.tray.show()

    def hide(self):
",""
"Function:system/tray.py:TrayIcon.hide","hide","system/tray.py",141,142,true,"        self.tray.show()

    def hide(self):
        self.tray.hide()

    def _create_dummy_icon(self):
",""
"Function:system/tray.py:TrayIcon._create_dummy_icon","_create_dummy_icon","system/tray.py",144,152,false,"        self.tray.hide()

    def _create_dummy_icon(self):
        from PySide6.QtGui import QPixmap, QPainter, QColor, QIcon
        pixmap = QPixmap(32, 32)
        pixmap.fill(Qt.transparent)
        painter = QPainter(pixmap)
        painter.setBrush(QColor(50, 150, 250))
        painter.drawEllipse(0, 0, 32, 32)
        painter.end()
        return QIcon(pixmap)
",""
"Function:core/windows_recent.py:ensure_windows_recent_tracking_enabled","ensure_windows_recent_tracking_enabled","core/windows_recent.py",4,15,true,"import winreg

def ensure_windows_recent_tracking_enabled():
    try:
        key = winreg.OpenKey(winreg.HKEY_CURRENT_USER, r""Software\Microsoft\Windows\CurrentVersion\Explorer\Advanced"", 0, winreg.KEY_SET_VALUE | winreg.KEY_QUERY_VALUE)
        try:
            value, _ = winreg.QueryValueEx(key, ""Start_TrackDocs"")
            if value == 0:
                winreg.SetValueEx(key, ""Start_TrackDocs"", 0, winreg.REG_DWORD, 1)
        except FileNotFoundError:
            winreg.SetValueEx(key, ""Start_TrackDocs"", 0, winreg.REG_DWORD, 1)
        winreg.CloseKey(key)
    except Exception as e:
        print(f""Failed to enable Windows recent tracking: {e}"")

def get_recent_dir():",""
"Function:core/windows_recent.py:get_recent_dir","get_recent_dir","core/windows_recent.py",17,18,true,"        print(f""Failed to enable Windows recent tracking: {e}"")

def get_recent_dir():
    return os.path.join(os.environ.get('APPDATA', ''), r'Microsoft\Windows\Recent')

def list_recent_lnk_files():",""
"Function:core/windows_recent.py:list_recent_lnk_files","list_recent_lnk_files","core/windows_recent.py",20,35,true,"    return os.path.join(os.environ.get('APPDATA', ''), r'Microsoft\Windows\Recent')

def list_recent_lnk_files():
    recent_dir = get_recent_dir()
    if not os.path.exists(recent_dir):
        return []
    
    lnk_files = []
    try:
        for entry in os.scandir(recent_dir):
            if entry.is_file() and entry.name.lower().endswith('.lnk'):
                lnk_files.append((entry.path, entry.stat().st_mtime))
    except Exception:
        pass
        
    # Sort by modification time descending
    lnk_files.sort(key=lambda x: x[1], reverse=True)
    return [p for p, _ in lnk_files]

def resolve_lnk_target(lnk_path):",""
"Function:core/windows_recent.py:resolve_lnk_target","resolve_lnk_target","core/windows_recent.py",37,44,true,"    return [p for p, _ in lnk_files]

def resolve_lnk_target(lnk_path):
    try:
        shell = win32com.client.Dispatch(""WScript.Shell"")
        shortcut = shell.CreateShortCut(lnk_path)
        target = shortcut.Targetpath
        return target
    except Exception:
        return None

def is_directory_target(target_path):",""
"Function:core/windows_recent.py:is_directory_target","is_directory_target","core/windows_recent.py",46,47,true,"        return None

def is_directory_target(target_path):
    return os.path.isdir(target_path)
",""
"Function:core/screen_recorder.py:ScreenRecorderThread.__init__","__init__","core/screen_recorder.py",14,19,false,"    error_occurred = Signal(str)
    
    def __init__(self, rect: QRect, save_dir: str, save_format: str = ""mp4""):
        super().__init__()
        self.rect = rect
        self.save_dir = save_dir
        self.save_format = save_format.lower()
        self._running = False
        
    def stop(self):",""
"Function:core/screen_recorder.py:ScreenRecorderThread.stop","stop","core/screen_recorder.py",21,22,true,"        self._running = False
        
    def stop(self):
        self._running = False
        
    def run(self):",""
"Function:core/screen_recorder.py:ScreenRecorderThread.run","run","core/screen_recorder.py",24,99,true,"        self._running = False
        
    def run(self):
        self._running = True
        try:
            if not os.path.exists(self.save_dir):
                os.makedirs(self.save_dir, exist_ok=True)
                
            ext = self.save_format
            if ext not in [""mp4"", ""webm""]:
                ext = ""mp4""
                
            filename = datetime.now().strftime(f""录屏_%Y%m%d_%H%M%S.{ext}"")
            filepath = os.path.join(self.save_dir, filename)
            
            v_left = win32api.GetSystemMetrics(win32con.SM_XVIRTUALSCREEN)
            v_top = win32api.GetSystemMetrics(win32con.SM_YVIRTUALSCREEN)
            
            # self.rect is in global physical coordinates
            left = self.rect.x() - v_left
            top = self.rect.y() - v_top
            width = self.rect.width()
            height = self.rect.height()
            
            # Ensure even dimensions for cv2
            if width % 2 != 0:
                width -= 1
            if height % 2 != 0:
                height -= 1
                
            monitor = {
                ""left"": left,
                ""top"": top,
                ""width"": width,
                ""height"": height
            }
            
            if ext == ""webm"":
                fourcc = cv2.VideoWriter_fourcc(*'VP80')
                fps = 20.0
                out = cv2.VideoWriter(filepath, fourcc, fps, (width, height))
            else:
                # Try H264 via Media Foundation backend
                fourcc = cv2.VideoWriter_fourcc(*'H264')
                fps = 20.0
                out = cv2.VideoWriter(filepath, cv2.CAP_MSMF, fourcc, fps, (width, height))
                
                # Fallback to standard MP4v if H264 fails to initialize
                if not out.isOpened():
                    fourcc = cv2.VideoWriter_fourcc(*'mp4v')
                    out = cv2.VideoWriter(filepath, fourcc, fps, (width, height))
            
            if not out.isOpened():
                self.error_occurred.emit(""无法初始化视频写入器"")
                return
                
            sct = mss.mss()
            frame_time = 1.0 / fps
            
            while self._running:
                start_time = time.time()
                
                sct_img = sct.grab(monitor)
                img = np.array(sct_img)
                # Convert BGRA to BGR
                img = cv2.cvtColor(img, cv2.COLOR_BGRA2BGR)
                out.write(img)
                
                elapsed = time.time() - start_time
                sleep_time = frame_time - elapsed
                if sleep_time > 0:
                    time.sleep(sleep_time)
                    
            out.release()
            self.finished_recording.emit(filepath)
            
        except Exception as e:
            self.error_occurred.emit(str(e))
",""
"Function:core/screenshot.py:get_accurate_window_rect","get_accurate_window_rect","core/screenshot.py",14,32,true,"DWMWA_EXTENDED_FRAME_BOUNDS = 9

def get_accurate_window_rect(hwnd):
    """"""使用 DWM 获取精确的窗口边界（去掉阴影）""""""
    rect = wintypes.RECT()
    try:
        # 尝试获取 DWM 扩展框架边界
        result = ctypes.windll.dwmapi.DwmGetWindowAttribute(
            hwnd, 
            DWMWA_EXTENDED_FRAME_BOUNDS, 
            ctypes.byref(rect), 
            ctypes.sizeof(rect)
        )
        if result == 0:
            return QRect(rect.left, rect.top, rect.right - rect.left, rect.bottom - rect.top)
    except Exception:
        pass
    
    # 回退到标准 API
    r = win32gui.GetWindowRect(hwnd)
    return QRect(r[0], r[1], r[2] - r[0], r[3] - r[1])

def is_window_valid(hwnd):",""
"Function:core/screenshot.py:is_window_valid","is_window_valid","core/screenshot.py",34,48,true,"    return QRect(r[0], r[1], r[2] - r[0], r[3] - r[1])

def is_window_valid(hwnd):
    """"""判断窗口是否可见且有效""""""
    if not win32gui.IsWindowVisible(hwnd):
        return False
    
    # 排除托盘、桌面等特殊窗口（可选）
    title = win32gui.GetWindowText(hwnd)
    cls = win32gui.GetClassName(hwnd)
    if cls in [""Progman"", ""Shell_TrayWnd""]:
        return False
        
    rect = win32gui.GetWindowRect(hwnd)
    if rect[2] - rect[0] <= 5 or rect[3] - rect[1] <= 5:
        return False
    return True

def get_all_visible_rects():",""
"Function:core/screenshot.py:get_all_visible_rects","get_all_visible_rects","core/screenshot.py",50,93,true,"    return True

def get_all_visible_rects():
    """"""获取当前屏幕所有有效窗口和可见子控件的矩形""""""
    rects = []
    
    def callback(hwnd, _):
        if is_window_valid(hwnd):
            child_rects = []
            
            def child_callback(chwnd, _):
                if is_window_valid(chwnd):
                    child_rects.append(get_accurate_window_rect(chwnd))
                return True
                
            # 尝试获取子窗口
            try:
                win32gui.EnumChildWindows(hwnd, child_callback, None)
            except Exception:
                pass
                
            # 关键修复：必须将子控件排在父窗口前面！
            # 因为 find_best_rect 会返回包含鼠标的第一个匹配项。
            # 子控件在视觉上始终处于父窗口的“上层”。
            rects.extend(child_rects)
            rects.append(get_accurate_window_rect(hwnd))
            
        return True

    win32gui.EnumWindows(callback, None)
    
    # 屏幕范围作为保底
    screen_w = win32api.GetSystemMetrics(win32con.SM_CXSCREEN)
    screen_h = win32api.GetSystemMetrics(win32con.SM_CYSCREEN)
    rects.append(QRect(0, 0, screen_w, screen_h))
    
    # 去重并排序（从小到大，方便 find_best_rect 匹配）
    unique_rects = []
    seen = set()
    for r in rects:
        t = (r.x(), r.y(), r.width(), r.height())
        if t not in seen:
            unique_rects.append(r)
            seen.add(t)
            
    return unique_rects

def get_uia_rect_at(x, y):",""
"Function:core/screenshot.py:callback","callback","core/screenshot.py",54,75,true,"    rects = []
    
    def callback(hwnd, _):
        if is_window_valid(hwnd):
            child_rects = []
            
            def child_callback(chwnd, _):
                if is_window_valid(chwnd):
                    child_rects.append(get_accurate_window_rect(chwnd))
                return True
                
            # 尝试获取子窗口
            try:
                win32gui.EnumChildWindows(hwnd, child_callback, None)
            except Exception:
                pass
                
            # 关键修复：必须将子控件排在父窗口前面！
            # 因为 find_best_rect 会返回包含鼠标的第一个匹配项。
            # 子控件在视觉上始终处于父窗口的“上层”。
            rects.extend(child_rects)
            rects.append(get_accurate_window_rect(hwnd))
            
        return True

    win32gui.EnumWindows(callback, None)",""
"Function:core/screenshot.py:child_callback","child_callback","core/screenshot.py",58,61,true,"            child_rects = []
            
            def child_callback(chwnd, _):
                if is_window_valid(chwnd):
                    child_rects.append(get_accurate_window_rect(chwnd))
                return True
                
            # 尝试获取子窗口",""
"Function:core/screenshot.py:get_uia_rect_at","get_uia_rect_at","core/screenshot.py",95,108,true,"    return unique_rects

def get_uia_rect_at(x, y):
    """"""使用 UIAutomation 获取无句柄控件的精确边界 (用于现代应用如Electron, WinUI, Chrome等)""""""
    try:
        control = auto.ControlFromPoint(x, y)
        if control:
            rect = control.BoundingRectangle
            # (left, top, right, bottom)
            w = rect.right - rect.left
            h = rect.bottom - rect.top
            if w > 0 and h > 0:
                return QRect(rect.left, rect.top, w, h)
    except Exception:
        pass
    return None
",""
"Function:core/recent.py:RecentManager.__init__","__init__","core/recent.py",12,26,false,"    items_changed = Signal(list)

    def __init__(self, max_items=30, parent=None):
        super().__init__(parent)
        self.max_items = max_items
        self.tracking_enabled = True
        self.excluded_extensions = set()
        
        ensure_windows_recent_tracking_enabled()
        
        self.history = self._load_history()
        
        self.poll_timer = QTimer(self)
        self.poll_timer.timeout.connect(self.tick_scan)
        self.poll_timer.start(2000) # Poll every 2 seconds
        
        self._last_scan_mtime = {} # path -> mtime

    def set_tracking_enabled(self, enabled):",""
"Function:core/recent.py:RecentManager.set_tracking_enabled","set_tracking_enabled","core/recent.py",28,32,true,"        self._last_scan_mtime = {} # path -> mtime

    def set_tracking_enabled(self, enabled):
        was_enabled = self.tracking_enabled
        self.tracking_enabled = enabled
        if enabled and not was_enabled:
            self.tick_scan(silent=True)

    def set_excluded_extensions(self, exts):",""
"Function:core/recent.py:RecentManager.set_excluded_extensions","set_excluded_extensions","core/recent.py",34,39,true,"            self.tick_scan(silent=True)

    def set_excluded_extensions(self, exts):
        if isinstance(exts, list):
            self.excluded_extensions = {self._normalize_ext(e): True for e in exts if e.strip()}
        else:
            self.excluded_extensions = {self._normalize_ext(k): v for k, v in exts.items() if k.strip()}
        self._purge_excluded()

    def _normalize_ext(self, ext):",""
"Function:core/recent.py:RecentManager._normalize_ext","_normalize_ext","core/recent.py",41,45,false,"        self._purge_excluded()

    def _normalize_ext(self, ext):
        ext = ext.strip().lower()
        if ext and not ext.startswith('.'):
            ext = '.' + ext
        return ext

    def _purge_excluded(self):",""
"Function:core/recent.py:RecentManager._purge_excluded","_purge_excluded","core/recent.py",47,58,false,"        return ext

    def _purge_excluded(self):
        changed = False
        new_history = []
        for item in self.history:
            if not self.excluded_extensions.get(item.get(""ext""), False):
                new_history.append(item)
            else:
                changed = True
        if changed:
            self.history = new_history
            self._save_history()
            self.items_changed.emit(self.history)

    def _load_history(self):",""
"Function:core/recent.py:RecentManager._load_history","_load_history","core/recent.py",60,67,false,"            self.items_changed.emit(self.history)

    def _load_history(self):
        if not os.path.exists(HISTORY_FILE):
            return []
        try:
            with open(HISTORY_FILE, ""r"", encoding=""utf-8"") as f:
                return json.load(f)
        except Exception:
            return []

    def _save_history(self):",""
"Function:core/recent.py:RecentManager._save_history","_save_history","core/recent.py",69,74,false,"            return []

    def _save_history(self):
        try:
            with open(HISTORY_FILE, ""w"", encoding=""utf-8"") as f:
                json.dump(self.history, f, ensure_ascii=False, indent=4)
        except Exception:
            pass

    def tick_scan(self, silent=False):",""
"Function:core/recent.py:RecentManager.tick_scan","tick_scan","core/recent.py",76,142,true,"            pass

    def tick_scan(self, silent=False):
        if not self.tracking_enabled and not silent:
            return
            
        changed = False
        
        try:
            lnk_paths = list_recent_lnk_files()
        except Exception:
            lnk_paths = []

        # Take the top N recent shortcuts to process
        for lnk in lnk_paths[:50]:
            try:
                mtime = os.path.getmtime(lnk)
            except Exception:
                continue
                
            if self._last_scan_mtime.get(lnk) == mtime:
                continue
            self._last_scan_mtime[lnk] = mtime
            
            if silent:
                continue
            
            target = resolve_lnk_target(lnk)
            if not target or not os.path.exists(target):
                continue
                
            if is_directory_target(target):
                continue
                
            _, ext = os.path.splitext(target)
            ext = self._normalize_ext(ext)
            
            if self.excluded_extensions.get(ext, False):
                continue
                
            # Add to history
            name = os.path.basename(target)
            
            # Deduplicate
            existing_idx = -1
            for i, item in enumerate(self.history):
                if item.get(""path"") == target:
                    existing_idx = i
                    break
                    
            new_item = {
                ""path"": target,
                ""name"": name,
                ""ext"": ext,
                ""is_app"": ext == "".exe"",
                ""last_seen"": time.time()
            }
            
            if existing_idx >= 0:
                self.history.pop(existing_idx)
            
            self.history.insert(0, new_item)
            changed = True
            
        if changed:
            if len(self.history) > self.max_items:
                self.history = self.history[:self.max_items]
            self._save_history()
            self.items_changed.emit(self.history)

    def clean_missing_files(self):",""
"Function:core/recent.py:RecentManager.clean_missing_files","clean_missing_files","core/recent.py",144,156,true,"            self.items_changed.emit(self.history)

    def clean_missing_files(self):
        changed = False
        new_history = []
        for item in self.history:
            if os.path.exists(item.get(""path"", """")):
                new_history.append(item)
            else:
                changed = True
                
        if changed:
            self.history = new_history
            self._save_history()
            self.items_changed.emit(self.history)

    def clear_history(self):",""
"Function:core/recent.py:RecentManager.clear_history","clear_history","core/recent.py",158,162,true,"            self.items_changed.emit(self.history)

    def clear_history(self):
        if self.history:
            self.history.clear()
            self._save_history()
            self.items_changed.emit(self.history)

    def remove_item(self, item_to_remove):",""
"Function:core/recent.py:RecentManager.remove_item","remove_item","core/recent.py",164,171,true,"            self.items_changed.emit(self.history)

    def remove_item(self, item_to_remove):
        path = item_to_remove.get(""path"") if isinstance(item_to_remove, dict) else str(item_to_remove)
        for i, item in enumerate(self.history):
            if item.get(""path"") == path:
                self.history.pop(i)
                self._save_history()
                self.items_changed.emit(self.history)
                break

    def set_history(self, new_history):",""
"Function:core/recent.py:RecentManager.set_history","set_history","core/recent.py",173,176,true,"                break

    def set_history(self, new_history):
        self.history = new_history
        self._save_history()
        self.items_changed.emit(self.history)

    def get_items(self):",""
"Function:core/recent.py:RecentManager.get_items","get_items","core/recent.py",178,180,true,"        self.items_changed.emit(self.history)

    def get_items(self):
        self.clean_missing_files()
        return self.history

    def open_item(self, item):",""
"Function:core/recent.py:RecentManager.open_item","open_item","core/recent.py",182,188,true,"        return self.history

    def open_item(self, item):
        path = item.get(""path"") if isinstance(item, dict) else str(item)
        if os.path.exists(path):
            try:
                os.startfile(path)
            except Exception as e:
                print(f""Failed to open {path}: {e}"")

    def open_item_location(self, item):",""
"Function:core/recent.py:RecentManager.open_item_location","open_item_location","core/recent.py",190,197,true,"                print(f""Failed to open {path}: {e}"")

    def open_item_location(self, item):
        path = item.get(""path"") if isinstance(item, dict) else str(item)
        if os.path.exists(path):
            import subprocess
            try:
                subprocess.run(['explorer', '/select,', os.path.normpath(path)])
            except Exception as e:
                print(f""Failed to open location for {path}: {e}"")
",""
"Function:core/notebook.py:NotebookManager.__init__","__init__","core/notebook.py",9,19,false,"    content_loaded = Signal(str)

    def __init__(self, parent=None):
        super().__init__(parent)
        self.content = """"
        
        # 防抖定时器：800ms
        self._save_timer = QTimer(self)
        self._save_timer.setSingleShot(True)
        self._save_timer.setInterval(800)
        self._save_timer.timeout.connect(self._save_to_disk)
        
        self.load_content()

    def load_content(self):",""
"Function:core/notebook.py:NotebookManager.load_content","load_content","core/notebook.py",21,30,true,"        self.load_content()

    def load_content(self):
        if os.path.exists(NOTEBOOK_FILE):
            try:
                with open(NOTEBOOK_FILE, ""r"", encoding=""utf-8"") as f:
                    data = json.load(f)
                    self.content = data.get(""content"", """")
            except Exception as e:
                print(f""Failed to load notebook: {e}"")
        self.content_loaded.emit(self.content)
        return self.content

    def update_content(self, text):",""
"Function:core/notebook.py:NotebookManager.update_content","update_content","core/notebook.py",32,35,true,"        return self.content

    def update_content(self, text):
        self.content = text
        # 每次文本改变，重新开始计时（防抖机制）
        self._save_timer.start()

    def _save_to_disk(self):",""
"Function:core/notebook.py:NotebookManager._save_to_disk","_save_to_disk","core/notebook.py",37,42,false,"        self._save_timer.start()

    def _save_to_disk(self):
        try:
            with open(NOTEBOOK_FILE, ""w"", encoding=""utf-8"") as f:
                json.dump({""content"": self.content}, f, ensure_ascii=False, indent=4)
        except Exception as e:
            print(f""Failed to save notebook: {e}"")
",""
"Function:core/hotkey.py:HotkeyManager.__init__","__init__","core/hotkey.py",8,15,false,"    action_triggered = Signal(str, object, object)

    def __init__(self, hotkeys=None, parent=None):
        super().__init__(parent)
        self.hotkeys = hotkeys or {} # e.g. {""clipboard"": ""ctrl+shift+v"", ""screenshot"": ""win+shift+s""}
        self._registered_hotkeys = {}
        self.paused = False # map name to actual hotkey string registered
        
        for name, key in self.hotkeys.items():
            self.register_hotkey(name, key)

    def register_hotkey(self, name, key):
",""
"Function:core/hotkey.py:HotkeyManager.register_hotkey","register_hotkey","core/hotkey.py",17,42,true,"            self.register_hotkey(name, key)

    def register_hotkey(self, name, key):
        if not key:
            return False
            
        try:
            # register with keyboard
            def cb(n=name):
                if getattr(self, 'paused', False):
                    return
                payload_img = None
                payload_rects = None
                if n == ""smart_screenshot"":
                    try:
                        payload_img = ImageGrab.grab(all_screens=True)
                        payload_rects = get_all_visible_rects()
                    except Exception:
                        pass
                self.action_triggered.emit(n, payload_img, payload_rects)
                
            keyboard.add_hotkey(key, cb, suppress=False)
            self._registered_hotkeys[name] = key
            self.hotkeys[name] = key
            return True
        except Exception as e:
            print(f""Failed to register hotkey {key} for {name}: {e}"")
            return False

    def update_hotkey(self, name, new_key):
",""
"Function:core/hotkey.py:HotkeyManager.cb","cb","core/hotkey.py",23,34,true,"        try:
            # register with keyboard
            def cb(n=name):
                if getattr(self, 'paused', False):
                    return
                payload_img = None
                payload_rects = None
                if n == ""smart_screenshot"":
                    try:
                        payload_img = ImageGrab.grab(all_screens=True)
                        payload_rects = get_all_visible_rects()
                    except Exception:
                        pass
                self.action_triggered.emit(n, payload_img, payload_rects)
                
            keyboard.add_hotkey(key, cb, suppress=False)
",""
"Function:core/hotkey.py:HotkeyManager.update_hotkey","update_hotkey","core/hotkey.py",44,59,true,"            return False

    def update_hotkey(self, name, new_key):
        # unregister old
        old_key = self._registered_hotkeys.get(name)
        if old_key:
            try:
                keyboard.remove_hotkey(old_key)
            except Exception:
                pass
            del self._registered_hotkeys[name]
        
        # register new
        if new_key:
            return self.register_hotkey(name, new_key)
        else:
            self.hotkeys[name] = """"
            return True

    def unregister_hotkey(self, name):
",""
"Function:core/hotkey.py:HotkeyManager.unregister_hotkey","unregister_hotkey","core/hotkey.py",61,70,true,"            return True

    def unregister_hotkey(self, name):
        old_key = self._registered_hotkeys.get(name)
        if old_key:
            try:
                keyboard.remove_hotkey(old_key)
            except Exception:
                pass
            self._registered_hotkeys.pop(name, None)
        self.hotkeys[name] = """"
        return True
",""
"Function:core/clipboard.py:ClipboardManager.__init__","__init__","core/clipboard.py",16,40,false,"    history_changed = Signal(list)

    def __init__(self, max_items=20, parent=None):
        super().__init__(parent)
        self.max_items = max_items
        self.history = self._load_history()
        self._clipboard = QApplication.clipboard()
        self.tracking_enabled = True
        self.record_text = True
        self.record_image = True
        self.picture_save_path = """"
        self.max_images = 20
        
        # Connect to clipboard data change signal
        self._clipboard.dataChanged.connect(self._on_clipboard_changed)
        
        # Debounce timer for image clipboard changes
        self._debounce_timer = QTimer(self)
        self._debounce_timer.setSingleShot(True)
        self._debounce_timer.setInterval(200)  # 200ms debounce
        self._debounce_timer.timeout.connect(self._process_clipboard)
        
        # Flag to prevent reading what we just wrote programmatically
        self.ignore_next = False
        self.last_text = None
        self.last_text_at = 0.0
        self.text_dedupe_window = 1.0

    def _load_history(self):",""
"Function:core/clipboard.py:ClipboardManager._load_history","_load_history","core/clipboard.py",42,51,false,"        self.text_dedupe_window = 1.0

    def _load_history(self):
        if not os.path.exists(HISTORY_FILE):
            return []
        try:
            with open(HISTORY_FILE, ""r"", encoding=""utf-8"") as f:
                raw = json.load(f)
                return self._dedupe_history(self._normalize_history(raw))
        except Exception as e:
            print(f""Failed to load history: {e}"")
            return []

    def _normalize_text_key(self, text):
",""
"Function:core/clipboard.py:ClipboardManager._normalize_text_key","_normalize_text_key","core/clipboard.py",53,62,false,"            return []

    def _normalize_text_key(self, text):
        import unicodedata
        import re
        text = text or """"
        # 剥离行首的常见序号和列表符号 (如 ""1. "", ""(一)"", ""- "", ""* "")
        pattern = r'(?m)^\s*(?:[\(（]?(?:[\d]+|[a-zA-Z]|[一二三四五六七八九十百千万]+)[.\)）\]、](?!\d)\s*|[•·*+\-]\s*)'
        text = re.sub(pattern, '', text)
        
        text = unicodedata.normalize(""NFKC"", text)
        return """".join(ch for ch in text if unicodedata.category(ch)[0] not in {""Z"", ""C""})

    def _dedupe_history(self, history):",""
"Function:core/clipboard.py:ClipboardManager._dedupe_history","_dedupe_history","core/clipboard.py",64,83,false,"        return """".join(ch for ch in text if unicodedata.category(ch)[0] not in {""Z"", ""C""})

    def _dedupe_history(self, history):
        deduped = []
        seen_text = set()
        seen_image = set()
        for item in history:
            if not isinstance(item, dict):
                continue
            if item.get(""type"") == ""text"":
                key = self._normalize_text_key(item.get(""value"", """"))
                if key in seen_text:
                    continue
                seen_text.add(key)
                deduped.append(item)
            elif item.get(""type"") == ""image"":
                key = item.get(""value"", """")
                if key in seen_image:
                    continue
                seen_image.add(key)
                deduped.append(item)
        return deduped

    def _normalize_history(self, raw_history):
",""
"Function:core/clipboard.py:ClipboardManager._normalize_history","_normalize_history","core/clipboard.py",85,95,false,"        return deduped

    def _normalize_history(self, raw_history):
        if not isinstance(raw_history, list):
            return []

        normalized = []
        for item in raw_history:
            if isinstance(item, dict) and item.get(""type"") in {""text"", ""image""}:
                normalized.append(item)
            elif isinstance(item, str):
                normalized.append({""type"": ""text"", ""value"": item})
        return normalized

    def _save_history(self):
",""
"Function:core/clipboard.py:ClipboardManager._save_history","_save_history","core/clipboard.py",97,102,false,"        return normalized

    def _save_history(self):
        try:
            with open(HISTORY_FILE, ""w"", encoding=""utf-8"") as f:
                json.dump(self.history, f, ensure_ascii=False, indent=4)
        except Exception as e:
            print(f""Failed to save history: {e}"")

    def _on_clipboard_changed(self, mode=QClipboard.Clipboard):
",""
"Function:core/clipboard.py:ClipboardManager._on_clipboard_changed","_on_clipboard_changed","core/clipboard.py",104,117,false,"            print(f""Failed to save history: {e}"")

    def _on_clipboard_changed(self, mode=QClipboard.Clipboard):
        if mode != QClipboard.Clipboard:
            return
            
        if not self.tracking_enabled:
            return
            
        if self.ignore_next:
            self.ignore_next = False
            return
            
        # Restart the debounce timer. If multiple changes arrive rapidly (like a screenshot),
        # only the last one will trigger the processing.
        self._debounce_timer.start()

    def _process_clipboard(self):
",""
"Function:core/clipboard.py:ClipboardManager._process_clipboard","_process_clipboard","core/clipboard.py",119,146,false,"        self._debounce_timer.start()

    def _process_clipboard(self):
        mime_data = self._clipboard.mimeData()
        if mime_data.hasUrls():
            # Windows Explorer file copy often exposes file URLs and may also
            # include the file path as text. Ignore these payloads entirely so
            # copied files do not pollute the clipboard history.
            return
        if mime_data.hasImage() and self.record_image:
            image = self._clipboard.image()
            if not image.isNull():
                import hashlib
                img_data = image.bits().tobytes()
                img_hash = hashlib.md5(img_data).hexdigest()
                if getattr(self, ""last_image_hash"", None) == img_hash:
                    return
                self.last_image_hash = img_hash
                self.add_image_item(image)
        elif mime_data.hasText() and self.record_text:
            text = mime_data.text().strip().replace('\r\n', '\n').replace('\r', '\n')
            html = mime_data.html() if mime_data.hasHtml() else None
            if text:
                normalized_text = self._normalize_text_key(text)
                now = time.monotonic()
                if getattr(self, ""last_normalized_text"", None) == normalized_text and (now - self.last_text_at) < self.text_dedupe_window:
                    return
                self.last_normalized_text = normalized_text
                self.last_text_at = now
                self.add_text_item(text, html)

    def _make_text_item(self, text, html=None):
",""
"Function:core/clipboard.py:ClipboardManager._make_text_item","_make_text_item","core/clipboard.py",148,152,false,"                self.add_text_item(text, html)

    def _make_text_item(self, text, html=None):
        item = {""type"": ""text"", ""value"": text}
        if html:
            item[""html""] = html
        return item

    def _make_image_item(self, image):
",""
"Function:core/clipboard.py:ClipboardManager._make_image_item","_make_image_item","core/clipboard.py",154,174,false,"        return item

    def _make_image_item(self, image):
        if not getattr(self, ""picture_save_path"", """"):
            from utils.path_helper import get_base_dir
            self.picture_save_path = os.path.join(get_base_dir(), ""picture"")
            
        if not os.path.exists(self.picture_save_path):
            os.makedirs(self.picture_save_path, exist_ok=True)
            
        from datetime import datetime
        filename = datetime.now().strftime(""IMG_%Y%m%d_%H%M%S_%f.png"")
        filepath = os.path.join(self.picture_save_path, filename)
        
        image.save(filepath, ""PNG"")
        
        self._manage_image_cache()
        
        return {
            ""type"": ""image"",
            ""value"": filepath,
            ""is_path"": True
        }

    def _manage_image_cache(self):
",""
"Function:core/clipboard.py:ClipboardManager._manage_image_cache","_manage_image_cache","core/clipboard.py",176,194,false,"        }

    def _manage_image_cache(self):
        if not getattr(self, ""picture_save_path"", """") or not os.path.exists(self.picture_save_path):
            return
            
        files = []
        for f in os.listdir(self.picture_save_path):
            p = os.path.join(self.picture_save_path, f)
            if os.path.isfile(p):
                files.append((p, os.path.getmtime(p)))
                
        limit = getattr(self, ""max_images"", 20)
        if len(files) > limit:
            files.sort(key=lambda x: x[1]) # oldest first
            # delete oldest until we reach limit
            for i in range(len(files) - limit):
                try:
                    os.remove(files[i][0])
                except Exception:
                    pass

    def _item_key(self, item):
",""
"Function:core/clipboard.py:ClipboardManager._item_key","_item_key","core/clipboard.py",196,203,false,"                    pass

    def _item_key(self, item):
        if item.get(""type"") == ""image"":
            return (""image"", item.get(""value"", """"))
        
        import re
        val = item.get(""value"", """")
        normalized_val = re.sub(r'\s+', '', val)
        return (""text"", normalized_val)

    def _trim_history(self):
",""
"Function:core/clipboard.py:ClipboardManager._trim_history","_trim_history","core/clipboard.py",205,207,false,"        return (""text"", normalized_val)

    def _trim_history(self):
        if len(self.history) > self.max_items:
            self.history = self.history[:self.max_items]

    def add_text_item(self, text, html=None):",""
"Function:core/clipboard.py:ClipboardManager.add_text_item","add_text_item","core/clipboard.py",209,219,true,"            self.history = self.history[:self.max_items]

    def add_text_item(self, text, html=None):
        # Remove if it already exists (deduplication)
        key = (""text"", self._normalize_text_key(text))
        self.history = [item for item in self.history if self._item_key(item) != key]
            
        # Add to top (most recent)
        self.history.insert(0, self._make_text_item(text, html))
        self._trim_history()
            
        self._save_history()
        self.history_changed.emit(self.history)

    def add_image_item(self, image):
",""
"Function:core/clipboard.py:ClipboardManager.add_image_item","add_image_item","core/clipboard.py",221,240,true,"        self.history_changed.emit(self.history)

    def add_image_item(self, image):
        item = self._make_image_item(image)
        key = self._item_key(item)
        self.history = [existing for existing in self.history if self._item_key(existing) != key]
        self.history.insert(0, item)
        self._trim_history()
        
        # Clean missing files before emitting to prevent showing blank entries
        valid_history = []
        for it in self.history:
            if it.get(""type"") == ""image"":
                val = it.get(""value"", """")
                if it.get(""is_path"", False) or val.endswith('.png'):
                    if not os.path.exists(val):
                        continue
            valid_history.append(it)
        self.history = valid_history
        
        self._save_history()
        self.history_changed.emit(self.history)

    def remove_item(self, item_to_remove):
",""
"Function:core/clipboard.py:ClipboardManager.remove_item","remove_item","core/clipboard.py",242,253,true,"        self.history_changed.emit(self.history)

    def remove_item(self, item_to_remove):
        if isinstance(item_to_remove, str):
            item_to_remove = self._make_text_item(item_to_remove)
            
        key = self._item_key(item_to_remove)
        for item in list(self.history):
            if self._item_key(item) == key:
                self.history.remove(item)
                break
                
        self._save_history()
        self.history_changed.emit(self.history)

    def clear_history(self, clear_type=""all""):
",""
"Function:core/clipboard.py:ClipboardManager.clear_history","clear_history","core/clipboard.py",255,264,true,"        self.history_changed.emit(self.history)

    def clear_history(self, clear_type=""all""):
        if clear_type == ""all"":
            self.history.clear()
        elif clear_type == ""text"":
            self.history = [item for item in self.history if item.get(""type"") != ""text""]
        elif clear_type == ""image"":
            self.history = [item for item in self.history if item.get(""type"") != ""image""]
            
        self._save_history()
        self.history_changed.emit(self.history)

    def set_history(self, new_history):",""
"Function:core/clipboard.py:ClipboardManager.set_history","set_history","core/clipboard.py",266,270,true,"        self.history_changed.emit(self.history)

    def set_history(self, new_history):
        self.history = self._dedupe_history(self._normalize_history(new_history))
        self._save_history()
        # Emit so the UI rebuilds cleanly after a drag-drop reorder
        self.history_changed.emit(self.history)

    def get_history(self):
",""
"Function:core/clipboard.py:ClipboardManager.get_history","get_history","core/clipboard.py",272,274,true,"        self.history_changed.emit(self.history)

    def get_history(self):
        self.clean_missing_files()
        return self.history

    def clean_missing_files(self):
",""
"Function:core/clipboard.py:ClipboardManager.clean_missing_files","clean_missing_files","core/clipboard.py",276,291,true,"        return self.history

    def clean_missing_files(self):
        changed = False
        valid_history = []
        for item in self.history:
            if item.get(""type"") == ""image"":
                val = item.get(""value"", """")
                if item.get(""is_path"", False) or val.endswith('.png'):
                    if not os.path.exists(val):
                        changed = True
                        continue
            valid_history.append(item)
            
        if changed:
            self.history = valid_history
            self._save_history()
            self.history_changed.emit(self.history)

    def copy_to_clipboard(self, item, as_plain_text=False):
",""
"Function:core/clipboard.py:ClipboardManager.copy_to_clipboard","copy_to_clipboard","core/clipboard.py",293,322,true,"            self.history_changed.emit(self.history)

    def copy_to_clipboard(self, item, as_plain_text=False):
        """"""Called when user clicks an item to copy it back""""""
        self.ignore_next = True
        if isinstance(item, dict) and item.get(""type"") == ""image"":
            val = item.get(""value"", """")
            image = QImage()
            if item.get(""is_path"", False) or (os.path.exists(val) and val.endswith('.png')):
                image.load(val)
            else:
                try:
                    data = base64.b64decode(val)
                    image.loadFromData(data, ""PNG"")
                except:
                    pass
            if not image.isNull():
                self._clipboard.setImage(image)
                QTimer.singleShot(50, lambda: keyboard.send(""ctrl+v""))
            else:
                self.remove_item(item)
        else:
            text = item.get(""value"", """") if isinstance(item, dict) else str(item)
            html = item.get(""html"", None) if isinstance(item, dict) else None
            
            from PySide6.QtCore import QMimeData
            mime = QMimeData()
            mime.setText(text)
            if html and not as_plain_text:
                mime.setHtml(html)
            self._clipboard.setMimeData(mime)
            QTimer.singleShot(50, lambda: keyboard.send(""ctrl+v""))


",""
"Function:桌面人偶_简洁版_Release/_internal/cv2/__init__.py:__load_extra_py_code_for_module","__load_extra_py_code_for_module","桌面人偶_简洁版_Release/_internal/cv2/__init__.py",22,45,false,"

def __load_extra_py_code_for_module(base, name, enable_debug_print=False):
    module_name = ""{}.{}"".format(__name__, name)
    export_module_name = ""{}.{}"".format(base, name)
    native_module = sys.modules.pop(module_name, None)
    try:
        py_module = importlib.import_module(module_name)
    except ImportError as err:
        if enable_debug_print:
            print(""Can't load Python code for module:"", module_name,
                  "". Reason:"", err)
        # Extension doesn't contain extra py code
        return False

    if base in sys.modules and not hasattr(sys.modules[base], name):
        setattr(sys.modules[base], name, py_module)
    sys.modules[export_module_name] = py_module
    # If it is C extension module it is already loaded by cv2 package
    if native_module:
        setattr(py_module, ""_native"", native_module)
        for k, v in filter(lambda kv: not hasattr(py_module, kv[0]),
                           native_module.__dict__.items()):
            if enable_debug_print: print('    symbol({}): {} = {}'.format(name, k, v))
            setattr(py_module, k, v)
    return True


",""
"Function:桌面人偶_简洁版_Release/_internal/cv2/__init__.py:__collect_extra_submodules","__collect_extra_submodules","桌面人偶_简洁版_Release/_internal/cv2/__init__.py",48,64,false,"

def __collect_extra_submodules(enable_debug_print=False):
    def modules_filter(module):
        return all((
             # module is not internal
             not module.startswith(""_""),
             not module.startswith(""python-""),
             # it is not a file
             os.path.isdir(os.path.join(_extra_submodules_init_path, module))
        ))
    if sys.version_info[0] < 3:
        if enable_debug_print:
            print(""Extra submodules is loaded only for Python 3"")
        return []

    __INIT_FILE_PATH = os.path.abspath(__file__)
    _extra_submodules_init_path = os.path.dirname(__INIT_FILE_PATH)
    return filter(modules_filter, os.listdir(_extra_submodules_init_path))


",""
"Function:桌面人偶_简洁版_Release/_internal/cv2/__init__.py:modules_filter","modules_filter","桌面人偶_简洁版_Release/_internal/cv2/__init__.py",49,56,true,"
def __collect_extra_submodules(enable_debug_print=False):
    def modules_filter(module):
        return all((
             # module is not internal
             not module.startswith(""_""),
             not module.startswith(""python-""),
             # it is not a file
             os.path.isdir(os.path.join(_extra_submodules_init_path, module))
        ))
    if sys.version_info[0] < 3:
        if enable_debug_print:
",""
"Function:桌面人偶_简洁版_Release/_internal/cv2/__init__.py:bootstrap","bootstrap","桌面人偶_简洁版_Release/_internal/cv2/__init__.py",67,177,true,"

def bootstrap():
    import sys

    import copy
    save_sys_path = copy.copy(sys.path)

    if hasattr(sys, 'OpenCV_LOADER'):
        print(sys.path)
        raise ImportError('ERROR: recursion is detected during loading of ""cv2"" binary extensions. Check OpenCV installation.')
    sys.OpenCV_LOADER = True

    DEBUG = False
    if hasattr(sys, 'OpenCV_LOADER_DEBUG'):
        DEBUG = True

    import platform
    if DEBUG: print('OpenCV loader: os.name=""{}""  platform.system()=""{}""'.format(os.name, str(platform.system())))

    LOADER_DIR = os.path.dirname(os.path.abspath(os.path.realpath(__file__)))

    PYTHON_EXTENSIONS_PATHS = []
    BINARIES_PATHS = []

    g_vars = globals()
    l_vars = locals().copy()

    if sys.version_info[:2] < (3, 0):
        from . load_config_py2 import exec_file_wrapper
    else:
        from . load_config_py3 import exec_file_wrapper

    def load_first_config(fnames, required=True):
        for fname in fnames:
            fpath = os.path.join(LOADER_DIR, fname)
            if not os.path.exists(fpath):
                if DEBUG: print('OpenCV loader: config not found, skip: {}'.format(fpath))
                continue
            if DEBUG: print('OpenCV loader: loading config: {}'.format(fpath))
            exec_file_wrapper(fpath, g_vars, l_vars)
            return True
        if required:
            raise ImportError('OpenCV loader: missing configuration file: {}. Check OpenCV installation.'.format(fnames))

    load_first_config(['config.py'], True)
    load_first_config([
        'config-{}.{}.py'.format(sys.version_info[0], sys.version_info[1]),
        'config-{}.py'.format(sys.version_info[0])
    ], True)

    if DEBUG: print('OpenCV loader: PYTHON_EXTENSIONS_PATHS={}'.format(str(l_vars['PYTHON_EXTENSIONS_PATHS'])))
    if DEBUG: print('OpenCV loader: BINARIES_PATHS={}'.format(str(l_vars['BINARIES_PATHS'])))

    applySysPathWorkaround = False
    if hasattr(sys, 'OpenCV_REPLACE_SYS_PATH_0'):
        applySysPathWorkaround = True
    else:
        try:
            BASE_DIR = os.path.dirname(LOADER_DIR)
            if sys.path[0] == BASE_DIR or os.path.realpath(sys.path[0]) == BASE_DIR:
                applySysPathWorkaround = True
        except:
            if DEBUG: print('OpenCV loader: exception during checking workaround for sys.path[0]')
            pass  # applySysPathWorkaround is False

    for p in reversed(l_vars['PYTHON_EXTENSIONS_PATHS']):
        sys.path.insert(1 if not applySysPathWorkaround else 0, p)

    if os.name == 'nt':
        if sys.version_info[:2] >= (3, 8):  # https://github.com/python/cpython/pull/12302
            for p in l_vars['BINARIES_PATHS']:
                try:
                    os.add_dll_directory(p)
                except Exception as e:
                    if DEBUG: print('Failed os.add_dll_directory(): '+ str(e))
                    pass
        os.environ['PATH'] = ';'.join(l_vars['BINARIES_PATHS']) + ';' + os.environ.get('PATH', '')
        if DEBUG: print('OpenCV loader: PATH={}'.format(str(os.environ['PATH'])))
    else:
        # amending of LD_LIBRARY_PATH works for sub-processes only
        os.environ['LD_LIBRARY_PATH'] = ':'.join(l_vars['BINARIES_PATHS']) + ':' + os.environ.get('LD_LIBRARY_PATH', '')

    if DEBUG: print(""Relink everything from native cv2 module to cv2 package"")

    py_module = sys.modules.pop(""cv2"")

    native_module = importlib.import_module(""cv2"")

    sys.modules[""cv2""] = py_module
    setattr(py_module, ""_native"", native_module)

    for item_name, item in filter(lambda kv: kv[0] not in (""__file__"", ""__loader__"", ""__spec__"",
                                                           ""__name__"", ""__package__""),
                                  native_module.__dict__.items()):
        if item_name not in g_vars:
            g_vars[item_name] = item

    sys.path = save_sys_path  # multiprocessing should start from bootstrap code (https://github.com/opencv/opencv/issues/18502)

    try:
        del sys.OpenCV_LOADER
    except Exception as e:
        if DEBUG:
            print(""Exception during delete OpenCV_LOADER:"", e)

    if DEBUG: print('OpenCV loader: binary extension... OK')

    for submodule in __collect_extra_submodules(DEBUG):
        if __load_extra_py_code_for_module(""cv2"", submodule, DEBUG):
            if DEBUG: print(""Extra Python code for"", submodule, ""is loaded"")

    if DEBUG: print('OpenCV loader: DONE')


",""
"Function:桌面人偶_简洁版_Release/_internal/cv2/__init__.py:load_first_config","load_first_config","桌面人偶_简洁版_Release/_internal/cv2/__init__.py",98,108,true,"        from . load_config_py3 import exec_file_wrapper

    def load_first_config(fnames, required=True):
        for fname in fnames:
            fpath = os.path.join(LOADER_DIR, fname)
            if not os.path.exists(fpath):
                if DEBUG: print('OpenCV loader: config not found, skip: {}'.format(fpath))
                continue
            if DEBUG: print('OpenCV loader: loading config: {}'.format(fpath))
            exec_file_wrapper(fpath, g_vars, l_vars)
            return True
        if required:
            raise ImportError('OpenCV loader: missing configuration file: {}. Check OpenCV installation.'.format(fnames))

    load_first_config(['config.py'], True)
",""
"Function:桌面人偶_简洁版_Release/_internal/cv2/load_config_py3.py:exec_file_wrapper","exec_file_wrapper","桌面人偶_简洁版_Release/_internal/cv2/load_config_py3.py",5,8,true,"
if sys.version_info[:2] >= (3, 0):
    def exec_file_wrapper(fpath, g_vars, l_vars):
        with open(fpath) as f:
            code = compile(f.read(), fpath, 'exec')
            exec(code, g_vars, l_vars)
",""
"Function:桌面人偶_Release/_internal/cv2/__init__.py:__load_extra_py_code_for_module","__load_extra_py_code_for_module","桌面人偶_Release/_internal/cv2/__init__.py",22,45,false,"

def __load_extra_py_code_for_module(base, name, enable_debug_print=False):
    module_name = ""{}.{}"".format(__name__, name)
    export_module_name = ""{}.{}"".format(base, name)
    native_module = sys.modules.pop(module_name, None)
    try:
        py_module = importlib.import_module(module_name)
    except ImportError as err:
        if enable_debug_print:
            print(""Can't load Python code for module:"", module_name,
                  "". Reason:"", err)
        # Extension doesn't contain extra py code
        return False

    if base in sys.modules and not hasattr(sys.modules[base], name):
        setattr(sys.modules[base], name, py_module)
    sys.modules[export_module_name] = py_module
    # If it is C extension module it is already loaded by cv2 package
    if native_module:
        setattr(py_module, ""_native"", native_module)
        for k, v in filter(lambda kv: not hasattr(py_module, kv[0]),
                           native_module.__dict__.items()):
            if enable_debug_print: print('    symbol({}): {} = {}'.format(name, k, v))
            setattr(py_module, k, v)
    return True


",""
"Function:桌面人偶_Release/_internal/cv2/__init__.py:__collect_extra_submodules","__collect_extra_submodules","桌面人偶_Release/_internal/cv2/__init__.py",48,64,false,"

def __collect_extra_submodules(enable_debug_print=False):
    def modules_filter(module):
        return all((
             # module is not internal
             not module.startswith(""_""),
             not module.startswith(""python-""),
             # it is not a file
             os.path.isdir(os.path.join(_extra_submodules_init_path, module))
        ))
    if sys.version_info[0] < 3:
        if enable_debug_print:
            print(""Extra submodules is loaded only for Python 3"")
        return []

    __INIT_FILE_PATH = os.path.abspath(__file__)
    _extra_submodules_init_path = os.path.dirname(__INIT_FILE_PATH)
    return filter(modules_filter, os.listdir(_extra_submodules_init_path))


",""
"Function:桌面人偶_Release/_internal/cv2/__init__.py:modules_filter","modules_filter","桌面人偶_Release/_internal/cv2/__init__.py",49,56,true,"
def __collect_extra_submodules(enable_debug_print=False):
    def modules_filter(module):
        return all((
             # module is not internal
             not module.startswith(""_""),
             not module.startswith(""python-""),
             # it is not a file
             os.path.isdir(os.path.join(_extra_submodules_init_path, module))
        ))
    if sys.version_info[0] < 3:
        if enable_debug_print:
",""
"Function:桌面人偶_Release/_internal/cv2/__init__.py:bootstrap","bootstrap","桌面人偶_Release/_internal/cv2/__init__.py",67,177,true,"

def bootstrap():
    import sys

    import copy
    save_sys_path = copy.copy(sys.path)

    if hasattr(sys, 'OpenCV_LOADER'):
        print(sys.path)
        raise ImportError('ERROR: recursion is detected during loading of ""cv2"" binary extensions. Check OpenCV installation.')
    sys.OpenCV_LOADER = True

    DEBUG = False
    if hasattr(sys, 'OpenCV_LOADER_DEBUG'):
        DEBUG = True

    import platform
    if DEBUG: print('OpenCV loader: os.name=""{}""  platform.system()=""{}""'.format(os.name, str(platform.system())))

    LOADER_DIR = os.path.dirname(os.path.abspath(os.path.realpath(__file__)))

    PYTHON_EXTENSIONS_PATHS = []
    BINARIES_PATHS = []

    g_vars = globals()
    l_vars = locals().copy()

    if sys.version_info[:2] < (3, 0):
        from . load_config_py2 import exec_file_wrapper
    else:
        from . load_config_py3 import exec_file_wrapper

    def load_first_config(fnames, required=True):
        for fname in fnames:
            fpath = os.path.join(LOADER_DIR, fname)
            if not os.path.exists(fpath):
                if DEBUG: print('OpenCV loader: config not found, skip: {}'.format(fpath))
                continue
            if DEBUG: print('OpenCV loader: loading config: {}'.format(fpath))
            exec_file_wrapper(fpath, g_vars, l_vars)
            return True
        if required:
            raise ImportError('OpenCV loader: missing configuration file: {}. Check OpenCV installation.'.format(fnames))

    load_first_config(['config.py'], True)
    load_first_config([
        'config-{}.{}.py'.format(sys.version_info[0], sys.version_info[1]),
        'config-{}.py'.format(sys.version_info[0])
    ], True)

    if DEBUG: print('OpenCV loader: PYTHON_EXTENSIONS_PATHS={}'.format(str(l_vars['PYTHON_EXTENSIONS_PATHS'])))
    if DEBUG: print('OpenCV loader: BINARIES_PATHS={}'.format(str(l_vars['BINARIES_PATHS'])))

    applySysPathWorkaround = False
    if hasattr(sys, 'OpenCV_REPLACE_SYS_PATH_0'):
        applySysPathWorkaround = True
    else:
        try:
            BASE_DIR = os.path.dirname(LOADER_DIR)
            if sys.path[0] == BASE_DIR or os.path.realpath(sys.path[0]) == BASE_DIR:
                applySysPathWorkaround = True
        except:
            if DEBUG: print('OpenCV loader: exception during checking workaround for sys.path[0]')
            pass  # applySysPathWorkaround is False

    for p in reversed(l_vars['PYTHON_EXTENSIONS_PATHS']):
        sys.path.insert(1 if not applySysPathWorkaround else 0, p)

    if os.name == 'nt':
        if sys.version_info[:2] >= (3, 8):  # https://github.com/python/cpython/pull/12302
            for p in l_vars['BINARIES_PATHS']:
                try:
                    os.add_dll_directory(p)
                except Exception as e:
                    if DEBUG: print('Failed os.add_dll_directory(): '+ str(e))
                    pass
        os.environ['PATH'] = ';'.join(l_vars['BINARIES_PATHS']) + ';' + os.environ.get('PATH', '')
        if DEBUG: print('OpenCV loader: PATH={}'.format(str(os.environ['PATH'])))
    else:
        # amending of LD_LIBRARY_PATH works for sub-processes only
        os.environ['LD_LIBRARY_PATH'] = ':'.join(l_vars['BINARIES_PATHS']) + ':' + os.environ.get('LD_LIBRARY_PATH', '')

    if DEBUG: print(""Relink everything from native cv2 module to cv2 package"")

    py_module = sys.modules.pop(""cv2"")

    native_module = importlib.import_module(""cv2"")

    sys.modules[""cv2""] = py_module
    setattr(py_module, ""_native"", native_module)

    for item_name, item in filter(lambda kv: kv[0] not in (""__file__"", ""__loader__"", ""__spec__"",
                                                           ""__name__"", ""__package__""),
                                  native_module.__dict__.items()):
        if item_name not in g_vars:
            g_vars[item_name] = item

    sys.path = save_sys_path  # multiprocessing should start from bootstrap code (https://github.com/opencv/opencv/issues/18502)

    try:
        del sys.OpenCV_LOADER
    except Exception as e:
        if DEBUG:
            print(""Exception during delete OpenCV_LOADER:"", e)

    if DEBUG: print('OpenCV loader: binary extension... OK')

    for submodule in __collect_extra_submodules(DEBUG):
        if __load_extra_py_code_for_module(""cv2"", submodule, DEBUG):
            if DEBUG: print(""Extra Python code for"", submodule, ""is loaded"")

    if DEBUG: print('OpenCV loader: DONE')


",""
"Function:桌面人偶_Release/_internal/cv2/__init__.py:load_first_config","load_first_config","桌面人偶_Release/_internal/cv2/__init__.py",98,108,true,"        from . load_config_py3 import exec_file_wrapper

    def load_first_config(fnames, required=True):
        for fname in fnames:
            fpath = os.path.join(LOADER_DIR, fname)
            if not os.path.exists(fpath):
                if DEBUG: print('OpenCV loader: config not found, skip: {}'.format(fpath))
                continue
            if DEBUG: print('OpenCV loader: loading config: {}'.format(fpath))
            exec_file_wrapper(fpath, g_vars, l_vars)
            return True
        if required:
            raise ImportError('OpenCV loader: missing configuration file: {}. Check OpenCV installation.'.format(fnames))

    load_first_config(['config.py'], True)
",""
"Function:桌面人偶_Release/_internal/cv2/load_config_py3.py:exec_file_wrapper","exec_file_wrapper","桌面人偶_Release/_internal/cv2/load_config_py3.py",5,8,true,"
if sys.version_info[:2] >= (3, 0):
    def exec_file_wrapper(fpath, g_vars, l_vars):
        with open(fpath) as f:
            code = compile(f.read(), fpath, 'exec')
            exec(code, g_vars, l_vars)
",""
"Function:桌面人偶_简洁版_Release/_internal/cv2/utils/__init__.py:testOverwriteNativeMethod","testOverwriteNativeMethod","桌面人偶_简洁版_Release/_internal/cv2/utils/__init__.py",9,13,true,"

def testOverwriteNativeMethod(arg):
    return NativeMethodPatchedResult(
        arg + 1,
        cv2.utils._native.testOverwriteNativeMethod(arg)
    )
",""
"Function:桌面人偶_简洁版_Release/_internal/cv2/misc/version.py:get_ocv_version","get_ocv_version","桌面人偶_简洁版_Release/_internal/cv2/misc/version.py",3,4,true,"

def get_ocv_version():
    return getattr(cv2, ""__version__"", ""unavailable"")
",""
"Function:桌面人偶_简洁版_Release/_internal/cv2/gapi/__init__.py:register","register","桌面人偶_简洁版_Release/_internal/cv2/gapi/__init__.py",6,10,true,"
# NB: Register function in specific module
def register(mname):
    def parameterized(func):
        sys.modules[mname].__dict__[func.__name__] = func
        return func
    return parameterized


",""
"Function:桌面人偶_简洁版_Release/_internal/cv2/gapi/__init__.py:parameterized","parameterized","桌面人偶_简洁版_Release/_internal/cv2/gapi/__init__.py",7,9,true,"# NB: Register function in specific module
def register(mname):
    def parameterized(func):
        sys.modules[mname].__dict__[func.__name__] = func
        return func
    return parameterized

",""
"Function:桌面人偶_简洁版_Release/_internal/cv2/gapi/__init__.py:networks","networks","桌面人偶_简洁版_Release/_internal/cv2/gapi/__init__.py",14,15,true,"
@register('cv2.gapi')
def networks(*args):
    return cv.gapi_GNetPackage(list(map(cv.detail.strip, args)))


",""
"Function:桌面人偶_简洁版_Release/_internal/cv2/gapi/__init__.py:compile_args","compile_args","桌面人偶_简洁版_Release/_internal/cv2/gapi/__init__.py",19,20,true,"
@register('cv2.gapi')
def compile_args(*args):
    return list(map(cv.GCompileArg, args))


",""
"Function:桌面人偶_简洁版_Release/_internal/cv2/gapi/__init__.py:GIn","GIn","桌面人偶_简洁版_Release/_internal/cv2/gapi/__init__.py",24,25,true,"
@register('cv2')
def GIn(*args):
    return [*args]


",""
"Function:桌面人偶_简洁版_Release/_internal/cv2/gapi/__init__.py:GOut","GOut","桌面人偶_简洁版_Release/_internal/cv2/gapi/__init__.py",29,30,true,"
@register('cv2')
def GOut(*args):
    return [*args]


",""
"Function:桌面人偶_简洁版_Release/_internal/cv2/gapi/__init__.py:gin","gin","桌面人偶_简洁版_Release/_internal/cv2/gapi/__init__.py",34,35,true,"
@register('cv2')
def gin(*args):
    return [*args]


",""
"Function:桌面人偶_简洁版_Release/_internal/cv2/gapi/__init__.py:descr_of","descr_of","桌面人偶_简洁版_Release/_internal/cv2/gapi/__init__.py",39,40,true,"
@register('cv2.gapi')
def descr_of(*args):
    return [*args]


",""
"Function:桌面人偶_简洁版_Release/_internal/cv2/gapi/__init__.py:GOpaque.__new__","__new__","桌面人偶_简洁版_Release/_internal/cv2/gapi/__init__.py",47,48,false,"    # NB: Inheritance from c++ class cause segfault.
    # So just aggregate cv.GOpaqueT instead of inheritance
    def __new__(cls, argtype):
        return cv.GOpaqueT(argtype)

    class Bool():
",""
"Function:桌面人偶_简洁版_Release/_internal/cv2/gapi/__init__.py:Bool.__new__","__new__","桌面人偶_简洁版_Release/_internal/cv2/gapi/__init__.py",51,52,false,"
    class Bool():
        def __new__(self):
            return cv.GOpaqueT(cv.gapi.CV_BOOL)

    class Int():
",""
"Function:桌面人偶_简洁版_Release/_internal/cv2/gapi/__init__.py:Int.__new__","__new__","桌面人偶_简洁版_Release/_internal/cv2/gapi/__init__.py",55,56,false,"
    class Int():
        def __new__(self):
            return cv.GOpaqueT(cv.gapi.CV_INT)

    class Int64():
",""
"Function:桌面人偶_简洁版_Release/_internal/cv2/gapi/__init__.py:Int64.__new__","__new__","桌面人偶_简洁版_Release/_internal/cv2/gapi/__init__.py",59,60,false,"
    class Int64():
        def __new__(self):
            return cv.GOpaqueT(cv.gapi.CV_INT64)

    class UInt64():
",""
"Function:桌面人偶_简洁版_Release/_internal/cv2/gapi/__init__.py:UInt64.__new__","__new__","桌面人偶_简洁版_Release/_internal/cv2/gapi/__init__.py",63,64,false,"
    class UInt64():
        def __new__(self):
            return cv.GOpaqueT(cv.gapi.CV_UINT64)

    class Double():
",""
"Function:桌面人偶_简洁版_Release/_internal/cv2/gapi/__init__.py:Double.__new__","__new__","桌面人偶_简洁版_Release/_internal/cv2/gapi/__init__.py",67,68,false,"
    class Double():
        def __new__(self):
            return cv.GOpaqueT(cv.gapi.CV_DOUBLE)

    class Float():
",""
"Function:桌面人偶_简洁版_Release/_internal/cv2/gapi/__init__.py:Float.__new__","__new__","桌面人偶_简洁版_Release/_internal/cv2/gapi/__init__.py",71,72,false,"
    class Float():
        def __new__(self):
            return cv.GOpaqueT(cv.gapi.CV_FLOAT)

    class String():
",""
"Function:桌面人偶_简洁版_Release/_internal/cv2/gapi/__init__.py:String.__new__","__new__","桌面人偶_简洁版_Release/_internal/cv2/gapi/__init__.py",75,76,false,"
    class String():
        def __new__(self):
            return cv.GOpaqueT(cv.gapi.CV_STRING)

    class Point():
",""
"Function:桌面人偶_简洁版_Release/_internal/cv2/gapi/__init__.py:Point.__new__","__new__","桌面人偶_简洁版_Release/_internal/cv2/gapi/__init__.py",79,80,false,"
    class Point():
        def __new__(self):
            return cv.GOpaqueT(cv.gapi.CV_POINT)

    class Point2f():
",""
"Function:桌面人偶_简洁版_Release/_internal/cv2/gapi/__init__.py:Point2f.__new__","__new__","桌面人偶_简洁版_Release/_internal/cv2/gapi/__init__.py",83,84,false,"
    class Point2f():
        def __new__(self):
            return cv.GOpaqueT(cv.gapi.CV_POINT2F)

    class Point3f():
",""
"Function:桌面人偶_简洁版_Release/_internal/cv2/gapi/__init__.py:Point3f.__new__","__new__","桌面人偶_简洁版_Release/_internal/cv2/gapi/__init__.py",87,88,false,"
    class Point3f():
        def __new__(self):
            return cv.GOpaqueT(cv.gapi.CV_POINT3F)

    class Size():
",""
"Function:桌面人偶_简洁版_Release/_internal/cv2/gapi/__init__.py:Size.__new__","__new__","桌面人偶_简洁版_Release/_internal/cv2/gapi/__init__.py",91,92,false,"
    class Size():
        def __new__(self):
            return cv.GOpaqueT(cv.gapi.CV_SIZE)

    class Rect():
",""
"Function:桌面人偶_简洁版_Release/_internal/cv2/gapi/__init__.py:Rect.__new__","__new__","桌面人偶_简洁版_Release/_internal/cv2/gapi/__init__.py",95,96,false,"
    class Rect():
        def __new__(self):
            return cv.GOpaqueT(cv.gapi.CV_RECT)

    class Prim():
",""
"Function:桌面人偶_简洁版_Release/_internal/cv2/gapi/__init__.py:Prim.__new__","__new__","桌面人偶_简洁版_Release/_internal/cv2/gapi/__init__.py",99,100,false,"
    class Prim():
        def __new__(self):
            return cv.GOpaqueT(cv.gapi.CV_DRAW_PRIM)

    class Any():
",""
"Function:桌面人偶_简洁版_Release/_internal/cv2/gapi/__init__.py:Any.__new__","__new__","桌面人偶_简洁版_Release/_internal/cv2/gapi/__init__.py",103,104,false,"
    class Any():
        def __new__(self):
            return cv.GOpaqueT(cv.gapi.CV_ANY)

@register('cv2')
",""
"Function:桌面人偶_简洁版_Release/_internal/cv2/gapi/__init__.py:GArray.__new__","__new__","桌面人偶_简洁版_Release/_internal/cv2/gapi/__init__.py",110,111,false,"    # NB: Inheritance from c++ class cause segfault.
    # So just aggregate cv.GArrayT instead of inheritance
    def __new__(cls, argtype):
        return cv.GArrayT(argtype)

    class Bool():
",""
"Function:桌面人偶_简洁版_Release/_internal/cv2/gapi/__init__.py:Scalar.__new__","__new__","桌面人偶_简洁版_Release/_internal/cv2/gapi/__init__.py",162,163,false,"
    class Scalar():
        def __new__(self):
            return cv.GArrayT(cv.gapi.CV_SCALAR)

    class Mat():
",""
"Function:桌面人偶_简洁版_Release/_internal/cv2/gapi/__init__.py:Mat.__new__","__new__","桌面人偶_简洁版_Release/_internal/cv2/gapi/__init__.py",166,167,false,"
    class Mat():
        def __new__(self):
            return cv.GArrayT(cv.gapi.CV_MAT)

    class GMat():
",""
"Function:桌面人偶_简洁版_Release/_internal/cv2/gapi/__init__.py:GMat.__new__","__new__","桌面人偶_简洁版_Release/_internal/cv2/gapi/__init__.py",170,171,false,"
    class GMat():
        def __new__(self):
            return cv.GArrayT(cv.gapi.CV_GMAT)

    class Prim():
",""
"Function:桌面人偶_简洁版_Release/_internal/cv2/gapi/__init__.py:op","op","桌面人偶_简洁版_Release/_internal/cv2/gapi/__init__.py",183,308,true,"
# NB: Top lvl decorator takes arguments
def op(op_id, in_types, out_types):

    garray_types= {
            cv.GArray.Bool:    cv.gapi.CV_BOOL,
            cv.GArray.Int:     cv.gapi.CV_INT,
            cv.GArray.Int64:   cv.gapi.CV_INT64,
            cv.GArray.UInt64:  cv.gapi.CV_UINT64,
            cv.GArray.Double:  cv.gapi.CV_DOUBLE,
            cv.GArray.Float:   cv.gapi.CV_FLOAT,
            cv.GArray.String:  cv.gapi.CV_STRING,
            cv.GArray.Point:   cv.gapi.CV_POINT,
            cv.GArray.Point2f: cv.gapi.CV_POINT2F,
            cv.GArray.Point3f: cv.gapi.CV_POINT3F,
            cv.GArray.Size:    cv.gapi.CV_SIZE,
            cv.GArray.Rect:    cv.gapi.CV_RECT,
            cv.GArray.Scalar:  cv.gapi.CV_SCALAR,
            cv.GArray.Mat:     cv.gapi.CV_MAT,
            cv.GArray.GMat:    cv.gapi.CV_GMAT,
            cv.GArray.Prim:    cv.gapi.CV_DRAW_PRIM,
            cv.GArray.Any:     cv.gapi.CV_ANY
    }

    gopaque_types= {
            cv.GOpaque.Size:    cv.gapi.CV_SIZE,
            cv.GOpaque.Rect:    cv.gapi.CV_RECT,
            cv.GOpaque.Bool:    cv.gapi.CV_BOOL,
            cv.GOpaque.Int:     cv.gapi.CV_INT,
            cv.GOpaque.Int64:   cv.gapi.CV_INT64,
            cv.GOpaque.UInt64:  cv.gapi.CV_UINT64,
            cv.GOpaque.Double:  cv.gapi.CV_DOUBLE,
            cv.GOpaque.Float:   cv.gapi.CV_FLOAT,
            cv.GOpaque.String:  cv.gapi.CV_STRING,
            cv.GOpaque.Point:   cv.gapi.CV_POINT,
            cv.GOpaque.Point2f: cv.gapi.CV_POINT2F,
            cv.GOpaque.Point3f: cv.gapi.CV_POINT3F,
            cv.GOpaque.Size:    cv.gapi.CV_SIZE,
            cv.GOpaque.Rect:    cv.gapi.CV_RECT,
            cv.GOpaque.Prim:    cv.gapi.CV_DRAW_PRIM,
            cv.GOpaque.Any:     cv.gapi.CV_ANY
    }

    type2str = {
        cv.gapi.CV_BOOL:      'cv.gapi.CV_BOOL' ,
        cv.gapi.CV_INT:       'cv.gapi.CV_INT' ,
        cv.gapi.CV_INT64:     'cv.gapi.CV_INT64' ,
        cv.gapi.CV_UINT64:    'cv.gapi.CV_UINT64' ,
        cv.gapi.CV_DOUBLE:    'cv.gapi.CV_DOUBLE' ,
        cv.gapi.CV_FLOAT:     'cv.gapi.CV_FLOAT' ,
        cv.gapi.CV_STRING:    'cv.gapi.CV_STRING' ,
        cv.gapi.CV_POINT:     'cv.gapi.CV_POINT' ,
        cv.gapi.CV_POINT2F:   'cv.gapi.CV_POINT2F' ,
        cv.gapi.CV_POINT3F:   'cv.gapi.CV_POINT3F' ,
        cv.gapi.CV_SIZE:      'cv.gapi.CV_SIZE',
        cv.gapi.CV_RECT:      'cv.gapi.CV_RECT',
        cv.gapi.CV_SCALAR:    'cv.gapi.CV_SCALAR',
        cv.gapi.CV_MAT:       'cv.gapi.CV_MAT',
        cv.gapi.CV_GMAT:      'cv.gapi.CV_GMAT',
        cv.gapi.CV_DRAW_PRIM: 'cv.gapi.CV_DRAW_PRIM'
    }

    # NB: Second lvl decorator takes class to decorate
    def op_with_params(cls):
        if not in_types:
            raise Exception('{} operation should have at least one input!'.format(cls.__name__))

        if not out_types:
            raise Exception('{} operation should have at least one output!'.format(cls.__name__))

        for i, t in enumerate(out_types):
            if t not in [cv.GMat, cv.GScalar, *garray_types, *gopaque_types]:
                   raise Exception('{} unsupported output type: {} in position: {}'
                           .format(cls.__name__, t.__name__, i))

        def on(*args):
            if len(in_types) != len(args):
                raise Exception('Invalid number of input elements!\nExpected: {}, Actual: {}'
                        .format(len(in_types), len(args)))

            for i, (t, a) in enumerate(zip(in_types, args)):
                if t in garray_types:
                    if not isinstance(a, cv.GArrayT):
                        raise Exception(""{} invalid type for argument {}.\nExpected: {}, Actual: {}""
                                .format(cls.__name__, i, cv.GArrayT.__name__, type(a).__name__))

                    elif a.type() != garray_types[t]:
                        raise Exception(""{} invalid GArrayT type for argument {}.\nExpected: {}, Actual: {}""
                                .format(cls.__name__, i, type2str[garray_types[t]], type2str[a.type()]))

                elif t in gopaque_types:
                    if not isinstance(a, cv.GOpaqueT):
                        raise Exception(""{} invalid type for argument {}.\nExpected: {}, Actual: {}""
                                .format(cls.__name__, i, cv.GOpaqueT.__name__, type(a).__name__))

                    elif a.type() != gopaque_types[t]:
                        raise Exception(""{} invalid GOpaque type for argument {}.\nExpected: {}, Actual: {}""
                                .format(cls.__name__, i, type2str[gopaque_types[t]], type2str[a.type()]))

                else:
                    if t != type(a):
                        raise Exception('{} invalid input type for argument {}.\nExpected: {}, Actual: {}'
                                .format(cls.__name__, i, t.__name__, type(a).__name__))

            op = cv.gapi._
... [truncated]",""
"Function:桌面人偶_简洁版_Release/_internal/cv2/gapi/__init__.py:op_with_params","op_with_params","桌面人偶_简洁版_Release/_internal/cv2/gapi/__init__.py",244,306,true,"
    # NB: Second lvl decorator takes class to decorate
    def op_with_params(cls):
        if not in_types:
            raise Exception('{} operation should have at least one input!'.format(cls.__name__))

        if not out_types:
            raise Exception('{} operation should have at least one output!'.format(cls.__name__))

        for i, t in enumerate(out_types):
            if t not in [cv.GMat, cv.GScalar, *garray_types, *gopaque_types]:
                   raise Exception('{} unsupported output type: {} in position: {}'
                           .format(cls.__name__, t.__name__, i))

        def on(*args):
            if len(in_types) != len(args):
                raise Exception('Invalid number of input elements!\nExpected: {}, Actual: {}'
                        .format(len(in_types), len(args)))

            for i, (t, a) in enumerate(zip(in_types, args)):
                if t in garray_types:
                    if not isinstance(a, cv.GArrayT):
                        raise Exception(""{} invalid type for argument {}.\nExpected: {}, Actual: {}""
                                .format(cls.__name__, i, cv.GArrayT.__name__, type(a).__name__))

                    elif a.type() != garray_types[t]:
                        raise Exception(""{} invalid GArrayT type for argument {}.\nExpected: {}, Actual: {}""
                                .format(cls.__name__, i, type2str[garray_types[t]], type2str[a.type()]))

                elif t in gopaque_types:
                    if not isinstance(a, cv.GOpaqueT):
                        raise Exception(""{} invalid type for argument {}.\nExpected: {}, Actual: {}""
                                .format(cls.__name__, i, cv.GOpaqueT.__name__, type(a).__name__))

                    elif a.type() != gopaque_types[t]:
                        raise Exception(""{} invalid GOpaque type for argument {}.\nExpected: {}, Actual: {}""
                                .format(cls.__name__, i, type2str[gopaque_types[t]], type2str[a.type()]))

                else:
                    if t != type(a):
                        raise Exception('{} invalid input type for argument {}.\nExpected: {}, Actual: {}'
                                .format(cls.__name__, i, t.__name__, type(a).__name__))

            op = cv.gapi.__op(op_id, cls.outMeta, *args)

            out_protos = []
            for i, out_type in enumerate(out_types):
                if out_type == cv.GMat:
                    out_protos.append(op.getGMat())
                elif out_type == cv.GScalar:
                    out_protos.append(op.getGScalar())
                elif out_type in gopaque_types:
                    out_protos.append(op.getGOpaque(gopaque_types[out_type]))
                elif out_type in garray_types:
                    out_protos.append(op.getGArray(garray_types[out_type]))
                else:
                    raise Exception(""""""In {}: G-API operation can't produce the output with type: {} in position: {}""""""
                            .format(cls.__name__, out_type.__name__, i))

            return tuple(out_protos) if len(out_protos) != 1 else out_protos[0]

        # NB: Extend operation class
        cls.id = op_id
        cls.on = staticmethod(on)
        return cls

    return op_with_params
",""
"Function:桌面人偶_简洁版_Release/_internal/cv2/gapi/__init__.py:on","on","桌面人偶_简洁版_Release/_internal/cv2/gapi/__init__.py",256,301,true,"                           .format(cls.__name__, t.__name__, i))

        def on(*args):
            if len(in_types) != len(args):
                raise Exception('Invalid number of input elements!\nExpected: {}, Actual: {}'
                        .format(len(in_types), len(args)))

            for i, (t, a) in enumerate(zip(in_types, args)):
                if t in garray_types:
                    if not isinstance(a, cv.GArrayT):
                        raise Exception(""{} invalid type for argument {}.\nExpected: {}, Actual: {}""
                                .format(cls.__name__, i, cv.GArrayT.__name__, type(a).__name__))

                    elif a.type() != garray_types[t]:
                        raise Exception(""{} invalid GArrayT type for argument {}.\nExpected: {}, Actual: {}""
                                .format(cls.__name__, i, type2str[garray_types[t]], type2str[a.type()]))

                elif t in gopaque_types:
                    if not isinstance(a, cv.GOpaqueT):
                        raise Exception(""{} invalid type for argument {}.\nExpected: {}, Actual: {}""
                                .format(cls.__name__, i, cv.GOpaqueT.__name__, type(a).__name__))

                    elif a.type() != gopaque_types[t]:
                        raise Exception(""{} invalid GOpaque type for argument {}.\nExpected: {}, Actual: {}""
                                .format(cls.__name__, i, type2str[gopaque_types[t]], type2str[a.type()]))

                else:
                    if t != type(a):
                        raise Exception('{} invalid input type for argument {}.\nExpected: {}, Actual: {}'
                                .format(cls.__name__, i, t.__name__, type(a).__name__))

            op = cv.gapi.__op(op_id, cls.outMeta, *args)

            out_protos = []
            for i, out_type in enumerate(out_types):
                if out_type == cv.GMat:
                    out_protos.append(op.getGMat())
                elif out_type == cv.GScalar:
                    out_protos.append(op.getGScalar())
                elif out_type in gopaque_types:
                    out_protos.append(op.getGOpaque(gopaque_types[out_type]))
                elif out_type in garray_types:
                    out_protos.append(op.getGArray(garray_types[out_type]))
                else:
                    raise Exception(""""""In {}: G-API operation can't produce the output with type: {} in position: {}""""""
                            .format(cls.__name__, out_type.__name__, i))

            return tuple(out_protos) if len(out_protos) != 1 else out_protos[0]

        # NB: Extend operation class
",""
"Function:桌面人偶_简洁版_Release/_internal/cv2/gapi/__init__.py:kernel","kernel","桌面人偶_简洁版_Release/_internal/cv2/gapi/__init__.py",311,319,true,"

def kernel(op_cls):
    # NB: Second lvl decorator takes class to decorate
    def kernel_with_params(cls):
        # NB: Add new members to kernel class
        cls.id      = op_cls.id
        cls.outMeta = op_cls.outMeta
        return cls

    return kernel_with_params


",""
"Function:桌面人偶_简洁版_Release/_internal/cv2/gapi/__init__.py:kernel_with_params","kernel_with_params","桌面人偶_简洁版_Release/_internal/cv2/gapi/__init__.py",313,317,true,"def kernel(op_cls):
    # NB: Second lvl decorator takes class to decorate
    def kernel_with_params(cls):
        # NB: Add new members to kernel class
        cls.id      = op_cls.id
        cls.outMeta = op_cls.outMeta
        return cls

    return kernel_with_params
",""
"Function:桌面人偶_简洁版_Release/_internal/cv2/mat_wrapper/__init__.py:Mat.__new__","__new__","桌面人偶_简洁版_Release/_internal/cv2/mat_wrapper/__init__.py",22,24,false,"    '''

    def __new__(cls, arr, **kwargs):
        obj = arr.view(Mat)
        return obj

    def __init__(self, arr, **kwargs):
",""
"Function:桌面人偶_简洁版_Release/_internal/cv2/mat_wrapper/__init__.py:Mat.__init__","__init__","桌面人偶_简洁版_Release/_internal/cv2/mat_wrapper/__init__.py",26,29,false,"        return obj

    def __init__(self, arr, **kwargs):
        self.wrap_channels = kwargs.pop('wrap_channels', getattr(arr, 'wrap_channels', False))
        if len(kwargs) > 0:
            raise TypeError('Unknown parameters: {}'.format(repr(kwargs)))

    def __array_finalize__(self, obj):
",""
"Function:桌面人偶_简洁版_Release/_internal/cv2/mat_wrapper/__init__.py:Mat.__array_finalize__","__array_finalize__","桌面人偶_简洁版_Release/_internal/cv2/mat_wrapper/__init__.py",31,34,false,"            raise TypeError('Unknown parameters: {}'.format(repr(kwargs)))

    def __array_finalize__(self, obj):
        if obj is None:
            return
        self.wrap_channels = getattr(obj, 'wrap_channels', None)


",""
"Function:桌面人偶_Release/_internal/cv2/utils/__init__.py:testOverwriteNativeMethod","testOverwriteNativeMethod","桌面人偶_Release/_internal/cv2/utils/__init__.py",9,13,true,"

def testOverwriteNativeMethod(arg):
    return NativeMethodPatchedResult(
        arg + 1,
        cv2.utils._native.testOverwriteNativeMethod(arg)
    )
",""
"Function:桌面人偶_Release/_internal/cv2/misc/version.py:get_ocv_version","get_ocv_version","桌面人偶_Release/_internal/cv2/misc/version.py",3,4,true,"

def get_ocv_version():
    return getattr(cv2, ""__version__"", ""unavailable"")
",""
"Function:桌面人偶_Release/_internal/cv2/gapi/__init__.py:register","register","桌面人偶_Release/_internal/cv2/gapi/__init__.py",6,10,true,"
# NB: Register function in specific module
def register(mname):
    def parameterized(func):
        sys.modules[mname].__dict__[func.__name__] = func
        return func
    return parameterized


",""
"Function:桌面人偶_Release/_internal/cv2/gapi/__init__.py:parameterized","parameterized","桌面人偶_Release/_internal/cv2/gapi/__init__.py",7,9,true,"# NB: Register function in specific module
def register(mname):
    def parameterized(func):
        sys.modules[mname].__dict__[func.__name__] = func
        return func
    return parameterized

",""
"Function:桌面人偶_Release/_internal/cv2/gapi/__init__.py:networks","networks","桌面人偶_Release/_internal/cv2/gapi/__init__.py",14,15,true,"
@register('cv2.gapi')
def networks(*args):
    return cv.gapi_GNetPackage(list(map(cv.detail.strip, args)))


",""
"Function:桌面人偶_Release/_internal/cv2/gapi/__init__.py:compile_args","compile_args","桌面人偶_Release/_internal/cv2/gapi/__init__.py",19,20,true,"
@register('cv2.gapi')
def compile_args(*args):
    return list(map(cv.GCompileArg, args))


",""
"Function:桌面人偶_Release/_internal/cv2/gapi/__init__.py:GIn","GIn","桌面人偶_Release/_internal/cv2/gapi/__init__.py",24,25,true,"
@register('cv2')
def GIn(*args):
    return [*args]


",""
"Function:桌面人偶_Release/_internal/cv2/gapi/__init__.py:GOut","GOut","桌面人偶_Release/_internal/cv2/gapi/__init__.py",29,30,true,"
@register('cv2')
def GOut(*args):
    return [*args]


",""
"Function:桌面人偶_Release/_internal/cv2/gapi/__init__.py:gin","gin","桌面人偶_Release/_internal/cv2/gapi/__init__.py",34,35,true,"
@register('cv2')
def gin(*args):
    return [*args]


",""
"Function:桌面人偶_Release/_internal/cv2/gapi/__init__.py:descr_of","descr_of","桌面人偶_Release/_internal/cv2/gapi/__init__.py",39,40,true,"
@register('cv2.gapi')
def descr_of(*args):
    return [*args]


",""
"Function:桌面人偶_Release/_internal/cv2/gapi/__init__.py:GOpaque.__new__","__new__","桌面人偶_Release/_internal/cv2/gapi/__init__.py",47,48,false,"    # NB: Inheritance from c++ class cause segfault.
    # So just aggregate cv.GOpaqueT instead of inheritance
    def __new__(cls, argtype):
        return cv.GOpaqueT(argtype)

    class Bool():
",""
"Function:桌面人偶_Release/_internal/cv2/gapi/__init__.py:Bool.__new__","__new__","桌面人偶_Release/_internal/cv2/gapi/__init__.py",51,52,false,"
    class Bool():
        def __new__(self):
            return cv.GOpaqueT(cv.gapi.CV_BOOL)

    class Int():
",""
"Function:桌面人偶_Release/_internal/cv2/gapi/__init__.py:Int.__new__","__new__","桌面人偶_Release/_internal/cv2/gapi/__init__.py",55,56,false,"
    class Int():
        def __new__(self):
            return cv.GOpaqueT(cv.gapi.CV_INT)

    class Int64():
",""
"Function:桌面人偶_Release/_internal/cv2/gapi/__init__.py:Int64.__new__","__new__","桌面人偶_Release/_internal/cv2/gapi/__init__.py",59,60,false,"
    class Int64():
        def __new__(self):
            return cv.GOpaqueT(cv.gapi.CV_INT64)

    class UInt64():
",""
"Function:桌面人偶_Release/_internal/cv2/gapi/__init__.py:UInt64.__new__","__new__","桌面人偶_Release/_internal/cv2/gapi/__init__.py",63,64,false,"
    class UInt64():
        def __new__(self):
            return cv.GOpaqueT(cv.gapi.CV_UINT64)

    class Double():
",""
"Function:桌面人偶_Release/_internal/cv2/gapi/__init__.py:Double.__new__","__new__","桌面人偶_Release/_internal/cv2/gapi/__init__.py",67,68,false,"
    class Double():
        def __new__(self):
            return cv.GOpaqueT(cv.gapi.CV_DOUBLE)

    class Float():
",""
"Function:桌面人偶_Release/_internal/cv2/gapi/__init__.py:Float.__new__","__new__","桌面人偶_Release/_internal/cv2/gapi/__init__.py",71,72,false,"
    class Float():
        def __new__(self):
            return cv.GOpaqueT(cv.gapi.CV_FLOAT)

    class String():
",""
"Function:桌面人偶_Release/_internal/cv2/gapi/__init__.py:String.__new__","__new__","桌面人偶_Release/_internal/cv2/gapi/__init__.py",75,76,false,"
    class String():
        def __new__(self):
            return cv.GOpaqueT(cv.gapi.CV_STRING)

    class Point():
",""
"Function:桌面人偶_Release/_internal/cv2/gapi/__init__.py:Point.__new__","__new__","桌面人偶_Release/_internal/cv2/gapi/__init__.py",79,80,false,"
    class Point():
        def __new__(self):
            return cv.GOpaqueT(cv.gapi.CV_POINT)

    class Point2f():
",""
"Function:桌面人偶_Release/_internal/cv2/gapi/__init__.py:Point2f.__new__","__new__","桌面人偶_Release/_internal/cv2/gapi/__init__.py",83,84,false,"
    class Point2f():
        def __new__(self):
            return cv.GOpaqueT(cv.gapi.CV_POINT2F)

    class Point3f():
",""
"Function:桌面人偶_Release/_internal/cv2/gapi/__init__.py:Point3f.__new__","__new__","桌面人偶_Release/_internal/cv2/gapi/__init__.py",87,88,false,"
    class Point3f():
        def __new__(self):
            return cv.GOpaqueT(cv.gapi.CV_POINT3F)

    class Size():
",""
"Function:桌面人偶_Release/_internal/cv2/gapi/__init__.py:Size.__new__","__new__","桌面人偶_Release/_internal/cv2/gapi/__init__.py",91,92,false,"
    class Size():
        def __new__(self):
            return cv.GOpaqueT(cv.gapi.CV_SIZE)

    class Rect():
",""
"Function:桌面人偶_Release/_internal/cv2/gapi/__init__.py:Rect.__new__","__new__","桌面人偶_Release/_internal/cv2/gapi/__init__.py",95,96,false,"
    class Rect():
        def __new__(self):
            return cv.GOpaqueT(cv.gapi.CV_RECT)

    class Prim():
",""
"Function:桌面人偶_Release/_internal/cv2/gapi/__init__.py:Prim.__new__","__new__","桌面人偶_Release/_internal/cv2/gapi/__init__.py",99,100,false,"
    class Prim():
        def __new__(self):
            return cv.GOpaqueT(cv.gapi.CV_DRAW_PRIM)

    class Any():
",""
"Function:桌面人偶_Release/_internal/cv2/gapi/__init__.py:Any.__new__","__new__","桌面人偶_Release/_internal/cv2/gapi/__init__.py",103,104,false,"
    class Any():
        def __new__(self):
            return cv.GOpaqueT(cv.gapi.CV_ANY)

@register('cv2')
",""
"Function:桌面人偶_Release/_internal/cv2/gapi/__init__.py:GArray.__new__","__new__","桌面人偶_Release/_internal/cv2/gapi/__init__.py",110,111,false,"    # NB: Inheritance from c++ class cause segfault.
    # So just aggregate cv.GArrayT instead of inheritance
    def __new__(cls, argtype):
        return cv.GArrayT(argtype)

    class Bool():
",""
"Function:桌面人偶_Release/_internal/cv2/gapi/__init__.py:Scalar.__new__","__new__","桌面人偶_Release/_internal/cv2/gapi/__init__.py",162,163,false,"
    class Scalar():
        def __new__(self):
            return cv.GArrayT(cv.gapi.CV_SCALAR)

    class Mat():
",""
"Function:桌面人偶_Release/_internal/cv2/gapi/__init__.py:Mat.__new__","__new__","桌面人偶_Release/_internal/cv2/gapi/__init__.py",166,167,false,"
    class Mat():
        def __new__(self):
            return cv.GArrayT(cv.gapi.CV_MAT)

    class GMat():
",""
"Function:桌面人偶_Release/_internal/cv2/gapi/__init__.py:GMat.__new__","__new__","桌面人偶_Release/_internal/cv2/gapi/__init__.py",170,171,false,"
    class GMat():
        def __new__(self):
            return cv.GArrayT(cv.gapi.CV_GMAT)

    class Prim():
",""
"Function:桌面人偶_Release/_internal/cv2/gapi/__init__.py:op","op","桌面人偶_Release/_internal/cv2/gapi/__init__.py",183,308,true,"
# NB: Top lvl decorator takes arguments
def op(op_id, in_types, out_types):

    garray_types= {
            cv.GArray.Bool:    cv.gapi.CV_BOOL,
            cv.GArray.Int:     cv.gapi.CV_INT,
            cv.GArray.Int64:   cv.gapi.CV_INT64,
            cv.GArray.UInt64:  cv.gapi.CV_UINT64,
            cv.GArray.Double:  cv.gapi.CV_DOUBLE,
            cv.GArray.Float:   cv.gapi.CV_FLOAT,
            cv.GArray.String:  cv.gapi.CV_STRING,
            cv.GArray.Point:   cv.gapi.CV_POINT,
            cv.GArray.Point2f: cv.gapi.CV_POINT2F,
            cv.GArray.Point3f: cv.gapi.CV_POINT3F,
            cv.GArray.Size:    cv.gapi.CV_SIZE,
            cv.GArray.Rect:    cv.gapi.CV_RECT,
            cv.GArray.Scalar:  cv.gapi.CV_SCALAR,
            cv.GArray.Mat:     cv.gapi.CV_MAT,
            cv.GArray.GMat:    cv.gapi.CV_GMAT,
            cv.GArray.Prim:    cv.gapi.CV_DRAW_PRIM,
            cv.GArray.Any:     cv.gapi.CV_ANY
    }

    gopaque_types= {
            cv.GOpaque.Size:    cv.gapi.CV_SIZE,
            cv.GOpaque.Rect:    cv.gapi.CV_RECT,
            cv.GOpaque.Bool:    cv.gapi.CV_BOOL,
            cv.GOpaque.Int:     cv.gapi.CV_INT,
            cv.GOpaque.Int64:   cv.gapi.CV_INT64,
            cv.GOpaque.UInt64:  cv.gapi.CV_UINT64,
            cv.GOpaque.Double:  cv.gapi.CV_DOUBLE,
            cv.GOpaque.Float:   cv.gapi.CV_FLOAT,
            cv.GOpaque.String:  cv.gapi.CV_STRING,
            cv.GOpaque.Point:   cv.gapi.CV_POINT,
            cv.GOpaque.Point2f: cv.gapi.CV_POINT2F,
            cv.GOpaque.Point3f: cv.gapi.CV_POINT3F,
            cv.GOpaque.Size:    cv.gapi.CV_SIZE,
            cv.GOpaque.Rect:    cv.gapi.CV_RECT,
            cv.GOpaque.Prim:    cv.gapi.CV_DRAW_PRIM,
            cv.GOpaque.Any:     cv.gapi.CV_ANY
    }

    type2str = {
        cv.gapi.CV_BOOL:      'cv.gapi.CV_BOOL' ,
        cv.gapi.CV_INT:       'cv.gapi.CV_INT' ,
        cv.gapi.CV_INT64:     'cv.gapi.CV_INT64' ,
        cv.gapi.CV_UINT64:    'cv.gapi.CV_UINT64' ,
        cv.gapi.CV_DOUBLE:    'cv.gapi.CV_DOUBLE' ,
        cv.gapi.CV_FLOAT:     'cv.gapi.CV_FLOAT' ,
        cv.gapi.CV_STRING:    'cv.gapi.CV_STRING' ,
        cv.gapi.CV_POINT:     'cv.gapi.CV_POINT' ,
        cv.gapi.CV_POINT2F:   'cv.gapi.CV_POINT2F' ,
        cv.gapi.CV_POINT3F:   'cv.gapi.CV_POINT3F' ,
        cv.gapi.CV_SIZE:      'cv.gapi.CV_SIZE',
        cv.gapi.CV_RECT:      'cv.gapi.CV_RECT',
        cv.gapi.CV_SCALAR:    'cv.gapi.CV_SCALAR',
        cv.gapi.CV_MAT:       'cv.gapi.CV_MAT',
        cv.gapi.CV_GMAT:      'cv.gapi.CV_GMAT',
        cv.gapi.CV_DRAW_PRIM: 'cv.gapi.CV_DRAW_PRIM'
    }

    # NB: Second lvl decorator takes class to decorate
    def op_with_params(cls):
        if not in_types:
            raise Exception('{} operation should have at least one input!'.format(cls.__name__))

        if not out_types:
            raise Exception('{} operation should have at least one output!'.format(cls.__name__))

        for i, t in enumerate(out_types):
            if t not in [cv.GMat, cv.GScalar, *garray_types, *gopaque_types]:
                   raise Exception('{} unsupported output type: {} in position: {}'
                           .format(cls.__name__, t.__name__, i))

        def on(*args):
            if len(in_types) != len(args):
                raise Exception('Invalid number of input elements!\nExpected: {}, Actual: {}'
                        .format(len(in_types), len(args)))

            for i, (t, a) in enumerate(zip(in_types, args)):
                if t in garray_types:
                    if not isinstance(a, cv.GArrayT):
                        raise Exception(""{} invalid type for argument {}.\nExpected: {}, Actual: {}""
                                .format(cls.__name__, i, cv.GArrayT.__name__, type(a).__name__))

                    elif a.type() != garray_types[t]:
                        raise Exception(""{} invalid GArrayT type for argument {}.\nExpected: {}, Actual: {}""
                                .format(cls.__name__, i, type2str[garray_types[t]], type2str[a.type()]))

                elif t in gopaque_types:
                    if not isinstance(a, cv.GOpaqueT):
                        raise Exception(""{} invalid type for argument {}.\nExpected: {}, Actual: {}""
                                .format(cls.__name__, i, cv.GOpaqueT.__name__, type(a).__name__))

                    elif a.type() != gopaque_types[t]:
                        raise Exception(""{} invalid GOpaque type for argument {}.\nExpected: {}, Actual: {}""
                                .format(cls.__name__, i, type2str[gopaque_types[t]], type2str[a.type()]))

                else:
                    if t != type(a):
                        raise Exception('{} invalid input type for argument {}.\nExpected: {}, Actual: {}'
                                .format(cls.__name__, i, t.__name__, type(a).__name__))

            op = cv.gapi._
... [truncated]",""
"Function:桌面人偶_Release/_internal/cv2/gapi/__init__.py:op_with_params","op_with_params","桌面人偶_Release/_internal/cv2/gapi/__init__.py",244,306,true,"
    # NB: Second lvl decorator takes class to decorate
    def op_with_params(cls):
        if not in_types:
            raise Exception('{} operation should have at least one input!'.format(cls.__name__))

        if not out_types:
            raise Exception('{} operation should have at least one output!'.format(cls.__name__))

        for i, t in enumerate(out_types):
            if t not in [cv.GMat, cv.GScalar, *garray_types, *gopaque_types]:
                   raise Exception('{} unsupported output type: {} in position: {}'
                           .format(cls.__name__, t.__name__, i))

        def on(*args):
            if len(in_types) != len(args):
                raise Exception('Invalid number of input elements!\nExpected: {}, Actual: {}'
                        .format(len(in_types), len(args)))

            for i, (t, a) in enumerate(zip(in_types, args)):
                if t in garray_types:
                    if not isinstance(a, cv.GArrayT):
                        raise Exception(""{} invalid type for argument {}.\nExpected: {}, Actual: {}""
                                .format(cls.__name__, i, cv.GArrayT.__name__, type(a).__name__))

                    elif a.type() != garray_types[t]:
                        raise Exception(""{} invalid GArrayT type for argument {}.\nExpected: {}, Actual: {}""
                                .format(cls.__name__, i, type2str[garray_types[t]], type2str[a.type()]))

                elif t in gopaque_types:
                    if not isinstance(a, cv.GOpaqueT):
                        raise Exception(""{} invalid type for argument {}.\nExpected: {}, Actual: {}""
                                .format(cls.__name__, i, cv.GOpaqueT.__name__, type(a).__name__))

                    elif a.type() != gopaque_types[t]:
                        raise Exception(""{} invalid GOpaque type for argument {}.\nExpected: {}, Actual: {}""
                                .format(cls.__name__, i, type2str[gopaque_types[t]], type2str[a.type()]))

                else:
                    if t != type(a):
                        raise Exception('{} invalid input type for argument {}.\nExpected: {}, Actual: {}'
                                .format(cls.__name__, i, t.__name__, type(a).__name__))

            op = cv.gapi.__op(op_id, cls.outMeta, *args)

            out_protos = []
            for i, out_type in enumerate(out_types):
                if out_type == cv.GMat:
                    out_protos.append(op.getGMat())
                elif out_type == cv.GScalar:
                    out_protos.append(op.getGScalar())
                elif out_type in gopaque_types:
                    out_protos.append(op.getGOpaque(gopaque_types[out_type]))
                elif out_type in garray_types:
                    out_protos.append(op.getGArray(garray_types[out_type]))
                else:
                    raise Exception(""""""In {}: G-API operation can't produce the output with type: {} in position: {}""""""
                            .format(cls.__name__, out_type.__name__, i))

            return tuple(out_protos) if len(out_protos) != 1 else out_protos[0]

        # NB: Extend operation class
        cls.id = op_id
        cls.on = staticmethod(on)
        return cls

    return op_with_params
",""
"Function:桌面人偶_Release/_internal/cv2/gapi/__init__.py:on","on","桌面人偶_Release/_internal/cv2/gapi/__init__.py",256,301,true,"                           .format(cls.__name__, t.__name__, i))

        def on(*args):
            if len(in_types) != len(args):
                raise Exception('Invalid number of input elements!\nExpected: {}, Actual: {}'
                        .format(len(in_types), len(args)))

            for i, (t, a) in enumerate(zip(in_types, args)):
                if t in garray_types:
                    if not isinstance(a, cv.GArrayT):
                        raise Exception(""{} invalid type for argument {}.\nExpected: {}, Actual: {}""
                                .format(cls.__name__, i, cv.GArrayT.__name__, type(a).__name__))

                    elif a.type() != garray_types[t]:
                        raise Exception(""{} invalid GArrayT type for argument {}.\nExpected: {}, Actual: {}""
                                .format(cls.__name__, i, type2str[garray_types[t]], type2str[a.type()]))

                elif t in gopaque_types:
                    if not isinstance(a, cv.GOpaqueT):
                        raise Exception(""{} invalid type for argument {}.\nExpected: {}, Actual: {}""
                                .format(cls.__name__, i, cv.GOpaqueT.__name__, type(a).__name__))

                    elif a.type() != gopaque_types[t]:
                        raise Exception(""{} invalid GOpaque type for argument {}.\nExpected: {}, Actual: {}""
                                .format(cls.__name__, i, type2str[gopaque_types[t]], type2str[a.type()]))

                else:
                    if t != type(a):
                        raise Exception('{} invalid input type for argument {}.\nExpected: {}, Actual: {}'
                                .format(cls.__name__, i, t.__name__, type(a).__name__))

            op = cv.gapi.__op(op_id, cls.outMeta, *args)

            out_protos = []
            for i, out_type in enumerate(out_types):
                if out_type == cv.GMat:
                    out_protos.append(op.getGMat())
                elif out_type == cv.GScalar:
                    out_protos.append(op.getGScalar())
                elif out_type in gopaque_types:
                    out_protos.append(op.getGOpaque(gopaque_types[out_type]))
                elif out_type in garray_types:
                    out_protos.append(op.getGArray(garray_types[out_type]))
                else:
                    raise Exception(""""""In {}: G-API operation can't produce the output with type: {} in position: {}""""""
                            .format(cls.__name__, out_type.__name__, i))

            return tuple(out_protos) if len(out_protos) != 1 else out_protos[0]

        # NB: Extend operation class
",""
"Function:桌面人偶_Release/_internal/cv2/gapi/__init__.py:kernel","kernel","桌面人偶_Release/_internal/cv2/gapi/__init__.py",311,319,true,"

def kernel(op_cls):
    # NB: Second lvl decorator takes class to decorate
    def kernel_with_params(cls):
        # NB: Add new members to kernel class
        cls.id      = op_cls.id
        cls.outMeta = op_cls.outMeta
        return cls

    return kernel_with_params


",""
"Function:桌面人偶_Release/_internal/cv2/gapi/__init__.py:kernel_with_params","kernel_with_params","桌面人偶_Release/_internal/cv2/gapi/__init__.py",313,317,true,"def kernel(op_cls):
    # NB: Second lvl decorator takes class to decorate
    def kernel_with_params(cls):
        # NB: Add new members to kernel class
        cls.id      = op_cls.id
        cls.outMeta = op_cls.outMeta
        return cls

    return kernel_with_params
",""
"Function:桌面人偶_Release/_internal/cv2/mat_wrapper/__init__.py:Mat.__new__","__new__","桌面人偶_Release/_internal/cv2/mat_wrapper/__init__.py",22,24,false,"    '''

    def __new__(cls, arr, **kwargs):
        obj = arr.view(Mat)
        return obj

    def __init__(self, arr, **kwargs):
",""
"Function:桌面人偶_Release/_internal/cv2/mat_wrapper/__init__.py:Mat.__init__","__init__","桌面人偶_Release/_internal/cv2/mat_wrapper/__init__.py",26,29,false,"        return obj

    def __init__(self, arr, **kwargs):
        self.wrap_channels = kwargs.pop('wrap_channels', getattr(arr, 'wrap_channels', False))
        if len(kwargs) > 0:
            raise TypeError('Unknown parameters: {}'.format(repr(kwargs)))

    def __array_finalize__(self, obj):
",""
"Function:桌面人偶_Release/_internal/cv2/mat_wrapper/__init__.py:Mat.__array_finalize__","__array_finalize__","桌面人偶_Release/_internal/cv2/mat_wrapper/__init__.py",31,34,false,"            raise TypeError('Unknown parameters: {}'.format(repr(kwargs)))

    def __array_finalize__(self, obj):
        if obj is None:
            return
        self.wrap_channels = getattr(obj, 'wrap_channels', None)


",""
