from,to,type,confidence,reason,step
"Folder:utils","File:utils/path_helper.py","CONTAINS",1,"",0
"Folder:utils","File:utils/config.py","CONTAINS",1,"",0
"Folder:ui","File:ui/sub_ball.py","CONTAINS",1,"",0
"Folder:ui","File:ui/settings.py","CONTAINS",1,"",0
"Folder:ui","File:ui/search_box.py","CONTAINS",1,"",0
"Folder:ui","File:ui/screenshot_mask.py","CONTAINS",1,"",0
"Folder:ui","File:ui/recording_border.py","CONTAINS",1,"",0
"Folder:ui","File:ui/recent_panel.py","CONTAINS",1,"",0
"Folder:ui","File:ui/recent_dialogs.py","CONTAINS",1,"",0
"Folder:ui","File:ui/panel.py","CONTAINS",1,"",0
"Folder:ui","File:ui/notebook.py","CONTAINS",1,"",0
"Folder:ui","File:ui/floating_ball.py","CONTAINS",1,"",0
"Folder:system","File:system/tray.py","CONTAINS",1,"",0
"Folder:core","File:core/windows_recent.py","CONTAINS",1,"",0
"Folder:core","File:core/screen_recorder.py","CONTAINS",1,"",0
"Folder:core","File:core/screenshot.py","CONTAINS",1,"",0
"Folder:core","File:core/recent.py","CONTAINS",1,"",0
"Folder:core","File:core/notebook.py","CONTAINS",1,"",0
"Folder:core","File:core/hotkey.py","CONTAINS",1,"",0
"Folder:core","File:core/clipboard.py","CONTAINS",1,"",0
"Folder:桌面人偶_简洁版_Release","Folder:桌面人偶_简洁版_Release/_internal","CONTAINS",1,"",0
"Folder:桌面人偶_简洁版_Release/_internal","Folder:桌面人偶_简洁版_Release/_internal/pyreadline3-3.5.4.dist-info","CONTAINS",1,"",0
"Folder:桌面人偶_简洁版_Release/_internal/pyreadline3-3.5.4.dist-info","File:桌面人偶_简洁版_Release/_internal/pyreadline3-3.5.4.dist-info/WHEEL","CONTAINS",1,"",0
"Folder:桌面人偶_简洁版_Release/_internal/pyreadline3-3.5.4.dist-info","File:桌面人偶_简洁版_Release/_internal/pyreadline3-3.5.4.dist-info/top_level.txt","CONTAINS",1,"",0
"Folder:桌面人偶_简洁版_Release/_internal/pyreadline3-3.5.4.dist-info","File:桌面人偶_简洁版_Release/_internal/pyreadline3-3.5.4.dist-info/RECORD","CONTAINS",1,"",0
"Folder:桌面人偶_简洁版_Release/_internal/pyreadline3-3.5.4.dist-info","File:桌面人偶_简洁版_Release/_internal/pyreadline3-3.5.4.dist-info/METADATA","CONTAINS",1,"",0
"Folder:桌面人偶_简洁版_Release/_internal/pyreadline3-3.5.4.dist-info","File:桌面人偶_简洁版_Release/_internal/pyreadline3-3.5.4.dist-info/INSTALLER","CONTAINS",1,"",0
"Folder:桌面人偶_简洁版_Release/_internal","Folder:桌面人偶_简洁版_Release/_internal/numpy-2.4.4.dist-info","CONTAINS",1,"",0
"Folder:桌面人偶_简洁版_Release/_internal/numpy-2.4.4.dist-info","File:桌面人偶_简洁版_Release/_internal/numpy-2.4.4.dist-info/WHEEL","CONTAINS",1,"",0
"Folder:桌面人偶_简洁版_Release/_internal/numpy-2.4.4.dist-info","File:桌面人偶_简洁版_Release/_internal/numpy-2.4.4.dist-info/RECORD","CONTAINS",1,"",0
"Folder:桌面人偶_简洁版_Release/_internal/numpy-2.4.4.dist-info","File:桌面人偶_简洁版_Release/_internal/numpy-2.4.4.dist-info/METADATA","CONTAINS",1,"",0
"Folder:桌面人偶_简洁版_Release/_internal/numpy-2.4.4.dist-info","File:桌面人偶_简洁版_Release/_internal/numpy-2.4.4.dist-info/INSTALLER","CONTAINS",1,"",0
"Folder:桌面人偶_简洁版_Release/_internal/numpy-2.4.4.dist-info","File:桌面人偶_简洁版_Release/_internal/numpy-2.4.4.dist-info/entry_points.txt","CONTAINS",1,"",0
"Folder:桌面人偶_简洁版_Release/_internal/numpy-2.4.4.dist-info","File:桌面人偶_简洁版_Release/_internal/numpy-2.4.4.dist-info/DELVEWHEEL","CONTAINS",1,"",0
"Folder:桌面人偶_简洁版_Release/_internal","Folder:桌面人偶_简洁版_Release/_internal/cv2","CONTAINS",1,"",0
"Folder:桌面人偶_简洁版_Release/_internal/cv2","File:桌面人偶_简洁版_Release/_internal/cv2/__init__.py","CONTAINS",1,"",0
"Folder:桌面人偶_简洁版_Release/_internal/cv2","File:桌面人偶_简洁版_Release/_internal/cv2/version.py","CONTAINS",1,"",0
"Folder:桌面人偶_简洁版_Release/_internal/cv2","File:桌面人偶_简洁版_Release/_internal/cv2/load_config_py3.py","CONTAINS",1,"",0
"Folder:桌面人偶_简洁版_Release/_internal/cv2","File:桌面人偶_简洁版_Release/_internal/cv2/config.py","CONTAINS",1,"",0
"Folder:桌面人偶_简洁版_Release/_internal/cv2","File:桌面人偶_简洁版_Release/_internal/cv2/config-3.py","CONTAINS",1,"",0
"Folder:桌面人偶_Release","Folder:桌面人偶_Release/_internal","CONTAINS",1,"",0
"Folder:桌面人偶_Release/_internal","Folder:桌面人偶_Release/_internal/pyreadline3-3.5.4.dist-info","CONTAINS",1,"",0
"Folder:桌面人偶_Release/_internal/pyreadline3-3.5.4.dist-info","File:桌面人偶_Release/_internal/pyreadline3-3.5.4.dist-info/WHEEL","CONTAINS",1,"",0
"Folder:桌面人偶_Release/_internal/pyreadline3-3.5.4.dist-info","File:桌面人偶_Release/_internal/pyreadline3-3.5.4.dist-info/top_level.txt","CONTAINS",1,"",0
"Folder:桌面人偶_Release/_internal/pyreadline3-3.5.4.dist-info","File:桌面人偶_Release/_internal/pyreadline3-3.5.4.dist-info/RECORD","CONTAINS",1,"",0
"Folder:桌面人偶_Release/_internal/pyreadline3-3.5.4.dist-info","File:桌面人偶_Release/_internal/pyreadline3-3.5.4.dist-info/METADATA","CONTAINS",1,"",0
"Folder:桌面人偶_Release/_internal/pyreadline3-3.5.4.dist-info","File:桌面人偶_Release/_internal/pyreadline3-3.5.4.dist-info/INSTALLER","CONTAINS",1,"",0
"Folder:桌面人偶_Release/_internal","Folder:桌面人偶_Release/_internal/numpy-2.4.4.dist-info","CONTAINS",1,"",0
"Folder:桌面人偶_Release/_internal/numpy-2.4.4.dist-info","File:桌面人偶_Release/_internal/numpy-2.4.4.dist-info/WHEEL","CONTAINS",1,"",0
"Folder:桌面人偶_Release/_internal/numpy-2.4.4.dist-info","File:桌面人偶_Release/_internal/numpy-2.4.4.dist-info/RECORD","CONTAINS",1,"",0
"Folder:桌面人偶_Release/_internal/numpy-2.4.4.dist-info","File:桌面人偶_Release/_internal/numpy-2.4.4.dist-info/METADATA","CONTAINS",1,"",0
"Folder:桌面人偶_Release/_internal/numpy-2.4.4.dist-info","File:桌面人偶_Release/_internal/numpy-2.4.4.dist-info/INSTALLER","CONTAINS",1,"",0
"Folder:桌面人偶_Release/_internal/numpy-2.4.4.dist-info","File:桌面人偶_Release/_internal/numpy-2.4.4.dist-info/entry_points.txt","CONTAINS",1,"",0
"Folder:桌面人偶_Release/_internal/numpy-2.4.4.dist-info","File:桌面人偶_Release/_internal/numpy-2.4.4.dist-info/DELVEWHEEL","CONTAINS",1,"",0
"Folder:桌面人偶_Release/_internal","Folder:桌面人偶_Release/_internal/cv2","CONTAINS",1,"",0
"Folder:桌面人偶_Release/_internal/cv2","File:桌面人偶_Release/_internal/cv2/__init__.py","CONTAINS",1,"",0
"Folder:桌面人偶_Release/_internal/cv2","File:桌面人偶_Release/_internal/cv2/version.py","CONTAINS",1,"",0
"Folder:桌面人偶_Release/_internal/cv2","File:桌面人偶_Release/_internal/cv2/load_config_py3.py","CONTAINS",1,"",0
"Folder:桌面人偶_Release/_internal/cv2","File:桌面人偶_Release/_internal/cv2/config.py","CONTAINS",1,"",0
"Folder:桌面人偶_Release/_internal/cv2","File:桌面人偶_Release/_internal/cv2/config-3.py","CONTAINS",1,"",0
"Folder:桌面人偶_简洁版_Release/_internal","Folder:桌面人偶_简洁版_Release/_internal/PySide6","CONTAINS",1,"",0
"Folder:桌面人偶_简洁版_Release/_internal/PySide6","Folder:桌面人偶_简洁版_Release/_internal/PySide6/translations","CONTAINS",1,"",0
"Folder:桌面人偶_简洁版_Release/_internal/PySide6/translations","File:桌面人偶_简洁版_Release/_internal/PySide6/translations/qt_zh_TW.qm","CONTAINS",1,"",0
"Folder:桌面人偶_简洁版_Release/_internal/PySide6/translations","File:桌面人偶_简洁版_Release/_internal/PySide6/translations/qt_zh_CN.qm","CONTAINS",1,"",0
"Folder:桌面人偶_简洁版_Release/_internal/PySide6/translations","File:桌面人偶_简洁版_Release/_internal/PySide6/translations/qt_uk.qm","CONTAINS",1,"",0
"Folder:桌面人偶_简洁版_Release/_internal/PySide6/translations","File:桌面人偶_简洁版_Release/_internal/PySide6/translations/qt_tr.qm","CONTAINS",1,"",0
"Folder:桌面人偶_简洁版_Release/_internal/PySide6/translations","File:桌面人偶_简洁版_Release/_internal/PySide6/translations/qt_sv.qm","CONTAINS",1,"",0
"Folder:桌面人偶_简洁版_Release/_internal/PySide6/translations","File:桌面人偶_简洁版_Release/_internal/PySide6/translations/qt_sl.qm","CONTAINS",1,"",0
"Folder:桌面人偶_简洁版_Release/_internal/PySide6/translations","File:桌面人偶_简洁版_Release/_internal/PySide6/translations/qt_sk.qm","CONTAINS",1,"",0
"Folder:桌面人偶_简洁版_Release/_internal/PySide6/translations","File:桌面人偶_简洁版_Release/_internal/PySide6/translations/qt_ru.qm","CONTAINS",1,"",0
"Folder:桌面人偶_简洁版_Release/_internal/PySide6/translations","File:桌面人偶_简洁版_Release/_internal/PySide6/translations/qt_pt_PT.qm","CONTAINS",1,"",0
"Folder:桌面人偶_简洁版_Release/_internal/PySide6/translations","File:桌面人偶_简洁版_Release/_internal/PySide6/translations/qt_pt_BR.qm","CONTAINS",1,"",0
"Folder:桌面人偶_简洁版_Release/_internal/PySide6/translations","File:桌面人偶_简洁版_Release/_internal/PySide6/translations/qt_pl.qm","CONTAINS",1,"",0
"Folder:桌面人偶_简洁版_Release/_internal/PySide6/translations","File:桌面人偶_简洁版_Release/_internal/PySide6/translations/qt_nn.qm","CONTAINS",1,"",0
"Folder:桌面人偶_简洁版_Release/_internal/PySide6/translations","File:桌面人偶_简洁版_Release/_internal/PySide6/translations/qt_nl.qm","CONTAINS",1,"",0
"Folder:桌面人偶_简洁版_Release/_internal/PySide6/translations","File:桌面人偶_简洁版_Release/_internal/PySide6/translations/qt_lv.qm","CONTAINS",1,"",0
"Folder:桌面人偶_简洁版_Release/_internal/PySide6/translations","File:桌面人偶_简洁版_Release/_internal/PySide6/translations/qt_lt.qm","CONTAINS",1,"",0
"Folder:桌面人偶_简洁版_Release/_internal/PySide6/translations","File:桌面人偶_简洁版_Release/_internal/PySide6/translations/qt_lg.qm","CONTAINS",1,"",0
"Folder:桌面人偶_简洁版_Release/_internal/PySide6/translations","File:桌面人偶_简洁版_Release/_internal/PySide6/translations/qt_ko.qm","CONTAINS",1,"",0
"Folder:桌面人偶_简洁版_Release/_internal/PySide6/translations","File:桌面人偶_简洁版_Release/_internal/PySide6/translations/qt_ka.qm","CONTAINS",1,"",0
"Folder:桌面人偶_简洁版_Release/_internal/PySide6/translations","File:桌面人偶_简洁版_Release/_internal/PySide6/translations/qt_ja.qm","CONTAINS",1,"",0
"Folder:桌面人偶_简洁版_Release/_internal/PySide6/translations","File:桌面人偶_简洁版_Release/_internal/PySide6/translations/qt_it.qm","CONTAINS",1,"",0
"Folder:桌面人偶_简洁版_Release/_internal/PySide6/translations","File:桌面人偶_简洁版_Release/_internal/PySide6/translations/qt_hu.qm","CONTAINS",1,"",0
"Folder:桌面人偶_简洁版_Release/_internal/PySide6/translations","File:桌面人偶_简洁版_Release/_internal/PySide6/translations/qt_hr.qm","CONTAINS",1,"",0
"Folder:桌面人偶_简洁版_Release/_internal/PySide6/translations","File:桌面人偶_简洁版_Release/_internal/PySide6/translations/qt_help_zh_TW.qm","CONTAINS",1,"",0
"Folder:桌面人偶_简洁版_Release/_internal/PySide6/translations","File:桌面人偶_简洁版_Release/_internal/PySide6/translations/qt_help_zh_CN.qm","CONTAINS",1,"",0
"Folder:桌面人偶_简洁版_Release/_internal/PySide6/translations","File:桌面人偶_简洁版_Release/_internal/PySide6/translations/qt_help_uk.qm","CONTAINS",1,"",0
"Folder:桌面人偶_简洁版_Release/_internal/PySide6/translations","File:桌面人偶_简洁版_Release/_internal/PySide6/translations/qt_help_tr.qm","CONTAINS",1,"",0
"Folder:桌面人偶_简洁版_Release/_internal/PySide6/translations","File:桌面人偶_简洁版_Release/_internal/PySide6/translations/qt_help_sv.qm","CONTAINS",1,"",0
"Folder:桌面人偶_简洁版_Release/_internal/PySide6/translations","File:桌面人偶_简洁版_Release/_internal/PySide6/translations/qt_help_sl.qm","CONTAINS",1,"",0
"Folder:桌面人偶_简洁版_Release/_internal/PySide6/translations","File:桌面人偶_简洁版_Release/_internal/PySide6/translations/qt_help_sk.qm","CONTAINS",1,"",0
"Folder:桌面人偶_简洁版_Release/_internal/PySide6/translations","File:桌面人偶_简洁版_Release/_internal/PySide6/translations/qt_help_ru.qm","CONTAINS",1,"",0
"Folder:桌面人偶_简洁版_Release/_internal/PySide6/translations","File:桌面人偶_简洁版_Release/_internal/PySide6/translations/qt_help_pt_BR.qm","CONTAINS",1,"",0
"Folder:桌面人偶_简洁版_Release/_internal/PySide6/translations","File:桌面人偶_简洁版_Release/_internal/PySide6/translations/qt_help_pl.qm","CONTAINS",1,"",0
"Folder:桌面人偶_简洁版_Release/_internal/PySide6/translations","File:桌面人偶_简洁版_Release/_internal/PySide6/translations/qt_help_nn.qm","CONTAINS",1,"",0
"Folder:桌面人偶_简洁版_Release/_internal/PySide6/translations","File:桌面人偶_简洁版_Release/_internal/PySide6/translations/qt_help_nl.qm","CONTAINS",1,"",0
"Folder:桌面人偶_简洁版_Release/_internal/PySide6/translations","File:桌面人偶_简洁版_Release/_internal/PySide6/translations/qt_help_ko.qm","CONTAINS",1,"",0
"Folder:桌面人偶_简洁版_Release/_internal/PySide6/translations","File:桌面人偶_简洁版_Release/_internal/PySide6/translations/qt_help_ka.qm","CONTAINS",1,"",0
"Folder:桌面人偶_简洁版_Release/_internal/PySide6/translations","File:桌面人偶_简洁版_Release/_internal/PySide6/translations/qt_help_ja.qm","CONTAINS",1,"",0
"Folder:桌面人偶_简洁版_Release/_internal/PySide6/translations","File:桌面人偶_简洁版_Release/_internal/PySide6/translations/qt_help_it.qm","CONTAINS",1,"",0
"Folder:桌面人偶_简洁版_Release/_internal/PySide6/translations","File:桌面人偶_简洁版_Release/_internal/PySide6/translations/qt_help_hu.qm","CONTAINS",1,"",0
"Folder:桌面人偶_简洁版_Release/_internal/PySide6/translations","File:桌面人偶_简洁版_Release/_internal/PySide6/translations/qt_help_hr.qm","CONTAINS",1,"",0
"Folder:桌面人偶_简洁版_Release/_internal/PySide6/translations","File:桌面人偶_简洁版_Release/_internal/PySide6/translations/qt_help_gl.qm","CONTAINS",1,"",0
"Folder:桌面人偶_简洁版_Release/_internal/PySide6/translations","File:桌面人偶_简洁版_Release/_internal/PySide6/translations/qt_help_fr.qm","CONTAINS",1,"",0
"Folder:桌面人偶_简洁版_Release/_internal/PySide6/translations","File:桌面人偶_简洁版_Release/_internal/PySide6/translations/qt_help_es.qm","CONTAINS",1,"",0
"Folder:桌面人偶_简洁版_Release/_internal/PySide6/translations","File:桌面人偶_简洁版_Release/_internal/PySide6/translations/qt_help_en.qm","CONTAINS",1,"",0
"Folder:桌面人偶_简洁版_Release/_internal/PySide6/translations","File:桌面人偶_简洁版_Release/_internal/PySide6/translations/qt_help_de.qm","CONTAINS",1,"",0
"Folder:桌面人偶_简洁版_Release/_internal/PySide6/translations","File:桌面人偶_简洁版_Release/_internal/PySide6/translations/qt_help_da.qm","CONTAINS",1,"",0
"Folder:桌面人偶_简洁版_Release/_internal/PySide6/translations","File:桌面人偶_简洁版_Release/_internal/PySide6/translations/qt_help_cs.qm","CONTAINS",1,"",0
"Folder:桌面人偶_简洁版_Release/_internal/PySide6/translations","File:桌面人偶_简洁版_Release/_internal/PySide6/translations/qt_help_ca.qm","CONTAINS",1,"",0
"Folder:桌面人偶_简洁版_Release/_internal/PySide6/translations","File:桌面人偶_简洁版_Release/_internal/PySide6/translations/qt_help_bg.qm","CONTAINS",1,"",0
"Folder:桌面人偶_简洁版_Release/_internal/PySide6/translations","File:桌面人偶_简洁版_Release/_internal/PySide6/translations/qt_help_ar.qm","CONTAINS",1,"",0
"Folder:桌面人偶_简洁版_Release/_internal/PySide6/translations","File:桌面人偶_简洁版_Release/_internal/PySide6/translations/qt_he.qm","CONTAINS",1,"",0
"Folder:桌面人偶_简洁版_Release/_internal/PySide6/translations","File:桌面人偶_简洁版_Release/_internal/PySide6/translations/qt_gl.qm","CONTAINS",1,"",0
"Folder:桌面人偶_简洁版_Release/_internal/PySide6/translations","File:桌面人偶_简洁版_Release/_internal/PySide6/translations/qt_gd.qm","CONTAINS",1,"",0
"Folder:桌面人偶_简洁版_Release/_internal/PySide6/translations","File:桌面人偶_简洁版_Release/_internal/PySide6/translations/qt_fr.qm","CONTAINS",1,"",0
"Folder:桌面人偶_简洁版_Release/_internal/PySide6/translations","File:桌面人偶_简洁版_Release/_internal/PySide6/translations/qt_fi.qm","CONTAINS",1,"",0
"Folder:桌面人偶_简洁版_Release/_internal/PySide6/translations","File:桌面人偶_简洁版_Release/_internal/PySide6/translations/qt_fa.qm","CONTAINS",1,"",0
"Folder:桌面人偶_简洁版_Release/_internal/PySide6/translations","File:桌面人偶_简洁版_Release/_internal/PySide6/translations/qt_es.qm","CONTAINS",1,"",0
"Folder:桌面人偶_简洁版_Release/_internal/PySide6/translations","File:桌面人偶_简洁版_Release/_internal/PySide6/translations/qt_en.qm","CONTAINS",1,"",0
"Folder:桌面人偶_简洁版_Release/_internal/PySide6/translations","File:桌面人偶_简洁版_Release/_internal/PySide6/translations/qt_de.qm","CONTAINS",1,"",0
"Folder:桌面人偶_简洁版_Release/_internal/PySide6/translations","File:桌面人偶_简洁版_Release/_internal/PySide6/translations/qt_da.qm","CONTAINS",1,"",0
"Folder:桌面人偶_简洁版_Release/_internal/PySide6/translations","File:桌面人偶_简洁版_Release/_internal/PySide6/translations/qt_cs.qm","CONTAINS",1,"",0
"Folder:桌面人偶_简洁版_Release/_internal/PySide6/translations","File:桌面人偶_简洁版_Release/_internal/PySide6/translations/qt_ca.qm","CONTAINS",1,"",0
"Folder:桌面人偶_简洁版_Release/_internal/PySide6/translations","File:桌面人偶_简洁版_Release/_internal/PySide6/translations/qt_bg.qm","CONTAINS",1,"",0
"Folder:桌面人偶_简洁版_Release/_internal/PySide6/translations","File:桌面人偶_简洁版_Release/_internal/PySide6/translations/qt_ar.qm","CONTAINS",1,"",0
"Folder:桌面人偶_简洁版_Release/_internal/PySide6/translations","File:桌面人偶_简洁版_Release/_internal/PySide6/translations/qtbase_zh_TW.qm","CONTAINS",1,"",0
"Folder:桌面人偶_简洁版_Release/_internal/PySide6/translations","File:桌面人偶_简洁版_Release/_internal/PySide6/translations/qtbase_zh_CN.qm","CONTAINS",1,"",0
"Folder:桌面人偶_简洁版_Release/_internal/PySide6/translations","File:桌面人偶_简洁版_Release/_internal/PySide6/translations/qtbase_uk.qm","CONTAINS",1,"",0
"Folder:桌面人偶_简洁版_Release/_internal/PySide6/translations","File:桌面人偶_简洁版_Release/_internal/PySide6/translations/qtbase_tr.qm","CONTAINS",1,"",0
"Folder:桌面人偶_简洁版_Release/_internal/PySide6/translations","File:桌面人偶_简洁版_Release/_internal/PySide6/translations/qtbase_sv.qm","CONTAINS",1,"",0
"Folder:桌面人偶_简洁版_Release/_internal/PySide6/translations","File:桌面人偶_简洁版_Release/_internal/PySide6/translations/qtbase_sk.qm","CONTAINS",1,"",0
"Folder:桌面人偶_简洁版_Release/_internal/PySide6/translations","File:桌面人偶_简洁版_Release/_internal/PySide6/translations/qtbase_ru.qm","CONTAINS",1,"",0
"Folder:桌面人偶_简洁版_Release/_internal/PySide6/translations","File:桌面人偶_简洁版_Release/_internal/PySide6/translations/qtbase_pt_BR.qm","CONTAINS",1,"",0
"Folder:桌面人偶_简洁版_Release/_internal/PySide6/translations","File:桌面人偶_简洁版_Release/_internal/PySide6/translations/qtbase_pl.qm","CONTAINS",1,"",0
"Folder:桌面人偶_简洁版_Release/_internal/PySide6/translations","File:桌面人偶_简洁版_Release/_internal/PySide6/translations/qtbase_nn.qm","CONTAINS",1,"",0
"Folder:桌面人偶_简洁版_Release/_internal/PySide6/translations","File:桌面人偶_简洁版_Release/_internal/PySide6/translations/qtbase_nl.qm","CONTAINS",1,"",0
"Folder:桌面人偶_简洁版_Release/_internal/PySide6/translations","File:桌面人偶_简洁版_Release/_internal/PySide6/translations/qtbase_lv.qm","CONTAINS",1,"",0
"Folder:桌面人偶_简洁版_Release/_internal/PySide6/translations","File:桌面人偶_简洁版_Release/_internal/PySide6/translations/qtbase_lg.qm","CONTAINS",1,"",0
"Folder:桌面人偶_简洁版_Release/_internal/PySide6/translations","File:桌面人偶_简洁版_Release/_internal/PySide6/translations/qtbase_ko.qm","CONTAINS",1,"",0
"Folder:桌面人偶_简洁版_Release/_internal/PySide6/translations","File:桌面人偶_简洁版_Release/_internal/PySide6/translations/qtbase_ka.qm","CONTAINS",1,"",0
"Folder:桌面人偶_简洁版_Release/_internal/PySide6/translations","File:桌面人偶_简洁版_Release/_internal/PySide6/translations/qtbase_ja.qm","CONTAINS",1,"",0
"Folder:桌面人偶_简洁版_Release/_internal/PySide6/translations","File:桌面人偶_简洁版_Release/_internal/PySide6/translations/qtbase_it.qm","CONTAINS",1,"",0
"Folder:桌面人偶_简洁版_Release/_internal/PySide6/translations","File:桌面人偶_简洁版_Release/_internal/PySide6/translations/qtbase_hu.qm","CONTAINS",1,"",0
"Folder:桌面人偶_简洁版_Release/_internal/PySide6/translations","File:桌面人偶_简洁版_Release/_internal/PySide6/translations/qtbase_hr.qm","CONTAINS",1,"",0
"Folder:桌面人偶_简洁版_Release/_internal/PySide6/translations","File:桌面人偶_简洁版_Release/_internal/PySide6/translations/qtbase_he.qm","CONTAINS",1,"",0
"Folder:桌面人偶_简洁版_Release/_internal/PySide6/translations","File:桌面人偶_简洁版_Release/_internal/PySide6/translations/qtbase_gd.qm","CONTAINS",1,"",0
"Folder:桌面人偶_简洁版_Release/_internal/PySide6/translations","File:桌面人偶_简洁版_Release/_internal/PySide6/translations/qtbase_fr.qm","CONTAINS",1,"",0
"Folder:桌面人偶_简洁版_Release/_internal/PySide6/translations","File:桌面人偶_简洁版_Release/_internal/PySide6/translations/qtbase_fi.qm","CONTAINS",1,"",0
"Folder:桌面人偶_简洁版_Release/_internal/PySide6/translations","File:桌面人偶_简洁版_Release/_internal/PySide6/translations/qtbase_fa.qm","CONTAINS",1,"",0
"Folder:桌面人偶_简洁版_Release/_internal/PySide6/translations","File:桌面人偶_简洁版_Release/_internal/PySide6/translations/qtbase_es.qm","CONTAINS",1,"",0
"Folder:桌面人偶_简洁版_Release/_internal/PySide6/translations","File:桌面人偶_简洁版_Release/_internal/PySide6/translations/qtbase_en.qm","CONTAINS",1,"",0
"Folder:桌面人偶_简洁版_Release/_internal/PySide6/translations","File:桌面人偶_简洁版_Release/_internal/PySide6/translations/qtbase_de.qm","CONTAINS",1,"",0
"Folder:桌面人偶_简洁版_Release/_internal/PySide6/translations","File:桌面人偶_简洁版_Release/_internal/PySide6/translations/qtbase_da.qm","CONTAINS",1,"",0
"Folder:桌面人偶_简洁版_Release/_internal/PySide6/translations","File:桌面人偶_简洁版_Release/_internal/PySide6/translations/qtbase_cs.qm","CONTAINS",1,"",0
"Folder:桌面人偶_简洁版_Release/_internal/PySide6/translations","File:桌面人偶_简洁版_Release/_internal/PySide6/translations/qtbase_ca.qm","CONTAINS",1,"",0
"Folder:桌面人偶_简洁版_Release/_internal/PySide6/translations","File:桌面人偶_简洁版_Release/_internal/PySide6/translations/qtbase_bg.qm","CONTAINS",1,"",0
"Folder:桌面人偶_简洁版_Release/_internal/PySide6/translations","File:桌面人偶_简洁版_Release/_internal/PySide6/translations/qtbase_ar.qm","CONTAINS",1,"",0
"Folder:桌面人偶_简洁版_Release/_internal/cv2","Folder:桌面人偶_简洁版_Release/_internal/cv2/utils","CONTAINS",1,"",0
"Folder:桌面人偶_简洁版_Release/_internal/cv2/utils","File:桌面人偶_简洁版_Release/_internal/cv2/utils/__init__.py","CONTAINS",1,"",0
"Folder:桌面人偶_简洁版_Release/_internal/cv2","Folder:桌面人偶_简洁版_Release/_internal/cv2/misc","CONTAINS",1,"",0
"Folder:桌面人偶_简洁版_Release/_internal/cv2/misc","File:桌面人偶_简洁版_Release/_internal/cv2/misc/__init__.py","CONTAINS",1,"",0
"Folder:桌面人偶_简洁版_Release/_internal/cv2/misc","File:桌面人偶_简洁版_Release/_internal/cv2/misc/version.py","CONTAINS",1,"",0
"Folder:桌面人偶_简洁版_Release/_internal/cv2","Folder:桌面人偶_简洁版_Release/_internal/cv2/typing","CONTAINS",1,"",0
"Folder:桌面人偶_简洁版_Release/_internal/cv2/typing","File:桌面人偶_简洁版_Release/_internal/cv2/typing/__init__.py","CONTAINS",1,"",0
"Folder:桌面人偶_简洁版_Release/_internal/cv2","Folder:桌面人偶_简洁版_Release/_internal/cv2/gapi","CONTAINS",1,"",0
"Folder:桌面人偶_简洁版_Release/_internal/cv2/gapi","File:桌面人偶_简洁版_Release/_internal/cv2/gapi/__init__.py","CONTAINS",1,"",0
"Folder:桌面人偶_简洁版_Release/_internal/cv2","Folder:桌面人偶_简洁版_Release/_internal/cv2/mat_wrapper","CONTAINS",1,"",0
"Folder:桌面人偶_简洁版_Release/_internal/cv2/mat_wrapper","File:桌面人偶_简洁版_Release/_internal/cv2/mat_wrapper/__init__.py","CONTAINS",1,"",0
"Folder:桌面人偶_简洁版_Release/_internal/cv2","Folder:桌面人偶_简洁版_Release/_internal/cv2/data","CONTAINS",1,"",0
"Folder:桌面人偶_简洁版_Release/_internal/cv2/data","File:桌面人偶_简洁版_Release/_internal/cv2/data/__init__.py","CONTAINS",1,"",0
"Folder:桌面人偶_Release/_internal","Folder:桌面人偶_Release/_internal/PySide6","CONTAINS",1,"",0
"Folder:桌面人偶_Release/_internal/PySide6","Folder:桌面人偶_Release/_internal/PySide6/translations","CONTAINS",1,"",0
"Folder:桌面人偶_Release/_internal/PySide6/translations","File:桌面人偶_Release/_internal/PySide6/translations/qt_zh_TW.qm","CONTAINS",1,"",0
"Folder:桌面人偶_Release/_internal/PySide6/translations","File:桌面人偶_Release/_internal/PySide6/translations/qt_zh_CN.qm","CONTAINS",1,"",0
"Folder:桌面人偶_Release/_internal/PySide6/translations","File:桌面人偶_Release/_internal/PySide6/translations/qt_uk.qm","CONTAINS",1,"",0
"Folder:桌面人偶_Release/_internal/PySide6/translations","File:桌面人偶_Release/_internal/PySide6/translations/qt_tr.qm","CONTAINS",1,"",0
"Folder:桌面人偶_Release/_internal/PySide6/translations","File:桌面人偶_Release/_internal/PySide6/translations/qt_sv.qm","CONTAINS",1,"",0
"Folder:桌面人偶_Release/_internal/PySide6/translations","File:桌面人偶_Release/_internal/PySide6/translations/qt_sl.qm","CONTAINS",1,"",0
"Folder:桌面人偶_Release/_internal/PySide6/translations","File:桌面人偶_Release/_internal/PySide6/translations/qt_sk.qm","CONTAINS",1,"",0
"Folder:桌面人偶_Release/_internal/PySide6/translations","File:桌面人偶_Release/_internal/PySide6/translations/qt_ru.qm","CONTAINS",1,"",0
"Folder:桌面人偶_Release/_internal/PySide6/translations","File:桌面人偶_Release/_internal/PySide6/translations/qt_pt_PT.qm","CONTAINS",1,"",0
"Folder:桌面人偶_Release/_internal/PySide6/translations","File:桌面人偶_Release/_internal/PySide6/translations/qt_pt_BR.qm","CONTAINS",1,"",0
"Folder:桌面人偶_Release/_internal/PySide6/translations","File:桌面人偶_Release/_internal/PySide6/translations/qt_pl.qm","CONTAINS",1,"",0
"Folder:桌面人偶_Release/_internal/PySide6/translations","File:桌面人偶_Release/_internal/PySide6/translations/qt_nn.qm","CONTAINS",1,"",0
"Folder:桌面人偶_Release/_internal/PySide6/translations","File:桌面人偶_Release/_internal/PySide6/translations/qt_nl.qm","CONTAINS",1,"",0
"Folder:桌面人偶_Release/_internal/PySide6/translations","File:桌面人偶_Release/_internal/PySide6/translations/qt_lv.qm","CONTAINS",1,"",0
"Folder:桌面人偶_Release/_internal/PySide6/translations","File:桌面人偶_Release/_internal/PySide6/translations/qt_lt.qm","CONTAINS",1,"",0
"Folder:桌面人偶_Release/_internal/PySide6/translations","File:桌面人偶_Release/_internal/PySide6/translations/qt_lg.qm","CONTAINS",1,"",0
"Folder:桌面人偶_Release/_internal/PySide6/translations","File:桌面人偶_Release/_internal/PySide6/translations/qt_ko.qm","CONTAINS",1,"",0
"Folder:桌面人偶_Release/_internal/PySide6/translations","File:桌面人偶_Release/_internal/PySide6/translations/qt_ka.qm","CONTAINS",1,"",0
"Folder:桌面人偶_Release/_internal/PySide6/translations","File:桌面人偶_Release/_internal/PySide6/translations/qt_ja.qm","CONTAINS",1,"",0
"Folder:桌面人偶_Release/_internal/PySide6/translations","File:桌面人偶_Release/_internal/PySide6/translations/qt_it.qm","CONTAINS",1,"",0
"Folder:桌面人偶_Release/_internal/PySide6/translations","File:桌面人偶_Release/_internal/PySide6/translations/qt_hu.qm","CONTAINS",1,"",0
"Folder:桌面人偶_Release/_internal/PySide6/translations","File:桌面人偶_Release/_internal/PySide6/translations/qt_hr.qm","CONTAINS",1,"",0
"Folder:桌面人偶_Release/_internal/PySide6/translations","File:桌面人偶_Release/_internal/PySide6/translations/qt_help_zh_TW.qm","CONTAINS",1,"",0
"Folder:桌面人偶_Release/_internal/PySide6/translations","File:桌面人偶_Release/_internal/PySide6/translations/qt_help_zh_CN.qm","CONTAINS",1,"",0
"Folder:桌面人偶_Release/_internal/PySide6/translations","File:桌面人偶_Release/_internal/PySide6/translations/qt_help_uk.qm","CONTAINS",1,"",0
"Folder:桌面人偶_Release/_internal/PySide6/translations","File:桌面人偶_Release/_internal/PySide6/translations/qt_help_tr.qm","CONTAINS",1,"",0
"Folder:桌面人偶_Release/_internal/PySide6/translations","File:桌面人偶_Release/_internal/PySide6/translations/qt_help_sv.qm","CONTAINS",1,"",0
"Folder:桌面人偶_Release/_internal/PySide6/translations","File:桌面人偶_Release/_internal/PySide6/translations/qt_help_sl.qm","CONTAINS",1,"",0
"Folder:桌面人偶_Release/_internal/PySide6/translations","File:桌面人偶_Release/_internal/PySide6/translations/qt_help_sk.qm","CONTAINS",1,"",0
"Folder:桌面人偶_Release/_internal/PySide6/translations","File:桌面人偶_Release/_internal/PySide6/translations/qt_help_ru.qm","CONTAINS",1,"",0
"Folder:桌面人偶_Release/_internal/PySide6/translations","File:桌面人偶_Release/_internal/PySide6/translations/qt_help_pt_BR.qm","CONTAINS",1,"",0
"Folder:桌面人偶_Release/_internal/PySide6/translations","File:桌面人偶_Release/_internal/PySide6/translations/qt_help_pl.qm","CONTAINS",1,"",0
"Folder:桌面人偶_Release/_internal/PySide6/translations","File:桌面人偶_Release/_internal/PySide6/translations/qt_help_nn.qm","CONTAINS",1,"",0
"Folder:桌面人偶_Release/_internal/PySide6/translations","File:桌面人偶_Release/_internal/PySide6/translations/qt_help_nl.qm","CONTAINS",1,"",0
"Folder:桌面人偶_Release/_internal/PySide6/translations","File:桌面人偶_Release/_internal/PySide6/translations/qt_help_ko.qm","CONTAINS",1,"",0
"Folder:桌面人偶_Release/_internal/PySide6/translations","File:桌面人偶_Release/_internal/PySide6/translations/qt_help_ka.qm","CONTAINS",1,"",0
"Folder:桌面人偶_Release/_internal/PySide6/translations","File:桌面人偶_Release/_internal/PySide6/translations/qt_help_ja.qm","CONTAINS",1,"",0
"Folder:桌面人偶_Release/_internal/PySide6/translations","File:桌面人偶_Release/_internal/PySide6/translations/qt_help_it.qm","CONTAINS",1,"",0
"Folder:桌面人偶_Release/_internal/PySide6/translations","File:桌面人偶_Release/_internal/PySide6/translations/qt_help_hu.qm","CONTAINS",1,"",0
"Folder:桌面人偶_Release/_internal/PySide6/translations","File:桌面人偶_Release/_internal/PySide6/translations/qt_help_hr.qm","CONTAINS",1,"",0
"Folder:桌面人偶_Release/_internal/PySide6/translations","File:桌面人偶_Release/_internal/PySide6/translations/qt_help_gl.qm","CONTAINS",1,"",0
"Folder:桌面人偶_Release/_internal/PySide6/translations","File:桌面人偶_Release/_internal/PySide6/translations/qt_help_fr.qm","CONTAINS",1,"",0
"Folder:桌面人偶_Release/_internal/PySide6/translations","File:桌面人偶_Release/_internal/PySide6/translations/qt_help_es.qm","CONTAINS",1,"",0
"Folder:桌面人偶_Release/_internal/PySide6/translations","File:桌面人偶_Release/_internal/PySide6/translations/qt_help_en.qm","CONTAINS",1,"",0
"Folder:桌面人偶_Release/_internal/PySide6/translations","File:桌面人偶_Release/_internal/PySide6/translations/qt_help_de.qm","CONTAINS",1,"",0
"Folder:桌面人偶_Release/_internal/PySide6/translations","File:桌面人偶_Release/_internal/PySide6/translations/qt_help_da.qm","CONTAINS",1,"",0
"Folder:桌面人偶_Release/_internal/PySide6/translations","File:桌面人偶_Release/_internal/PySide6/translations/qt_help_cs.qm","CONTAINS",1,"",0
"Folder:桌面人偶_Release/_internal/PySide6/translations","File:桌面人偶_Release/_internal/PySide6/translations/qt_help_ca.qm","CONTAINS",1,"",0
"Folder:桌面人偶_Release/_internal/PySide6/translations","File:桌面人偶_Release/_internal/PySide6/translations/qt_help_bg.qm","CONTAINS",1,"",0
"Folder:桌面人偶_Release/_internal/PySide6/translations","File:桌面人偶_Release/_internal/PySide6/translations/qt_help_ar.qm","CONTAINS",1,"",0
"Folder:桌面人偶_Release/_internal/PySide6/translations","File:桌面人偶_Release/_internal/PySide6/translations/qt_he.qm","CONTAINS",1,"",0
"Folder:桌面人偶_Release/_internal/PySide6/translations","File:桌面人偶_Release/_internal/PySide6/translations/qt_gl.qm","CONTAINS",1,"",0
"Folder:桌面人偶_Release/_internal/PySide6/translations","File:桌面人偶_Release/_internal/PySide6/translations/qt_gd.qm","CONTAINS",1,"",0
"Folder:桌面人偶_Release/_internal/PySide6/translations","File:桌面人偶_Release/_internal/PySide6/translations/qt_fr.qm","CONTAINS",1,"",0
"Folder:桌面人偶_Release/_internal/PySide6/translations","File:桌面人偶_Release/_internal/PySide6/translations/qt_fi.qm","CONTAINS",1,"",0
"Folder:桌面人偶_Release/_internal/PySide6/translations","File:桌面人偶_Release/_internal/PySide6/translations/qt_fa.qm","CONTAINS",1,"",0
"Folder:桌面人偶_Release/_internal/PySide6/translations","File:桌面人偶_Release/_internal/PySide6/translations/qt_es.qm","CONTAINS",1,"",0
"Folder:桌面人偶_Release/_internal/PySide6/translations","File:桌面人偶_Release/_internal/PySide6/translations/qt_en.qm","CONTAINS",1,"",0
"Folder:桌面人偶_Release/_internal/PySide6/translations","File:桌面人偶_Release/_internal/PySide6/translations/qt_de.qm","CONTAINS",1,"",0
"Folder:桌面人偶_Release/_internal/PySide6/translations","File:桌面人偶_Release/_internal/PySide6/translations/qt_da.qm","CONTAINS",1,"",0
"Folder:桌面人偶_Release/_internal/PySide6/translations","File:桌面人偶_Release/_internal/PySide6/translations/qt_cs.qm","CONTAINS",1,"",0
"Folder:桌面人偶_Release/_internal/PySide6/translations","File:桌面人偶_Release/_internal/PySide6/translations/qt_ca.qm","CONTAINS",1,"",0
"Folder:桌面人偶_Release/_internal/PySide6/translations","File:桌面人偶_Release/_internal/PySide6/translations/qt_bg.qm","CONTAINS",1,"",0
"Folder:桌面人偶_Release/_internal/PySide6/translations","File:桌面人偶_Release/_internal/PySide6/translations/qt_ar.qm","CONTAINS",1,"",0
"Folder:桌面人偶_Release/_internal/PySide6/translations","File:桌面人偶_Release/_internal/PySide6/translations/qtbase_zh_TW.qm","CONTAINS",1,"",0
"Folder:桌面人偶_Release/_internal/PySide6/translations","File:桌面人偶_Release/_internal/PySide6/translations/qtbase_zh_CN.qm","CONTAINS",1,"",0
"Folder:桌面人偶_Release/_internal/PySide6/translations","File:桌面人偶_Release/_internal/PySide6/translations/qtbase_uk.qm","CONTAINS",1,"",0
"Folder:桌面人偶_Release/_internal/PySide6/translations","File:桌面人偶_Release/_internal/PySide6/translations/qtbase_tr.qm","CONTAINS",1,"",0
"Folder:桌面人偶_Release/_internal/PySide6/translations","File:桌面人偶_Release/_internal/PySide6/translations/qtbase_sv.qm","CONTAINS",1,"",0
"Folder:桌面人偶_Release/_internal/PySide6/translations","File:桌面人偶_Release/_internal/PySide6/translations/qtbase_sk.qm","CONTAINS",1,"",0
"Folder:桌面人偶_Release/_internal/PySide6/translations","File:桌面人偶_Release/_internal/PySide6/translations/qtbase_ru.qm","CONTAINS",1,"",0
"Folder:桌面人偶_Release/_internal/PySide6/translations","File:桌面人偶_Release/_internal/PySide6/translations/qtbase_pt_BR.qm","CONTAINS",1,"",0
"Folder:桌面人偶_Release/_internal/PySide6/translations","File:桌面人偶_Release/_internal/PySide6/translations/qtbase_pl.qm","CONTAINS",1,"",0
"Folder:桌面人偶_Release/_internal/PySide6/translations","File:桌面人偶_Release/_internal/PySide6/translations/qtbase_nn.qm","CONTAINS",1,"",0
"Folder:桌面人偶_Release/_internal/PySide6/translations","File:桌面人偶_Release/_internal/PySide6/translations/qtbase_nl.qm","CONTAINS",1,"",0
"Folder:桌面人偶_Release/_internal/PySide6/translations","File:桌面人偶_Release/_internal/PySide6/translations/qtbase_lv.qm","CONTAINS",1,"",0
"Folder:桌面人偶_Release/_internal/PySide6/translations","File:桌面人偶_Release/_internal/PySide6/translations/qtbase_lg.qm","CONTAINS",1,"",0
"Folder:桌面人偶_Release/_internal/PySide6/translations","File:桌面人偶_Release/_internal/PySide6/translations/qtbase_ko.qm","CONTAINS",1,"",0
"Folder:桌面人偶_Release/_internal/PySide6/translations","File:桌面人偶_Release/_internal/PySide6/translations/qtbase_ka.qm","CONTAINS",1,"",0
"Folder:桌面人偶_Release/_internal/PySide6/translations","File:桌面人偶_Release/_internal/PySide6/translations/qtbase_ja.qm","CONTAINS",1,"",0
"Folder:桌面人偶_Release/_internal/PySide6/translations","File:桌面人偶_Release/_internal/PySide6/translations/qtbase_it.qm","CONTAINS",1,"",0
"Folder:桌面人偶_Release/_internal/PySide6/translations","File:桌面人偶_Release/_internal/PySide6/translations/qtbase_hu.qm","CONTAINS",1,"",0
"Folder:桌面人偶_Release/_internal/PySide6/translations","File:桌面人偶_Release/_internal/PySide6/translations/qtbase_hr.qm","CONTAINS",1,"",0
"Folder:桌面人偶_Release/_internal/PySide6/translations","File:桌面人偶_Release/_internal/PySide6/translations/qtbase_he.qm","CONTAINS",1,"",0
"Folder:桌面人偶_Release/_internal/PySide6/translations","File:桌面人偶_Release/_internal/PySide6/translations/qtbase_gd.qm","CONTAINS",1,"",0
"Folder:桌面人偶_Release/_internal/PySide6/translations","File:桌面人偶_Release/_internal/PySide6/translations/qtbase_fr.qm","CONTAINS",1,"",0
"Folder:桌面人偶_Release/_internal/PySide6/translations","File:桌面人偶_Release/_internal/PySide6/translations/qtbase_fi.qm","CONTAINS",1,"",0
"Folder:桌面人偶_Release/_internal/PySide6/translations","File:桌面人偶_Release/_internal/PySide6/translations/qtbase_fa.qm","CONTAINS",1,"",0
"Folder:桌面人偶_Release/_internal/PySide6/translations","File:桌面人偶_Release/_internal/PySide6/translations/qtbase_es.qm","CONTAINS",1,"",0
"Folder:桌面人偶_Release/_internal/PySide6/translations","File:桌面人偶_Release/_internal/PySide6/translations/qtbase_en.qm","CONTAINS",1,"",0
"Folder:桌面人偶_Release/_internal/PySide6/translations","File:桌面人偶_Release/_internal/PySide6/translations/qtbase_de.qm","CONTAINS",1,"",0
"Folder:桌面人偶_Release/_internal/PySide6/translations","File:桌面人偶_Release/_internal/PySide6/translations/qtbase_da.qm","CONTAINS",1,"",0
"Folder:桌面人偶_Release/_internal/PySide6/translations","File:桌面人偶_Release/_internal/PySide6/translations/qtbase_cs.qm","CONTAINS",1,"",0
"Folder:桌面人偶_Release/_internal/PySide6/translations","File:桌面人偶_Release/_internal/PySide6/translations/qtbase_ca.qm","CONTAINS",1,"",0
"Folder:桌面人偶_Release/_internal/PySide6/translations","File:桌面人偶_Release/_internal/PySide6/translations/qtbase_bg.qm","CONTAINS",1,"",0
"Folder:桌面人偶_Release/_internal/PySide6/translations","File:桌面人偶_Release/_internal/PySide6/translations/qtbase_ar.qm","CONTAINS",1,"",0
"Folder:桌面人偶_Release/_internal/cv2","Folder:桌面人偶_Release/_internal/cv2/utils","CONTAINS",1,"",0
"Folder:桌面人偶_Release/_internal/cv2/utils","File:桌面人偶_Release/_internal/cv2/utils/__init__.py","CONTAINS",1,"",0
"Folder:桌面人偶_Release/_internal/cv2","Folder:桌面人偶_Release/_internal/cv2/typing","CONTAINS",1,"",0
"Folder:桌面人偶_Release/_internal/cv2/typing","File:桌面人偶_Release/_internal/cv2/typing/__init__.py","CONTAINS",1,"",0
"Folder:桌面人偶_Release/_internal/cv2","Folder:桌面人偶_Release/_internal/cv2/misc","CONTAINS",1,"",0
"Folder:桌面人偶_Release/_internal/cv2/misc","File:桌面人偶_Release/_internal/cv2/misc/__init__.py","CONTAINS",1,"",0
"Folder:桌面人偶_Release/_internal/cv2/misc","File:桌面人偶_Release/_internal/cv2/misc/version.py","CONTAINS",1,"",0
"Folder:桌面人偶_Release/_internal/cv2","Folder:桌面人偶_Release/_internal/cv2/gapi","CONTAINS",1,"",0
"Folder:桌面人偶_Release/_internal/cv2/gapi","File:桌面人偶_Release/_internal/cv2/gapi/__init__.py","CONTAINS",1,"",0
"Folder:桌面人偶_Release/_internal/cv2","Folder:桌面人偶_Release/_internal/cv2/data","CONTAINS",1,"",0
"Folder:桌面人偶_Release/_internal/cv2/data","File:桌面人偶_Release/_internal/cv2/data/__init__.py","CONTAINS",1,"",0
"Folder:桌面人偶_Release/_internal/cv2","Folder:桌面人偶_Release/_internal/cv2/mat_wrapper","CONTAINS",1,"",0
"Folder:桌面人偶_Release/_internal/cv2/mat_wrapper","File:桌面人偶_Release/_internal/cv2/mat_wrapper/__init__.py","CONTAINS",1,"",0
"Folder:桌面人偶_简洁版_Release/_internal/numpy-2.4.4.dist-info","Folder:桌面人偶_简洁版_Release/_internal/numpy-2.4.4.dist-info/licenses","CONTAINS",1,"",0
"Folder:桌面人偶_简洁版_Release/_internal/numpy-2.4.4.dist-info/licenses","Folder:桌面人偶_简洁版_Release/_internal/numpy-2.4.4.dist-info/licenses/numpy","CONTAINS",1,"",0
"Folder:桌面人偶_简洁版_Release/_internal/numpy-2.4.4.dist-info/licenses/numpy","Folder:桌面人偶_简洁版_Release/_internal/numpy-2.4.4.dist-info/licenses/numpy/_core","CONTAINS",1,"",0
"Folder:桌面人偶_简洁版_Release/_internal/numpy-2.4.4.dist-info/licenses/numpy/_core","Folder:桌面人偶_简洁版_Release/_internal/numpy-2.4.4.dist-info/licenses/numpy/_core/src","CONTAINS",1,"",0
"Folder:桌面人偶_简洁版_Release/_internal/numpy-2.4.4.dist-info/licenses/numpy/_core/src","Folder:桌面人偶_简洁版_Release/_internal/numpy-2.4.4.dist-info/licenses/numpy/_core/src/multiarray","CONTAINS",1,"",0
"Folder:桌面人偶_简洁版_Release/_internal/numpy-2.4.4.dist-info/licenses/numpy/_core/src/multiarray","File:桌面人偶_简洁版_Release/_internal/numpy-2.4.4.dist-info/licenses/numpy/_core/src/multiarray/dragon4_LICENSE.txt","CONTAINS",1,"",0
"Folder:桌面人偶_Release/_internal/numpy-2.4.4.dist-info","Folder:桌面人偶_Release/_internal/numpy-2.4.4.dist-info/licenses","CONTAINS",1,"",0
"Folder:桌面人偶_Release/_internal/numpy-2.4.4.dist-info/licenses","Folder:桌面人偶_Release/_internal/numpy-2.4.4.dist-info/licenses/numpy","CONTAINS",1,"",0
"Folder:桌面人偶_Release/_internal/numpy-2.4.4.dist-info/licenses/numpy","Folder:桌面人偶_Release/_internal/numpy-2.4.4.dist-info/licenses/numpy/_core","CONTAINS",1,"",0
"Folder:桌面人偶_Release/_internal/numpy-2.4.4.dist-info/licenses/numpy/_core","Folder:桌面人偶_Release/_internal/numpy-2.4.4.dist-info/licenses/numpy/_core/src","CONTAINS",1,"",0
"Folder:桌面人偶_Release/_internal/numpy-2.4.4.dist-info/licenses/numpy/_core/src","Folder:桌面人偶_Release/_internal/numpy-2.4.4.dist-info/licenses/numpy/_core/src/multiarray","CONTAINS",1,"",0
"Folder:桌面人偶_Release/_internal/numpy-2.4.4.dist-info/licenses/numpy/_core/src/multiarray","File:桌面人偶_Release/_internal/numpy-2.4.4.dist-info/licenses/numpy/_core/src/multiarray/dragon4_LICENSE.txt","CONTAINS",1,"",0
"Folder:桌面人偶_简洁版_Release/_internal/numpy-2.4.4.dist-info/licenses/numpy/_core/src","Folder:桌面人偶_简洁版_Release/_internal/numpy-2.4.4.dist-info/licenses/numpy/_core/src/common","CONTAINS",1,"",0
"Folder:桌面人偶_简洁版_Release/_internal/numpy-2.4.4.dist-info/licenses/numpy/_core/src/common","Folder:桌面人偶_简洁版_Release/_internal/numpy-2.4.4.dist-info/licenses/numpy/_core/src/common/pythoncapi-compat","CONTAINS",1,"",0
"Folder:桌面人偶_简洁版_Release/_internal/numpy-2.4.4.dist-info/licenses/numpy/_core/src/common/pythoncapi-compat","File:桌面人偶_简洁版_Release/_internal/numpy-2.4.4.dist-info/licenses/numpy/_core/src/common/pythoncapi-compat/COPYING","CONTAINS",1,"",0
"Folder:桌面人偶_Release/_internal/numpy-2.4.4.dist-info/licenses/numpy/_core/src","Folder:桌面人偶_Release/_internal/numpy-2.4.4.dist-info/licenses/numpy/_core/src/common","CONTAINS",1,"",0
"Folder:桌面人偶_Release/_internal/numpy-2.4.4.dist-info/licenses/numpy/_core/src/common","Folder:桌面人偶_Release/_internal/numpy-2.4.4.dist-info/licenses/numpy/_core/src/common/pythoncapi-compat","CONTAINS",1,"",0
"Folder:桌面人偶_Release/_internal/numpy-2.4.4.dist-info/licenses/numpy/_core/src/common/pythoncapi-compat","File:桌面人偶_Release/_internal/numpy-2.4.4.dist-info/licenses/numpy/_core/src/common/pythoncapi-compat/COPYING","CONTAINS",1,"",0
"File:详细使用手册.md","Section:详细使用手册.md:L1:桌面人偶 (Desktop Assistant) - 详细使用手册","CONTAINS",1,"markdown-heading",0
"Section:详细使用手册.md:L1:桌面人偶 (Desktop Assistant) - 详细使用手册","Section:详细使用手册.md:L9:一、 启动与基础交互","CONTAINS",1,"markdown-heading",0
"Section:详细使用手册.md:L1:桌面人偶 (Desktop Assistant) - 详细使用手册","Section:详细使用手册.md:L24:二、 核心功能详解 (功能子球)","CONTAINS",1,"markdown-heading",0
"Section:详细使用手册.md:L24:二、 核心功能详解 (功能子球)","Section:详细使用手册.md:L28:1.  剪贴板管理 (橙色面板)","CONTAINS",1,"markdown-heading",0
"Section:详细使用手册.md:L24:二、 核心功能详解 (功能子球)","Section:详细使用手册.md:L37:2. ✂️ 系统截图 (绿色剪刀)","CONTAINS",1,"markdown-heading",0
"Section:详细使用手册.md:L24:二、 核心功能详解 (功能子球)","Section:详细使用手册.md:L42:3.  智能截图 (红色靶心)","CONTAINS",1,"markdown-heading",0
"Section:详细使用手册.md:L24:二、 核心功能详解 (功能子球)","Section:详细使用手册.md:L48:4.  屏幕录制 (红色摄像机)","CONTAINS",1,"markdown-heading",0
"Section:详细使用手册.md:L24:二、 核心功能详解 (功能子球)","Section:详细使用手册.md:L57:5.  悬浮记事本 (蓝色便签)","CONTAINS",1,"markdown-heading",0
"Section:详细使用手册.md:L24:二、 核心功能详解 (功能子球)","Section:详细使用手册.md:L61:6.  快速搜索 (紫色放大镜)","CONTAINS",1,"markdown-heading",0
"Section:详细使用手册.md:L24:二、 核心功能详解 (功能子球)","Section:详细使用手册.md:L65:7.  最近使用 (青色时钟)","CONTAINS",1,"markdown-heading",0
"Section:详细使用手册.md:L1:桌面人偶 (Desktop Assistant) - 详细使用手册","Section:详细使用手册.md:L75:三、 进阶功能与系统设置","CONTAINS",1,"markdown-heading",0
"Section:详细使用手册.md:L75:三、 进阶功能与系统设置","Section:详细使用手册.md:L79:1. ⚙️ 全局快捷键 (Hotkeys)","CONTAINS",1,"markdown-heading",0
"Section:详细使用手册.md:L75:三、 进阶功能与系统设置","Section:详细使用手册.md:L84:2.  添加自定义软件 (Custom Apps)","CONTAINS",1,"markdown-heading",0
"Section:详细使用手册.md:L75:三、 进阶功能与系统设置","Section:详细使用手册.md:L90:3.  动态同心圆布局","CONTAINS",1,"markdown-heading",0
"Section:详细使用手册.md:L75:三、 进阶功能与系统设置","Section:详细使用手册.md:L93:4.  自定义存储路径","CONTAINS",1,"markdown-heading",0
"File:程序说明.md","Section:程序说明.md:L1:桌面人偶 (Desktop Assistant) - 源码深度解析与项目说明","CONTAINS",1,"markdown-heading",0
"Section:程序说明.md:L1:桌面人偶 (Desktop Assistant) - 源码深度解析与项目说明","Section:程序说明.md:L7: 核心特性概览","CONTAINS",1,"markdown-heading",0
"Section:程序说明.md:L7: 核心特性概览","Section:程序说明.md:L9:1. 主悬浮球与多级互动 (Main Ball)","CONTAINS",1,"markdown-heading",0
"Section:程序说明.md:L7: 核心特性概览","Section:程序说明.md:L14:2. 多功能子球生态 (Sub-ball Ecosystem)","CONTAINS",1,"markdown-heading",0
"Section:程序说明.md:L7: 核心特性概览","Section:程序说明.md:L24:3. 无限扩展与动态布局 (Concentric Layout)","CONTAINS",1,"markdown-heading",0
"Section:程序说明.md:L7: 核心特性概览","Section:程序说明.md:L28:4. 高级设置与全局热键 (Settings & Hotkeys)","CONTAINS",1,"markdown-heading",0
"Section:程序说明.md:L1:桌面人偶 (Desktop Assistant) - 源码深度解析与项目说明","Section:程序说明.md:L34: 目录结构与模块架构解析","CONTAINS",1,"markdown-heading",0
"Section:程序说明.md:L34: 目录结构与模块架构解析","Section:程序说明.md:L38:1. 核心启动枢纽 (`main.py`)","CONTAINS",1,"markdown-heading",0
"Section:程序说明.md:L34: 目录结构与模块架构解析","Section:程序说明.md:L45:2. 用户界面视图层 (`ui/`)","CONTAINS",1,"markdown-heading",0
"Section:程序说明.md:L34: 目录结构与模块架构解析","Section:程序说明.md:L55:3. 底层核心业务层 (`core/`)","CONTAINS",1,"markdown-heading",0
"Section:程序说明.md:L34: 目录结构与模块架构解析","Section:程序说明.md:L64:4. 辅助与工具支撑层 (`system/` & `utils/`)","CONTAINS",1,"markdown-heading",0
"Section:程序说明.md:L1:桌面人偶 (Desktop Assistant) - 源码深度解析与项目说明","Section:程序说明.md:L71: 开发者指南：如何扩展新功能 (子球)","CONTAINS",1,"markdown-heading",0
"Section:程序说明.md:L1:桌面人偶 (Desktop Assistant) - 源码深度解析与项目说明","Section:程序说明.md:L88:️ 编译与打包发布","CONTAINS",1,"markdown-heading",0
"Section:程序说明.md:L88:️ 编译与打包发布","Section:程序说明.md:L90:环境与依赖项","CONTAINS",1,"markdown-heading",0
"Section:程序说明.md:L88:️ 编译与打包发布","Section:程序说明.md:L96:本地运行调试","CONTAINS",1,"markdown-heading",0
"File:程序说明.md","Section:程序说明.md:L98:激活你的 Python 虚拟环境 (如果有)","CONTAINS",1,"markdown-heading",0
"Section:程序说明.md:L98:激活你的 Python 虚拟环境 (如果有)","Section:程序说明.md:L102:PyInstaller 打包发布","CONTAINS",1,"markdown-heading",0
"File:开发者指南_新增功能.md","Section:开发者指南_新增功能.md:L1:开发者指南：如何为桌面人偶增加新功能（子球）","CONTAINS",1,"markdown-heading",0
"Section:开发者指南_新增功能.md:L1:开发者指南：如何为桌面人偶增加新功能（子球）","Section:开发者指南_新增功能.md:L7:1. 核心逻辑层 (`core/`)","CONTAINS",1,"markdown-heading",0
"Section:开发者指南_新增功能.md:L1:开发者指南：如何为桌面人偶增加新功能（子球）","Section:开发者指南_新增功能.md:L12:2. 用户界面层 (`ui/`)","CONTAINS",1,"markdown-heading",0
"Section:开发者指南_新增功能.md:L1:开发者指南：如何为桌面人偶增加新功能（子球）","Section:开发者指南_新增功能.md:L22:3. 配置与设置 (`utils/` & `ui/settings.py`)","CONTAINS",1,"markdown-heading",0
"Section:开发者指南_新增功能.md:L1:开发者指南：如何为桌面人偶增加新功能（子球）","Section:开发者指南_新增功能.md:L31:4. 主程序集成 (`main.py`) - **最关键的一步**","CONTAINS",1,"markdown-heading",0
"Section:开发者指南_新增功能.md:L31:4. 主程序集成 (`main.py`) - **最关键的一步**","Section:开发者指南_新增功能.md:L34:A. 导入模块","CONTAINS",1,"markdown-heading",0
"Section:开发者指南_新增功能.md:L31:4. 主程序集成 (`main.py`) - **最关键的一步**","Section:开发者指南_新增功能.md:L40:B. 初始化子球 (在 `__init__` 中)","CONTAINS",1,"markdown-heading",0
"Section:开发者指南_新增功能.md:L31:4. 主程序集成 (`main.py`) - **最关键的一步**","Section:开发者指南_新增功能.md:L53:C. 注册兄弟节点 (防重叠逻辑)","CONTAINS",1,"markdown-heading",0
"File:开发者指南_新增功能.md","Section:开发者指南_新增功能.md:L56:在 main.py 的 siblings 初始化部分","CONTAINS",1,"markdown-heading",0
"Section:开发者指南_新增功能.md:L56:在 main.py 的 siblings 初始化部分","Section:开发者指南_新增功能.md:L63:D. 建立信号连接","CONTAINS",1,"markdown-heading",0
"Section:开发者指南_新增功能.md:L56:在 main.py 的 siblings 初始化部分","Section:开发者指南_新增功能.md:L69:E. 实现槽函数","CONTAINS",1,"markdown-heading",0
"Section:开发者指南_新增功能.md:L56:在 main.py 的 siblings 初始化部分","Section:开发者指南_新增功能.md:L80:F. 处理展开与恢复逻辑","CONTAINS",1,"markdown-heading",0
"Section:开发者指南_新增功能.md:L56:在 main.py 的 siblings 初始化部分","Section:开发者指南_新增功能.md:L85:5. 打包与发布","CONTAINS",1,"markdown-heading",0
"File:main.py","Variable:main.py:plugins_path","DEFINES",1,"",0
"File:main.py","Class:main.py:FloatingAssistant","DEFINES",1,"",0
"File:main.py","Function:main.py:FloatingAssistant.__init__","DEFINES",1,"",0
"Class:main.py:FloatingAssistant","Function:main.py:FloatingAssistant.__init__","HAS_METHOD",1,"",0
"File:main.py","Variable:main.py:myappid","DEFINES",1,"",0
"File:main.py","Variable:main.py:icon_path","DEFINES",1,"",0
"File:main.py","Variable:main.py:custom_apps","DEFINES",1,"",0
"File:main.py","Variable:main.py:icon","DEFINES",1,"",0
"File:main.py","Variable:main.py:ball","DEFINES",1,"",0
"File:main.py","Variable:main.py:pic_path","DEFINES",1,"",0
"File:main.py","Function:main.py:FloatingAssistant._update_balls_layout","DEFINES",1,"",0
"Class:main.py:FloatingAssistant","Function:main.py:FloatingAssistant._update_balls_layout","HAS_METHOD",1,"",0
"File:main.py","Variable:main.py:total_balls","DEFINES",1,"",0
"File:main.py","Variable:main.py:current_circle_radius","DEFINES",1,"",0
"File:main.py","Variable:main.py:balls_placed","DEFINES",1,"",0
"File:main.py","Variable:main.py:max_in_circle","DEFINES",1,"",0
"File:main.py","Variable:main.py:balls_in_this_circle","DEFINES",1,"",0
"File:main.py","Variable:main.py:b","DEFINES",1,"",0
"File:main.py","Function:main.py:FloatingAssistant.toggle_sub_balls","DEFINES",1,"",0
"Class:main.py:FloatingAssistant","Function:main.py:FloatingAssistant.toggle_sub_balls","HAS_METHOD",1,"",0
"File:main.py","Variable:main.py:any_visible","DEFINES",1,"",0
"File:main.py","Function:main.py:FloatingAssistant.on_ball_moved","DEFINES",1,"",0
"Class:main.py:FloatingAssistant","Function:main.py:FloatingAssistant.on_ball_moved","HAS_METHOD",1,"",0
"File:main.py","Function:main.py:FloatingAssistant.show_ball_menu","DEFINES",1,"",0
"Class:main.py:FloatingAssistant","Function:main.py:FloatingAssistant.show_ball_menu","HAS_METHOD",1,"",0
"File:main.py","Function:main.py:FloatingAssistant.on_clipboard_ball_clicked","DEFINES",1,"",0
"Class:main.py:FloatingAssistant","Function:main.py:FloatingAssistant.on_clipboard_ball_clicked","HAS_METHOD",1,"",0
"File:main.py","Variable:main.py:ball_pos","DEFINES",1,"",0
"File:main.py","Function:main.py:FloatingAssistant.on_clipboard_ball_moved","DEFINES",1,"",0
"Class:main.py:FloatingAssistant","Function:main.py:FloatingAssistant.on_clipboard_ball_moved","HAS_METHOD",1,"",0
"File:main.py","Function:main.py:FloatingAssistant._on_clipboard_item_right_clicked","DEFINES",1,"",0
"Class:main.py:FloatingAssistant","Function:main.py:FloatingAssistant._on_clipboard_item_right_clicked","HAS_METHOD",1,"",0
"File:main.py","Variable:main.py:val","DEFINES",1,"",0
"File:main.py","Function:main.py:FloatingAssistant.on_notebook_ball_clicked","DEFINES",1,"",0
"Class:main.py:FloatingAssistant","Function:main.py:FloatingAssistant.on_notebook_ball_clicked","HAS_METHOD",1,"",0
"File:main.py","Function:main.py:FloatingAssistant.on_notebook_ball_moved","DEFINES",1,"",0
"Class:main.py:FloatingAssistant","Function:main.py:FloatingAssistant.on_notebook_ball_moved","HAS_METHOD",1,"",0
"File:main.py","Function:main.py:FloatingAssistant.on_screenshot_ball_clicked","DEFINES",1,"",0
"Class:main.py:FloatingAssistant","Function:main.py:FloatingAssistant.on_screenshot_ball_clicked","HAS_METHOD",1,"",0
"File:main.py","Function:main.py:FloatingAssistant.on_search_ball_clicked","DEFINES",1,"",0
"Class:main.py:FloatingAssistant","Function:main.py:FloatingAssistant.on_search_ball_clicked","HAS_METHOD",1,"",0
"File:main.py","Function:main.py:FloatingAssistant.on_search_ball_moved","DEFINES",1,"",0
"Class:main.py:FloatingAssistant","Function:main.py:FloatingAssistant.on_search_ball_moved","HAS_METHOD",1,"",0
"File:main.py","Function:main.py:FloatingAssistant.on_recent_ball_clicked","DEFINES",1,"",0
"Class:main.py:FloatingAssistant","Function:main.py:FloatingAssistant.on_recent_ball_clicked","HAS_METHOD",1,"",0
"File:main.py","Function:main.py:FloatingAssistant.on_recent_ball_moved","DEFINES",1,"",0
"Class:main.py:FloatingAssistant","Function:main.py:FloatingAssistant.on_recent_ball_moved","HAS_METHOD",1,"",0
"File:main.py","Function:main.py:FloatingAssistant.perform_web_search","DEFINES",1,"",0
"Class:main.py:FloatingAssistant","Function:main.py:FloatingAssistant.perform_web_search","HAS_METHOD",1,"",0
"File:main.py","Variable:main.py:search_url","DEFINES",1,"",0
"File:main.py","Function:main.py:FloatingAssistant.on_record_ball_clicked","DEFINES",1,"",0
"Class:main.py:FloatingAssistant","Function:main.py:FloatingAssistant.on_record_ball_clicked","HAS_METHOD",1,"",0
"File:main.py","Function:main.py:FloatingAssistant._on_record_rect_selected","DEFINES",1,"",0
"Class:main.py:FloatingAssistant","Function:main.py:FloatingAssistant._on_record_rect_selected","HAS_METHOD",1,"",0
"File:main.py","Function:main.py:FloatingAssistant.start_actual_recording","DEFINES",1,"",0
"Class:main.py:FloatingAssistant","Function:main.py:FloatingAssistant.start_actual_recording","HAS_METHOD",1,"",0
"File:main.py","Variable:main.py:fmt","DEFINES",1,"",0
"File:main.py","Function:main.py:FloatingAssistant.stop_recording","DEFINES",1,"",0
"Class:main.py:FloatingAssistant","Function:main.py:FloatingAssistant.stop_recording","HAS_METHOD",1,"",0
"File:main.py","Function:main.py:FloatingAssistant._on_recording_saved","DEFINES",1,"",0
"Class:main.py:FloatingAssistant","Function:main.py:FloatingAssistant._on_recording_saved","HAS_METHOD",1,"",0
"File:main.py","Variable:main.py:msg","DEFINES",1,"",0
"File:main.py","Function:main.py:FloatingAssistant._on_recording_error","DEFINES",1,"",0
"Class:main.py:FloatingAssistant","Function:main.py:FloatingAssistant._on_recording_error","HAS_METHOD",1,"",0
"File:main.py","Function:main.py:FloatingAssistant.on_smart_screenshot_clicked","DEFINES",1,"",0
"Class:main.py:FloatingAssistant","Function:main.py:FloatingAssistant.on_smart_screenshot_clicked","HAS_METHOD",1,"",0
"File:main.py","Variable:main.py:popup","DEFINES",1,"",0
"File:main.py","Function:main.py:FloatingAssistant.start_mask","DEFINES",1,"",0
"Class:main.py:FloatingAssistant","Function:main.py:FloatingAssistant.start_mask","HAS_METHOD",1,"",0
"File:main.py","Variable:main.py:all_rects_global","DEFINES",1,"",0
"File:main.py","Variable:main.py:virtual_left","DEFINES",1,"",0
"File:main.py","Variable:main.py:virtual_top","DEFINES",1,"",0
"File:main.py","Variable:main.py:background_image","DEFINES",1,"",0
"File:main.py","Function:main.py:FloatingAssistant._on_screenshot_finished","DEFINES",1,"",0
"Class:main.py:FloatingAssistant","Function:main.py:FloatingAssistant._on_screenshot_finished","HAS_METHOD",1,"",0
"File:main.py","Function:main.py:FloatingAssistant._hide_balls_for_screenshot","DEFINES",1,"",0
"Class:main.py:FloatingAssistant","Function:main.py:FloatingAssistant._hide_balls_for_screenshot","HAS_METHOD",1,"",0
"File:main.py","Function:main.py:FloatingAssistant._restore_balls_after_screenshot","DEFINES",1,"",0
"Class:main.py:FloatingAssistant","Function:main.py:FloatingAssistant._restore_balls_after_screenshot","HAS_METHOD",1,"",0
"File:main.py","Function:main.py:FloatingAssistant.toggle_hide_ball_when_screenshot","DEFINES",1,"",0
"Class:main.py:FloatingAssistant","Function:main.py:FloatingAssistant.toggle_hide_ball_when_screenshot","HAS_METHOD",1,"",0
"File:main.py","Variable:main.py:current","DEFINES",1,"",0
"File:main.py","Function:main.py:FloatingAssistant.set_clipboard_max_items","DEFINES",1,"",0
"Class:main.py:FloatingAssistant","Function:main.py:FloatingAssistant.set_clipboard_max_items","HAS_METHOD",1,"",0
"File:main.py","Function:main.py:FloatingAssistant.set_recent_max_items","DEFINES",1,"",0
"Class:main.py:FloatingAssistant","Function:main.py:FloatingAssistant.set_recent_max_items","HAS_METHOD",1,"",0
"File:main.py","Function:main.py:FloatingAssistant.set_video_save_path","DEFINES",1,"",0
"Class:main.py:FloatingAssistant","Function:main.py:FloatingAssistant.set_video_save_path","HAS_METHOD",1,"",0
"File:main.py","Function:main.py:FloatingAssistant.toggle_clipboard_tracking","DEFINES",1,"",0
"Class:main.py:FloatingAssistant","Function:main.py:FloatingAssistant.toggle_clipboard_tracking","HAS_METHOD",1,"",0
"File:main.py","Function:main.py:FloatingAssistant.toggle_record_text","DEFINES",1,"",0
"Class:main.py:FloatingAssistant","Function:main.py:FloatingAssistant.toggle_record_text","HAS_METHOD",1,"",0
"File:main.py","Variable:main.py:new_val","DEFINES",1,"",0
"File:main.py","Function:main.py:FloatingAssistant.toggle_record_image","DEFINES",1,"",0
"Class:main.py:FloatingAssistant","Function:main.py:FloatingAssistant.toggle_record_image","HAS_METHOD",1,"",0
"File:main.py","Function:main.py:FloatingAssistant.toggle_recent_tracking","DEFINES",1,"",0
"Class:main.py:FloatingAssistant","Function:main.py:FloatingAssistant.toggle_recent_tracking","HAS_METHOD",1,"",0
"File:main.py","Function:main.py:FloatingAssistant._on_recent_excluded_extensions_changed","DEFINES",1,"",0
"Class:main.py:FloatingAssistant","Function:main.py:FloatingAssistant._on_recent_excluded_extensions_changed","HAS_METHOD",1,"",0
"File:main.py","Function:main.py:FloatingAssistant._on_recent_visibility_dict_changed","DEFINES",1,"",0
"Class:main.py:FloatingAssistant","Function:main.py:FloatingAssistant._on_recent_visibility_dict_changed","HAS_METHOD",1,"",0
"File:main.py","Function:main.py:FloatingAssistant._trigger_system_screenshot","DEFINES",1,"",0
"Class:main.py:FloatingAssistant","Function:main.py:FloatingAssistant._trigger_system_screenshot","HAS_METHOD",1,"",0
"File:main.py","Function:main.py:FloatingAssistant.toggle_main_ball","DEFINES",1,"",0
"Class:main.py:FloatingAssistant","Function:main.py:FloatingAssistant.toggle_main_ball","HAS_METHOD",1,"",0
"File:main.py","Function:main.py:FloatingAssistant.prompt_settings","DEFINES",1,"",0
"Class:main.py:FloatingAssistant","Function:main.py:FloatingAssistant.prompt_settings","HAS_METHOD",1,"",0
"File:main.py","Function:main.py:FloatingAssistant.apply_settings","DEFINES",1,"",0
"Class:main.py:FloatingAssistant","Function:main.py:FloatingAssistant.apply_settings","HAS_METHOD",1,"",0
"File:main.py","Variable:main.py:old_custom_balls","DEFINES",1,"",0
"File:main.py","Function:main.py:FloatingAssistant.on_action_triggered","DEFINES",1,"",0
"Class:main.py:FloatingAssistant","Function:main.py:FloatingAssistant.on_action_triggered","HAS_METHOD",1,"",0
"File:main.py","Variable:main.py:cursor_pos","DEFINES",1,"",0
"File:main.py","Function:main.py:FloatingAssistant.show_about","DEFINES",1,"",0
"Class:main.py:FloatingAssistant","Function:main.py:FloatingAssistant.show_about","HAS_METHOD",1,"",0
"File:main.py","Function:main.py:FloatingAssistant.quit_app","DEFINES",1,"",0
"Class:main.py:FloatingAssistant","Function:main.py:FloatingAssistant.quit_app","HAS_METHOD",1,"",0
"File:main.py","Function:main.py:FloatingAssistant.run","DEFINES",1,"",0
"Class:main.py:FloatingAssistant","Function:main.py:FloatingAssistant.run","HAS_METHOD",1,"",0
"File:main.py","Variable:main.py:mutex_name","DEFINES",1,"",0
"File:main.py","Variable:main.py:mutex","DEFINES",1,"",0
"File:main.py","Variable:main.py:assistant","DEFINES",1,"",0
"File:utils/path_helper.py","Function:utils/path_helper.py:get_base_dir","DEFINES",1,"",0
"File:utils/path_helper.py","Variable:utils/path_helper.py:CONFIG_FILE","DEFINES",1,"",0
"File:utils/config.py","Variable:utils/config.py:CONFIG_FILE","DEFINES",1,"",0
"File:utils/config.py","Variable:utils/config.py:DEFAULT_HOTKEYS","DEFINES",1,"",0
"File:utils/config.py","Variable:utils/config.py:DEFAULT_OPTIONS","DEFINES",1,"",0
"File:utils/config.py","Function:utils/config.py:load_config","DEFINES",1,"",0
"File:utils/config.py","Variable:utils/config.py:config","DEFINES",1,"",0
"File:utils/config.py","Variable:utils/config.py:hotkeys","DEFINES",1,"",0
"File:utils/config.py","Variable:utils/config.py:options","DEFINES",1,"",0
"File:utils/config.py","Function:utils/config.py:save_config","DEFINES",1,"",0
"File:utils/config.py","Function:utils/config.py:load_hotkeys","DEFINES",1,"",0
"File:utils/config.py","Function:utils/config.py:load_options","DEFINES",1,"",0
"File:utils/config.py","Function:utils/config.py:save_hotkeys","DEFINES",1,"",0
"File:utils/config.py","Function:utils/config.py:save_option","DEFINES",1,"",0
"File:ui/sub_ball.py","Class:ui/sub_ball.py:SubBall","DEFINES",1,"",0
"File:ui/sub_ball.py","Variable:ui/sub_ball.py:clicked","DEFINES",1,"",0
"File:ui/sub_ball.py","Variable:ui/sub_ball.py:position_changed","DEFINES",1,"",0
"File:ui/sub_ball.py","Function:ui/sub_ball.py:SubBall.__init__","DEFINES",1,"",0
"Class:ui/sub_ball.py:SubBall","Function:ui/sub_ball.py:SubBall.__init__","HAS_METHOD",1,"",0
"File:ui/sub_ball.py","Function:ui/sub_ball.py:SubBall.init_ui","DEFINES",1,"",0
"Class:ui/sub_ball.py:SubBall","Function:ui/sub_ball.py:SubBall.init_ui","HAS_METHOD",1,"",0
"File:ui/sub_ball.py","Function:ui/sub_ball.py:SubBall.paintEvent","DEFINES",1,"",0
"Class:ui/sub_ball.py:SubBall","Function:ui/sub_ball.py:SubBall.paintEvent","HAS_METHOD",1,"",0
"File:ui/sub_ball.py","Variable:ui/sub_ball.py:painter","DEFINES",1,"",0
"File:ui/sub_ball.py","Variable:ui/sub_ball.py:lighter","DEFINES",1,"",0
"File:ui/sub_ball.py","Variable:ui/sub_ball.py:darker","DEFINES",1,"",0
"File:ui/sub_ball.py","Variable:ui/sub_ball.py:gradient","DEFINES",1,"",0
"File:ui/sub_ball.py","Variable:ui/sub_ball.py:font","DEFINES",1,"",0
"File:ui/sub_ball.py","Variable:ui/sub_ball.py:pixmap","DEFINES",1,"",0
"File:ui/sub_ball.py","Function:ui/sub_ball.py:SubBall.reset_position","DEFINES",1,"",0
"Class:ui/sub_ball.py:SubBall","Function:ui/sub_ball.py:SubBall.reset_position","HAS_METHOD",1,"",0
"File:ui/sub_ball.py","Function:ui/sub_ball.py:SubBall.update_position_from_main","DEFINES",1,"",0
"Class:ui/sub_ball.py:SubBall","Function:ui/sub_ball.py:SubBall.update_position_from_main","HAS_METHOD",1,"",0
"File:ui/sub_ball.py","Variable:ui/sub_ball.py:mx","DEFINES",1,"",0
"File:ui/sub_ball.py","Variable:ui/sub_ball.py:my","DEFINES",1,"",0
"File:ui/sub_ball.py","Variable:ui/sub_ball.py:cx","DEFINES",1,"",0
"File:ui/sub_ball.py","Variable:ui/sub_ball.py:cy","DEFINES",1,"",0
"File:ui/sub_ball.py","Function:ui/sub_ball.py:SubBall.enterEvent","DEFINES",1,"",0
"Class:ui/sub_ball.py:SubBall","Function:ui/sub_ball.py:SubBall.enterEvent","HAS_METHOD",1,"",0
"File:ui/sub_ball.py","Function:ui/sub_ball.py:SubBall.leaveEvent","DEFINES",1,"",0
"Class:ui/sub_ball.py:SubBall","Function:ui/sub_ball.py:SubBall.leaveEvent","HAS_METHOD",1,"",0
"File:ui/sub_ball.py","Function:ui/sub_ball.py:SubBall.mousePressEvent","DEFINES",1,"",0
"Class:ui/sub_ball.py:SubBall","Function:ui/sub_ball.py:SubBall.mousePressEvent","HAS_METHOD",1,"",0
"File:ui/sub_ball.py","Function:ui/sub_ball.py:SubBall.mouseMoveEvent","DEFINES",1,"",0
"Class:ui/sub_ball.py:SubBall","Function:ui/sub_ball.py:SubBall.mouseMoveEvent","HAS_METHOD",1,"",0
"File:ui/sub_ball.py","Variable:ui/sub_ball.py:new_global_pos","DEFINES",1,"",0
"File:ui/sub_ball.py","Variable:ui/sub_ball.py:scx","DEFINES",1,"",0
"File:ui/sub_ball.py","Variable:ui/sub_ball.py:scy","DEFINES",1,"",0
"File:ui/sub_ball.py","Variable:ui/sub_ball.py:dx","DEFINES",1,"",0
"File:ui/sub_ball.py","Variable:ui/sub_ball.py:dy","DEFINES",1,"",0
"File:ui/sub_ball.py","Variable:ui/sub_ball.py:dist","DEFINES",1,"",0
"File:ui/sub_ball.py","Variable:ui/sub_ball.py:min_radius","DEFINES",1,"",0
"File:ui/sub_ball.py","Variable:ui/sub_ball.py:max_radius","DEFINES",1,"",0
"File:ui/sub_ball.py","Variable:ui/sub_ball.py:clamped_dist","DEFINES",1,"",0
"File:ui/sub_ball.py","Variable:ui/sub_ball.py:min_dist_between","DEFINES",1,"",0
"File:ui/sub_ball.py","Function:ui/sub_ball.py:SubBall._resolve_overlap","DEFINES",1,"",0
"Class:ui/sub_ball.py:SubBall","Function:ui/sub_ball.py:SubBall._resolve_overlap","HAS_METHOD",1,"",0
"File:ui/sub_ball.py","Variable:ui/sub_ball.py:visited","DEFINES",1,"",0
"File:ui/sub_ball.py","Variable:ui/sub_ball.py:my_cx","DEFINES",1,"",0
"File:ui/sub_ball.py","Variable:ui/sub_ball.py:my_cy","DEFINES",1,"",0
"File:ui/sub_ball.py","Variable:ui/sub_ball.py:sib_cx","DEFINES",1,"",0
"File:ui/sub_ball.py","Variable:ui/sub_ball.py:sib_cy","DEFINES",1,"",0
"File:ui/sub_ball.py","Variable:ui/sub_ball.py:actual_dist","DEFINES",1,"",0
"File:ui/sub_ball.py","Variable:ui/sub_ball.py:angle_diff","DEFINES",1,"",0
"File:ui/sub_ball.py","Variable:ui/sub_ball.py:push_dir","DEFINES",1,"",0
"File:ui/sub_ball.py","Variable:ui/sub_ball.py:angle_needed","DEFINES",1,"",0
"File:ui/sub_ball.py","Function:ui/sub_ball.py:SubBall.mouseReleaseEvent","DEFINES",1,"",0
"Class:ui/sub_ball.py:SubBall","Function:ui/sub_ball.py:SubBall.mouseReleaseEvent","HAS_METHOD",1,"",0
"File:ui/settings.py","Class:ui/settings.py:HotkeyLineEdit","DEFINES",1,"",0
"File:ui/settings.py","Variable:ui/settings.py:focus_in","DEFINES",1,"",0
"File:ui/settings.py","Variable:ui/settings.py:focus_out","DEFINES",1,"",0
"File:ui/settings.py","Function:ui/settings.py:HotkeyLineEdit.__init__","DEFINES",1,"",0
"Class:ui/settings.py:HotkeyLineEdit","Function:ui/settings.py:HotkeyLineEdit.__init__","HAS_METHOD",1,"",0
"File:ui/settings.py","Function:ui/settings.py:HotkeyLineEdit.keyPressEvent","DEFINES",1,"",0
"Class:ui/settings.py:HotkeyLineEdit","Function:ui/settings.py:HotkeyLineEdit.keyPressEvent","HAS_METHOD",1,"",0
"File:ui/settings.py","Variable:ui/settings.py:key","DEFINES",1,"",0
"File:ui/settings.py","Variable:ui/settings.py:modifiers","DEFINES",1,"",0
"File:ui/settings.py","Variable:ui/settings.py:mods","DEFINES",1,"",0
"File:ui/settings.py","Variable:ui/settings.py:key_str","DEFINES",1,"",0
"File:ui/settings.py","Variable:ui/settings.py:hotkey_text","DEFINES",1,"",0
"File:ui/settings.py","Function:ui/settings.py:HotkeyLineEdit.focusInEvent","DEFINES",1,"",0
"Class:ui/settings.py:HotkeyLineEdit","Function:ui/settings.py:HotkeyLineEdit.focusInEvent","HAS_METHOD",1,"",0
"File:ui/settings.py","Function:ui/settings.py:HotkeyLineEdit.focusOutEvent","DEFINES",1,"",0
"Class:ui/settings.py:HotkeyLineEdit","Function:ui/settings.py:HotkeyLineEdit.focusOutEvent","HAS_METHOD",1,"",0
"File:ui/settings.py","Class:ui/settings.py:HotkeyRow","DEFINES",1,"",0
"File:ui/settings.py","Variable:ui/settings.py:text_changed","DEFINES",1,"",0
"File:ui/settings.py","Function:ui/settings.py:HotkeyRow.__init__","DEFINES",1,"",0
"Class:ui/settings.py:HotkeyRow","Function:ui/settings.py:HotkeyRow.__init__","HAS_METHOD",1,"",0
"File:ui/settings.py","Function:ui/settings.py:HotkeyRow.focusInEvent","DEFINES",1,"",0
"Class:ui/settings.py:HotkeyRow","Function:ui/settings.py:HotkeyRow.focusInEvent","HAS_METHOD",1,"",0
"File:ui/settings.py","Function:ui/settings.py:HotkeyRow.focusOutEvent","DEFINES",1,"",0
"Class:ui/settings.py:HotkeyRow","Function:ui/settings.py:HotkeyRow.focusOutEvent","HAS_METHOD",1,"",0
"File:ui/settings.py","Function:ui/settings.py:HotkeyRow._on_text_changed","DEFINES",1,"",0
"Class:ui/settings.py:HotkeyRow","Function:ui/settings.py:HotkeyRow._on_text_changed","HAS_METHOD",1,"",0
"File:ui/settings.py","Function:ui/settings.py:HotkeyRow._update_validity","DEFINES",1,"",0
"Class:ui/settings.py:HotkeyRow","Function:ui/settings.py:HotkeyRow._update_validity","HAS_METHOD",1,"",0
"File:ui/settings.py","Function:ui/settings.py:HotkeyRow.clear_input","DEFINES",1,"",0
"Class:ui/settings.py:HotkeyRow","Function:ui/settings.py:HotkeyRow.clear_input","HAS_METHOD",1,"",0
"File:ui/settings.py","Function:ui/settings.py:HotkeyRow.set_hotkey","DEFINES",1,"",0
"Class:ui/settings.py:HotkeyRow","Function:ui/settings.py:HotkeyRow.set_hotkey","HAS_METHOD",1,"",0
"File:ui/settings.py","Class:ui/settings.py:SettingsDialog","DEFINES",1,"",0
"File:ui/settings.py","Variable:ui/settings.py:settings_saved","DEFINES",1,"",0
"File:ui/settings.py","Function:ui/settings.py:SettingsDialog.__init__","DEFINES",1,"",0
"Class:ui/settings.py:SettingsDialog","Function:ui/settings.py:SettingsDialog.__init__","HAS_METHOD",1,"",0
"File:ui/settings.py","Function:ui/settings.py:SettingsDialog.init_ui","DEFINES",1,"",0
"Class:ui/settings.py:SettingsDialog","Function:ui/settings.py:SettingsDialog.init_ui","HAS_METHOD",1,"",0
"File:ui/settings.py","Variable:ui/settings.py:main_layout","DEFINES",1,"",0
"File:ui/settings.py","Function:ui/settings.py:SettingsDialog.create_restore_btn","DEFINES",1,"",0
"Class:ui/settings.py:SettingsDialog","Function:ui/settings.py:SettingsDialog.create_restore_btn","HAS_METHOD",1,"",0
"File:ui/settings.py","Variable:ui/settings.py:btn","DEFINES",1,"",0
"File:ui/settings.py","Variable:ui/settings.py:layout","DEFINES",1,"",0
"File:ui/settings.py","Variable:ui/settings.py:gen_layout","DEFINES",1,"",0
"File:ui/settings.py","Variable:ui/settings.py:clip_layout","DEFINES",1,"",0
"File:ui/settings.py","Variable:ui/settings.py:limit_layout","DEFINES",1,"",0
"File:ui/settings.py","Variable:ui/settings.py:limit_label","DEFINES",1,"",0
"File:ui/settings.py","Variable:ui/settings.py:pic_layout","DEFINES",1,"",0
"File:ui/settings.py","Variable:ui/settings.py:pic_label","DEFINES",1,"",0
"File:ui/settings.py","Variable:ui/settings.py:btn_browse_pic","DEFINES",1,"",0
"File:ui/settings.py","Variable:ui/settings.py:pic_limit_layout","DEFINES",1,"",0
"File:ui/settings.py","Variable:ui/settings.py:pic_limit_label","DEFINES",1,"",0
"File:ui/settings.py","Variable:ui/settings.py:video_tab_layout","DEFINES",1,"",0
"File:ui/settings.py","Variable:ui/settings.py:video_layout","DEFINES",1,"",0
"File:ui/settings.py","Variable:ui/settings.py:video_label","DEFINES",1,"",0
"File:ui/settings.py","Variable:ui/settings.py:btn_browse_video","DEFINES",1,"",0
"File:ui/settings.py","Variable:ui/settings.py:format_layout","DEFINES",1,"",0
"File:ui/settings.py","Variable:ui/settings.py:format_label","DEFINES",1,"",0
"File:ui/settings.py","Variable:ui/settings.py:current_fmt","DEFINES",1,"",0
"File:ui/settings.py","Variable:ui/settings.py:recent_layout","DEFINES",1,"",0
"File:ui/settings.py","Variable:ui/settings.py:recent_limit_layout","DEFINES",1,"",0
"File:ui/settings.py","Variable:ui/settings.py:recent_limit_label","DEFINES",1,"",0
"File:ui/settings.py","Variable:ui/settings.py:recent_btn_layout","DEFINES",1,"",0
"File:ui/settings.py","Variable:ui/settings.py:btn_manage_excluded","DEFINES",1,"",0
"File:ui/settings.py","Variable:ui/settings.py:hk_layout","DEFINES",1,"",0
"File:ui/settings.py","Variable:ui/settings.py:feat_main_layout","DEFINES",1,"",0
"File:ui/settings.py","Variable:ui/settings.py:left_panel","DEFINES",1,"",0
"File:ui/settings.py","Variable:ui/settings.py:left_layout","DEFINES",1,"",0
"File:ui/settings.py","Variable:ui/settings.py:lbl_sys","DEFINES",1,"",0
"File:ui/settings.py","Variable:ui/settings.py:sys_scroll","DEFINES",1,"",0
"File:ui/settings.py","Variable:ui/settings.py:chk","DEFINES",1,"",0
"File:ui/settings.py","Variable:ui/settings.py:right_panel","DEFINES",1,"",0
"File:ui/settings.py","Variable:ui/settings.py:right_layout","DEFINES",1,"",0
"File:ui/settings.py","Variable:ui/settings.py:lbl_custom","DEFINES",1,"",0
"File:ui/settings.py","Variable:ui/settings.py:custom_scroll","DEFINES",1,"",0
"File:ui/settings.py","Variable:ui/settings.py:btn_add_app","DEFINES",1,"",0
"File:ui/settings.py","Function:ui/settings.py:SettingsDialog._filter_sys_features","DEFINES",1,"",0
"Class:ui/settings.py:SettingsDialog","Function:ui/settings.py:SettingsDialog._filter_sys_features","HAS_METHOD",1,"",0
"File:ui/settings.py","Function:ui/settings.py:SettingsDialog._filter_custom_features","DEFINES",1,"",0
"Class:ui/settings.py:SettingsDialog","Function:ui/settings.py:SettingsDialog._filter_custom_features","HAS_METHOD",1,"",0
"File:ui/settings.py","Function:ui/settings.py:SettingsDialog._update_custom_apps_list","DEFINES",1,"",0
"Class:ui/settings.py:SettingsDialog","Function:ui/settings.py:SettingsDialog._update_custom_apps_list","HAS_METHOD",1,"",0
"File:ui/settings.py","Variable:ui/settings.py:item","DEFINES",1,"",0
"File:ui/settings.py","Variable:ui/settings.py:custom_apps","DEFINES",1,"",0
"File:ui/settings.py","Variable:ui/settings.py:row","DEFINES",1,"",0
"File:ui/settings.py","Variable:ui/settings.py:row_layout","DEFINES",1,"",0
"File:ui/settings.py","Variable:ui/settings.py:btn_del","DEFINES",1,"",0
"File:ui/settings.py","Function:ui/settings.py:SettingsDialog._on_custom_app_toggled","DEFINES",1,"",0
"Class:ui/settings.py:SettingsDialog","Function:ui/settings.py:SettingsDialog._on_custom_app_toggled","HAS_METHOD",1,"",0
"File:ui/settings.py","Function:ui/settings.py:SettingsDialog._add_custom_app_dialog","DEFINES",1,"",0
"Class:ui/settings.py:SettingsDialog","Function:ui/settings.py:SettingsDialog._add_custom_app_dialog","HAS_METHOD",1,"",0
"File:ui/settings.py","Variable:ui/settings.py:dialog","DEFINES",1,"",0
"File:ui/settings.py","Variable:ui/settings.py:name_layout","DEFINES",1,"",0
"File:ui/settings.py","Variable:ui/settings.py:input_name","DEFINES",1,"",0
"File:ui/settings.py","Variable:ui/settings.py:path_layout","DEFINES",1,"",0
"File:ui/settings.py","Variable:ui/settings.py:input_path","DEFINES",1,"",0
"File:ui/settings.py","Variable:ui/settings.py:btn_browse","DEFINES",1,"",0
"File:ui/settings.py","Function:ui/settings.py:SettingsDialog.do_browse","DEFINES",1,"",0
"Class:ui/settings.py:SettingsDialog","Function:ui/settings.py:SettingsDialog.do_browse","HAS_METHOD",1,"",0
"File:ui/settings.py","Variable:ui/settings.py:btn_layout","DEFINES",1,"",0
"File:ui/settings.py","Variable:ui/settings.py:btn_ok","DEFINES",1,"",0
"File:ui/settings.py","Variable:ui/settings.py:btn_cancel","DEFINES",1,"",0
"File:ui/settings.py","Variable:ui/settings.py:name","DEFINES",1,"",0
"File:ui/settings.py","Variable:ui/settings.py:path","DEFINES",1,"",0
"File:ui/settings.py","Function:ui/settings.py:SettingsDialog._remove_custom_app_by_index","DEFINES",1,"",0
"Class:ui/settings.py:SettingsDialog","Function:ui/settings.py:SettingsDialog._remove_custom_app_by_index","HAS_METHOD",1,"",0
"File:ui/settings.py","Function:ui/settings.py:SettingsDialog._auto_save_options","DEFINES",1,"",0
"Class:ui/settings.py:SettingsDialog","Function:ui/settings.py:SettingsDialog._auto_save_options","HAS_METHOD",1,"",0
"File:ui/settings.py","Function:ui/settings.py:SettingsDialog._on_general_changed","DEFINES",1,"",0
"Class:ui/settings.py:SettingsDialog","Function:ui/settings.py:SettingsDialog._on_general_changed","HAS_METHOD",1,"",0
"File:ui/settings.py","Function:ui/settings.py:SettingsDialog._browse_pic_path","DEFINES",1,"",0
"Class:ui/settings.py:SettingsDialog","Function:ui/settings.py:SettingsDialog._browse_pic_path","HAS_METHOD",1,"",0
"File:ui/settings.py","Variable:ui/settings.py:old_path","DEFINES",1,"",0
"File:ui/settings.py","Variable:ui/settings.py:reply","DEFINES",1,"",0
"File:ui/settings.py","Variable:ui/settings.py:filepath","DEFINES",1,"",0
"File:ui/settings.py","Function:ui/settings.py:SettingsDialog._browse_video_path","DEFINES",1,"",0
"Class:ui/settings.py:SettingsDialog","Function:ui/settings.py:SettingsDialog._browse_video_path","HAS_METHOD",1,"",0
"File:ui/settings.py","Function:ui/settings.py:SettingsDialog._restore_general_defaults","DEFINES",1,"",0
"Class:ui/settings.py:SettingsDialog","Function:ui/settings.py:SettingsDialog._restore_general_defaults","HAS_METHOD",1,"",0
"File:ui/settings.py","Function:ui/settings.py:SettingsDialog._restore_video_defaults","DEFINES",1,"",0
"Class:ui/settings.py:SettingsDialog","Function:ui/settings.py:SettingsDialog._restore_video_defaults","HAS_METHOD",1,"",0
"File:ui/settings.py","Variable:ui/settings.py:default_video_path","DEFINES",1,"",0
"File:ui/settings.py","Function:ui/settings.py:SettingsDialog._on_video_format_changed","DEFINES",1,"",0
"Class:ui/settings.py:SettingsDialog","Function:ui/settings.py:SettingsDialog._on_video_format_changed","HAS_METHOD",1,"",0
"File:ui/settings.py","Function:ui/settings.py:SettingsDialog._on_clipboard_limit_editing_finished","DEFINES",1,"",0
"Class:ui/settings.py:SettingsDialog","Function:ui/settings.py:SettingsDialog._on_clipboard_limit_editing_finished","HAS_METHOD",1,"",0
"File:ui/settings.py","Variable:ui/settings.py:new_val","DEFINES",1,"",0
"File:ui/settings.py","Variable:ui/settings.py:old_val","DEFINES",1,"",0
"File:ui/settings.py","Variable:ui/settings.py:current_history_len","DEFINES",1,"",0
"File:ui/settings.py","Function:ui/settings.py:SettingsDialog._on_clipboard_changed","DEFINES",1,"",0
"Class:ui/settings.py:SettingsDialog","Function:ui/settings.py:SettingsDialog._on_clipboard_changed","HAS_METHOD",1,"",0
"File:ui/settings.py","Function:ui/settings.py:SettingsDialog._restore_clipboard_defaults","DEFINES",1,"",0
"Class:ui/settings.py:SettingsDialog","Function:ui/settings.py:SettingsDialog._restore_clipboard_defaults","HAS_METHOD",1,"",0
"File:ui/settings.py","Variable:ui/settings.py:val_tracking","DEFINES",1,"",0
"File:ui/settings.py","Variable:ui/settings.py:val_max","DEFINES",1,"",0
"File:ui/settings.py","Variable:ui/settings.py:val_pic_max","DEFINES",1,"",0
"File:ui/settings.py","Variable:ui/settings.py:default_pic_path","DEFINES",1,"",0
"File:ui/settings.py","Function:ui/settings.py:SettingsDialog._on_recent_limit_editing_finished","DEFINES",1,"",0
"Class:ui/settings.py:SettingsDialog","Function:ui/settings.py:SettingsDialog._on_recent_limit_editing_finished","HAS_METHOD",1,"",0
"File:ui/settings.py","Function:ui/settings.py:SettingsDialog._on_recent_changed","DEFINES",1,"",0
"Class:ui/settings.py:SettingsDialog","Function:ui/settings.py:SettingsDialog._on_recent_changed","HAS_METHOD",1,"",0
"File:ui/settings.py","Function:ui/settings.py:SettingsDialog._open_recent_excluded_dialog","DEFINES",1,"",0
"Class:ui/settings.py:SettingsDialog","Function:ui/settings.py:SettingsDialog._open_recent_excluded_dialog","HAS_METHOD",1,"",0
"File:ui/settings.py","Variable:ui/settings.py:current_excluded","DEFINES",1,"",0
"File:ui/settings.py","Variable:ui/settings.py:new_excluded","DEFINES",1,"",0
"File:ui/settings.py","Function:ui/settings.py:SettingsDialog._restore_recent_defaults","DEFINES",1,"",0
"Class:ui/settings.py:SettingsDialog","Function:ui/settings.py:SettingsDialog._restore_recent_defaults","HAS_METHOD",1,"",0
"File:ui/settings.py","Variable:ui/settings.py:val_excl","DEFINES",1,"",0
"File:ui/settings.py","Function:ui/settings.py:SettingsDialog._on_feature_changed","DEFINES",1,"",0
"Class:ui/settings.py:SettingsDialog","Function:ui/settings.py:SettingsDialog._on_feature_changed","HAS_METHOD",1,"",0
"File:ui/settings.py","Function:ui/settings.py:SettingsDialog._restore_feature_defaults","DEFINES",1,"",0
"Class:ui/settings.py:SettingsDialog","Function:ui/settings.py:SettingsDialog._restore_feature_defaults","HAS_METHOD",1,"",0
"File:ui/settings.py","Function:ui/settings.py:SettingsDialog.on_hotkey_changed","DEFINES",1,"",0
"Class:ui/settings.py:SettingsDialog","Function:ui/settings.py:SettingsDialog.on_hotkey_changed","HAS_METHOD",1,"",0
"File:ui/settings.py","Variable:ui/settings.py:success","DEFINES",1,"",0
"File:ui/settings.py","Variable:ui/settings.py:row_map","DEFINES",1,"",0
"File:ui/settings.py","Function:ui/settings.py:SettingsDialog._restore_hotkey_defaults","DEFINES",1,"",0
"Class:ui/settings.py:SettingsDialog","Function:ui/settings.py:SettingsDialog._restore_hotkey_defaults","HAS_METHOD",1,"",0
"File:ui/settings.py","Variable:ui/settings.py:failed","DEFINES",1,"",0
"File:ui/search_box.py","Class:ui/search_box.py:SearchBoxPanel","DEFINES",1,"",0
"File:ui/search_box.py","Variable:ui/search_box.py:search_requested","DEFINES",1,"",0
"File:ui/search_box.py","Function:ui/search_box.py:SearchBoxPanel.__init__","DEFINES",1,"",0
"Class:ui/search_box.py:SearchBoxPanel","Function:ui/search_box.py:SearchBoxPanel.__init__","HAS_METHOD",1,"",0
"File:ui/search_box.py","Function:ui/search_box.py:SearchBoxPanel.set_main_ball","DEFINES",1,"",0
"Class:ui/search_box.py:SearchBoxPanel","Function:ui/search_box.py:SearchBoxPanel.set_main_ball","HAS_METHOD",1,"",0
"File:ui/search_box.py","Function:ui/search_box.py:SearchBoxPanel.init_ui","DEFINES",1,"",0
"Class:ui/search_box.py:SearchBoxPanel","Function:ui/search_box.py:SearchBoxPanel.init_ui","HAS_METHOD",1,"",0
"File:ui/search_box.py","Variable:ui/search_box.py:layout","DEFINES",1,"",0
"File:ui/search_box.py","Function:ui/search_box.py:SearchBoxPanel._on_search","DEFINES",1,"",0
"Class:ui/search_box.py:SearchBoxPanel","Function:ui/search_box.py:SearchBoxPanel._on_search","HAS_METHOD",1,"",0
"File:ui/search_box.py","Variable:ui/search_box.py:text","DEFINES",1,"",0
"File:ui/search_box.py","Function:ui/search_box.py:SearchBoxPanel.update_position","DEFINES",1,"",0
"Class:ui/search_box.py:SearchBoxPanel","Function:ui/search_box.py:SearchBoxPanel.update_position","HAS_METHOD",1,"",0
"File:ui/search_box.py","Variable:ui/search_box.py:new_x","DEFINES",1,"",0
"File:ui/search_box.py","Variable:ui/search_box.py:new_y","DEFINES",1,"",0
"File:ui/search_box.py","Variable:ui/search_box.py:screen_geo","DEFINES",1,"",0
"File:ui/search_box.py","Function:ui/search_box.py:SearchBoxPanel.toggle_visibility","DEFINES",1,"",0
"Class:ui/search_box.py:SearchBoxPanel","Function:ui/search_box.py:SearchBoxPanel.toggle_visibility","HAS_METHOD",1,"",0
"File:ui/search_box.py","Function:ui/search_box.py:SearchBoxPanel.keyPressEvent","DEFINES",1,"",0
"Class:ui/search_box.py:SearchBoxPanel","Function:ui/search_box.py:SearchBoxPanel.keyPressEvent","HAS_METHOD",1,"",0
"File:ui/screenshot_mask.py","Class:ui/screenshot_mask.py:ScreenshotMask","DEFINES",1,"",0
"File:ui/screenshot_mask.py","Variable:ui/screenshot_mask.py:finished","DEFINES",1,"",0
"File:ui/screenshot_mask.py","Variable:ui/screenshot_mask.py:rect_selected","DEFINES",1,"",0
"File:ui/screenshot_mask.py","Function:ui/screenshot_mask.py:ScreenshotMask.__init__","DEFINES",1,"",0
"Class:ui/screenshot_mask.py:ScreenshotMask","Function:ui/screenshot_mask.py:ScreenshotMask.__init__","HAS_METHOD",1,"",0
"File:ui/screenshot_mask.py","Function:ui/screenshot_mask.py:ScreenshotMask.showEvent","DEFINES",1,"",0
"Class:ui/screenshot_mask.py:ScreenshotMask","Function:ui/screenshot_mask.py:ScreenshotMask.showEvent","HAS_METHOD",1,"",0
"File:ui/screenshot_mask.py","Function:ui/screenshot_mask.py:ScreenshotMask._get_total_geometry","DEFINES",1,"",0
"Class:ui/screenshot_mask.py:ScreenshotMask","Function:ui/screenshot_mask.py:ScreenshotMask._get_total_geometry","HAS_METHOD",1,"",0
"File:ui/screenshot_mask.py","Variable:ui/screenshot_mask.py:total_rect","DEFINES",1,"",0
"File:ui/screenshot_mask.py","Function:ui/screenshot_mask.py:ScreenshotMask._screen_for_logical_point","DEFINES",1,"",0
"Class:ui/screenshot_mask.py:ScreenshotMask","Function:ui/screenshot_mask.py:ScreenshotMask._screen_for_logical_point","HAS_METHOD",1,"",0
"File:ui/screenshot_mask.py","Variable:ui/screenshot_mask.py:screen","DEFINES",1,"",0
"File:ui/screenshot_mask.py","Function:ui/screenshot_mask.py:ScreenshotMask._screen_for_physical_point","DEFINES",1,"",0
"Class:ui/screenshot_mask.py:ScreenshotMask","Function:ui/screenshot_mask.py:ScreenshotMask._screen_for_physical_point","HAS_METHOD",1,"",0
"File:ui/screenshot_mask.py","Variable:ui/screenshot_mask.py:geom","DEFINES",1,"",0
"File:ui/screenshot_mask.py","Variable:ui/screenshot_mask.py:ratio","DEFINES",1,"",0
"File:ui/screenshot_mask.py","Variable:ui/screenshot_mask.py:left","DEFINES",1,"",0
"File:ui/screenshot_mask.py","Variable:ui/screenshot_mask.py:top","DEFINES",1,"",0
"File:ui/screenshot_mask.py","Variable:ui/screenshot_mask.py:right","DEFINES",1,"",0
"File:ui/screenshot_mask.py","Variable:ui/screenshot_mask.py:bottom","DEFINES",1,"",0
"File:ui/screenshot_mask.py","Function:ui/screenshot_mask.py:ScreenshotMask._logical_point_to_physical","DEFINES",1,"",0
"Class:ui/screenshot_mask.py:ScreenshotMask","Function:ui/screenshot_mask.py:ScreenshotMask._logical_point_to_physical","HAS_METHOD",1,"",0
"File:ui/screenshot_mask.py","Function:ui/screenshot_mask.py:ScreenshotMask._physical_rect_to_logical","DEFINES",1,"",0
"Class:ui/screenshot_mask.py:ScreenshotMask","Function:ui/screenshot_mask.py:ScreenshotMask._physical_rect_to_logical","HAS_METHOD",1,"",0
"File:ui/screenshot_mask.py","Variable:ui/screenshot_mask.py:center","DEFINES",1,"",0
"File:ui/screenshot_mask.py","Function:ui/screenshot_mask.py:ScreenshotMask._logical_rect_to_physical","DEFINES",1,"",0
"Class:ui/screenshot_mask.py:ScreenshotMask","Function:ui/screenshot_mask.py:ScreenshotMask._logical_rect_to_physical","HAS_METHOD",1,"",0
"File:ui/screenshot_mask.py","Function:ui/screenshot_mask.py:ScreenshotMask.find_best_rect","DEFINES",1,"",0
"Class:ui/screenshot_mask.py:ScreenshotMask","Function:ui/screenshot_mask.py:ScreenshotMask.find_best_rect","HAS_METHOD",1,"",0
"File:ui/screenshot_mask.py","Variable:ui/screenshot_mask.py:physical_pos","DEFINES",1,"",0
"File:ui/screenshot_mask.py","Variable:ui/screenshot_mask.py:screen_area","DEFINES",1,"",0
"File:ui/screenshot_mask.py","Variable:ui/screenshot_mask.py:best_rect","DEFINES",1,"",0
"File:ui/screenshot_mask.py","Variable:ui/screenshot_mask.py:min_area","DEFINES",1,"",0
"File:ui/screenshot_mask.py","Variable:ui/screenshot_mask.py:uia_rect","DEFINES",1,"",0
"File:ui/screenshot_mask.py","Variable:ui/screenshot_mask.py:area","DEFINES",1,"",0
"File:ui/screenshot_mask.py","Function:ui/screenshot_mask.py:ScreenshotMask.paintEvent","DEFINES",1,"",0
"Class:ui/screenshot_mask.py:ScreenshotMask","Function:ui/screenshot_mask.py:ScreenshotMask.paintEvent","HAS_METHOD",1,"",0
"File:ui/screenshot_mask.py","Variable:ui/screenshot_mask.py:painter","DEFINES",1,"",0
"File:ui/screenshot_mask.py","Variable:ui/screenshot_mask.py:offset","DEFINES",1,"",0
"File:ui/screenshot_mask.py","Variable:ui/screenshot_mask.py:byte_io","DEFINES",1,"",0
"File:ui/screenshot_mask.py","Variable:ui/screenshot_mask.py:local_rect","DEFINES",1,"",0
"File:ui/screenshot_mask.py","Variable:ui/screenshot_mask.py:local_drag_rect","DEFINES",1,"",0
"File:ui/screenshot_mask.py","Variable:ui/screenshot_mask.py:drag_rect_global","DEFINES",1,"",0
"File:ui/screenshot_mask.py","Variable:ui/screenshot_mask.py:clip_region","DEFINES",1,"",0
"File:ui/screenshot_mask.py","Function:ui/screenshot_mask.py:ScreenshotMask.mousePressEvent","DEFINES",1,"",0
"Class:ui/screenshot_mask.py:ScreenshotMask","Function:ui/screenshot_mask.py:ScreenshotMask.mousePressEvent","HAS_METHOD",1,"",0
"File:ui/screenshot_mask.py","Function:ui/screenshot_mask.py:ScreenshotMask.mouseMoveEvent","DEFINES",1,"",0
"Class:ui/screenshot_mask.py:ScreenshotMask","Function:ui/screenshot_mask.py:ScreenshotMask.mouseMoveEvent","HAS_METHOD",1,"",0
"File:ui/screenshot_mask.py","Function:ui/screenshot_mask.py:ScreenshotMask.mouseReleaseEvent","DEFINES",1,"",0
"Class:ui/screenshot_mask.py:ScreenshotMask","Function:ui/screenshot_mask.py:ScreenshotMask.mouseReleaseEvent","HAS_METHOD",1,"",0
"File:ui/screenshot_mask.py","Variable:ui/screenshot_mask.py:final_rect_global","DEFINES",1,"",0
"File:ui/screenshot_mask.py","Function:ui/screenshot_mask.py:ScreenshotMask.keyPressEvent","DEFINES",1,"",0
"Class:ui/screenshot_mask.py:ScreenshotMask","Function:ui/screenshot_mask.py:ScreenshotMask.keyPressEvent","HAS_METHOD",1,"",0
"File:ui/screenshot_mask.py","Function:ui/screenshot_mask.py:ScreenshotMask.capture_rect","DEFINES",1,"",0
"Class:ui/screenshot_mask.py:ScreenshotMask","Function:ui/screenshot_mask.py:ScreenshotMask.capture_rect","HAS_METHOD",1,"",0
"File:ui/screenshot_mask.py","Function:ui/screenshot_mask.py:ScreenshotMask._do_capture","DEFINES",1,"",0
"Class:ui/screenshot_mask.py:ScreenshotMask","Function:ui/screenshot_mask.py:ScreenshotMask._do_capture","HAS_METHOD",1,"",0
"File:ui/screenshot_mask.py","Variable:ui/screenshot_mask.py:v_left","DEFINES",1,"",0
"File:ui/screenshot_mask.py","Variable:ui/screenshot_mask.py:v_top","DEFINES",1,"",0
"File:ui/screenshot_mask.py","Variable:ui/screenshot_mask.py:img","DEFINES",1,"",0
"File:ui/screenshot_mask.py","Variable:ui/screenshot_mask.py:pixmap","DEFINES",1,"",0
"File:ui/screenshot_mask.py","Function:ui/screenshot_mask.py:ScreenshotMask.close_mask","DEFINES",1,"",0
"Class:ui/screenshot_mask.py:ScreenshotMask","Function:ui/screenshot_mask.py:ScreenshotMask.close_mask","HAS_METHOD",1,"",0
"File:ui/recording_border.py","Class:ui/recording_border.py:RecordingBorder","DEFINES",1,"",0
"File:ui/recording_border.py","Variable:ui/recording_border.py:countdown_finished","DEFINES",1,"",0
"File:ui/recording_border.py","Function:ui/recording_border.py:RecordingBorder.__init__","DEFINES",1,"",0
"Class:ui/recording_border.py:RecordingBorder","Function:ui/recording_border.py:RecordingBorder.__init__","HAS_METHOD",1,"",0
"File:ui/recording_border.py","Variable:ui/recording_border.py:center","DEFINES",1,"",0
"File:ui/recording_border.py","Variable:ui/recording_border.py:screen","DEFINES",1,"",0
"File:ui/recording_border.py","Variable:ui/recording_border.py:geom","DEFINES",1,"",0
"File:ui/recording_border.py","Variable:ui/recording_border.py:ratio","DEFINES",1,"",0
"File:ui/recording_border.py","Variable:ui/recording_border.py:left","DEFINES",1,"",0
"File:ui/recording_border.py","Variable:ui/recording_border.py:top","DEFINES",1,"",0
"File:ui/recording_border.py","Variable:ui/recording_border.py:right","DEFINES",1,"",0
"File:ui/recording_border.py","Variable:ui/recording_border.py:bottom","DEFINES",1,"",0
"File:ui/recording_border.py","Variable:ui/recording_border.py:lx","DEFINES",1,"",0
"File:ui/recording_border.py","Variable:ui/recording_border.py:ly","DEFINES",1,"",0
"File:ui/recording_border.py","Variable:ui/recording_border.py:lw","DEFINES",1,"",0
"File:ui/recording_border.py","Variable:ui/recording_border.py:lh","DEFINES",1,"",0
"File:ui/recording_border.py","Function:ui/recording_border.py:RecordingBorder.paintEvent","DEFINES",1,"",0
"Class:ui/recording_border.py:RecordingBorder","Function:ui/recording_border.py:RecordingBorder.paintEvent","HAS_METHOD",1,"",0
"File:ui/recording_border.py","Variable:ui/recording_border.py:painter","DEFINES",1,"",0
"File:ui/recording_border.py","Variable:ui/recording_border.py:pen","DEFINES",1,"",0
"File:ui/recording_border.py","Variable:ui/recording_border.py:font","DEFINES",1,"",0
"File:ui/recording_border.py","Function:ui/recording_border.py:RecordingBorder.tick","DEFINES",1,"",0
"Class:ui/recording_border.py:RecordingBorder","Function:ui/recording_border.py:RecordingBorder.tick","HAS_METHOD",1,"",0
"File:ui/recent_panel.py","Class:ui/recent_panel.py:RecentListWidget","DEFINES",1,"",0
"File:ui/recent_panel.py","Variable:ui/recent_panel.py:item_right_clicked","DEFINES",1,"",0
"File:ui/recent_panel.py","Variable:ui/recent_panel.py:order_changed","DEFINES",1,"",0
"File:ui/recent_panel.py","Function:ui/recent_panel.py:RecentListWidget.__init__","DEFINES",1,"",0
"Class:ui/recent_panel.py:RecentListWidget","Function:ui/recent_panel.py:RecentListWidget.__init__","HAS_METHOD",1,"",0
"File:ui/recent_panel.py","Function:ui/recent_panel.py:RecentListWidget.dropEvent","DEFINES",1,"",0
"Class:ui/recent_panel.py:RecentListWidget","Function:ui/recent_panel.py:RecentListWidget.dropEvent","HAS_METHOD",1,"",0
"File:ui/recent_panel.py","Variable:ui/recent_panel.py:new_order","DEFINES",1,"",0
"File:ui/recent_panel.py","Function:ui/recent_panel.py:RecentListWidget.mousePressEvent","DEFINES",1,"",0
"Class:ui/recent_panel.py:RecentListWidget","Function:ui/recent_panel.py:RecentListWidget.mousePressEvent","HAS_METHOD",1,"",0
"File:ui/recent_panel.py","Variable:ui/recent_panel.py:item","DEFINES",1,"",0
"File:ui/recent_panel.py","Class:ui/recent_panel.py:RecentItemWidget","DEFINES",1,"",0
"File:ui/recent_panel.py","Variable:ui/recent_panel.py:deleted","DEFINES",1,"",0
"File:ui/recent_panel.py","Function:ui/recent_panel.py:RecentItemWidget.__init__","DEFINES",1,"",0
"Class:ui/recent_panel.py:RecentItemWidget","Function:ui/recent_panel.py:RecentItemWidget.__init__","HAS_METHOD",1,"",0
"File:ui/recent_panel.py","Variable:ui/recent_panel.py:layout","DEFINES",1,"",0
"File:ui/recent_panel.py","Variable:ui/recent_panel.py:path","DEFINES",1,"",0
"File:ui/recent_panel.py","Variable:ui/recent_panel.py:name","DEFINES",1,"",0
"File:ui/recent_panel.py","Variable:ui/recent_panel.py:icon","DEFINES",1,"",0
"File:ui/recent_panel.py","Variable:ui/recent_panel.py:icon_label","DEFINES",1,"",0
"File:ui/recent_panel.py","Variable:ui/recent_panel.py:text_layout","DEFINES",1,"",0
"File:ui/recent_panel.py","Variable:ui/recent_panel.py:name_label","DEFINES",1,"",0
"File:ui/recent_panel.py","Variable:ui/recent_panel.py:path_label","DEFINES",1,"",0
"File:ui/recent_panel.py","Variable:ui/recent_panel.py:name_fm","DEFINES",1,"",0
"File:ui/recent_panel.py","Variable:ui/recent_panel.py:path_fm","DEFINES",1,"",0
"File:ui/recent_panel.py","Variable:ui/recent_panel.py:elided_name","DEFINES",1,"",0
"File:ui/recent_panel.py","Variable:ui/recent_panel.py:elided_path","DEFINES",1,"",0
"File:ui/recent_panel.py","Function:ui/recent_panel.py:RecentItemWidget._on_delete_clicked","DEFINES",1,"",0
"Class:ui/recent_panel.py:RecentItemWidget","Function:ui/recent_panel.py:RecentItemWidget._on_delete_clicked","HAS_METHOD",1,"",0
"File:ui/recent_panel.py","Class:ui/recent_panel.py:RecentPanel","DEFINES",1,"",0
"File:ui/recent_panel.py","Variable:ui/recent_panel.py:item_clicked","DEFINES",1,"",0
"File:ui/recent_panel.py","Variable:ui/recent_panel.py:item_deleted","DEFINES",1,"",0
"File:ui/recent_panel.py","Variable:ui/recent_panel.py:toggle_tracking_clicked","DEFINES",1,"",0
"File:ui/recent_panel.py","Variable:ui/recent_panel.py:excluded_extensions_changed","DEFINES",1,"",0
"File:ui/recent_panel.py","Variable:ui/recent_panel.py:visibility_dict_changed","DEFINES",1,"",0
"File:ui/recent_panel.py","Variable:ui/recent_panel.py:history_cleared","DEFINES",1,"",0
"File:ui/recent_panel.py","Variable:ui/recent_panel.py:history_reordered","DEFINES",1,"",0
"File:ui/recent_panel.py","Function:ui/recent_panel.py:RecentPanel.__init__","DEFINES",1,"",0
"Class:ui/recent_panel.py:RecentPanel","Function:ui/recent_panel.py:RecentPanel.__init__","HAS_METHOD",1,"",0
"File:ui/recent_panel.py","Function:ui/recent_panel.py:RecentPanel.set_main_ball","DEFINES",1,"",0
"Class:ui/recent_panel.py:RecentPanel","Function:ui/recent_panel.py:RecentPanel.set_main_ball","HAS_METHOD",1,"",0
"File:ui/recent_panel.py","Function:ui/recent_panel.py:RecentPanel.mousePressEvent","DEFINES",1,"",0
"Class:ui/recent_panel.py:RecentPanel","Function:ui/recent_panel.py:RecentPanel.mousePressEvent","HAS_METHOD",1,"",0
"File:ui/recent_panel.py","Function:ui/recent_panel.py:RecentPanel.mouseMoveEvent","DEFINES",1,"",0
"Class:ui/recent_panel.py:RecentPanel","Function:ui/recent_panel.py:RecentPanel.mouseMoveEvent","HAS_METHOD",1,"",0
"File:ui/recent_panel.py","Function:ui/recent_panel.py:RecentPanel.mouseReleaseEvent","DEFINES",1,"",0
"Class:ui/recent_panel.py:RecentPanel","Function:ui/recent_panel.py:RecentPanel.mouseReleaseEvent","HAS_METHOD",1,"",0
"File:ui/recent_panel.py","Function:ui/recent_panel.py:RecentPanel.init_ui","DEFINES",1,"",0
"Class:ui/recent_panel.py:RecentPanel","Function:ui/recent_panel.py:RecentPanel.init_ui","HAS_METHOD",1,"",0
"File:ui/recent_panel.py","Variable:ui/recent_panel.py:title_layout","DEFINES",1,"",0
"File:ui/recent_panel.py","Variable:ui/recent_panel.py:title","DEFINES",1,"",0
"File:ui/recent_panel.py","Variable:ui/recent_panel.py:btn_close","DEFINES",1,"",0
"File:ui/recent_panel.py","Variable:ui/recent_panel.py:bottom_layout","DEFINES",1,"",0
"File:ui/recent_panel.py","Function:ui/recent_panel.py:RecentPanel.set_tracking_enabled","DEFINES",1,"",0
"Class:ui/recent_panel.py:RecentPanel","Function:ui/recent_panel.py:RecentPanel.set_tracking_enabled","HAS_METHOD",1,"",0
"File:ui/recent_panel.py","Function:ui/recent_panel.py:RecentPanel.set_excluded_extensions","DEFINES",1,"",0
"Class:ui/recent_panel.py:RecentPanel","Function:ui/recent_panel.py:RecentPanel.set_excluded_extensions","HAS_METHOD",1,"",0
"File:ui/recent_panel.py","Function:ui/recent_panel.py:RecentPanel.set_visibility_dict","DEFINES",1,"",0
"Class:ui/recent_panel.py:RecentPanel","Function:ui/recent_panel.py:RecentPanel.set_visibility_dict","HAS_METHOD",1,"",0
"File:ui/recent_panel.py","Function:ui/recent_panel.py:RecentPanel._on_excluded_clicked","DEFINES",1,"",0
"Class:ui/recent_panel.py:RecentPanel","Function:ui/recent_panel.py:RecentPanel._on_excluded_clicked","HAS_METHOD",1,"",0
"File:ui/recent_panel.py","Variable:ui/recent_panel.py:dialog","DEFINES",1,"",0
"File:ui/recent_panel.py","Variable:ui/recent_panel.py:new_exts","DEFINES",1,"",0
"File:ui/recent_panel.py","Function:ui/recent_panel.py:RecentPanel._on_filter_clicked","DEFINES",1,"",0
"Class:ui/recent_panel.py:RecentPanel","Function:ui/recent_panel.py:RecentPanel._on_filter_clicked","HAS_METHOD",1,"",0
"File:ui/recent_panel.py","Variable:ui/recent_panel.py:unique_exts","DEFINES",1,"",0
"File:ui/recent_panel.py","Variable:ui/recent_panel.py:new_dict","DEFINES",1,"",0
"File:ui/recent_panel.py","Function:ui/recent_panel.py:RecentPanel._on_clear_clicked","DEFINES",1,"",0
"Class:ui/recent_panel.py:RecentPanel","Function:ui/recent_panel.py:RecentPanel._on_clear_clicked","HAS_METHOD",1,"",0
"File:ui/recent_panel.py","Variable:ui/recent_panel.py:reply","DEFINES",1,"",0
"File:ui/recent_panel.py","Function:ui/recent_panel.py:RecentPanel.update_items","DEFINES",1,"",0
"Class:ui/recent_panel.py:RecentPanel","Function:ui/recent_panel.py:RecentPanel.update_items","HAS_METHOD",1,"",0
"File:ui/recent_panel.py","Function:ui/recent_panel.py:RecentPanel._apply_filter","DEFINES",1,"",0
"Class:ui/recent_panel.py:RecentPanel","Function:ui/recent_panel.py:RecentPanel._apply_filter","HAS_METHOD",1,"",0
"File:ui/recent_panel.py","Variable:ui/recent_panel.py:v_scroll","DEFINES",1,"",0
"File:ui/recent_panel.py","Variable:ui/recent_panel.py:ext","DEFINES",1,"",0
"File:ui/recent_panel.py","Variable:ui/recent_panel.py:is_visible","DEFINES",1,"",0
"File:ui/recent_panel.py","Variable:ui/recent_panel.py:list_item","DEFINES",1,"",0
"File:ui/recent_panel.py","Variable:ui/recent_panel.py:widget","DEFINES",1,"",0
"File:ui/recent_panel.py","Function:ui/recent_panel.py:RecentPanel._on_item_clicked","DEFINES",1,"",0
"Class:ui/recent_panel.py:RecentPanel","Function:ui/recent_panel.py:RecentPanel._on_item_clicked","HAS_METHOD",1,"",0
"File:ui/recent_panel.py","Variable:ui/recent_panel.py:full_item","DEFINES",1,"",0
"File:ui/recent_panel.py","Function:ui/recent_panel.py:RecentPanel._on_item_right_clicked","DEFINES",1,"",0
"Class:ui/recent_panel.py:RecentPanel","Function:ui/recent_panel.py:RecentPanel._on_item_right_clicked","HAS_METHOD",1,"",0
"File:ui/recent_panel.py","Function:ui/recent_panel.py:RecentPanel.update_position","DEFINES",1,"",0
"Class:ui/recent_panel.py:RecentPanel","Function:ui/recent_panel.py:RecentPanel.update_position","HAS_METHOD",1,"",0
"File:ui/recent_panel.py","Variable:ui/recent_panel.py:new_x","DEFINES",1,"",0
"File:ui/recent_panel.py","Variable:ui/recent_panel.py:new_y","DEFINES",1,"",0
"File:ui/recent_panel.py","Variable:ui/recent_panel.py:screen_geo","DEFINES",1,"",0
"File:ui/recent_panel.py","Function:ui/recent_panel.py:RecentPanel.toggle_visibility","DEFINES",1,"",0
"Class:ui/recent_panel.py:RecentPanel","Function:ui/recent_panel.py:RecentPanel.toggle_visibility","HAS_METHOD",1,"",0
"File:ui/recent_dialogs.py","Class:ui/recent_dialogs.py:ExcludedExtensionsDialog","DEFINES",1,"",0
"File:ui/recent_dialogs.py","Function:ui/recent_dialogs.py:ExcludedExtensionsDialog.__init__","DEFINES",1,"",0
"Class:ui/recent_dialogs.py:ExcludedExtensionsDialog","Function:ui/recent_dialogs.py:ExcludedExtensionsDialog.__init__","HAS_METHOD",1,"",0
"File:ui/recent_dialogs.py","Variable:ui/recent_dialogs.py:layout","DEFINES",1,"",0
"File:ui/recent_dialogs.py","Variable:ui/recent_dialogs.py:desc","DEFINES",1,"",0
"File:ui/recent_dialogs.py","Variable:ui/recent_dialogs.py:input_layout","DEFINES",1,"",0
"File:ui/recent_dialogs.py","Variable:ui/recent_dialogs.py:btn_add","DEFINES",1,"",0
"File:ui/recent_dialogs.py","Variable:ui/recent_dialogs.py:btn_select_all","DEFINES",1,"",0
"File:ui/recent_dialogs.py","Variable:ui/recent_dialogs.py:btn_layout","DEFINES",1,"",0
"File:ui/recent_dialogs.py","Variable:ui/recent_dialogs.py:btn_ok","DEFINES",1,"",0
"File:ui/recent_dialogs.py","Variable:ui/recent_dialogs.py:btn_cancel","DEFINES",1,"",0
"File:ui/recent_dialogs.py","Function:ui/recent_dialogs.py:ExcludedExtensionsDialog._toggle_select_all","DEFINES",1,"",0
"Class:ui/recent_dialogs.py:ExcludedExtensionsDialog","Function:ui/recent_dialogs.py:ExcludedExtensionsDialog._toggle_select_all","HAS_METHOD",1,"",0
"File:ui/recent_dialogs.py","Variable:ui/recent_dialogs.py:all_checked","DEFINES",1,"",0
"File:ui/recent_dialogs.py","Function:ui/recent_dialogs.py:ExcludedExtensionsDialog._normalize_ext","DEFINES",1,"",0
"Class:ui/recent_dialogs.py:ExcludedExtensionsDialog","Function:ui/recent_dialogs.py:ExcludedExtensionsDialog._normalize_ext","HAS_METHOD",1,"",0
"File:ui/recent_dialogs.py","Variable:ui/recent_dialogs.py:ext","DEFINES",1,"",0
"File:ui/recent_dialogs.py","Function:ui/recent_dialogs.py:ExcludedExtensionsDialog._add_ext","DEFINES",1,"",0
"Class:ui/recent_dialogs.py:ExcludedExtensionsDialog","Function:ui/recent_dialogs.py:ExcludedExtensionsDialog._add_ext","HAS_METHOD",1,"",0
"File:ui/recent_dialogs.py","Function:ui/recent_dialogs.py:ExcludedExtensionsDialog._remove_ext","DEFINES",1,"",0
"Class:ui/recent_dialogs.py:ExcludedExtensionsDialog","Function:ui/recent_dialogs.py:ExcludedExtensionsDialog._remove_ext","HAS_METHOD",1,"",0
"File:ui/recent_dialogs.py","Function:ui/recent_dialogs.py:ExcludedExtensionsDialog._on_checkbox_toggled","DEFINES",1,"",0
"Class:ui/recent_dialogs.py:ExcludedExtensionsDialog","Function:ui/recent_dialogs.py:ExcludedExtensionsDialog._on_checkbox_toggled","HAS_METHOD",1,"",0
"File:ui/recent_dialogs.py","Function:ui/recent_dialogs.py:ExcludedExtensionsDialog._refresh_list","DEFINES",1,"",0
"Class:ui/recent_dialogs.py:ExcludedExtensionsDialog","Function:ui/recent_dialogs.py:ExcludedExtensionsDialog._refresh_list","HAS_METHOD",1,"",0
"File:ui/recent_dialogs.py","Variable:ui/recent_dialogs.py:item","DEFINES",1,"",0
"File:ui/recent_dialogs.py","Variable:ui/recent_dialogs.py:row_widget","DEFINES",1,"",0
"File:ui/recent_dialogs.py","Variable:ui/recent_dialogs.py:row_layout","DEFINES",1,"",0
"File:ui/recent_dialogs.py","Variable:ui/recent_dialogs.py:chk","DEFINES",1,"",0
"File:ui/recent_dialogs.py","Variable:ui/recent_dialogs.py:btn_del","DEFINES",1,"",0
"File:ui/recent_dialogs.py","Function:ui/recent_dialogs.py:ExcludedExtensionsDialog.get_excluded_extensions","DEFINES",1,"",0
"Class:ui/recent_dialogs.py:ExcludedExtensionsDialog","Function:ui/recent_dialogs.py:ExcludedExtensionsDialog.get_excluded_extensions","HAS_METHOD",1,"",0
"File:ui/recent_dialogs.py","Class:ui/recent_dialogs.py:ExtensionFilterDialog","DEFINES",1,"",0
"File:ui/recent_dialogs.py","Function:ui/recent_dialogs.py:ExtensionFilterDialog.__init__","DEFINES",1,"",0
"Class:ui/recent_dialogs.py:ExtensionFilterDialog","Function:ui/recent_dialogs.py:ExtensionFilterDialog.__init__","HAS_METHOD",1,"",0
"File:ui/recent_dialogs.py","Variable:ui/recent_dialogs.py:is_visible","DEFINES",1,"",0
"File:ui/recent_dialogs.py","Function:ui/recent_dialogs.py:ExtensionFilterDialog._toggle_select_all","DEFINES",1,"",0
"Class:ui/recent_dialogs.py:ExtensionFilterDialog","Function:ui/recent_dialogs.py:ExtensionFilterDialog._toggle_select_all","HAS_METHOD",1,"",0
"File:ui/recent_dialogs.py","Function:ui/recent_dialogs.py:ExtensionFilterDialog.accept","DEFINES",1,"",0
"Class:ui/recent_dialogs.py:ExtensionFilterDialog","Function:ui/recent_dialogs.py:ExtensionFilterDialog.accept","HAS_METHOD",1,"",0
"File:ui/recent_dialogs.py","Function:ui/recent_dialogs.py:ExtensionFilterDialog.get_visibility_dict","DEFINES",1,"",0
"Class:ui/recent_dialogs.py:ExtensionFilterDialog","Function:ui/recent_dialogs.py:ExtensionFilterDialog.get_visibility_dict","HAS_METHOD",1,"",0
"File:ui/panel.py","Class:ui/panel.py:PinnedImageDialog","DEFINES",1,"",0
"File:ui/panel.py","Function:ui/panel.py:PinnedImageDialog.__init__","DEFINES",1,"",0
"Class:ui/panel.py:PinnedImageDialog","Function:ui/panel.py:PinnedImageDialog.__init__","HAS_METHOD",1,"",0
"File:ui/panel.py","Variable:ui/panel.py:screen","DEFINES",1,"",0
"File:ui/panel.py","Variable:ui/panel.py:ratio","DEFINES",1,"",0
"File:ui/panel.py","Function:ui/panel.py:PinnedImageDialog.paintEvent","DEFINES",1,"",0
"Class:ui/panel.py:PinnedImageDialog","Function:ui/panel.py:PinnedImageDialog.paintEvent","HAS_METHOD",1,"",0
"File:ui/panel.py","Variable:ui/panel.py:painter","DEFINES",1,"",0
"File:ui/panel.py","Variable:ui/panel.py:scaled_width","DEFINES",1,"",0
"File:ui/panel.py","Variable:ui/panel.py:scaled_height","DEFINES",1,"",0
"File:ui/panel.py","Function:ui/panel.py:PinnedImageDialog.wheelEvent","DEFINES",1,"",0
"Class:ui/panel.py:PinnedImageDialog","Function:ui/panel.py:PinnedImageDialog.wheelEvent","HAS_METHOD",1,"",0
"File:ui/panel.py","Variable:ui/panel.py:angle","DEFINES",1,"",0
"File:ui/panel.py","Variable:ui/panel.py:cursor_x","DEFINES",1,"",0
"File:ui/panel.py","Variable:ui/panel.py:cursor_y","DEFINES",1,"",0
"File:ui/panel.py","Variable:ui/panel.py:old_scale","DEFINES",1,"",0
"File:ui/panel.py","Variable:ui/panel.py:new_x","DEFINES",1,"",0
"File:ui/panel.py","Variable:ui/panel.py:new_y","DEFINES",1,"",0
"File:ui/panel.py","Function:ui/panel.py:PinnedImageDialog.mousePressEvent","DEFINES",1,"",0
"Class:ui/panel.py:PinnedImageDialog","Function:ui/panel.py:PinnedImageDialog.mousePressEvent","HAS_METHOD",1,"",0
"File:ui/panel.py","Function:ui/panel.py:PinnedImageDialog.mouseMoveEvent","DEFINES",1,"",0
"Class:ui/panel.py:PinnedImageDialog","Function:ui/panel.py:PinnedImageDialog.mouseMoveEvent","HAS_METHOD",1,"",0
"File:ui/panel.py","Function:ui/panel.py:PinnedImageDialog.mouseReleaseEvent","DEFINES",1,"",0
"Class:ui/panel.py:PinnedImageDialog","Function:ui/panel.py:PinnedImageDialog.mouseReleaseEvent","HAS_METHOD",1,"",0
"File:ui/panel.py","Function:ui/panel.py:PinnedImageDialog.mouseDoubleClickEvent","DEFINES",1,"",0
"Class:ui/panel.py:PinnedImageDialog","Function:ui/panel.py:PinnedImageDialog.mouseDoubleClickEvent","HAS_METHOD",1,"",0
"File:ui/panel.py","Function:ui/panel.py:PinnedImageDialog.keyPressEvent","DEFINES",1,"",0
"Class:ui/panel.py:PinnedImageDialog","Function:ui/panel.py:PinnedImageDialog.keyPressEvent","HAS_METHOD",1,"",0
"File:ui/panel.py","Class:ui/panel.py:DetailsDialog","DEFINES",1,"",0
"File:ui/panel.py","Function:ui/panel.py:DetailsDialog.__init__","DEFINES",1,"",0
"Class:ui/panel.py:DetailsDialog","Function:ui/panel.py:DetailsDialog.__init__","HAS_METHOD",1,"",0
"File:ui/panel.py","Variable:ui/panel.py:layout","DEFINES",1,"",0
"File:ui/panel.py","Variable:ui/panel.py:text","DEFINES",1,"",0
"File:ui/panel.py","Variable:ui/panel.py:text_edit","DEFINES",1,"",0
"File:ui/panel.py","Class:ui/panel.py:ClipboardItemWidget","DEFINES",1,"",0
"File:ui/panel.py","Variable:ui/panel.py:deleted","DEFINES",1,"",0
"File:ui/panel.py","Variable:ui/panel.py:viewed","DEFINES",1,"",0
"File:ui/panel.py","Function:ui/panel.py:ClipboardItemWidget.__init__","DEFINES",1,"",0
"Class:ui/panel.py:ClipboardItemWidget","Function:ui/panel.py:ClipboardItemWidget.__init__","HAS_METHOD",1,"",0
"File:ui/panel.py","Variable:ui/panel.py:val","DEFINES",1,"",0
"File:ui/panel.py","Variable:ui/panel.py:image","DEFINES",1,"",0
"File:ui/panel.py","Variable:ui/panel.py:data","DEFINES",1,"",0
"File:ui/panel.py","Variable:ui/panel.py:pixmap","DEFINES",1,"",0
"File:ui/panel.py","Variable:ui/panel.py:img_container","DEFINES",1,"",0
"File:ui/panel.py","Variable:ui/panel.py:img_layout","DEFINES",1,"",0
"File:ui/panel.py","Variable:ui/panel.py:display_text","DEFINES",1,"",0
"File:ui/panel.py","Variable:ui/panel.py:fm","DEFINES",1,"",0
"File:ui/panel.py","Variable:ui/panel.py:max_width","DEFINES",1,"",0
"File:ui/panel.py","Variable:ui/panel.py:final_text","DEFINES",1,"",0
"File:ui/panel.py","Variable:ui/panel.py:line1","DEFINES",1,"",0
"File:ui/panel.py","Variable:ui/panel.py:rem","DEFINES",1,"",0
"File:ui/panel.py","Variable:ui/panel.py:line2","DEFINES",1,"",0
"File:ui/panel.py","Function:ui/panel.py:ClipboardItemWidget._on_delete_clicked","DEFINES",1,"",0
"Class:ui/panel.py:ClipboardItemWidget","Function:ui/panel.py:ClipboardItemWidget._on_delete_clicked","HAS_METHOD",1,"",0
"File:ui/panel.py","Function:ui/panel.py:ClipboardItemWidget._on_view_clicked","DEFINES",1,"",0
"Class:ui/panel.py:ClipboardItemWidget","Function:ui/panel.py:ClipboardItemWidget._on_view_clicked","HAS_METHOD",1,"",0
"File:ui/panel.py","Function:ui/panel.py:ClipboardItemWidget.enterEvent","DEFINES",1,"",0
"Class:ui/panel.py:ClipboardItemWidget","Function:ui/panel.py:ClipboardItemWidget.enterEvent","HAS_METHOD",1,"",0
"File:ui/panel.py","Function:ui/panel.py:ClipboardItemWidget.leaveEvent","DEFINES",1,"",0
"Class:ui/panel.py:ClipboardItemWidget","Function:ui/panel.py:ClipboardItemWidget.leaveEvent","HAS_METHOD",1,"",0
"File:ui/panel.py","Function:ui/panel.py:ClipboardItemWidget.show_hover_effect","DEFINES",1,"",0
"Class:ui/panel.py:ClipboardItemWidget","Function:ui/panel.py:ClipboardItemWidget.show_hover_effect","HAS_METHOD",1,"",0
"File:ui/panel.py","Class:ui/panel.py:ClipboardListWidget","DEFINES",1,"",0
"File:ui/panel.py","Variable:ui/panel.py:order_changed","DEFINES",1,"",0
"File:ui/panel.py","Variable:ui/panel.py:item_right_clicked","DEFINES",1,"",0
"File:ui/panel.py","Function:ui/panel.py:ClipboardListWidget.__init__","DEFINES",1,"",0
"Class:ui/panel.py:ClipboardListWidget","Function:ui/panel.py:ClipboardListWidget.__init__","HAS_METHOD",1,"",0
"File:ui/panel.py","Function:ui/panel.py:ClipboardListWidget.dropEvent","DEFINES",1,"",0
"Class:ui/panel.py:ClipboardListWidget","Function:ui/panel.py:ClipboardListWidget.dropEvent","HAS_METHOD",1,"",0
"File:ui/panel.py","Variable:ui/panel.py:new_order","DEFINES",1,"",0
"File:ui/panel.py","Function:ui/panel.py:ClipboardListWidget.mousePressEvent","DEFINES",1,"",0
"Class:ui/panel.py:ClipboardListWidget","Function:ui/panel.py:ClipboardListWidget.mousePressEvent","HAS_METHOD",1,"",0
"File:ui/panel.py","Variable:ui/panel.py:item","DEFINES",1,"",0
"File:ui/panel.py","Class:ui/panel.py:Panel","DEFINES",1,"",0
"File:ui/panel.py","Variable:ui/panel.py:item_clicked","DEFINES",1,"",0
"File:ui/panel.py","Variable:ui/panel.py:item_deleted","DEFINES",1,"",0
"File:ui/panel.py","Variable:ui/panel.py:history_cleared","DEFINES",1,"",0
"File:ui/panel.py","Variable:ui/panel.py:history_reordered","DEFINES",1,"",0
"File:ui/panel.py","Variable:ui/panel.py:toggle_tracking_clicked","DEFINES",1,"",0
"File:ui/panel.py","Variable:ui/panel.py:toggle_text_tracking_clicked","DEFINES",1,"",0
"File:ui/panel.py","Variable:ui/panel.py:toggle_image_tracking_clicked","DEFINES",1,"",0
"File:ui/panel.py","Function:ui/panel.py:Panel.__init__","DEFINES",1,"",0
"Class:ui/panel.py:Panel","Function:ui/panel.py:Panel.__init__","HAS_METHOD",1,"",0
"File:ui/panel.py","Function:ui/panel.py:Panel.set_main_ball","DEFINES",1,"",0
"Class:ui/panel.py:Panel","Function:ui/panel.py:Panel.set_main_ball","HAS_METHOD",1,"",0
"File:ui/panel.py","Function:ui/panel.py:Panel.mousePressEvent","DEFINES",1,"",0
"Class:ui/panel.py:Panel","Function:ui/panel.py:Panel.mousePressEvent","HAS_METHOD",1,"",0
"File:ui/panel.py","Function:ui/panel.py:Panel.mouseMoveEvent","DEFINES",1,"",0
"Class:ui/panel.py:Panel","Function:ui/panel.py:Panel.mouseMoveEvent","HAS_METHOD",1,"",0
"File:ui/panel.py","Function:ui/panel.py:Panel.mouseReleaseEvent","DEFINES",1,"",0
"Class:ui/panel.py:Panel","Function:ui/panel.py:Panel.mouseReleaseEvent","HAS_METHOD",1,"",0
"File:ui/panel.py","Function:ui/panel.py:Panel.init_ui","DEFINES",1,"",0
"Class:ui/panel.py:Panel","Function:ui/panel.py:Panel.init_ui","HAS_METHOD",1,"",0
"File:ui/panel.py","Variable:ui/panel.py:title_layout","DEFINES",1,"",0
"File:ui/panel.py","Variable:ui/panel.py:title","DEFINES",1,"",0
"File:ui/panel.py","Variable:ui/panel.py:btn_close","DEFINES",1,"",0
"File:ui/panel.py","Variable:ui/panel.py:bottom_layout","DEFINES",1,"",0
"File:ui/panel.py","Function:ui/panel.py:Panel.set_content_tracking_states","DEFINES",1,"",0
"Class:ui/panel.py:Panel","Function:ui/panel.py:Panel.set_content_tracking_states","HAS_METHOD",1,"",0
"File:ui/panel.py","Function:ui/panel.py:Panel.set_tracking_enabled","DEFINES",1,"",0
"Class:ui/panel.py:Panel","Function:ui/panel.py:Panel.set_tracking_enabled","HAS_METHOD",1,"",0
"File:ui/panel.py","Function:ui/panel.py:Panel._on_clear_all_clicked","DEFINES",1,"",0
"Class:ui/panel.py:Panel","Function:ui/panel.py:Panel._on_clear_all_clicked","HAS_METHOD",1,"",0
"File:ui/panel.py","Variable:ui/panel.py:has_text","DEFINES",1,"",0
"File:ui/panel.py","Variable:ui/panel.py:has_image","DEFINES",1,"",0
"File:ui/panel.py","Variable:ui/panel.py:msg_box","DEFINES",1,"",0
"File:ui/panel.py","Variable:ui/panel.py:btn_text","DEFINES",1,"",0
"File:ui/panel.py","Variable:ui/panel.py:btn_image","DEFINES",1,"",0
"File:ui/panel.py","Variable:ui/panel.py:btn_all","DEFINES",1,"",0
"File:ui/panel.py","Variable:ui/panel.py:btn_cancel","DEFINES",1,"",0
"File:ui/panel.py","Variable:ui/panel.py:clicked","DEFINES",1,"",0
"File:ui/panel.py","Variable:ui/panel.py:content_type","DEFINES",1,"",0
"File:ui/panel.py","Variable:ui/panel.py:btn_yes","DEFINES",1,"",0
"File:ui/panel.py","Variable:ui/panel.py:btn_no","DEFINES",1,"",0
"File:ui/panel.py","Function:ui/panel.py:Panel.update_history","DEFINES",1,"",0
"Class:ui/panel.py:Panel","Function:ui/panel.py:Panel.update_history","HAS_METHOD",1,"",0
"File:ui/panel.py","Function:ui/panel.py:Panel._sync_open_image_dialogs","DEFINES",1,"",0
"Class:ui/panel.py:Panel","Function:ui/panel.py:Panel._sync_open_image_dialogs","HAS_METHOD",1,"",0
"File:ui/panel.py","Variable:ui/panel.py:current_keys","DEFINES",1,"",0
"File:ui/panel.py","Variable:ui/panel.py:still_open","DEFINES",1,"",0
"File:ui/panel.py","Variable:ui/panel.py:item_data","DEFINES",1,"",0
"File:ui/panel.py","Variable:ui/panel.py:item_key","DEFINES",1,"",0
"File:ui/panel.py","Function:ui/panel.py:Panel._apply_filter","DEFINES",1,"",0
"Class:ui/panel.py:Panel","Function:ui/panel.py:Panel._apply_filter","HAS_METHOD",1,"",0
"File:ui/panel.py","Variable:ui/panel.py:show_text","DEFINES",1,"",0
"File:ui/panel.py","Variable:ui/panel.py:show_image","DEFINES",1,"",0
"File:ui/panel.py","Variable:ui/panel.py:v_scroll","DEFINES",1,"",0
"File:ui/panel.py","Variable:ui/panel.py:is_image","DEFINES",1,"",0
"File:ui/panel.py","Variable:ui/panel.py:preview","DEFINES",1,"",0
"File:ui/panel.py","Variable:ui/panel.py:list_item","DEFINES",1,"",0
"File:ui/panel.py","Variable:ui/panel.py:widget","DEFINES",1,"",0
"File:ui/panel.py","Function:ui/panel.py:Panel._on_item_clicked","DEFINES",1,"",0
"Class:ui/panel.py:Panel","Function:ui/panel.py:Panel._on_item_clicked","HAS_METHOD",1,"",0
"File:ui/panel.py","Variable:ui/panel.py:full_item","DEFINES",1,"",0
"File:ui/panel.py","Function:ui/panel.py:Panel._on_item_right_clicked","DEFINES",1,"",0
"Class:ui/panel.py:Panel","Function:ui/panel.py:Panel._on_item_right_clicked","HAS_METHOD",1,"",0
"File:ui/panel.py","Function:ui/panel.py:Panel.update_position","DEFINES",1,"",0
"Class:ui/panel.py:Panel","Function:ui/panel.py:Panel.update_position","HAS_METHOD",1,"",0
"File:ui/panel.py","Variable:ui/panel.py:screen_geo","DEFINES",1,"",0
"File:ui/panel.py","Function:ui/panel.py:Panel._on_item_viewed","DEFINES",1,"",0
"Class:ui/panel.py:Panel","Function:ui/panel.py:Panel._on_item_viewed","HAS_METHOD",1,"",0
"File:ui/panel.py","Variable:ui/panel.py:pinned","DEFINES",1,"",0
"File:ui/panel.py","Function:ui/panel.py:Panel.toggle_visibility","DEFINES",1,"",0
"Class:ui/panel.py:Panel","Function:ui/panel.py:Panel.toggle_visibility","HAS_METHOD",1,"",0
"File:ui/notebook.py","Class:ui/notebook.py:NotebookPanel","DEFINES",1,"",0
"File:ui/notebook.py","Variable:ui/notebook.py:content_changed","DEFINES",1,"",0
"File:ui/notebook.py","Function:ui/notebook.py:NotebookPanel.__init__","DEFINES",1,"",0
"Class:ui/notebook.py:NotebookPanel","Function:ui/notebook.py:NotebookPanel.__init__","HAS_METHOD",1,"",0
"File:ui/notebook.py","Function:ui/notebook.py:NotebookPanel.set_main_ball","DEFINES",1,"",0
"Class:ui/notebook.py:NotebookPanel","Function:ui/notebook.py:NotebookPanel.set_main_ball","HAS_METHOD",1,"",0
"File:ui/notebook.py","Function:ui/notebook.py:NotebookPanel.mousePressEvent","DEFINES",1,"",0
"Class:ui/notebook.py:NotebookPanel","Function:ui/notebook.py:NotebookPanel.mousePressEvent","HAS_METHOD",1,"",0
"File:ui/notebook.py","Function:ui/notebook.py:NotebookPanel.mouseMoveEvent","DEFINES",1,"",0
"Class:ui/notebook.py:NotebookPanel","Function:ui/notebook.py:NotebookPanel.mouseMoveEvent","HAS_METHOD",1,"",0
"File:ui/notebook.py","Function:ui/notebook.py:NotebookPanel.mouseReleaseEvent","DEFINES",1,"",0
"Class:ui/notebook.py:NotebookPanel","Function:ui/notebook.py:NotebookPanel.mouseReleaseEvent","HAS_METHOD",1,"",0
"File:ui/notebook.py","Function:ui/notebook.py:NotebookPanel.init_ui","DEFINES",1,"",0
"Class:ui/notebook.py:NotebookPanel","Function:ui/notebook.py:NotebookPanel.init_ui","HAS_METHOD",1,"",0
"File:ui/notebook.py","Variable:ui/notebook.py:layout","DEFINES",1,"",0
"File:ui/notebook.py","Variable:ui/notebook.py:title_layout","DEFINES",1,"",0
"File:ui/notebook.py","Variable:ui/notebook.py:title","DEFINES",1,"",0
"File:ui/notebook.py","Variable:ui/notebook.py:btn_close","DEFINES",1,"",0
"File:ui/notebook.py","Variable:ui/notebook.py:btn_layout","DEFINES",1,"",0
"File:ui/notebook.py","Function:ui/notebook.py:NotebookPanel.keyPressEvent","DEFINES",1,"",0
"Class:ui/notebook.py:NotebookPanel","Function:ui/notebook.py:NotebookPanel.keyPressEvent","HAS_METHOD",1,"",0
"File:ui/notebook.py","Function:ui/notebook.py:NotebookPanel._on_text_changed","DEFINES",1,"",0
"Class:ui/notebook.py:NotebookPanel","Function:ui/notebook.py:NotebookPanel._on_text_changed","HAS_METHOD",1,"",0
"File:ui/notebook.py","Function:ui/notebook.py:NotebookPanel._on_copy_clicked","DEFINES",1,"",0
"Class:ui/notebook.py:NotebookPanel","Function:ui/notebook.py:NotebookPanel._on_copy_clicked","HAS_METHOD",1,"",0
"File:ui/notebook.py","Function:ui/notebook.py:NotebookPanel._on_clear_clicked","DEFINES",1,"",0
"Class:ui/notebook.py:NotebookPanel","Function:ui/notebook.py:NotebookPanel._on_clear_clicked","HAS_METHOD",1,"",0
"File:ui/notebook.py","Variable:ui/notebook.py:msg_box","DEFINES",1,"",0
"File:ui/notebook.py","Variable:ui/notebook.py:btn_yes","DEFINES",1,"",0
"File:ui/notebook.py","Function:ui/notebook.py:NotebookPanel.set_content","DEFINES",1,"",0
"Class:ui/notebook.py:NotebookPanel","Function:ui/notebook.py:NotebookPanel.set_content","HAS_METHOD",1,"",0
"File:ui/notebook.py","Function:ui/notebook.py:NotebookPanel.update_position","DEFINES",1,"",0
"Class:ui/notebook.py:NotebookPanel","Function:ui/notebook.py:NotebookPanel.update_position","HAS_METHOD",1,"",0
"File:ui/notebook.py","Variable:ui/notebook.py:new_x","DEFINES",1,"",0
"File:ui/notebook.py","Variable:ui/notebook.py:new_y","DEFINES",1,"",0
"File:ui/notebook.py","Variable:ui/notebook.py:screen_geo","DEFINES",1,"",0
"File:ui/notebook.py","Function:ui/notebook.py:NotebookPanel.toggle_visibility","DEFINES",1,"",0
"Class:ui/notebook.py:NotebookPanel","Function:ui/notebook.py:NotebookPanel.toggle_visibility","HAS_METHOD",1,"",0
"File:ui/floating_ball.py","Class:ui/floating_ball.py:FloatingBall","DEFINES",1,"",0
"File:ui/floating_ball.py","Variable:ui/floating_ball.py:clicked","DEFINES",1,"",0
"File:ui/floating_ball.py","Variable:ui/floating_ball.py:right_clicked","DEFINES",1,"",0
"File:ui/floating_ball.py","Variable:ui/floating_ball.py:position_changed","DEFINES",1,"",0
"File:ui/floating_ball.py","Function:ui/floating_ball.py:FloatingBall.__init__","DEFINES",1,"",0
"Class:ui/floating_ball.py:FloatingBall","Function:ui/floating_ball.py:FloatingBall.__init__","HAS_METHOD",1,"",0
"File:ui/floating_ball.py","Function:ui/floating_ball.py:FloatingBall.init_ui","DEFINES",1,"",0
"Class:ui/floating_ball.py:FloatingBall","Function:ui/floating_ball.py:FloatingBall.init_ui","HAS_METHOD",1,"",0
"File:ui/floating_ball.py","Function:ui/floating_ball.py:FloatingBall.paintEvent","DEFINES",1,"",0
"Class:ui/floating_ball.py:FloatingBall","Function:ui/floating_ball.py:FloatingBall.paintEvent","HAS_METHOD",1,"",0
"File:ui/floating_ball.py","Variable:ui/floating_ball.py:painter","DEFINES",1,"",0
"File:ui/floating_ball.py","Variable:ui/floating_ball.py:gradient","DEFINES",1,"",0
"File:ui/floating_ball.py","Function:ui/floating_ball.py:FloatingBall.mousePressEvent","DEFINES",1,"",0
"Class:ui/floating_ball.py:FloatingBall","Function:ui/floating_ball.py:FloatingBall.mousePressEvent","HAS_METHOD",1,"",0
"File:ui/floating_ball.py","Function:ui/floating_ball.py:FloatingBall.mouseMoveEvent","DEFINES",1,"",0
"Class:ui/floating_ball.py:FloatingBall","Function:ui/floating_ball.py:FloatingBall.mouseMoveEvent","HAS_METHOD",1,"",0
"File:ui/floating_ball.py","Function:ui/floating_ball.py:FloatingBall.mouseReleaseEvent","DEFINES",1,"",0
"Class:ui/floating_ball.py:FloatingBall","Function:ui/floating_ball.py:FloatingBall.mouseReleaseEvent","HAS_METHOD",1,"",0
"File:ui/floating_ball.py","Function:ui/floating_ball.py:FloatingBall.move_to_bottom_right","DEFINES",1,"",0
"Class:ui/floating_ball.py:FloatingBall","Function:ui/floating_ball.py:FloatingBall.move_to_bottom_right","HAS_METHOD",1,"",0
"File:ui/floating_ball.py","Variable:ui/floating_ball.py:screen_geo","DEFINES",1,"",0
"File:ui/floating_ball.py","Variable:ui/floating_ball.py:x","DEFINES",1,"",0
"File:ui/floating_ball.py","Variable:ui/floating_ball.py:y","DEFINES",1,"",0
"File:ui/floating_ball.py","Variable:ui/floating_ball.py:app","DEFINES",1,"",0
"File:ui/floating_ball.py","Variable:ui/floating_ball.py:ball","DEFINES",1,"",0
"File:system/tray.py","Class:system/tray.py:TrayIcon","DEFINES",1,"",0
"File:system/tray.py","Variable:system/tray.py:quit_requested","DEFINES",1,"",0
"File:system/tray.py","Variable:system/tray.py:toggle_requested","DEFINES",1,"",0
"File:system/tray.py","Variable:system/tray.py:settings_requested","DEFINES",1,"",0
"File:system/tray.py","Variable:system/tray.py:about_requested","DEFINES",1,"",0
"File:system/tray.py","Variable:system/tray.py:toggle_hide_ball_when_screenshot_requested","DEFINES",1,"",0
"File:system/tray.py","Variable:system/tray.py:change_clipboard_max_items_requested","DEFINES",1,"",0
"File:system/tray.py","Variable:system/tray.py:toggle_clipboard_tracking_requested","DEFINES",1,"",0
"File:system/tray.py","Variable:system/tray.py:change_recent_max_items_requested","DEFINES",1,"",0
"File:system/tray.py","Variable:system/tray.py:toggle_recent_tracking_requested","DEFINES",1,"",0
"File:system/tray.py","Variable:system/tray.py:change_clipboard_record_text_requested","DEFINES",1,"",0
"File:system/tray.py","Variable:system/tray.py:change_clipboard_record_image_requested","DEFINES",1,"",0
"File:system/tray.py","Variable:system/tray.py:change_browser_path_requested","DEFINES",1,"",0
"File:system/tray.py","Function:system/tray.py:TrayIcon.__init__","DEFINES",1,"",0
"Class:system/tray.py:TrayIcon","Function:system/tray.py:TrayIcon.__init__","HAS_METHOD",1,"",0
"File:system/tray.py","Function:system/tray.py:TrayIcon._on_activated","DEFINES",1,"",0
"Class:system/tray.py:TrayIcon","Function:system/tray.py:TrayIcon._on_activated","HAS_METHOD",1,"",0
"File:system/tray.py","Function:system/tray.py:TrayIcon._on_toggle_hide_ball","DEFINES",1,"",0
"Class:system/tray.py:TrayIcon","Function:system/tray.py:TrayIcon._on_toggle_hide_ball","HAS_METHOD",1,"",0
"File:system/tray.py","Function:system/tray.py:TrayIcon.set_hide_ball_when_screenshot","DEFINES",1,"",0
"Class:system/tray.py:TrayIcon","Function:system/tray.py:TrayIcon.set_hide_ball_when_screenshot","HAS_METHOD",1,"",0
"File:system/tray.py","Function:system/tray.py:TrayIcon._on_change_clipboard_limit","DEFINES",1,"",0
"Class:system/tray.py:TrayIcon","Function:system/tray.py:TrayIcon._on_change_clipboard_limit","HAS_METHOD",1,"",0
"File:system/tray.py","Variable:system/tray.py:current","DEFINES",1,"",0
"File:system/tray.py","Function:system/tray.py:TrayIcon._on_toggle_clipboard_tracking","DEFINES",1,"",0
"Class:system/tray.py:TrayIcon","Function:system/tray.py:TrayIcon._on_toggle_clipboard_tracking","HAS_METHOD",1,"",0
"File:system/tray.py","Function:system/tray.py:TrayIcon.set_clipboard_max_items","DEFINES",1,"",0
"Class:system/tray.py:TrayIcon","Function:system/tray.py:TrayIcon.set_clipboard_max_items","HAS_METHOD",1,"",0
"File:system/tray.py","Function:system/tray.py:TrayIcon.set_clipboard_tracking_enabled","DEFINES",1,"",0
"Class:system/tray.py:TrayIcon","Function:system/tray.py:TrayIcon.set_clipboard_tracking_enabled","HAS_METHOD",1,"",0
"File:system/tray.py","Function:system/tray.py:TrayIcon._on_change_recent_limit","DEFINES",1,"",0
"Class:system/tray.py:TrayIcon","Function:system/tray.py:TrayIcon._on_change_recent_limit","HAS_METHOD",1,"",0
"File:system/tray.py","Function:system/tray.py:TrayIcon._on_toggle_recent_tracking","DEFINES",1,"",0
"Class:system/tray.py:TrayIcon","Function:system/tray.py:TrayIcon._on_toggle_recent_tracking","HAS_METHOD",1,"",0
"File:system/tray.py","Function:system/tray.py:TrayIcon.set_recent_max_items","DEFINES",1,"",0
"Class:system/tray.py:TrayIcon","Function:system/tray.py:TrayIcon.set_recent_max_items","HAS_METHOD",1,"",0
"File:system/tray.py","Function:system/tray.py:TrayIcon.set_recent_tracking_enabled","DEFINES",1,"",0
"Class:system/tray.py:TrayIcon","Function:system/tray.py:TrayIcon.set_recent_tracking_enabled","HAS_METHOD",1,"",0
"File:system/tray.py","Function:system/tray.py:TrayIcon.show","DEFINES",1,"",0
"Class:system/tray.py:TrayIcon","Function:system/tray.py:TrayIcon.show","HAS_METHOD",1,"",0
"File:system/tray.py","Function:system/tray.py:TrayIcon.hide","DEFINES",1,"",0
"Class:system/tray.py:TrayIcon","Function:system/tray.py:TrayIcon.hide","HAS_METHOD",1,"",0
"File:system/tray.py","Function:system/tray.py:TrayIcon._create_dummy_icon","DEFINES",1,"",0
"Class:system/tray.py:TrayIcon","Function:system/tray.py:TrayIcon._create_dummy_icon","HAS_METHOD",1,"",0
"File:system/tray.py","Variable:system/tray.py:pixmap","DEFINES",1,"",0
"File:system/tray.py","Variable:system/tray.py:painter","DEFINES",1,"",0
"File:core/windows_recent.py","Function:core/windows_recent.py:ensure_windows_recent_tracking_enabled","DEFINES",1,"",0
"File:core/windows_recent.py","Variable:core/windows_recent.py:key","DEFINES",1,"",0
"File:core/windows_recent.py","Function:core/windows_recent.py:get_recent_dir","DEFINES",1,"",0
"File:core/windows_recent.py","Function:core/windows_recent.py:list_recent_lnk_files","DEFINES",1,"",0
"File:core/windows_recent.py","Variable:core/windows_recent.py:recent_dir","DEFINES",1,"",0
"File:core/windows_recent.py","Variable:core/windows_recent.py:lnk_files","DEFINES",1,"",0
"File:core/windows_recent.py","Function:core/windows_recent.py:resolve_lnk_target","DEFINES",1,"",0
"File:core/windows_recent.py","Variable:core/windows_recent.py:shell","DEFINES",1,"",0
"File:core/windows_recent.py","Variable:core/windows_recent.py:shortcut","DEFINES",1,"",0
"File:core/windows_recent.py","Variable:core/windows_recent.py:target","DEFINES",1,"",0
"File:core/windows_recent.py","Function:core/windows_recent.py:is_directory_target","DEFINES",1,"",0
"File:core/screen_recorder.py","Class:core/screen_recorder.py:ScreenRecorderThread","DEFINES",1,"",0
"File:core/screen_recorder.py","Variable:core/screen_recorder.py:finished_recording","DEFINES",1,"",0
"File:core/screen_recorder.py","Variable:core/screen_recorder.py:error_occurred","DEFINES",1,"",0
"File:core/screen_recorder.py","Function:core/screen_recorder.py:ScreenRecorderThread.__init__","DEFINES",1,"",0
"Class:core/screen_recorder.py:ScreenRecorderThread","Function:core/screen_recorder.py:ScreenRecorderThread.__init__","HAS_METHOD",1,"",0
"File:core/screen_recorder.py","Function:core/screen_recorder.py:ScreenRecorderThread.stop","DEFINES",1,"",0
"Class:core/screen_recorder.py:ScreenRecorderThread","Function:core/screen_recorder.py:ScreenRecorderThread.stop","HAS_METHOD",1,"",0
"File:core/screen_recorder.py","Function:core/screen_recorder.py:ScreenRecorderThread.run","DEFINES",1,"",0
"Class:core/screen_recorder.py:ScreenRecorderThread","Function:core/screen_recorder.py:ScreenRecorderThread.run","HAS_METHOD",1,"",0
"File:core/screen_recorder.py","Variable:core/screen_recorder.py:ext","DEFINES",1,"",0
"File:core/screen_recorder.py","Variable:core/screen_recorder.py:filename","DEFINES",1,"",0
"File:core/screen_recorder.py","Variable:core/screen_recorder.py:filepath","DEFINES",1,"",0
"File:core/screen_recorder.py","Variable:core/screen_recorder.py:v_left","DEFINES",1,"",0
"File:core/screen_recorder.py","Variable:core/screen_recorder.py:v_top","DEFINES",1,"",0
"File:core/screen_recorder.py","Variable:core/screen_recorder.py:left","DEFINES",1,"",0
"File:core/screen_recorder.py","Variable:core/screen_recorder.py:top","DEFINES",1,"",0
"File:core/screen_recorder.py","Variable:core/screen_recorder.py:width","DEFINES",1,"",0
"File:core/screen_recorder.py","Variable:core/screen_recorder.py:height","DEFINES",1,"",0
"File:core/screen_recorder.py","Variable:core/screen_recorder.py:monitor","DEFINES",1,"",0
"File:core/screen_recorder.py","Variable:core/screen_recorder.py:fourcc","DEFINES",1,"",0
"File:core/screen_recorder.py","Variable:core/screen_recorder.py:fps","DEFINES",1,"",0
"File:core/screen_recorder.py","Variable:core/screen_recorder.py:out","DEFINES",1,"",0
"File:core/screen_recorder.py","Variable:core/screen_recorder.py:sct","DEFINES",1,"",0
"File:core/screen_recorder.py","Variable:core/screen_recorder.py:frame_time","DEFINES",1,"",0
"File:core/screen_recorder.py","Variable:core/screen_recorder.py:start_time","DEFINES",1,"",0
"File:core/screen_recorder.py","Variable:core/screen_recorder.py:sct_img","DEFINES",1,"",0
"File:core/screen_recorder.py","Variable:core/screen_recorder.py:img","DEFINES",1,"",0
"File:core/screen_recorder.py","Variable:core/screen_recorder.py:elapsed","DEFINES",1,"",0
"File:core/screen_recorder.py","Variable:core/screen_recorder.py:sleep_time","DEFINES",1,"",0
"File:core/screenshot.py","Variable:core/screenshot.py:DWMWA_EXTENDED_FRAME_BOUNDS","DEFINES",1,"",0
"File:core/screenshot.py","Function:core/screenshot.py:get_accurate_window_rect","DEFINES",1,"",0
"File:core/screenshot.py","Variable:core/screenshot.py:rect","DEFINES",1,"",0
"File:core/screenshot.py","Variable:core/screenshot.py:result","DEFINES",1,"",0
"File:core/screenshot.py","Variable:core/screenshot.py:r","DEFINES",1,"",0
"File:core/screenshot.py","Function:core/screenshot.py:is_window_valid","DEFINES",1,"",0
"File:core/screenshot.py","Variable:core/screenshot.py:title","DEFINES",1,"",0
"File:core/screenshot.py","Variable:core/screenshot.py:cls","DEFINES",1,"",0
"File:core/screenshot.py","Function:core/screenshot.py:get_all_visible_rects","DEFINES",1,"",0
"File:core/screenshot.py","Variable:core/screenshot.py:rects","DEFINES",1,"",0
"File:core/screenshot.py","Function:core/screenshot.py:callback","DEFINES",1,"",0
"File:core/screenshot.py","Variable:core/screenshot.py:child_rects","DEFINES",1,"",0
"File:core/screenshot.py","Function:core/screenshot.py:child_callback","DEFINES",1,"",0
"File:core/screenshot.py","Variable:core/screenshot.py:screen_w","DEFINES",1,"",0
"File:core/screenshot.py","Variable:core/screenshot.py:screen_h","DEFINES",1,"",0
"File:core/screenshot.py","Variable:core/screenshot.py:unique_rects","DEFINES",1,"",0
"File:core/screenshot.py","Variable:core/screenshot.py:seen","DEFINES",1,"",0
"File:core/screenshot.py","Variable:core/screenshot.py:t","DEFINES",1,"",0
"File:core/screenshot.py","Function:core/screenshot.py:get_uia_rect_at","DEFINES",1,"",0
"File:core/screenshot.py","Variable:core/screenshot.py:control","DEFINES",1,"",0
"File:core/screenshot.py","Variable:core/screenshot.py:w","DEFINES",1,"",0
"File:core/screenshot.py","Variable:core/screenshot.py:h","DEFINES",1,"",0
"File:core/recent.py","Variable:core/recent.py:HISTORY_FILE","DEFINES",1,"",0
"File:core/recent.py","Class:core/recent.py:RecentManager","DEFINES",1,"",0
"File:core/recent.py","Variable:core/recent.py:items_changed","DEFINES",1,"",0
"File:core/recent.py","Function:core/recent.py:RecentManager.__init__","DEFINES",1,"",0
"Class:core/recent.py:RecentManager","Function:core/recent.py:RecentManager.__init__","HAS_METHOD",1,"",0
"File:core/recent.py","Function:core/recent.py:RecentManager.set_tracking_enabled","DEFINES",1,"",0
"Class:core/recent.py:RecentManager","Function:core/recent.py:RecentManager.set_tracking_enabled","HAS_METHOD",1,"",0
"File:core/recent.py","Variable:core/recent.py:was_enabled","DEFINES",1,"",0
"File:core/recent.py","Function:core/recent.py:RecentManager.set_excluded_extensions","DEFINES",1,"",0
"Class:core/recent.py:RecentManager","Function:core/recent.py:RecentManager.set_excluded_extensions","HAS_METHOD",1,"",0
"File:core/recent.py","Function:core/recent.py:RecentManager._normalize_ext","DEFINES",1,"",0
"Class:core/recent.py:RecentManager","Function:core/recent.py:RecentManager._normalize_ext","HAS_METHOD",1,"",0
"File:core/recent.py","Variable:core/recent.py:ext","DEFINES",1,"",0
"File:core/recent.py","Function:core/recent.py:RecentManager._purge_excluded","DEFINES",1,"",0
"Class:core/recent.py:RecentManager","Function:core/recent.py:RecentManager._purge_excluded","HAS_METHOD",1,"",0
"File:core/recent.py","Variable:core/recent.py:changed","DEFINES",1,"",0
"File:core/recent.py","Variable:core/recent.py:new_history","DEFINES",1,"",0
"File:core/recent.py","Function:core/recent.py:RecentManager._load_history","DEFINES",1,"",0
"Class:core/recent.py:RecentManager","Function:core/recent.py:RecentManager._load_history","HAS_METHOD",1,"",0
"File:core/recent.py","Function:core/recent.py:RecentManager._save_history","DEFINES",1,"",0
"Class:core/recent.py:RecentManager","Function:core/recent.py:RecentManager._save_history","HAS_METHOD",1,"",0
"File:core/recent.py","Function:core/recent.py:RecentManager.tick_scan","DEFINES",1,"",0
"Class:core/recent.py:RecentManager","Function:core/recent.py:RecentManager.tick_scan","HAS_METHOD",1,"",0
"File:core/recent.py","Variable:core/recent.py:lnk_paths","DEFINES",1,"",0
"File:core/recent.py","Variable:core/recent.py:mtime","DEFINES",1,"",0
"File:core/recent.py","Variable:core/recent.py:target","DEFINES",1,"",0
"File:core/recent.py","Variable:core/recent.py:name","DEFINES",1,"",0
"File:core/recent.py","Variable:core/recent.py:existing_idx","DEFINES",1,"",0
"File:core/recent.py","Variable:core/recent.py:new_item","DEFINES",1,"",0
"File:core/recent.py","Function:core/recent.py:RecentManager.clean_missing_files","DEFINES",1,"",0
"Class:core/recent.py:RecentManager","Function:core/recent.py:RecentManager.clean_missing_files","HAS_METHOD",1,"",0
"File:core/recent.py","Function:core/recent.py:RecentManager.clear_history","DEFINES",1,"",0
"Class:core/recent.py:RecentManager","Function:core/recent.py:RecentManager.clear_history","HAS_METHOD",1,"",0
"File:core/recent.py","Function:core/recent.py:RecentManager.remove_item","DEFINES",1,"",0
"Class:core/recent.py:RecentManager","Function:core/recent.py:RecentManager.remove_item","HAS_METHOD",1,"",0
"File:core/recent.py","Variable:core/recent.py:path","DEFINES",1,"",0
"File:core/recent.py","Function:core/recent.py:RecentManager.set_history","DEFINES",1,"",0
"Class:core/recent.py:RecentManager","Function:core/recent.py:RecentManager.set_history","HAS_METHOD",1,"",0
"File:core/recent.py","Function:core/recent.py:RecentManager.get_items","DEFINES",1,"",0
"Class:core/recent.py:RecentManager","Function:core/recent.py:RecentManager.get_items","HAS_METHOD",1,"",0
"File:core/recent.py","Function:core/recent.py:RecentManager.open_item","DEFINES",1,"",0
"Class:core/recent.py:RecentManager","Function:core/recent.py:RecentManager.open_item","HAS_METHOD",1,"",0
"File:core/recent.py","Function:core/recent.py:RecentManager.open_item_location","DEFINES",1,"",0
"Class:core/recent.py:RecentManager","Function:core/recent.py:RecentManager.open_item_location","HAS_METHOD",1,"",0
"File:core/notebook.py","Variable:core/notebook.py:NOTEBOOK_FILE","DEFINES",1,"",0
"File:core/notebook.py","Class:core/notebook.py:NotebookManager","DEFINES",1,"",0
"File:core/notebook.py","Variable:core/notebook.py:content_loaded","DEFINES",1,"",0
"File:core/notebook.py","Function:core/notebook.py:NotebookManager.__init__","DEFINES",1,"",0
"Class:core/notebook.py:NotebookManager","Function:core/notebook.py:NotebookManager.__init__","HAS_METHOD",1,"",0
"File:core/notebook.py","Function:core/notebook.py:NotebookManager.load_content","DEFINES",1,"",0
"Class:core/notebook.py:NotebookManager","Function:core/notebook.py:NotebookManager.load_content","HAS_METHOD",1,"",0
"File:core/notebook.py","Variable:core/notebook.py:data","DEFINES",1,"",0
"File:core/notebook.py","Function:core/notebook.py:NotebookManager.update_content","DEFINES",1,"",0
"Class:core/notebook.py:NotebookManager","Function:core/notebook.py:NotebookManager.update_content","HAS_METHOD",1,"",0
"File:core/notebook.py","Function:core/notebook.py:NotebookManager._save_to_disk","DEFINES",1,"",0
"Class:core/notebook.py:NotebookManager","Function:core/notebook.py:NotebookManager._save_to_disk","HAS_METHOD",1,"",0
"File:core/hotkey.py","Class:core/hotkey.py:HotkeyManager","DEFINES",1,"",0
"File:core/hotkey.py","Variable:core/hotkey.py:action_triggered","DEFINES",1,"",0
"File:core/hotkey.py","Function:core/hotkey.py:HotkeyManager.__init__","DEFINES",1,"",0
"Class:core/hotkey.py:HotkeyManager","Function:core/hotkey.py:HotkeyManager.__init__","HAS_METHOD",1,"",0
"File:core/hotkey.py","Function:core/hotkey.py:HotkeyManager.register_hotkey","DEFINES",1,"",0
"Class:core/hotkey.py:HotkeyManager","Function:core/hotkey.py:HotkeyManager.register_hotkey","HAS_METHOD",1,"",0
"File:core/hotkey.py","Function:core/hotkey.py:HotkeyManager.cb","DEFINES",1,"",0
"Class:core/hotkey.py:HotkeyManager","Function:core/hotkey.py:HotkeyManager.cb","HAS_METHOD",1,"",0
"File:core/hotkey.py","Variable:core/hotkey.py:payload_img","DEFINES",1,"",0
"File:core/hotkey.py","Variable:core/hotkey.py:payload_rects","DEFINES",1,"",0
"File:core/hotkey.py","Function:core/hotkey.py:HotkeyManager.update_hotkey","DEFINES",1,"",0
"Class:core/hotkey.py:HotkeyManager","Function:core/hotkey.py:HotkeyManager.update_hotkey","HAS_METHOD",1,"",0
"File:core/hotkey.py","Variable:core/hotkey.py:old_key","DEFINES",1,"",0
"File:core/hotkey.py","Function:core/hotkey.py:HotkeyManager.unregister_hotkey","DEFINES",1,"",0
"Class:core/hotkey.py:HotkeyManager","Function:core/hotkey.py:HotkeyManager.unregister_hotkey","HAS_METHOD",1,"",0
"File:core/clipboard.py","Variable:core/clipboard.py:HISTORY_FILE","DEFINES",1,"",0
"File:core/clipboard.py","Class:core/clipboard.py:ClipboardManager","DEFINES",1,"",0
"File:core/clipboard.py","Variable:core/clipboard.py:history_changed","DEFINES",1,"",0
"File:core/clipboard.py","Function:core/clipboard.py:ClipboardManager.__init__","DEFINES",1,"",0
"Class:core/clipboard.py:ClipboardManager","Function:core/clipboard.py:ClipboardManager.__init__","HAS_METHOD",1,"",0
"File:core/clipboard.py","Function:core/clipboard.py:ClipboardManager._load_history","DEFINES",1,"",0
"Class:core/clipboard.py:ClipboardManager","Function:core/clipboard.py:ClipboardManager._load_history","HAS_METHOD",1,"",0
"File:core/clipboard.py","Variable:core/clipboard.py:raw","DEFINES",1,"",0
"File:core/clipboard.py","Function:core/clipboard.py:ClipboardManager._normalize_text_key","DEFINES",1,"",0
"Class:core/clipboard.py:ClipboardManager","Function:core/clipboard.py:ClipboardManager._normalize_text_key","HAS_METHOD",1,"",0
"File:core/clipboard.py","Variable:core/clipboard.py:text","DEFINES",1,"",0
"File:core/clipboard.py","Variable:core/clipboard.py:pattern","DEFINES",1,"",0
"File:core/clipboard.py","Function:core/clipboard.py:ClipboardManager._dedupe_history","DEFINES",1,"",0
"Class:core/clipboard.py:ClipboardManager","Function:core/clipboard.py:ClipboardManager._dedupe_history","HAS_METHOD",1,"",0
"File:core/clipboard.py","Variable:core/clipboard.py:deduped","DEFINES",1,"",0
"File:core/clipboard.py","Variable:core/clipboard.py:seen_text","DEFINES",1,"",0
"File:core/clipboard.py","Variable:core/clipboard.py:seen_image","DEFINES",1,"",0
"File:core/clipboard.py","Variable:core/clipboard.py:key","DEFINES",1,"",0
"File:core/clipboard.py","Function:core/clipboard.py:ClipboardManager._normalize_history","DEFINES",1,"",0
"Class:core/clipboard.py:ClipboardManager","Function:core/clipboard.py:ClipboardManager._normalize_history","HAS_METHOD",1,"",0
"File:core/clipboard.py","Variable:core/clipboard.py:normalized","DEFINES",1,"",0
"File:core/clipboard.py","Function:core/clipboard.py:ClipboardManager._save_history","DEFINES",1,"",0
"Class:core/clipboard.py:ClipboardManager","Function:core/clipboard.py:ClipboardManager._save_history","HAS_METHOD",1,"",0
"File:core/clipboard.py","Function:core/clipboard.py:ClipboardManager._on_clipboard_changed","DEFINES",1,"",0
"Class:core/clipboard.py:ClipboardManager","Function:core/clipboard.py:ClipboardManager._on_clipboard_changed","HAS_METHOD",1,"",0
"File:core/clipboard.py","Function:core/clipboard.py:ClipboardManager._process_clipboard","DEFINES",1,"",0
"Class:core/clipboard.py:ClipboardManager","Function:core/clipboard.py:ClipboardManager._process_clipboard","HAS_METHOD",1,"",0
"File:core/clipboard.py","Variable:core/clipboard.py:mime_data","DEFINES",1,"",0
"File:core/clipboard.py","Variable:core/clipboard.py:image","DEFINES",1,"",0
"File:core/clipboard.py","Variable:core/clipboard.py:img_data","DEFINES",1,"",0
"File:core/clipboard.py","Variable:core/clipboard.py:img_hash","DEFINES",1,"",0
"File:core/clipboard.py","Variable:core/clipboard.py:html","DEFINES",1,"",0
"File:core/clipboard.py","Variable:core/clipboard.py:normalized_text","DEFINES",1,"",0
"File:core/clipboard.py","Variable:core/clipboard.py:now","DEFINES",1,"",0
"File:core/clipboard.py","Function:core/clipboard.py:ClipboardManager._make_text_item","DEFINES",1,"",0
"Class:core/clipboard.py:ClipboardManager","Function:core/clipboard.py:ClipboardManager._make_text_item","HAS_METHOD",1,"",0
"File:core/clipboard.py","Variable:core/clipboard.py:item","DEFINES",1,"",0
"File:core/clipboard.py","Function:core/clipboard.py:ClipboardManager._make_image_item","DEFINES",1,"",0
"Class:core/clipboard.py:ClipboardManager","Function:core/clipboard.py:ClipboardManager._make_image_item","HAS_METHOD",1,"",0
"File:core/clipboard.py","Variable:core/clipboard.py:filename","DEFINES",1,"",0
"File:core/clipboard.py","Variable:core/clipboard.py:filepath","DEFINES",1,"",0
"File:core/clipboard.py","Function:core/clipboard.py:ClipboardManager._manage_image_cache","DEFINES",1,"",0
"Class:core/clipboard.py:ClipboardManager","Function:core/clipboard.py:ClipboardManager._manage_image_cache","HAS_METHOD",1,"",0
"File:core/clipboard.py","Variable:core/clipboard.py:files","DEFINES",1,"",0
"File:core/clipboard.py","Variable:core/clipboard.py:p","DEFINES",1,"",0
"File:core/clipboard.py","Variable:core/clipboard.py:limit","DEFINES",1,"",0
"File:core/clipboard.py","Function:core/clipboard.py:ClipboardManager._item_key","DEFINES",1,"",0
"Class:core/clipboard.py:ClipboardManager","Function:core/clipboard.py:ClipboardManager._item_key","HAS_METHOD",1,"",0
"File:core/clipboard.py","Variable:core/clipboard.py:val","DEFINES",1,"",0
"File:core/clipboard.py","Variable:core/clipboard.py:normalized_val","DEFINES",1,"",0
"File:core/clipboard.py","Function:core/clipboard.py:ClipboardManager._trim_history","DEFINES",1,"",0
"Class:core/clipboard.py:ClipboardManager","Function:core/clipboard.py:ClipboardManager._trim_history","HAS_METHOD",1,"",0
"File:core/clipboard.py","Function:core/clipboard.py:ClipboardManager.add_text_item","DEFINES",1,"",0
"Class:core/clipboard.py:ClipboardManager","Function:core/clipboard.py:ClipboardManager.add_text_item","HAS_METHOD",1,"",0
"File:core/clipboard.py","Function:core/clipboard.py:ClipboardManager.add_image_item","DEFINES",1,"",0
"Class:core/clipboard.py:ClipboardManager","Function:core/clipboard.py:ClipboardManager.add_image_item","HAS_METHOD",1,"",0
"File:core/clipboard.py","Variable:core/clipboard.py:valid_history","DEFINES",1,"",0
"File:core/clipboard.py","Function:core/clipboard.py:ClipboardManager.remove_item","DEFINES",1,"",0
"Class:core/clipboard.py:ClipboardManager","Function:core/clipboard.py:ClipboardManager.remove_item","HAS_METHOD",1,"",0
"File:core/clipboard.py","Variable:core/clipboard.py:item_to_remove","DEFINES",1,"",0
"File:core/clipboard.py","Function:core/clipboard.py:ClipboardManager.clear_history","DEFINES",1,"",0
"Class:core/clipboard.py:ClipboardManager","Function:core/clipboard.py:ClipboardManager.clear_history","HAS_METHOD",1,"",0
"File:core/clipboard.py","Function:core/clipboard.py:ClipboardManager.set_history","DEFINES",1,"",0
"Class:core/clipboard.py:ClipboardManager","Function:core/clipboard.py:ClipboardManager.set_history","HAS_METHOD",1,"",0
"File:core/clipboard.py","Function:core/clipboard.py:ClipboardManager.get_history","DEFINES",1,"",0
"Class:core/clipboard.py:ClipboardManager","Function:core/clipboard.py:ClipboardManager.get_history","HAS_METHOD",1,"",0
"File:core/clipboard.py","Function:core/clipboard.py:ClipboardManager.clean_missing_files","DEFINES",1,"",0
"Class:core/clipboard.py:ClipboardManager","Function:core/clipboard.py:ClipboardManager.clean_missing_files","HAS_METHOD",1,"",0
"File:core/clipboard.py","Variable:core/clipboard.py:changed","DEFINES",1,"",0
"File:core/clipboard.py","Function:core/clipboard.py:ClipboardManager.copy_to_clipboard","DEFINES",1,"",0
"Class:core/clipboard.py:ClipboardManager","Function:core/clipboard.py:ClipboardManager.copy_to_clipboard","HAS_METHOD",1,"",0
"File:core/clipboard.py","Variable:core/clipboard.py:data","DEFINES",1,"",0
"File:core/clipboard.py","Variable:core/clipboard.py:mime","DEFINES",1,"",0
"File:桌面人偶_简洁版_Release/_internal/cv2/__init__.py","Variable:桌面人偶_简洁版_Release/_internal/cv2/__init__.py:__all__","DEFINES",1,"",0
"File:桌面人偶_简洁版_Release/_internal/cv2/__init__.py","Function:桌面人偶_简洁版_Release/_internal/cv2/__init__.py:__load_extra_py_code_for_module","DEFINES",1,"",0
"File:桌面人偶_简洁版_Release/_internal/cv2/__init__.py","Variable:桌面人偶_简洁版_Release/_internal/cv2/__init__.py:module_name","DEFINES",1,"",0
"File:桌面人偶_简洁版_Release/_internal/cv2/__init__.py","Variable:桌面人偶_简洁版_Release/_internal/cv2/__init__.py:export_module_name","DEFINES",1,"",0
"File:桌面人偶_简洁版_Release/_internal/cv2/__init__.py","Variable:桌面人偶_简洁版_Release/_internal/cv2/__init__.py:native_module","DEFINES",1,"",0
"File:桌面人偶_简洁版_Release/_internal/cv2/__init__.py","Variable:桌面人偶_简洁版_Release/_internal/cv2/__init__.py:py_module","DEFINES",1,"",0
"File:桌面人偶_简洁版_Release/_internal/cv2/__init__.py","Function:桌面人偶_简洁版_Release/_internal/cv2/__init__.py:__collect_extra_submodules","DEFINES",1,"",0
"File:桌面人偶_简洁版_Release/_internal/cv2/__init__.py","Function:桌面人偶_简洁版_Release/_internal/cv2/__init__.py:modules_filter","DEFINES",1,"",0
"File:桌面人偶_简洁版_Release/_internal/cv2/__init__.py","Variable:桌面人偶_简洁版_Release/_internal/cv2/__init__.py:__INIT_FILE_PATH","DEFINES",1,"",0
"File:桌面人偶_简洁版_Release/_internal/cv2/__init__.py","Variable:桌面人偶_简洁版_Release/_internal/cv2/__init__.py:_extra_submodules_init_path","DEFINES",1,"",0
"File:桌面人偶_简洁版_Release/_internal/cv2/__init__.py","Function:桌面人偶_简洁版_Release/_internal/cv2/__init__.py:bootstrap","DEFINES",1,"",0
"File:桌面人偶_简洁版_Release/_internal/cv2/__init__.py","Variable:桌面人偶_简洁版_Release/_internal/cv2/__init__.py:save_sys_path","DEFINES",1,"",0
"File:桌面人偶_简洁版_Release/_internal/cv2/__init__.py","Variable:桌面人偶_简洁版_Release/_internal/cv2/__init__.py:DEBUG","DEFINES",1,"",0
"File:桌面人偶_简洁版_Release/_internal/cv2/__init__.py","Variable:桌面人偶_简洁版_Release/_internal/cv2/__init__.py:LOADER_DIR","DEFINES",1,"",0
"File:桌面人偶_简洁版_Release/_internal/cv2/__init__.py","Variable:桌面人偶_简洁版_Release/_internal/cv2/__init__.py:PYTHON_EXTENSIONS_PATHS","DEFINES",1,"",0
"File:桌面人偶_简洁版_Release/_internal/cv2/__init__.py","Variable:桌面人偶_简洁版_Release/_internal/cv2/__init__.py:BINARIES_PATHS","DEFINES",1,"",0
"File:桌面人偶_简洁版_Release/_internal/cv2/__init__.py","Variable:桌面人偶_简洁版_Release/_internal/cv2/__init__.py:g_vars","DEFINES",1,"",0
"File:桌面人偶_简洁版_Release/_internal/cv2/__init__.py","Variable:桌面人偶_简洁版_Release/_internal/cv2/__init__.py:l_vars","DEFINES",1,"",0
"File:桌面人偶_简洁版_Release/_internal/cv2/__init__.py","Function:桌面人偶_简洁版_Release/_internal/cv2/__init__.py:load_first_config","DEFINES",1,"",0
"File:桌面人偶_简洁版_Release/_internal/cv2/__init__.py","Variable:桌面人偶_简洁版_Release/_internal/cv2/__init__.py:fpath","DEFINES",1,"",0
"File:桌面人偶_简洁版_Release/_internal/cv2/__init__.py","Variable:桌面人偶_简洁版_Release/_internal/cv2/__init__.py:applySysPathWorkaround","DEFINES",1,"",0
"File:桌面人偶_简洁版_Release/_internal/cv2/__init__.py","Variable:桌面人偶_简洁版_Release/_internal/cv2/__init__.py:BASE_DIR","DEFINES",1,"",0
"File:桌面人偶_简洁版_Release/_internal/cv2/version.py","Variable:桌面人偶_简洁版_Release/_internal/cv2/version.py:opencv_version","DEFINES",1,"",0
"File:桌面人偶_简洁版_Release/_internal/cv2/version.py","Variable:桌面人偶_简洁版_Release/_internal/cv2/version.py:contrib","DEFINES",1,"",0
"File:桌面人偶_简洁版_Release/_internal/cv2/version.py","Variable:桌面人偶_简洁版_Release/_internal/cv2/version.py:headless","DEFINES",1,"",0
"File:桌面人偶_简洁版_Release/_internal/cv2/version.py","Variable:桌面人偶_简洁版_Release/_internal/cv2/version.py:rolling","DEFINES",1,"",0
"File:桌面人偶_简洁版_Release/_internal/cv2/version.py","Variable:桌面人偶_简洁版_Release/_internal/cv2/version.py:ci_build","DEFINES",1,"",0
"File:桌面人偶_简洁版_Release/_internal/cv2/load_config_py3.py","Function:桌面人偶_简洁版_Release/_internal/cv2/load_config_py3.py:exec_file_wrapper","DEFINES",1,"",0
"File:桌面人偶_简洁版_Release/_internal/cv2/load_config_py3.py","Variable:桌面人偶_简洁版_Release/_internal/cv2/load_config_py3.py:code","DEFINES",1,"",0
"File:桌面人偶_简洁版_Release/_internal/cv2/config.py","Variable:桌面人偶_简洁版_Release/_internal/cv2/config.py:BINARIES_PATHS","DEFINES",1,"",0
"File:桌面人偶_简洁版_Release/_internal/cv2/config-3.py","Variable:桌面人偶_简洁版_Release/_internal/cv2/config-3.py:PYTHON_EXTENSIONS_PATHS","DEFINES",1,"",0
"File:桌面人偶_简洁版_Release/_internal/cv2/config-3.py","Variable:桌面人偶_简洁版_Release/_internal/cv2/config-3.py:ci_and_not_headless","DEFINES",1,"",0
"File:桌面人偶_Release/_internal/cv2/__init__.py","Variable:桌面人偶_Release/_internal/cv2/__init__.py:__all__","DEFINES",1,"",0
"File:桌面人偶_Release/_internal/cv2/__init__.py","Function:桌面人偶_Release/_internal/cv2/__init__.py:__load_extra_py_code_for_module","DEFINES",1,"",0
"File:桌面人偶_Release/_internal/cv2/__init__.py","Variable:桌面人偶_Release/_internal/cv2/__init__.py:module_name","DEFINES",1,"",0
"File:桌面人偶_Release/_internal/cv2/__init__.py","Variable:桌面人偶_Release/_internal/cv2/__init__.py:export_module_name","DEFINES",1,"",0
"File:桌面人偶_Release/_internal/cv2/__init__.py","Variable:桌面人偶_Release/_internal/cv2/__init__.py:native_module","DEFINES",1,"",0
"File:桌面人偶_Release/_internal/cv2/__init__.py","Variable:桌面人偶_Release/_internal/cv2/__init__.py:py_module","DEFINES",1,"",0
"File:桌面人偶_Release/_internal/cv2/__init__.py","Function:桌面人偶_Release/_internal/cv2/__init__.py:__collect_extra_submodules","DEFINES",1,"",0
"File:桌面人偶_Release/_internal/cv2/__init__.py","Function:桌面人偶_Release/_internal/cv2/__init__.py:modules_filter","DEFINES",1,"",0
"File:桌面人偶_Release/_internal/cv2/__init__.py","Variable:桌面人偶_Release/_internal/cv2/__init__.py:__INIT_FILE_PATH","DEFINES",1,"",0
"File:桌面人偶_Release/_internal/cv2/__init__.py","Variable:桌面人偶_Release/_internal/cv2/__init__.py:_extra_submodules_init_path","DEFINES",1,"",0
"File:桌面人偶_Release/_internal/cv2/__init__.py","Function:桌面人偶_Release/_internal/cv2/__init__.py:bootstrap","DEFINES",1,"",0
"File:桌面人偶_Release/_internal/cv2/__init__.py","Variable:桌面人偶_Release/_internal/cv2/__init__.py:save_sys_path","DEFINES",1,"",0
"File:桌面人偶_Release/_internal/cv2/__init__.py","Variable:桌面人偶_Release/_internal/cv2/__init__.py:DEBUG","DEFINES",1,"",0
"File:桌面人偶_Release/_internal/cv2/__init__.py","Variable:桌面人偶_Release/_internal/cv2/__init__.py:LOADER_DIR","DEFINES",1,"",0
"File:桌面人偶_Release/_internal/cv2/__init__.py","Variable:桌面人偶_Release/_internal/cv2/__init__.py:PYTHON_EXTENSIONS_PATHS","DEFINES",1,"",0
"File:桌面人偶_Release/_internal/cv2/__init__.py","Variable:桌面人偶_Release/_internal/cv2/__init__.py:BINARIES_PATHS","DEFINES",1,"",0
"File:桌面人偶_Release/_internal/cv2/__init__.py","Variable:桌面人偶_Release/_internal/cv2/__init__.py:g_vars","DEFINES",1,"",0
"File:桌面人偶_Release/_internal/cv2/__init__.py","Variable:桌面人偶_Release/_internal/cv2/__init__.py:l_vars","DEFINES",1,"",0
"File:桌面人偶_Release/_internal/cv2/__init__.py","Function:桌面人偶_Release/_internal/cv2/__init__.py:load_first_config","DEFINES",1,"",0
"File:桌面人偶_Release/_internal/cv2/__init__.py","Variable:桌面人偶_Release/_internal/cv2/__init__.py:fpath","DEFINES",1,"",0
"File:桌面人偶_Release/_internal/cv2/__init__.py","Variable:桌面人偶_Release/_internal/cv2/__init__.py:applySysPathWorkaround","DEFINES",1,"",0
"File:桌面人偶_Release/_internal/cv2/__init__.py","Variable:桌面人偶_Release/_internal/cv2/__init__.py:BASE_DIR","DEFINES",1,"",0
"File:桌面人偶_Release/_internal/cv2/version.py","Variable:桌面人偶_Release/_internal/cv2/version.py:opencv_version","DEFINES",1,"",0
"File:桌面人偶_Release/_internal/cv2/version.py","Variable:桌面人偶_Release/_internal/cv2/version.py:contrib","DEFINES",1,"",0
"File:桌面人偶_Release/_internal/cv2/version.py","Variable:桌面人偶_Release/_internal/cv2/version.py:headless","DEFINES",1,"",0
"File:桌面人偶_Release/_internal/cv2/version.py","Variable:桌面人偶_Release/_internal/cv2/version.py:rolling","DEFINES",1,"",0
"File:桌面人偶_Release/_internal/cv2/version.py","Variable:桌面人偶_Release/_internal/cv2/version.py:ci_build","DEFINES",1,"",0
"File:桌面人偶_Release/_internal/cv2/load_config_py3.py","Function:桌面人偶_Release/_internal/cv2/load_config_py3.py:exec_file_wrapper","DEFINES",1,"",0
"File:桌面人偶_Release/_internal/cv2/load_config_py3.py","Variable:桌面人偶_Release/_internal/cv2/load_config_py3.py:code","DEFINES",1,"",0
"File:桌面人偶_Release/_internal/cv2/config.py","Variable:桌面人偶_Release/_internal/cv2/config.py:BINARIES_PATHS","DEFINES",1,"",0
"File:桌面人偶_Release/_internal/cv2/config-3.py","Variable:桌面人偶_Release/_internal/cv2/config-3.py:PYTHON_EXTENSIONS_PATHS","DEFINES",1,"",0
"File:桌面人偶_Release/_internal/cv2/config-3.py","Variable:桌面人偶_Release/_internal/cv2/config-3.py:ci_and_not_headless","DEFINES",1,"",0
"File:桌面人偶_简洁版_Release/_internal/cv2/utils/__init__.py","Variable:桌面人偶_简洁版_Release/_internal/cv2/utils/__init__.py:NativeMethodPatchedResult","DEFINES",1,"",0
"File:桌面人偶_简洁版_Release/_internal/cv2/utils/__init__.py","Function:桌面人偶_简洁版_Release/_internal/cv2/utils/__init__.py:testOverwriteNativeMethod","DEFINES",1,"",0
"File:桌面人偶_简洁版_Release/_internal/cv2/misc/version.py","Function:桌面人偶_简洁版_Release/_internal/cv2/misc/version.py:get_ocv_version","DEFINES",1,"",0
"File:桌面人偶_简洁版_Release/_internal/cv2/typing/__init__.py","Variable:桌面人偶_简洁版_Release/_internal/cv2/typing/__init__.py:__all__","DEFINES",1,"",0
"File:桌面人偶_简洁版_Release/_internal/cv2/typing/__init__.py","Variable:桌面人偶_简洁版_Release/_internal/cv2/typing/__init__.py:NumPyArrayNumeric","DEFINES",1,"",0
"File:桌面人偶_简洁版_Release/_internal/cv2/typing/__init__.py","Variable:桌面人偶_简洁版_Release/_internal/cv2/typing/__init__.py:NumPyArrayFloat32","DEFINES",1,"",0
"File:桌面人偶_简洁版_Release/_internal/cv2/typing/__init__.py","Variable:桌面人偶_简洁版_Release/_internal/cv2/typing/__init__.py:NumPyArrayFloat64","DEFINES",1,"",0
"File:桌面人偶_简洁版_Release/_internal/cv2/typing/__init__.py","Variable:桌面人偶_简洁版_Release/_internal/cv2/typing/__init__.py:TermCriteria_Type","DEFINES",1,"",0
"File:桌面人偶_简洁版_Release/_internal/cv2/typing/__init__.py","Variable:桌面人偶_简洁版_Release/_internal/cv2/typing/__init__.py:IntPointer","DEFINES",1,"",0
"File:桌面人偶_简洁版_Release/_internal/cv2/typing/__init__.py","Variable:桌面人偶_简洁版_Release/_internal/cv2/typing/__init__.py:MatLike","DEFINES",1,"",0
"File:桌面人偶_简洁版_Release/_internal/cv2/typing/__init__.py","Variable:桌面人偶_简洁版_Release/_internal/cv2/typing/__init__.py:MatShape","DEFINES",1,"",0
"File:桌面人偶_简洁版_Release/_internal/cv2/typing/__init__.py","Variable:桌面人偶_简洁版_Release/_internal/cv2/typing/__init__.py:Size","DEFINES",1,"",0
"File:桌面人偶_简洁版_Release/_internal/cv2/typing/__init__.py","Variable:桌面人偶_简洁版_Release/_internal/cv2/typing/__init__.py:Size2f","DEFINES",1,"",0
"File:桌面人偶_简洁版_Release/_internal/cv2/typing/__init__.py","Variable:桌面人偶_简洁版_Release/_internal/cv2/typing/__init__.py:Scalar","DEFINES",1,"",0
"File:桌面人偶_简洁版_Release/_internal/cv2/typing/__init__.py","Variable:桌面人偶_简洁版_Release/_internal/cv2/typing/__init__.py:Point","DEFINES",1,"",0
"File:桌面人偶_简洁版_Release/_internal/cv2/typing/__init__.py","Variable:桌面人偶_简洁版_Release/_internal/cv2/typing/__init__.py:Point2i","DEFINES",1,"",0
"File:桌面人偶_简洁版_Release/_internal/cv2/typing/__init__.py","Variable:桌面人偶_简洁版_Release/_internal/cv2/typing/__init__.py:Point2f","DEFINES",1,"",0
"File:桌面人偶_简洁版_Release/_internal/cv2/typing/__init__.py","Variable:桌面人偶_简洁版_Release/_internal/cv2/typing/__init__.py:Point2d","DEFINES",1,"",0
"File:桌面人偶_简洁版_Release/_internal/cv2/typing/__init__.py","Variable:桌面人偶_简洁版_Release/_internal/cv2/typing/__init__.py:Point3i","DEFINES",1,"",0
"File:桌面人偶_简洁版_Release/_internal/cv2/typing/__init__.py","Variable:桌面人偶_简洁版_Release/_internal/cv2/typing/__init__.py:Point3f","DEFINES",1,"",0
"File:桌面人偶_简洁版_Release/_internal/cv2/typing/__init__.py","Variable:桌面人偶_简洁版_Release/_internal/cv2/typing/__init__.py:Point3d","DEFINES",1,"",0
"File:桌面人偶_简洁版_Release/_internal/cv2/typing/__init__.py","Variable:桌面人偶_简洁版_Release/_internal/cv2/typing/__init__.py:Range","DEFINES",1,"",0
"File:桌面人偶_简洁版_Release/_internal/cv2/typing/__init__.py","Variable:桌面人偶_简洁版_Release/_internal/cv2/typing/__init__.py:Rect","DEFINES",1,"",0
"File:桌面人偶_简洁版_Release/_internal/cv2/typing/__init__.py","Variable:桌面人偶_简洁版_Release/_internal/cv2/typing/__init__.py:Rect2i","DEFINES",1,"",0
"File:桌面人偶_简洁版_Release/_internal/cv2/typing/__init__.py","Variable:桌面人偶_简洁版_Release/_internal/cv2/typing/__init__.py:Rect2f","DEFINES",1,"",0
"File:桌面人偶_简洁版_Release/_internal/cv2/typing/__init__.py","Variable:桌面人偶_简洁版_Release/_internal/cv2/typing/__init__.py:Rect2d","DEFINES",1,"",0
"File:桌面人偶_简洁版_Release/_internal/cv2/typing/__init__.py","Variable:桌面人偶_简洁版_Release/_internal/cv2/typing/__init__.py:Moments","DEFINES",1,"",0
"File:桌面人偶_简洁版_Release/_internal/cv2/typing/__init__.py","Variable:桌面人偶_简洁版_Release/_internal/cv2/typing/__init__.py:RotatedRect","DEFINES",1,"",0
"File:桌面人偶_简洁版_Release/_internal/cv2/typing/__init__.py","Variable:桌面人偶_简洁版_Release/_internal/cv2/typing/__init__.py:TermCriteria","DEFINES",1,"",0
"File:桌面人偶_简洁版_Release/_internal/cv2/typing/__init__.py","Variable:桌面人偶_简洁版_Release/_internal/cv2/typing/__init__.py:Vec2i","DEFINES",1,"",0
"File:桌面人偶_简洁版_Release/_internal/cv2/typing/__init__.py","Variable:桌面人偶_简洁版_Release/_internal/cv2/typing/__init__.py:Vec2f","DEFINES",1,"",0
"File:桌面人偶_简洁版_Release/_internal/cv2/typing/__init__.py","Variable:桌面人偶_简洁版_Release/_internal/cv2/typing/__init__.py:Vec2d","DEFINES",1,"",0
"File:桌面人偶_简洁版_Release/_internal/cv2/typing/__init__.py","Variable:桌面人偶_简洁版_Release/_internal/cv2/typing/__init__.py:Vec3i","DEFINES",1,"",0
"File:桌面人偶_简洁版_Release/_internal/cv2/typing/__init__.py","Variable:桌面人偶_简洁版_Release/_internal/cv2/typing/__init__.py:Vec3f","DEFINES",1,"",0
"File:桌面人偶_简洁版_Release/_internal/cv2/typing/__init__.py","Variable:桌面人偶_简洁版_Release/_internal/cv2/typing/__init__.py:Vec3d","DEFINES",1,"",0
"File:桌面人偶_简洁版_Release/_internal/cv2/typing/__init__.py","Variable:桌面人偶_简洁版_Release/_internal/cv2/typing/__init__.py:Vec4i","DEFINES",1,"",0
"File:桌面人偶_简洁版_Release/_internal/cv2/typing/__init__.py","Variable:桌面人偶_简洁版_Release/_internal/cv2/typing/__init__.py:Vec4f","DEFINES",1,"",0
"File:桌面人偶_简洁版_Release/_internal/cv2/typing/__init__.py","Variable:桌面人偶_简洁版_Release/_internal/cv2/typing/__init__.py:Vec4d","DEFINES",1,"",0
"File:桌面人偶_简洁版_Release/_internal/cv2/typing/__init__.py","Variable:桌面人偶_简洁版_Release/_internal/cv2/typing/__init__.py:Vec6f","DEFINES",1,"",0
"File:桌面人偶_简洁版_Release/_internal/cv2/typing/__init__.py","Variable:桌面人偶_简洁版_Release/_internal/cv2/typing/__init__.py:FeatureDetector","DEFINES",1,"",0
"File:桌面人偶_简洁版_Release/_internal/cv2/typing/__init__.py","Variable:桌面人偶_简洁版_Release/_internal/cv2/typing/__init__.py:DescriptorExtractor","DEFINES",1,"",0
"File:桌面人偶_简洁版_Release/_internal/cv2/typing/__init__.py","Variable:桌面人偶_简洁版_Release/_internal/cv2/typing/__init__.py:FeatureExtractor","DEFINES",1,"",0
"File:桌面人偶_简洁版_Release/_internal/cv2/typing/__init__.py","Variable:桌面人偶_简洁版_Release/_internal/cv2/typing/__init__.py:Matx33f","DEFINES",1,"",0
"File:桌面人偶_简洁版_Release/_internal/cv2/typing/__init__.py","Variable:桌面人偶_简洁版_Release/_internal/cv2/typing/__init__.py:Matx33d","DEFINES",1,"",0
"File:桌面人偶_简洁版_Release/_internal/cv2/typing/__init__.py","Variable:桌面人偶_简洁版_Release/_internal/cv2/typing/__init__.py:Matx44f","DEFINES",1,"",0
"File:桌面人偶_简洁版_Release/_internal/cv2/typing/__init__.py","Variable:桌面人偶_简洁版_Release/_internal/cv2/typing/__init__.py:Matx44d","DEFINES",1,"",0
"File:桌面人偶_简洁版_Release/_internal/cv2/typing/__init__.py","Variable:桌面人偶_简洁版_Release/_internal/cv2/typing/__init__.py:LayerId","DEFINES",1,"",0
"File:桌面人偶_简洁版_Release/_internal/cv2/typing/__init__.py","Variable:桌面人偶_简洁版_Release/_internal/cv2/typing/__init__.py:LayerParams","DEFINES",1,"",0
"File:桌面人偶_简洁版_Release/_internal/cv2/typing/__init__.py","Variable:桌面人偶_简洁版_Release/_internal/cv2/typing/__init__.py:IndexParams","DEFINES",1,"",0
"File:桌面人偶_简洁版_Release/_internal/cv2/typing/__init__.py","Variable:桌面人偶_简洁版_Release/_internal/cv2/typing/__init__.py:SearchParams","DEFINES",1,"",0
"File:桌面人偶_简洁版_Release/_internal/cv2/typing/__init__.py","Variable:桌面人偶_简洁版_Release/_internal/cv2/typing/__init__.py:map_string_and_string","DEFINES",1,"",0
"File:桌面人偶_简洁版_Release/_internal/cv2/typing/__init__.py","Variable:桌面人偶_简洁版_Release/_internal/cv2/typing/__init__.py:map_string_and_int","DEFINES",1,"",0
"File:桌面人偶_简洁版_Release/_internal/cv2/typing/__init__.py","Variable:桌面人偶_简洁版_Release/_internal/cv2/typing/__init__.py:map_string_and_vector_size_t","DEFINES",1,"",0
"File:桌面人偶_简洁版_Release/_internal/cv2/typing/__init__.py","Variable:桌面人偶_简洁版_Release/_internal/cv2/typing/__init__.py:map_string_and_vector_float","DEFINES",1,"",0
"File:桌面人偶_简洁版_Release/_internal/cv2/typing/__init__.py","Variable:桌面人偶_简洁版_Release/_internal/cv2/typing/__init__.py:map_int_and_double","DEFINES",1,"",0
"File:桌面人偶_简洁版_Release/_internal/cv2/typing/__init__.py","Variable:桌面人偶_简洁版_Release/_internal/cv2/typing/__init__.py:GProtoArg","DEFINES",1,"",0
"File:桌面人偶_简洁版_Release/_internal/cv2/typing/__init__.py","Variable:桌面人偶_简洁版_Release/_internal/cv2/typing/__init__.py:GProtoInputArgs","DEFINES",1,"",0
"File:桌面人偶_简洁版_Release/_internal/cv2/typing/__init__.py","Variable:桌面人偶_简洁版_Release/_internal/cv2/typing/__init__.py:GProtoOutputArgs","DEFINES",1,"",0
"File:桌面人偶_简洁版_Release/_internal/cv2/typing/__init__.py","Variable:桌面人偶_简洁版_Release/_internal/cv2/typing/__init__.py:GRunArg","DEFINES",1,"",0
"File:桌面人偶_简洁版_Release/_internal/cv2/typing/__init__.py","Variable:桌面人偶_简洁版_Release/_internal/cv2/typing/__init__.py:GOptRunArg","DEFINES",1,"",0
"File:桌面人偶_简洁版_Release/_internal/cv2/typing/__init__.py","Variable:桌面人偶_简洁版_Release/_internal/cv2/typing/__init__.py:GMetaArg","DEFINES",1,"",0
"File:桌面人偶_简洁版_Release/_internal/cv2/typing/__init__.py","Variable:桌面人偶_简洁版_Release/_internal/cv2/typing/__init__.py:Prim","DEFINES",1,"",0
"File:桌面人偶_简洁版_Release/_internal/cv2/typing/__init__.py","Variable:桌面人偶_简洁版_Release/_internal/cv2/typing/__init__.py:GTypeInfo","DEFINES",1,"",0
"File:桌面人偶_简洁版_Release/_internal/cv2/typing/__init__.py","Variable:桌面人偶_简洁版_Release/_internal/cv2/typing/__init__.py:ExtractArgsCallback","DEFINES",1,"",0
"File:桌面人偶_简洁版_Release/_internal/cv2/typing/__init__.py","Variable:桌面人偶_简洁版_Release/_internal/cv2/typing/__init__.py:ExtractMetaCallback","DEFINES",1,"",0
"File:桌面人偶_简洁版_Release/_internal/cv2/gapi/__init__.py","Variable:桌面人偶_简洁版_Release/_internal/cv2/gapi/__init__.py:__all__","DEFINES",1,"",0
"File:桌面人偶_简洁版_Release/_internal/cv2/gapi/__init__.py","Function:桌面人偶_简洁版_Release/_internal/cv2/gapi/__init__.py:register","DEFINES",1,"",0
"File:桌面人偶_简洁版_Release/_internal/cv2/gapi/__init__.py","Function:桌面人偶_简洁版_Release/_internal/cv2/gapi/__init__.py:parameterized","DEFINES",1,"",0
"File:桌面人偶_简洁版_Release/_internal/cv2/gapi/__init__.py","Function:桌面人偶_简洁版_Release/_internal/cv2/gapi/__init__.py:networks","DEFINES",1,"",0
"File:桌面人偶_简洁版_Release/_internal/cv2/gapi/__init__.py","Function:桌面人偶_简洁版_Release/_internal/cv2/gapi/__init__.py:compile_args","DEFINES",1,"",0
"File:桌面人偶_简洁版_Release/_internal/cv2/gapi/__init__.py","Function:桌面人偶_简洁版_Release/_internal/cv2/gapi/__init__.py:GIn","DEFINES",1,"",0
"File:桌面人偶_简洁版_Release/_internal/cv2/gapi/__init__.py","Function:桌面人偶_简洁版_Release/_internal/cv2/gapi/__init__.py:GOut","DEFINES",1,"",0
"File:桌面人偶_简洁版_Release/_internal/cv2/gapi/__init__.py","Function:桌面人偶_简洁版_Release/_internal/cv2/gapi/__init__.py:gin","DEFINES",1,"",0
"File:桌面人偶_简洁版_Release/_internal/cv2/gapi/__init__.py","Function:桌面人偶_简洁版_Release/_internal/cv2/gapi/__init__.py:descr_of","DEFINES",1,"",0
"File:桌面人偶_简洁版_Release/_internal/cv2/gapi/__init__.py","Class:桌面人偶_简洁版_Release/_internal/cv2/gapi/__init__.py:GOpaque","DEFINES",1,"",0
"File:桌面人偶_简洁版_Release/_internal/cv2/gapi/__init__.py","Function:桌面人偶_简洁版_Release/_internal/cv2/gapi/__init__.py:GOpaque.__new__","DEFINES",1,"",0
"Class:桌面人偶_简洁版_Release/_internal/cv2/gapi/__init__.py:GOpaque","Function:桌面人偶_简洁版_Release/_internal/cv2/gapi/__init__.py:GOpaque.__new__","HAS_METHOD",1,"",0
"File:桌面人偶_简洁版_Release/_internal/cv2/gapi/__init__.py","Class:桌面人偶_简洁版_Release/_internal/cv2/gapi/__init__.py:Bool","DEFINES",1,"",0
"File:桌面人偶_简洁版_Release/_internal/cv2/gapi/__init__.py","Function:桌面人偶_简洁版_Release/_internal/cv2/gapi/__init__.py:Bool.__new__","DEFINES",1,"",0
"Class:桌面人偶_简洁版_Release/_internal/cv2/gapi/__init__.py:Bool","Function:桌面人偶_简洁版_Release/_internal/cv2/gapi/__init__.py:Bool.__new__","HAS_METHOD",1,"",0
"File:桌面人偶_简洁版_Release/_internal/cv2/gapi/__init__.py","Class:桌面人偶_简洁版_Release/_internal/cv2/gapi/__init__.py:Int","DEFINES",1,"",0
"File:桌面人偶_简洁版_Release/_internal/cv2/gapi/__init__.py","Function:桌面人偶_简洁版_Release/_internal/cv2/gapi/__init__.py:Int.__new__","DEFINES",1,"",0
"Class:桌面人偶_简洁版_Release/_internal/cv2/gapi/__init__.py:Int","Function:桌面人偶_简洁版_Release/_internal/cv2/gapi/__init__.py:Int.__new__","HAS_METHOD",1,"",0
"File:桌面人偶_简洁版_Release/_internal/cv2/gapi/__init__.py","Class:桌面人偶_简洁版_Release/_internal/cv2/gapi/__init__.py:Int64","DEFINES",1,"",0
"File:桌面人偶_简洁版_Release/_internal/cv2/gapi/__init__.py","Function:桌面人偶_简洁版_Release/_internal/cv2/gapi/__init__.py:Int64.__new__","DEFINES",1,"",0
"Class:桌面人偶_简洁版_Release/_internal/cv2/gapi/__init__.py:Int64","Function:桌面人偶_简洁版_Release/_internal/cv2/gapi/__init__.py:Int64.__new__","HAS_METHOD",1,"",0
"File:桌面人偶_简洁版_Release/_internal/cv2/gapi/__init__.py","Class:桌面人偶_简洁版_Release/_internal/cv2/gapi/__init__.py:UInt64","DEFINES",1,"",0
"File:桌面人偶_简洁版_Release/_internal/cv2/gapi/__init__.py","Function:桌面人偶_简洁版_Release/_internal/cv2/gapi/__init__.py:UInt64.__new__","DEFINES",1,"",0
"Class:桌面人偶_简洁版_Release/_internal/cv2/gapi/__init__.py:UInt64","Function:桌面人偶_简洁版_Release/_internal/cv2/gapi/__init__.py:UInt64.__new__","HAS_METHOD",1,"",0
"File:桌面人偶_简洁版_Release/_internal/cv2/gapi/__init__.py","Class:桌面人偶_简洁版_Release/_internal/cv2/gapi/__init__.py:Double","DEFINES",1,"",0
"File:桌面人偶_简洁版_Release/_internal/cv2/gapi/__init__.py","Function:桌面人偶_简洁版_Release/_internal/cv2/gapi/__init__.py:Double.__new__","DEFINES",1,"",0
"Class:桌面人偶_简洁版_Release/_internal/cv2/gapi/__init__.py:Double","Function:桌面人偶_简洁版_Release/_internal/cv2/gapi/__init__.py:Double.__new__","HAS_METHOD",1,"",0
"File:桌面人偶_简洁版_Release/_internal/cv2/gapi/__init__.py","Class:桌面人偶_简洁版_Release/_internal/cv2/gapi/__init__.py:Float","DEFINES",1,"",0
"File:桌面人偶_简洁版_Release/_internal/cv2/gapi/__init__.py","Function:桌面人偶_简洁版_Release/_internal/cv2/gapi/__init__.py:Float.__new__","DEFINES",1,"",0
"Class:桌面人偶_简洁版_Release/_internal/cv2/gapi/__init__.py:Float","Function:桌面人偶_简洁版_Release/_internal/cv2/gapi/__init__.py:Float.__new__","HAS_METHOD",1,"",0
"File:桌面人偶_简洁版_Release/_internal/cv2/gapi/__init__.py","Class:桌面人偶_简洁版_Release/_internal/cv2/gapi/__init__.py:String","DEFINES",1,"",0
"File:桌面人偶_简洁版_Release/_internal/cv2/gapi/__init__.py","Function:桌面人偶_简洁版_Release/_internal/cv2/gapi/__init__.py:String.__new__","DEFINES",1,"",0
"Class:桌面人偶_简洁版_Release/_internal/cv2/gapi/__init__.py:String","Function:桌面人偶_简洁版_Release/_internal/cv2/gapi/__init__.py:String.__new__","HAS_METHOD",1,"",0
"File:桌面人偶_简洁版_Release/_internal/cv2/gapi/__init__.py","Class:桌面人偶_简洁版_Release/_internal/cv2/gapi/__init__.py:Point","DEFINES",1,"",0
"File:桌面人偶_简洁版_Release/_internal/cv2/gapi/__init__.py","Function:桌面人偶_简洁版_Release/_internal/cv2/gapi/__init__.py:Point.__new__","DEFINES",1,"",0
"Class:桌面人偶_简洁版_Release/_internal/cv2/gapi/__init__.py:Point","Function:桌面人偶_简洁版_Release/_internal/cv2/gapi/__init__.py:Point.__new__","HAS_METHOD",1,"",0
"File:桌面人偶_简洁版_Release/_internal/cv2/gapi/__init__.py","Class:桌面人偶_简洁版_Release/_internal/cv2/gapi/__init__.py:Point2f","DEFINES",1,"",0
"File:桌面人偶_简洁版_Release/_internal/cv2/gapi/__init__.py","Function:桌面人偶_简洁版_Release/_internal/cv2/gapi/__init__.py:Point2f.__new__","DEFINES",1,"",0
"Class:桌面人偶_简洁版_Release/_internal/cv2/gapi/__init__.py:Point2f","Function:桌面人偶_简洁版_Release/_internal/cv2/gapi/__init__.py:Point2f.__new__","HAS_METHOD",1,"",0
"File:桌面人偶_简洁版_Release/_internal/cv2/gapi/__init__.py","Class:桌面人偶_简洁版_Release/_internal/cv2/gapi/__init__.py:Point3f","DEFINES",1,"",0
"File:桌面人偶_简洁版_Release/_internal/cv2/gapi/__init__.py","Function:桌面人偶_简洁版_Release/_internal/cv2/gapi/__init__.py:Point3f.__new__","DEFINES",1,"",0
"Class:桌面人偶_简洁版_Release/_internal/cv2/gapi/__init__.py:Point3f","Function:桌面人偶_简洁版_Release/_internal/cv2/gapi/__init__.py:Point3f.__new__","HAS_METHOD",1,"",0
"File:桌面人偶_简洁版_Release/_internal/cv2/gapi/__init__.py","Class:桌面人偶_简洁版_Release/_internal/cv2/gapi/__init__.py:Size","DEFINES",1,"",0
"File:桌面人偶_简洁版_Release/_internal/cv2/gapi/__init__.py","Function:桌面人偶_简洁版_Release/_internal/cv2/gapi/__init__.py:Size.__new__","DEFINES",1,"",0
"Class:桌面人偶_简洁版_Release/_internal/cv2/gapi/__init__.py:Size","Function:桌面人偶_简洁版_Release/_internal/cv2/gapi/__init__.py:Size.__new__","HAS_METHOD",1,"",0
"File:桌面人偶_简洁版_Release/_internal/cv2/gapi/__init__.py","Class:桌面人偶_简洁版_Release/_internal/cv2/gapi/__init__.py:Rect","DEFINES",1,"",0
"File:桌面人偶_简洁版_Release/_internal/cv2/gapi/__init__.py","Function:桌面人偶_简洁版_Release/_internal/cv2/gapi/__init__.py:Rect.__new__","DEFINES",1,"",0
"Class:桌面人偶_简洁版_Release/_internal/cv2/gapi/__init__.py:Rect","Function:桌面人偶_简洁版_Release/_internal/cv2/gapi/__init__.py:Rect.__new__","HAS_METHOD",1,"",0
"File:桌面人偶_简洁版_Release/_internal/cv2/gapi/__init__.py","Class:桌面人偶_简洁版_Release/_internal/cv2/gapi/__init__.py:Prim","DEFINES",1,"",0
"File:桌面人偶_简洁版_Release/_internal/cv2/gapi/__init__.py","Function:桌面人偶_简洁版_Release/_internal/cv2/gapi/__init__.py:Prim.__new__","DEFINES",1,"",0
"Class:桌面人偶_简洁版_Release/_internal/cv2/gapi/__init__.py:Prim","Function:桌面人偶_简洁版_Release/_internal/cv2/gapi/__init__.py:Prim.__new__","HAS_METHOD",1,"",0
"File:桌面人偶_简洁版_Release/_internal/cv2/gapi/__init__.py","Class:桌面人偶_简洁版_Release/_internal/cv2/gapi/__init__.py:Any","DEFINES",1,"",0
"File:桌面人偶_简洁版_Release/_internal/cv2/gapi/__init__.py","Function:桌面人偶_简洁版_Release/_internal/cv2/gapi/__init__.py:Any.__new__","DEFINES",1,"",0
"Class:桌面人偶_简洁版_Release/_internal/cv2/gapi/__init__.py:Any","Function:桌面人偶_简洁版_Release/_internal/cv2/gapi/__init__.py:Any.__new__","HAS_METHOD",1,"",0
"File:桌面人偶_简洁版_Release/_internal/cv2/gapi/__init__.py","Class:桌面人偶_简洁版_Release/_internal/cv2/gapi/__init__.py:GArray","DEFINES",1,"",0
"File:桌面人偶_简洁版_Release/_internal/cv2/gapi/__init__.py","Function:桌面人偶_简洁版_Release/_internal/cv2/gapi/__init__.py:GArray.__new__","DEFINES",1,"",0
"Class:桌面人偶_简洁版_Release/_internal/cv2/gapi/__init__.py:GArray","Function:桌面人偶_简洁版_Release/_internal/cv2/gapi/__init__.py:GArray.__new__","HAS_METHOD",1,"",0
"File:桌面人偶_简洁版_Release/_internal/cv2/gapi/__init__.py","Class:桌面人偶_简洁版_Release/_internal/cv2/gapi/__init__.py:Scalar","DEFINES",1,"",0
"File:桌面人偶_简洁版_Release/_internal/cv2/gapi/__init__.py","Function:桌面人偶_简洁版_Release/_internal/cv2/gapi/__init__.py:Scalar.__new__","DEFINES",1,"",0
"Class:桌面人偶_简洁版_Release/_internal/cv2/gapi/__init__.py:Scalar","Function:桌面人偶_简洁版_Release/_internal/cv2/gapi/__init__.py:Scalar.__new__","HAS_METHOD",1,"",0
"File:桌面人偶_简洁版_Release/_internal/cv2/gapi/__init__.py","Class:桌面人偶_简洁版_Release/_internal/cv2/gapi/__init__.py:Mat","DEFINES",1,"",0
"File:桌面人偶_简洁版_Release/_internal/cv2/gapi/__init__.py","Function:桌面人偶_简洁版_Release/_internal/cv2/gapi/__init__.py:Mat.__new__","DEFINES",1,"",0
"Class:桌面人偶_简洁版_Release/_internal/cv2/gapi/__init__.py:Mat","Function:桌面人偶_简洁版_Release/_internal/cv2/gapi/__init__.py:Mat.__new__","HAS_METHOD",1,"",0
"File:桌面人偶_简洁版_Release/_internal/cv2/gapi/__init__.py","Class:桌面人偶_简洁版_Release/_internal/cv2/gapi/__init__.py:GMat","DEFINES",1,"",0
"File:桌面人偶_简洁版_Release/_internal/cv2/gapi/__init__.py","Function:桌面人偶_简洁版_Release/_internal/cv2/gapi/__init__.py:GMat.__new__","DEFINES",1,"",0
"Class:桌面人偶_简洁版_Release/_internal/cv2/gapi/__init__.py:GMat","Function:桌面人偶_简洁版_Release/_internal/cv2/gapi/__init__.py:GMat.__new__","HAS_METHOD",1,"",0
"File:桌面人偶_简洁版_Release/_internal/cv2/gapi/__init__.py","Function:桌面人偶_简洁版_Release/_internal/cv2/gapi/__init__.py:op","DEFINES",1,"",0
"File:桌面人偶_简洁版_Release/_internal/cv2/gapi/__init__.py","Variable:桌面人偶_简洁版_Release/_internal/cv2/gapi/__init__.py:garray_types","DEFINES",1,"",0
"File:桌面人偶_简洁版_Release/_internal/cv2/gapi/__init__.py","Variable:桌面人偶_简洁版_Release/_internal/cv2/gapi/__init__.py:gopaque_types","DEFINES",1,"",0
"File:桌面人偶_简洁版_Release/_internal/cv2/gapi/__init__.py","Variable:桌面人偶_简洁版_Release/_internal/cv2/gapi/__init__.py:type2str","DEFINES",1,"",0
"File:桌面人偶_简洁版_Release/_internal/cv2/gapi/__init__.py","Function:桌面人偶_简洁版_Release/_internal/cv2/gapi/__init__.py:op_with_params","DEFINES",1,"",0
"File:桌面人偶_简洁版_Release/_internal/cv2/gapi/__init__.py","Function:桌面人偶_简洁版_Release/_internal/cv2/gapi/__init__.py:on","DEFINES",1,"",0
"File:桌面人偶_简洁版_Release/_internal/cv2/gapi/__init__.py","Variable:桌面人偶_简洁版_Release/_internal/cv2/gapi/__init__.py:op","DEFINES",1,"",0
"File:桌面人偶_简洁版_Release/_internal/cv2/gapi/__init__.py","Variable:桌面人偶_简洁版_Release/_internal/cv2/gapi/__init__.py:out_protos","DEFINES",1,"",0
"File:桌面人偶_简洁版_Release/_internal/cv2/gapi/__init__.py","Function:桌面人偶_简洁版_Release/_internal/cv2/gapi/__init__.py:kernel","DEFINES",1,"",0
"File:桌面人偶_简洁版_Release/_internal/cv2/gapi/__init__.py","Function:桌面人偶_简洁版_Release/_internal/cv2/gapi/__init__.py:kernel_with_params","DEFINES",1,"",0
"File:桌面人偶_简洁版_Release/_internal/cv2/mat_wrapper/__init__.py","Variable:桌面人偶_简洁版_Release/_internal/cv2/mat_wrapper/__init__.py:__all__","DEFINES",1,"",0
"File:桌面人偶_简洁版_Release/_internal/cv2/mat_wrapper/__init__.py","Variable:桌面人偶_简洁版_Release/_internal/cv2/mat_wrapper/__init__.py:_NumPyArrayNumeric","DEFINES",1,"",0
"File:桌面人偶_简洁版_Release/_internal/cv2/mat_wrapper/__init__.py","Class:桌面人偶_简洁版_Release/_internal/cv2/mat_wrapper/__init__.py:Mat","DEFINES",1,"",0
"File:桌面人偶_简洁版_Release/_internal/cv2/mat_wrapper/__init__.py","Function:桌面人偶_简洁版_Release/_internal/cv2/mat_wrapper/__init__.py:Mat.__new__","DEFINES",1,"",0
"Class:桌面人偶_简洁版_Release/_internal/cv2/mat_wrapper/__init__.py:Mat","Function:桌面人偶_简洁版_Release/_internal/cv2/mat_wrapper/__init__.py:Mat.__new__","HAS_METHOD",1,"",0
"File:桌面人偶_简洁版_Release/_internal/cv2/mat_wrapper/__init__.py","Variable:桌面人偶_简洁版_Release/_internal/cv2/mat_wrapper/__init__.py:obj","DEFINES",1,"",0
"File:桌面人偶_简洁版_Release/_internal/cv2/mat_wrapper/__init__.py","Function:桌面人偶_简洁版_Release/_internal/cv2/mat_wrapper/__init__.py:Mat.__init__","DEFINES",1,"",0
"Class:桌面人偶_简洁版_Release/_internal/cv2/mat_wrapper/__init__.py:Mat","Function:桌面人偶_简洁版_Release/_internal/cv2/mat_wrapper/__init__.py:Mat.__init__","HAS_METHOD",1,"",0
"File:桌面人偶_简洁版_Release/_internal/cv2/mat_wrapper/__init__.py","Function:桌面人偶_简洁版_Release/_internal/cv2/mat_wrapper/__init__.py:Mat.__array_finalize__","DEFINES",1,"",0
"Class:桌面人偶_简洁版_Release/_internal/cv2/mat_wrapper/__init__.py:Mat","Function:桌面人偶_简洁版_Release/_internal/cv2/mat_wrapper/__init__.py:Mat.__array_finalize__","HAS_METHOD",1,"",0
"File:桌面人偶_简洁版_Release/_internal/cv2/data/__init__.py","Variable:桌面人偶_简洁版_Release/_internal/cv2/data/__init__.py:haarcascades","DEFINES",1,"",0
"File:桌面人偶_Release/_internal/cv2/utils/__init__.py","Variable:桌面人偶_Release/_internal/cv2/utils/__init__.py:NativeMethodPatchedResult","DEFINES",1,"",0
"File:桌面人偶_Release/_internal/cv2/utils/__init__.py","Function:桌面人偶_Release/_internal/cv2/utils/__init__.py:testOverwriteNativeMethod","DEFINES",1,"",0
"File:桌面人偶_Release/_internal/cv2/typing/__init__.py","Variable:桌面人偶_Release/_internal/cv2/typing/__init__.py:__all__","DEFINES",1,"",0
"File:桌面人偶_Release/_internal/cv2/typing/__init__.py","Variable:桌面人偶_Release/_internal/cv2/typing/__init__.py:NumPyArrayNumeric","DEFINES",1,"",0
"File:桌面人偶_Release/_internal/cv2/typing/__init__.py","Variable:桌面人偶_Release/_internal/cv2/typing/__init__.py:NumPyArrayFloat32","DEFINES",1,"",0
"File:桌面人偶_Release/_internal/cv2/typing/__init__.py","Variable:桌面人偶_Release/_internal/cv2/typing/__init__.py:NumPyArrayFloat64","DEFINES",1,"",0
"File:桌面人偶_Release/_internal/cv2/typing/__init__.py","Variable:桌面人偶_Release/_internal/cv2/typing/__init__.py:TermCriteria_Type","DEFINES",1,"",0
"File:桌面人偶_Release/_internal/cv2/typing/__init__.py","Variable:桌面人偶_Release/_internal/cv2/typing/__init__.py:IntPointer","DEFINES",1,"",0
"File:桌面人偶_Release/_internal/cv2/typing/__init__.py","Variable:桌面人偶_Release/_internal/cv2/typing/__init__.py:MatLike","DEFINES",1,"",0
"File:桌面人偶_Release/_internal/cv2/typing/__init__.py","Variable:桌面人偶_Release/_internal/cv2/typing/__init__.py:MatShape","DEFINES",1,"",0
"File:桌面人偶_Release/_internal/cv2/typing/__init__.py","Variable:桌面人偶_Release/_internal/cv2/typing/__init__.py:Size","DEFINES",1,"",0
"File:桌面人偶_Release/_internal/cv2/typing/__init__.py","Variable:桌面人偶_Release/_internal/cv2/typing/__init__.py:Size2f","DEFINES",1,"",0
"File:桌面人偶_Release/_internal/cv2/typing/__init__.py","Variable:桌面人偶_Release/_internal/cv2/typing/__init__.py:Scalar","DEFINES",1,"",0
"File:桌面人偶_Release/_internal/cv2/typing/__init__.py","Variable:桌面人偶_Release/_internal/cv2/typing/__init__.py:Point","DEFINES",1,"",0
"File:桌面人偶_Release/_internal/cv2/typing/__init__.py","Variable:桌面人偶_Release/_internal/cv2/typing/__init__.py:Point2i","DEFINES",1,"",0
"File:桌面人偶_Release/_internal/cv2/typing/__init__.py","Variable:桌面人偶_Release/_internal/cv2/typing/__init__.py:Point2f","DEFINES",1,"",0
"File:桌面人偶_Release/_internal/cv2/typing/__init__.py","Variable:桌面人偶_Release/_internal/cv2/typing/__init__.py:Point2d","DEFINES",1,"",0
"File:桌面人偶_Release/_internal/cv2/typing/__init__.py","Variable:桌面人偶_Release/_internal/cv2/typing/__init__.py:Point3i","DEFINES",1,"",0
"File:桌面人偶_Release/_internal/cv2/typing/__init__.py","Variable:桌面人偶_Release/_internal/cv2/typing/__init__.py:Point3f","DEFINES",1,"",0
"File:桌面人偶_Release/_internal/cv2/typing/__init__.py","Variable:桌面人偶_Release/_internal/cv2/typing/__init__.py:Point3d","DEFINES",1,"",0
"File:桌面人偶_Release/_internal/cv2/typing/__init__.py","Variable:桌面人偶_Release/_internal/cv2/typing/__init__.py:Range","DEFINES",1,"",0
"File:桌面人偶_Release/_internal/cv2/typing/__init__.py","Variable:桌面人偶_Release/_internal/cv2/typing/__init__.py:Rect","DEFINES",1,"",0
"File:桌面人偶_Release/_internal/cv2/typing/__init__.py","Variable:桌面人偶_Release/_internal/cv2/typing/__init__.py:Rect2i","DEFINES",1,"",0
"File:桌面人偶_Release/_internal/cv2/typing/__init__.py","Variable:桌面人偶_Release/_internal/cv2/typing/__init__.py:Rect2f","DEFINES",1,"",0
"File:桌面人偶_Release/_internal/cv2/typing/__init__.py","Variable:桌面人偶_Release/_internal/cv2/typing/__init__.py:Rect2d","DEFINES",1,"",0
"File:桌面人偶_Release/_internal/cv2/typing/__init__.py","Variable:桌面人偶_Release/_internal/cv2/typing/__init__.py:Moments","DEFINES",1,"",0
"File:桌面人偶_Release/_internal/cv2/typing/__init__.py","Variable:桌面人偶_Release/_internal/cv2/typing/__init__.py:RotatedRect","DEFINES",1,"",0
"File:桌面人偶_Release/_internal/cv2/typing/__init__.py","Variable:桌面人偶_Release/_internal/cv2/typing/__init__.py:TermCriteria","DEFINES",1,"",0
"File:桌面人偶_Release/_internal/cv2/typing/__init__.py","Variable:桌面人偶_Release/_internal/cv2/typing/__init__.py:Vec2i","DEFINES",1,"",0
"File:桌面人偶_Release/_internal/cv2/typing/__init__.py","Variable:桌面人偶_Release/_internal/cv2/typing/__init__.py:Vec2f","DEFINES",1,"",0
"File:桌面人偶_Release/_internal/cv2/typing/__init__.py","Variable:桌面人偶_Release/_internal/cv2/typing/__init__.py:Vec2d","DEFINES",1,"",0
"File:桌面人偶_Release/_internal/cv2/typing/__init__.py","Variable:桌面人偶_Release/_internal/cv2/typing/__init__.py:Vec3i","DEFINES",1,"",0
"File:桌面人偶_Release/_internal/cv2/typing/__init__.py","Variable:桌面人偶_Release/_internal/cv2/typing/__init__.py:Vec3f","DEFINES",1,"",0
"File:桌面人偶_Release/_internal/cv2/typing/__init__.py","Variable:桌面人偶_Release/_internal/cv2/typing/__init__.py:Vec3d","DEFINES",1,"",0
"File:桌面人偶_Release/_internal/cv2/typing/__init__.py","Variable:桌面人偶_Release/_internal/cv2/typing/__init__.py:Vec4i","DEFINES",1,"",0
"File:桌面人偶_Release/_internal/cv2/typing/__init__.py","Variable:桌面人偶_Release/_internal/cv2/typing/__init__.py:Vec4f","DEFINES",1,"",0
"File:桌面人偶_Release/_internal/cv2/typing/__init__.py","Variable:桌面人偶_Release/_internal/cv2/typing/__init__.py:Vec4d","DEFINES",1,"",0
"File:桌面人偶_Release/_internal/cv2/typing/__init__.py","Variable:桌面人偶_Release/_internal/cv2/typing/__init__.py:Vec6f","DEFINES",1,"",0
"File:桌面人偶_Release/_internal/cv2/typing/__init__.py","Variable:桌面人偶_Release/_internal/cv2/typing/__init__.py:FeatureDetector","DEFINES",1,"",0
"File:桌面人偶_Release/_internal/cv2/typing/__init__.py","Variable:桌面人偶_Release/_internal/cv2/typing/__init__.py:DescriptorExtractor","DEFINES",1,"",0
"File:桌面人偶_Release/_internal/cv2/typing/__init__.py","Variable:桌面人偶_Release/_internal/cv2/typing/__init__.py:FeatureExtractor","DEFINES",1,"",0
"File:桌面人偶_Release/_internal/cv2/typing/__init__.py","Variable:桌面人偶_Release/_internal/cv2/typing/__init__.py:Matx33f","DEFINES",1,"",0
"File:桌面人偶_Release/_internal/cv2/typing/__init__.py","Variable:桌面人偶_Release/_internal/cv2/typing/__init__.py:Matx33d","DEFINES",1,"",0
"File:桌面人偶_Release/_internal/cv2/typing/__init__.py","Variable:桌面人偶_Release/_internal/cv2/typing/__init__.py:Matx44f","DEFINES",1,"",0
"File:桌面人偶_Release/_internal/cv2/typing/__init__.py","Variable:桌面人偶_Release/_internal/cv2/typing/__init__.py:Matx44d","DEFINES",1,"",0
"File:桌面人偶_Release/_internal/cv2/typing/__init__.py","Variable:桌面人偶_Release/_internal/cv2/typing/__init__.py:LayerId","DEFINES",1,"",0
"File:桌面人偶_Release/_internal/cv2/typing/__init__.py","Variable:桌面人偶_Release/_internal/cv2/typing/__init__.py:LayerParams","DEFINES",1,"",0
"File:桌面人偶_Release/_internal/cv2/typing/__init__.py","Variable:桌面人偶_Release/_internal/cv2/typing/__init__.py:IndexParams","DEFINES",1,"",0
"File:桌面人偶_Release/_internal/cv2/typing/__init__.py","Variable:桌面人偶_Release/_internal/cv2/typing/__init__.py:SearchParams","DEFINES",1,"",0
"File:桌面人偶_Release/_internal/cv2/typing/__init__.py","Variable:桌面人偶_Release/_internal/cv2/typing/__init__.py:map_string_and_string","DEFINES",1,"",0
"File:桌面人偶_Release/_internal/cv2/typing/__init__.py","Variable:桌面人偶_Release/_internal/cv2/typing/__init__.py:map_string_and_int","DEFINES",1,"",0
"File:桌面人偶_Release/_internal/cv2/typing/__init__.py","Variable:桌面人偶_Release/_internal/cv2/typing/__init__.py:map_string_and_vector_size_t","DEFINES",1,"",0
"File:桌面人偶_Release/_internal/cv2/typing/__init__.py","Variable:桌面人偶_Release/_internal/cv2/typing/__init__.py:map_string_and_vector_float","DEFINES",1,"",0
"File:桌面人偶_Release/_internal/cv2/typing/__init__.py","Variable:桌面人偶_Release/_internal/cv2/typing/__init__.py:map_int_and_double","DEFINES",1,"",0
"File:桌面人偶_Release/_internal/cv2/typing/__init__.py","Variable:桌面人偶_Release/_internal/cv2/typing/__init__.py:GProtoArg","DEFINES",1,"",0
"File:桌面人偶_Release/_internal/cv2/typing/__init__.py","Variable:桌面人偶_Release/_internal/cv2/typing/__init__.py:GProtoInputArgs","DEFINES",1,"",0
"File:桌面人偶_Release/_internal/cv2/typing/__init__.py","Variable:桌面人偶_Release/_internal/cv2/typing/__init__.py:GProtoOutputArgs","DEFINES",1,"",0
"File:桌面人偶_Release/_internal/cv2/typing/__init__.py","Variable:桌面人偶_Release/_internal/cv2/typing/__init__.py:GRunArg","DEFINES",1,"",0
"File:桌面人偶_Release/_internal/cv2/typing/__init__.py","Variable:桌面人偶_Release/_internal/cv2/typing/__init__.py:GOptRunArg","DEFINES",1,"",0
"File:桌面人偶_Release/_internal/cv2/typing/__init__.py","Variable:桌面人偶_Release/_internal/cv2/typing/__init__.py:GMetaArg","DEFINES",1,"",0
"File:桌面人偶_Release/_internal/cv2/typing/__init__.py","Variable:桌面人偶_Release/_internal/cv2/typing/__init__.py:Prim","DEFINES",1,"",0
"File:桌面人偶_Release/_internal/cv2/typing/__init__.py","Variable:桌面人偶_Release/_internal/cv2/typing/__init__.py:GTypeInfo","DEFINES",1,"",0
"File:桌面人偶_Release/_internal/cv2/typing/__init__.py","Variable:桌面人偶_Release/_internal/cv2/typing/__init__.py:ExtractArgsCallback","DEFINES",1,"",0
"File:桌面人偶_Release/_internal/cv2/typing/__init__.py","Variable:桌面人偶_Release/_internal/cv2/typing/__init__.py:ExtractMetaCallback","DEFINES",1,"",0
"File:桌面人偶_Release/_internal/cv2/misc/version.py","Function:桌面人偶_Release/_internal/cv2/misc/version.py:get_ocv_version","DEFINES",1,"",0
"File:桌面人偶_Release/_internal/cv2/gapi/__init__.py","Variable:桌面人偶_Release/_internal/cv2/gapi/__init__.py:__all__","DEFINES",1,"",0
"File:桌面人偶_Release/_internal/cv2/gapi/__init__.py","Function:桌面人偶_Release/_internal/cv2/gapi/__init__.py:register","DEFINES",1,"",0
"File:桌面人偶_Release/_internal/cv2/gapi/__init__.py","Function:桌面人偶_Release/_internal/cv2/gapi/__init__.py:parameterized","DEFINES",1,"",0
"File:桌面人偶_Release/_internal/cv2/gapi/__init__.py","Function:桌面人偶_Release/_internal/cv2/gapi/__init__.py:networks","DEFINES",1,"",0
"File:桌面人偶_Release/_internal/cv2/gapi/__init__.py","Function:桌面人偶_Release/_internal/cv2/gapi/__init__.py:compile_args","DEFINES",1,"",0
"File:桌面人偶_Release/_internal/cv2/gapi/__init__.py","Function:桌面人偶_Release/_internal/cv2/gapi/__init__.py:GIn","DEFINES",1,"",0
"File:桌面人偶_Release/_internal/cv2/gapi/__init__.py","Function:桌面人偶_Release/_internal/cv2/gapi/__init__.py:GOut","DEFINES",1,"",0
"File:桌面人偶_Release/_internal/cv2/gapi/__init__.py","Function:桌面人偶_Release/_internal/cv2/gapi/__init__.py:gin","DEFINES",1,"",0
"File:桌面人偶_Release/_internal/cv2/gapi/__init__.py","Function:桌面人偶_Release/_internal/cv2/gapi/__init__.py:descr_of","DEFINES",1,"",0
"File:桌面人偶_Release/_internal/cv2/gapi/__init__.py","Class:桌面人偶_Release/_internal/cv2/gapi/__init__.py:GOpaque","DEFINES",1,"",0
"File:桌面人偶_Release/_internal/cv2/gapi/__init__.py","Function:桌面人偶_Release/_internal/cv2/gapi/__init__.py:GOpaque.__new__","DEFINES",1,"",0
"Class:桌面人偶_Release/_internal/cv2/gapi/__init__.py:GOpaque","Function:桌面人偶_Release/_internal/cv2/gapi/__init__.py:GOpaque.__new__","HAS_METHOD",1,"",0
"File:桌面人偶_Release/_internal/cv2/gapi/__init__.py","Class:桌面人偶_Release/_internal/cv2/gapi/__init__.py:Bool","DEFINES",1,"",0
"File:桌面人偶_Release/_internal/cv2/gapi/__init__.py","Function:桌面人偶_Release/_internal/cv2/gapi/__init__.py:Bool.__new__","DEFINES",1,"",0
"Class:桌面人偶_Release/_internal/cv2/gapi/__init__.py:Bool","Function:桌面人偶_Release/_internal/cv2/gapi/__init__.py:Bool.__new__","HAS_METHOD",1,"",0
"File:桌面人偶_Release/_internal/cv2/gapi/__init__.py","Class:桌面人偶_Release/_internal/cv2/gapi/__init__.py:Int","DEFINES",1,"",0
"File:桌面人偶_Release/_internal/cv2/gapi/__init__.py","Function:桌面人偶_Release/_internal/cv2/gapi/__init__.py:Int.__new__","DEFINES",1,"",0
"Class:桌面人偶_Release/_internal/cv2/gapi/__init__.py:Int","Function:桌面人偶_Release/_internal/cv2/gapi/__init__.py:Int.__new__","HAS_METHOD",1,"",0
"File:桌面人偶_Release/_internal/cv2/gapi/__init__.py","Class:桌面人偶_Release/_internal/cv2/gapi/__init__.py:Int64","DEFINES",1,"",0
"File:桌面人偶_Release/_internal/cv2/gapi/__init__.py","Function:桌面人偶_Release/_internal/cv2/gapi/__init__.py:Int64.__new__","DEFINES",1,"",0
"Class:桌面人偶_Release/_internal/cv2/gapi/__init__.py:Int64","Function:桌面人偶_Release/_internal/cv2/gapi/__init__.py:Int64.__new__","HAS_METHOD",1,"",0
"File:桌面人偶_Release/_internal/cv2/gapi/__init__.py","Class:桌面人偶_Release/_internal/cv2/gapi/__init__.py:UInt64","DEFINES",1,"",0
"File:桌面人偶_Release/_internal/cv2/gapi/__init__.py","Function:桌面人偶_Release/_internal/cv2/gapi/__init__.py:UInt64.__new__","DEFINES",1,"",0
"Class:桌面人偶_Release/_internal/cv2/gapi/__init__.py:UInt64","Function:桌面人偶_Release/_internal/cv2/gapi/__init__.py:UInt64.__new__","HAS_METHOD",1,"",0
"File:桌面人偶_Release/_internal/cv2/gapi/__init__.py","Class:桌面人偶_Release/_internal/cv2/gapi/__init__.py:Double","DEFINES",1,"",0
"File:桌面人偶_Release/_internal/cv2/gapi/__init__.py","Function:桌面人偶_Release/_internal/cv2/gapi/__init__.py:Double.__new__","DEFINES",1,"",0
"Class:桌面人偶_Release/_internal/cv2/gapi/__init__.py:Double","Function:桌面人偶_Release/_internal/cv2/gapi/__init__.py:Double.__new__","HAS_METHOD",1,"",0
"File:桌面人偶_Release/_internal/cv2/gapi/__init__.py","Class:桌面人偶_Release/_internal/cv2/gapi/__init__.py:Float","DEFINES",1,"",0
"File:桌面人偶_Release/_internal/cv2/gapi/__init__.py","Function:桌面人偶_Release/_internal/cv2/gapi/__init__.py:Float.__new__","DEFINES",1,"",0
"Class:桌面人偶_Release/_internal/cv2/gapi/__init__.py:Float","Function:桌面人偶_Release/_internal/cv2/gapi/__init__.py:Float.__new__","HAS_METHOD",1,"",0
"File:桌面人偶_Release/_internal/cv2/gapi/__init__.py","Class:桌面人偶_Release/_internal/cv2/gapi/__init__.py:String","DEFINES",1,"",0
"File:桌面人偶_Release/_internal/cv2/gapi/__init__.py","Function:桌面人偶_Release/_internal/cv2/gapi/__init__.py:String.__new__","DEFINES",1,"",0
"Class:桌面人偶_Release/_internal/cv2/gapi/__init__.py:String","Function:桌面人偶_Release/_internal/cv2/gapi/__init__.py:String.__new__","HAS_METHOD",1,"",0
"File:桌面人偶_Release/_internal/cv2/gapi/__init__.py","Class:桌面人偶_Release/_internal/cv2/gapi/__init__.py:Point","DEFINES",1,"",0
"File:桌面人偶_Release/_internal/cv2/gapi/__init__.py","Function:桌面人偶_Release/_internal/cv2/gapi/__init__.py:Point.__new__","DEFINES",1,"",0
"Class:桌面人偶_Release/_internal/cv2/gapi/__init__.py:Point","Function:桌面人偶_Release/_internal/cv2/gapi/__init__.py:Point.__new__","HAS_METHOD",1,"",0
"File:桌面人偶_Release/_internal/cv2/gapi/__init__.py","Class:桌面人偶_Release/_internal/cv2/gapi/__init__.py:Point2f","DEFINES",1,"",0
"File:桌面人偶_Release/_internal/cv2/gapi/__init__.py","Function:桌面人偶_Release/_internal/cv2/gapi/__init__.py:Point2f.__new__","DEFINES",1,"",0
"Class:桌面人偶_Release/_internal/cv2/gapi/__init__.py:Point2f","Function:桌面人偶_Release/_internal/cv2/gapi/__init__.py:Point2f.__new__","HAS_METHOD",1,"",0
"File:桌面人偶_Release/_internal/cv2/gapi/__init__.py","Class:桌面人偶_Release/_internal/cv2/gapi/__init__.py:Point3f","DEFINES",1,"",0
"File:桌面人偶_Release/_internal/cv2/gapi/__init__.py","Function:桌面人偶_Release/_internal/cv2/gapi/__init__.py:Point3f.__new__","DEFINES",1,"",0
"Class:桌面人偶_Release/_internal/cv2/gapi/__init__.py:Point3f","Function:桌面人偶_Release/_internal/cv2/gapi/__init__.py:Point3f.__new__","HAS_METHOD",1,"",0
"File:桌面人偶_Release/_internal/cv2/gapi/__init__.py","Class:桌面人偶_Release/_internal/cv2/gapi/__init__.py:Size","DEFINES",1,"",0
"File:桌面人偶_Release/_internal/cv2/gapi/__init__.py","Function:桌面人偶_Release/_internal/cv2/gapi/__init__.py:Size.__new__","DEFINES",1,"",0
"Class:桌面人偶_Release/_internal/cv2/gapi/__init__.py:Size","Function:桌面人偶_Release/_internal/cv2/gapi/__init__.py:Size.__new__","HAS_METHOD",1,"",0
"File:桌面人偶_Release/_internal/cv2/gapi/__init__.py","Class:桌面人偶_Release/_internal/cv2/gapi/__init__.py:Rect","DEFINES",1,"",0
"File:桌面人偶_Release/_internal/cv2/gapi/__init__.py","Function:桌面人偶_Release/_internal/cv2/gapi/__init__.py:Rect.__new__","DEFINES",1,"",0
"Class:桌面人偶_Release/_internal/cv2/gapi/__init__.py:Rect","Function:桌面人偶_Release/_internal/cv2/gapi/__init__.py:Rect.__new__","HAS_METHOD",1,"",0
"File:桌面人偶_Release/_internal/cv2/gapi/__init__.py","Class:桌面人偶_Release/_internal/cv2/gapi/__init__.py:Prim","DEFINES",1,"",0
"File:桌面人偶_Release/_internal/cv2/gapi/__init__.py","Function:桌面人偶_Release/_internal/cv2/gapi/__init__.py:Prim.__new__","DEFINES",1,"",0
"Class:桌面人偶_Release/_internal/cv2/gapi/__init__.py:Prim","Function:桌面人偶_Release/_internal/cv2/gapi/__init__.py:Prim.__new__","HAS_METHOD",1,"",0
"File:桌面人偶_Release/_internal/cv2/gapi/__init__.py","Class:桌面人偶_Release/_internal/cv2/gapi/__init__.py:Any","DEFINES",1,"",0
"File:桌面人偶_Release/_internal/cv2/gapi/__init__.py","Function:桌面人偶_Release/_internal/cv2/gapi/__init__.py:Any.__new__","DEFINES",1,"",0
"Class:桌面人偶_Release/_internal/cv2/gapi/__init__.py:Any","Function:桌面人偶_Release/_internal/cv2/gapi/__init__.py:Any.__new__","HAS_METHOD",1,"",0
"File:桌面人偶_Release/_internal/cv2/gapi/__init__.py","Class:桌面人偶_Release/_internal/cv2/gapi/__init__.py:GArray","DEFINES",1,"",0
"File:桌面人偶_Release/_internal/cv2/gapi/__init__.py","Function:桌面人偶_Release/_internal/cv2/gapi/__init__.py:GArray.__new__","DEFINES",1,"",0
"Class:桌面人偶_Release/_internal/cv2/gapi/__init__.py:GArray","Function:桌面人偶_Release/_internal/cv2/gapi/__init__.py:GArray.__new__","HAS_METHOD",1,"",0
"File:桌面人偶_Release/_internal/cv2/gapi/__init__.py","Class:桌面人偶_Release/_internal/cv2/gapi/__init__.py:Scalar","DEFINES",1,"",0
"File:桌面人偶_Release/_internal/cv2/gapi/__init__.py","Function:桌面人偶_Release/_internal/cv2/gapi/__init__.py:Scalar.__new__","DEFINES",1,"",0
"Class:桌面人偶_Release/_internal/cv2/gapi/__init__.py:Scalar","Function:桌面人偶_Release/_internal/cv2/gapi/__init__.py:Scalar.__new__","HAS_METHOD",1,"",0
"File:桌面人偶_Release/_internal/cv2/gapi/__init__.py","Class:桌面人偶_Release/_internal/cv2/gapi/__init__.py:Mat","DEFINES",1,"",0
"File:桌面人偶_Release/_internal/cv2/gapi/__init__.py","Function:桌面人偶_Release/_internal/cv2/gapi/__init__.py:Mat.__new__","DEFINES",1,"",0
"Class:桌面人偶_Release/_internal/cv2/gapi/__init__.py:Mat","Function:桌面人偶_Release/_internal/cv2/gapi/__init__.py:Mat.__new__","HAS_METHOD",1,"",0
"File:桌面人偶_Release/_internal/cv2/gapi/__init__.py","Class:桌面人偶_Release/_internal/cv2/gapi/__init__.py:GMat","DEFINES",1,"",0
"File:桌面人偶_Release/_internal/cv2/gapi/__init__.py","Function:桌面人偶_Release/_internal/cv2/gapi/__init__.py:GMat.__new__","DEFINES",1,"",0
"Class:桌面人偶_Release/_internal/cv2/gapi/__init__.py:GMat","Function:桌面人偶_Release/_internal/cv2/gapi/__init__.py:GMat.__new__","HAS_METHOD",1,"",0
"File:桌面人偶_Release/_internal/cv2/gapi/__init__.py","Function:桌面人偶_Release/_internal/cv2/gapi/__init__.py:op","DEFINES",1,"",0
"File:桌面人偶_Release/_internal/cv2/gapi/__init__.py","Variable:桌面人偶_Release/_internal/cv2/gapi/__init__.py:garray_types","DEFINES",1,"",0
"File:桌面人偶_Release/_internal/cv2/gapi/__init__.py","Variable:桌面人偶_Release/_internal/cv2/gapi/__init__.py:gopaque_types","DEFINES",1,"",0
"File:桌面人偶_Release/_internal/cv2/gapi/__init__.py","Variable:桌面人偶_Release/_internal/cv2/gapi/__init__.py:type2str","DEFINES",1,"",0
"File:桌面人偶_Release/_internal/cv2/gapi/__init__.py","Function:桌面人偶_Release/_internal/cv2/gapi/__init__.py:op_with_params","DEFINES",1,"",0
"File:桌面人偶_Release/_internal/cv2/gapi/__init__.py","Function:桌面人偶_Release/_internal/cv2/gapi/__init__.py:on","DEFINES",1,"",0
"File:桌面人偶_Release/_internal/cv2/gapi/__init__.py","Variable:桌面人偶_Release/_internal/cv2/gapi/__init__.py:op","DEFINES",1,"",0
"File:桌面人偶_Release/_internal/cv2/gapi/__init__.py","Variable:桌面人偶_Release/_internal/cv2/gapi/__init__.py:out_protos","DEFINES",1,"",0
"File:桌面人偶_Release/_internal/cv2/gapi/__init__.py","Function:桌面人偶_Release/_internal/cv2/gapi/__init__.py:kernel","DEFINES",1,"",0
"File:桌面人偶_Release/_internal/cv2/gapi/__init__.py","Function:桌面人偶_Release/_internal/cv2/gapi/__init__.py:kernel_with_params","DEFINES",1,"",0
"File:桌面人偶_Release/_internal/cv2/data/__init__.py","Variable:桌面人偶_Release/_internal/cv2/data/__init__.py:haarcascades","DEFINES",1,"",0
"File:桌面人偶_Release/_internal/cv2/mat_wrapper/__init__.py","Variable:桌面人偶_Release/_internal/cv2/mat_wrapper/__init__.py:__all__","DEFINES",1,"",0
"File:桌面人偶_Release/_internal/cv2/mat_wrapper/__init__.py","Variable:桌面人偶_Release/_internal/cv2/mat_wrapper/__init__.py:_NumPyArrayNumeric","DEFINES",1,"",0
"File:桌面人偶_Release/_internal/cv2/mat_wrapper/__init__.py","Class:桌面人偶_Release/_internal/cv2/mat_wrapper/__init__.py:Mat","DEFINES",1,"",0
"File:桌面人偶_Release/_internal/cv2/mat_wrapper/__init__.py","Function:桌面人偶_Release/_internal/cv2/mat_wrapper/__init__.py:Mat.__new__","DEFINES",1,"",0
"Class:桌面人偶_Release/_internal/cv2/mat_wrapper/__init__.py:Mat","Function:桌面人偶_Release/_internal/cv2/mat_wrapper/__init__.py:Mat.__new__","HAS_METHOD",1,"",0
"File:桌面人偶_Release/_internal/cv2/mat_wrapper/__init__.py","Variable:桌面人偶_Release/_internal/cv2/mat_wrapper/__init__.py:obj","DEFINES",1,"",0
"File:桌面人偶_Release/_internal/cv2/mat_wrapper/__init__.py","Function:桌面人偶_Release/_internal/cv2/mat_wrapper/__init__.py:Mat.__init__","DEFINES",1,"",0
"Class:桌面人偶_Release/_internal/cv2/mat_wrapper/__init__.py:Mat","Function:桌面人偶_Release/_internal/cv2/mat_wrapper/__init__.py:Mat.__init__","HAS_METHOD",1,"",0
"File:桌面人偶_Release/_internal/cv2/mat_wrapper/__init__.py","Function:桌面人偶_Release/_internal/cv2/mat_wrapper/__init__.py:Mat.__array_finalize__","DEFINES",1,"",0
"Class:桌面人偶_Release/_internal/cv2/mat_wrapper/__init__.py:Mat","Function:桌面人偶_Release/_internal/cv2/mat_wrapper/__init__.py:Mat.__array_finalize__","HAS_METHOD",1,"",0
"Class:ui/sub_ball.py:SubBall","Class:QWidget","EXTENDS",0.689202437604511,"",0
"Class:ui/settings.py:HotkeyLineEdit","Class:QLineEdit","EXTENDS",0.689202437604511,"",0
"Class:ui/settings.py:HotkeyRow","Class:QWidget","EXTENDS",0.689202437604511,"",0
"Class:ui/settings.py:SettingsDialog","Class:QDialog","EXTENDS",0.689202437604511,"",0
"Class:ui/search_box.py:SearchBoxPanel","Class:QWidget","EXTENDS",0.689202437604511,"",0
"Class:ui/screenshot_mask.py:ScreenshotMask","Class:QWidget","EXTENDS",0.689202437604511,"",0
"Class:ui/recording_border.py:RecordingBorder","Class:QWidget","EXTENDS",0.689202437604511,"",0
"Class:ui/recent_panel.py:RecentListWidget","Class:QListWidget","EXTENDS",0.689202437604511,"",0
"Class:ui/recent_panel.py:RecentItemWidget","Class:QWidget","EXTENDS",0.689202437604511,"",0
"Class:ui/recent_panel.py:RecentPanel","Class:QWidget","EXTENDS",0.689202437604511,"",0
"Class:ui/recent_dialogs.py:ExcludedExtensionsDialog","Class:QDialog","EXTENDS",0.689202437604511,"",0
"Class:ui/recent_dialogs.py:ExtensionFilterDialog","Class:QDialog","EXTENDS",0.689202437604511,"",0
"Class:ui/panel.py:PinnedImageDialog","Class:QWidget","EXTENDS",0.689202437604511,"",0
"Class:ui/panel.py:DetailsDialog","Class:QDialog","EXTENDS",0.689202437604511,"",0
"Class:ui/panel.py:ClipboardItemWidget","Class:QWidget","EXTENDS",0.689202437604511,"",0
"Class:ui/panel.py:ClipboardListWidget","Class:QListWidget","EXTENDS",0.689202437604511,"",0
"Class:ui/panel.py:Panel","Class:QWidget","EXTENDS",0.689202437604511,"",0
"Class:ui/notebook.py:NotebookPanel","Class:QWidget","EXTENDS",0.689202437604511,"",0
"Class:ui/floating_ball.py:FloatingBall","Class:QWidget","EXTENDS",0.689202437604511,"",0
"Class:system/tray.py:TrayIcon","Class:QObject","EXTENDS",0.689202437604511,"",0
"Class:core/screen_recorder.py:ScreenRecorderThread","Class:QThread","EXTENDS",0.689202437604511,"",0
"Class:core/recent.py:RecentManager","Class:QObject","EXTENDS",0.689202437604511,"",0
"Class:core/notebook.py:NotebookManager","Class:QObject","EXTENDS",0.689202437604511,"",0
"Class:core/hotkey.py:HotkeyManager","Class:QObject","EXTENDS",0.689202437604511,"",0
"Class:core/clipboard.py:ClipboardManager","Class:QObject","EXTENDS",0.689202437604511,"",0
"Class:桌面人偶_简洁版_Release/_internal/cv2/mat_wrapper/__init__.py:Mat","Variable:桌面人偶_简洁版_Release/_internal/cv2/mat_wrapper/__init__.py:_NumPyArrayNumeric","EXTENDS",0.95,"",0
"Class:桌面人偶_Release/_internal/cv2/mat_wrapper/__init__.py:Mat","Variable:桌面人偶_Release/_internal/cv2/mat_wrapper/__init__.py:_NumPyArrayNumeric","EXTENDS",0.95,"",0
"Function:ui/sub_ball.py:SubBall.__init__","Function:ui/sub_ball.py:SubBall.init_ui","CALLS",0.85,"global",0
"Function:ui/sub_ball.py:SubBall.reset_position","Function:ui/sub_ball.py:SubBall.update_position_from_main","CALLS",0.85,"global",0
"Function:ui/sub_ball.py:SubBall.mouseMoveEvent","Function:ui/sub_ball.py:SubBall._resolve_overlap","CALLS",0.85,"global",0
"Function:ui/sub_ball.py:SubBall.mouseMoveEvent","Function:ui/sub_ball.py:SubBall.update_position_from_main","CALLS",0.85,"global",0
"Function:ui/search_box.py:SearchBoxPanel.__init__","Function:ui/search_box.py:SearchBoxPanel.init_ui","CALLS",0.85,"global",0
"Function:ui/search_box.py:SearchBoxPanel.toggle_visibility","Function:ui/search_box.py:SearchBoxPanel.update_position","CALLS",0.85,"global",0
"Function:ui/screenshot_mask.py:ScreenshotMask.__init__","Function:ui/screenshot_mask.py:ScreenshotMask._get_total_geometry","CALLS",0.85,"global",0
"Function:ui/screenshot_mask.py:ScreenshotMask._logical_point_to_physical","Function:ui/screenshot_mask.py:ScreenshotMask._screen_for_logical_point","CALLS",0.85,"global",0
"Function:ui/screenshot_mask.py:ScreenshotMask._physical_rect_to_logical","Function:ui/screenshot_mask.py:ScreenshotMask._screen_for_physical_point","CALLS",0.85,"global",0
"Function:ui/screenshot_mask.py:ScreenshotMask._logical_rect_to_physical","Function:ui/screenshot_mask.py:ScreenshotMask._screen_for_logical_point","CALLS",0.85,"global",0
"Function:ui/screenshot_mask.py:ScreenshotMask.find_best_rect","Function:ui/screenshot_mask.py:ScreenshotMask._logical_point_to_physical","CALLS",0.85,"global",0
"Function:ui/screenshot_mask.py:ScreenshotMask.mousePressEvent","Function:ui/screenshot_mask.py:ScreenshotMask.close_mask","CALLS",0.85,"global",0
"Function:ui/screenshot_mask.py:ScreenshotMask.mouseMoveEvent","Function:ui/screenshot_mask.py:ScreenshotMask.find_best_rect","CALLS",0.85,"global",0
"Function:ui/screenshot_mask.py:ScreenshotMask.mouseMoveEvent","Function:ui/screenshot_mask.py:ScreenshotMask._physical_rect_to_logical","CALLS",0.85,"global",0
"Function:ui/screenshot_mask.py:ScreenshotMask.mouseReleaseEvent","Function:ui/screenshot_mask.py:ScreenshotMask.capture_rect","CALLS",0.85,"global",0
"Function:ui/screenshot_mask.py:ScreenshotMask.mouseReleaseEvent","Function:ui/screenshot_mask.py:ScreenshotMask._logical_rect_to_physical","CALLS",0.85,"global",0
"Function:ui/screenshot_mask.py:ScreenshotMask.mouseReleaseEvent","Function:ui/screenshot_mask.py:ScreenshotMask.capture_rect","CALLS",0.85,"global",0
"Function:ui/screenshot_mask.py:ScreenshotMask.mouseReleaseEvent","Function:ui/screenshot_mask.py:ScreenshotMask.close_mask","CALLS",0.85,"global",0
"Function:ui/screenshot_mask.py:ScreenshotMask.keyPressEvent","Function:ui/screenshot_mask.py:ScreenshotMask.close_mask","CALLS",0.85,"global",0
"Function:ui/screenshot_mask.py:ScreenshotMask.capture_rect","Function:ui/screenshot_mask.py:ScreenshotMask.close_mask","CALLS",0.85,"global",0
"Function:ui/screenshot_mask.py:ScreenshotMask.capture_rect","Function:ui/screenshot_mask.py:ScreenshotMask.close_mask","CALLS",0.85,"global",0
"Function:ui/screenshot_mask.py:ScreenshotMask.capture_rect","Function:ui/screenshot_mask.py:ScreenshotMask._do_capture","CALLS",0.85,"global",0
"Function:ui/recent_panel.py:RecentListWidget.dropEvent","Variable:ui/recent_panel.py:item","CALLS",0.85,"global",0
"Function:ui/recent_panel.py:RecentPanel.__init__","Function:ui/recent_panel.py:RecentPanel.init_ui","CALLS",0.85,"global",0
"Function:ui/recent_panel.py:RecentPanel.set_visibility_dict","Function:ui/recent_panel.py:RecentPanel._apply_filter","CALLS",0.85,"global",0
"Function:ui/recent_panel.py:RecentPanel._on_excluded_clicked","Function:ui/recent_dialogs.py:ExcludedExtensionsDialog.get_excluded_extensions","CALLS",0.85,"import-resolved",0
"Function:ui/recent_panel.py:RecentPanel._on_filter_clicked","Function:ui/recent_dialogs.py:ExtensionFilterDialog.get_visibility_dict","CALLS",0.85,"import-resolved",0
"Function:ui/recent_panel.py:RecentPanel._on_filter_clicked","Function:ui/recent_panel.py:RecentPanel._apply_filter","CALLS",0.85,"global",0
"Function:ui/recent_panel.py:RecentPanel.update_items","Function:ui/recent_panel.py:RecentPanel._apply_filter","CALLS",0.85,"global",0
"Function:ui/recent_panel.py:RecentPanel.toggle_visibility","Function:ui/recent_panel.py:RecentPanel.update_position","CALLS",0.85,"global",0
"Function:ui/recent_dialogs.py:ExcludedExtensionsDialog.__init__","Function:ui/recent_dialogs.py:ExcludedExtensionsDialog._refresh_list","CALLS",0.85,"global",0
"Function:ui/recent_dialogs.py:ExcludedExtensionsDialog._toggle_select_all","Function:ui/recent_dialogs.py:ExcludedExtensionsDialog._refresh_list","CALLS",0.85,"global",0
"Function:ui/recent_dialogs.py:ExcludedExtensionsDialog._add_ext","Function:ui/recent_dialogs.py:ExcludedExtensionsDialog._normalize_ext","CALLS",0.85,"global",0
"Function:ui/recent_dialogs.py:ExcludedExtensionsDialog._add_ext","Function:ui/recent_dialogs.py:ExcludedExtensionsDialog._refresh_list","CALLS",0.85,"global",0
"Function:ui/recent_dialogs.py:ExcludedExtensionsDialog._remove_ext","Function:ui/recent_dialogs.py:ExcludedExtensionsDialog._refresh_list","CALLS",0.85,"global",0
"Function:ui/recent_dialogs.py:ExcludedExtensionsDialog._refresh_list","Function:ui/recent_dialogs.py:ExcludedExtensionsDialog._on_checkbox_toggled","CALLS",0.85,"global",0
"Function:ui/recent_dialogs.py:ExcludedExtensionsDialog._refresh_list","Function:ui/recent_dialogs.py:ExcludedExtensionsDialog._remove_ext","CALLS",0.85,"global",0
"Function:ui/panel.py:ClipboardListWidget.dropEvent","Variable:ui/panel.py:item","CALLS",0.85,"global",0
"Function:ui/panel.py:Panel.__init__","Function:ui/panel.py:Panel.init_ui","CALLS",0.85,"global",0
"Function:ui/panel.py:Panel.update_history","Function:ui/panel.py:Panel._sync_open_image_dialogs","CALLS",0.85,"global",0
"Function:ui/panel.py:Panel.update_history","Function:ui/panel.py:Panel._apply_filter","CALLS",0.85,"global",0
"Function:ui/panel.py:Panel.toggle_visibility","Function:ui/panel.py:Panel.update_position","CALLS",0.85,"global",0
"Function:ui/notebook.py:NotebookPanel.__init__","Function:ui/notebook.py:NotebookPanel.init_ui","CALLS",0.85,"global",0
"Function:ui/notebook.py:NotebookPanel.toggle_visibility","Function:ui/notebook.py:NotebookPanel.update_position","CALLS",0.85,"global",0
"Function:ui/floating_ball.py:FloatingBall.__init__","Function:ui/floating_ball.py:FloatingBall.init_ui","CALLS",0.85,"global",0
"Function:ui/floating_ball.py:FloatingBall.mouseMoveEvent","Variable:ui/floating_ball.py:x","CALLS",0.85,"global",0
"Function:ui/floating_ball.py:FloatingBall.mouseMoveEvent","Variable:ui/floating_ball.py:y","CALLS",0.85,"global",0
"Variable:ui/floating_ball.py:app","Function:ui/floating_ball.py:FloatingBall.move_to_bottom_right","CALLS",0.85,"global",0
"Function:system/tray.py:TrayIcon.__init__","Function:system/tray.py:TrayIcon._create_dummy_icon","CALLS",0.85,"global",0
"Function:core/recent.py:RecentManager.__init__","Function:core/recent.py:RecentManager._load_history","CALLS",0.85,"global",0
"Function:core/recent.py:RecentManager.set_tracking_enabled","Function:core/recent.py:RecentManager.tick_scan","CALLS",0.85,"global",0
"Function:core/recent.py:RecentManager.set_excluded_extensions","Function:core/recent.py:RecentManager._normalize_ext","CALLS",0.85,"global",0
"Function:core/recent.py:RecentManager.set_excluded_extensions","Function:core/recent.py:RecentManager._normalize_ext","CALLS",0.85,"global",0
"Function:core/recent.py:RecentManager.set_excluded_extensions","Function:core/recent.py:RecentManager._purge_excluded","CALLS",0.85,"global",0
"Function:core/recent.py:RecentManager._purge_excluded","Function:core/recent.py:RecentManager._save_history","CALLS",0.85,"global",0
"Function:core/recent.py:RecentManager.tick_scan","Function:core/recent.py:RecentManager._normalize_ext","CALLS",0.85,"global",0
"Function:core/recent.py:RecentManager.tick_scan","Function:core/recent.py:RecentManager._save_history","CALLS",0.85,"global",0
"Function:core/recent.py:RecentManager.clean_missing_files","Function:core/recent.py:RecentManager._save_history","CALLS",0.85,"global",0
"Function:core/recent.py:RecentManager.clear_history","Function:core/recent.py:RecentManager._save_history","CALLS",0.85,"global",0
"Function:core/recent.py:RecentManager.remove_item","Function:core/recent.py:RecentManager._save_history","CALLS",0.85,"global",0
"Function:core/recent.py:RecentManager.set_history","Function:core/recent.py:RecentManager._save_history","CALLS",0.85,"global",0
"Function:core/recent.py:RecentManager.get_items","Function:core/recent.py:RecentManager.clean_missing_files","CALLS",0.85,"global",0
"Function:core/notebook.py:NotebookManager.__init__","Function:core/notebook.py:NotebookManager.load_content","CALLS",0.85,"global",0
"Function:core/hotkey.py:HotkeyManager.__init__","Function:core/hotkey.py:HotkeyManager.register_hotkey","CALLS",0.85,"global",0
"Function:core/hotkey.py:HotkeyManager.update_hotkey","Function:core/hotkey.py:HotkeyManager.register_hotkey","CALLS",0.85,"global",0
"Function:core/clipboard.py:ClipboardManager.__init__","Function:core/clipboard.py:ClipboardManager._load_history","CALLS",0.85,"global",0
"Function:core/clipboard.py:ClipboardManager._load_history","Function:core/clipboard.py:ClipboardManager._dedupe_history","CALLS",0.85,"global",0
"Function:core/clipboard.py:ClipboardManager._load_history","Function:core/clipboard.py:ClipboardManager._normalize_history","CALLS",0.85,"global",0
"Function:core/clipboard.py:ClipboardManager._dedupe_history","Function:core/clipboard.py:ClipboardManager._normalize_text_key","CALLS",0.85,"global",0
"Function:core/clipboard.py:ClipboardManager._process_clipboard","Function:core/clipboard.py:ClipboardManager.add_image_item","CALLS",0.85,"global",0
"Function:core/clipboard.py:ClipboardManager._process_clipboard","Function:core/clipboard.py:ClipboardManager._normalize_text_key","CALLS",0.85,"global",0
"Function:core/clipboard.py:ClipboardManager._process_clipboard","Function:core/clipboard.py:ClipboardManager.add_text_item","CALLS",0.85,"global",0
"Function:core/clipboard.py:ClipboardManager._make_image_item","Function:core/clipboard.py:ClipboardManager._manage_image_cache","CALLS",0.85,"global",0
"Function:core/clipboard.py:ClipboardManager.add_text_item","Function:core/clipboard.py:ClipboardManager._normalize_text_key","CALLS",0.85,"global",0
"Function:core/clipboard.py:ClipboardManager.add_text_item","Function:core/clipboard.py:ClipboardManager._item_key","CALLS",0.85,"global",0
"Function:core/clipboard.py:ClipboardManager.add_text_item","Function:core/clipboard.py:ClipboardManager._make_text_item","CALLS",0.85,"global",0
"Function:core/clipboard.py:ClipboardManager.add_text_item","Function:core/clipboard.py:ClipboardManager._trim_history","CALLS",0.85,"global",0
"Function:core/clipboard.py:ClipboardManager.add_text_item","Function:core/clipboard.py:ClipboardManager._save_history","CALLS",0.85,"global",0
"Function:core/clipboard.py:ClipboardManager.add_image_item","Function:core/clipboard.py:ClipboardManager._make_image_item","CALLS",0.85,"global",0
"Function:core/clipboard.py:ClipboardManager.add_image_item","Function:core/clipboard.py:ClipboardManager._item_key","CALLS",0.85,"global",0
"Function:core/clipboard.py:ClipboardManager.add_image_item","Function:core/clipboard.py:ClipboardManager._item_key","CALLS",0.85,"global",0
"Function:core/clipboard.py:ClipboardManager.add_image_item","Function:core/clipboard.py:ClipboardManager._trim_history","CALLS",0.85,"global",0
"Function:core/clipboard.py:ClipboardManager.add_image_item","Function:core/clipboard.py:ClipboardManager._save_history","CALLS",0.85,"global",0
"Function:core/clipboard.py:ClipboardManager.remove_item","Function:core/clipboard.py:ClipboardManager._make_text_item","CALLS",0.85,"global",0
"Function:core/clipboard.py:ClipboardManager.remove_item","Function:core/clipboard.py:ClipboardManager._item_key","CALLS",0.85,"global",0
"Function:core/clipboard.py:ClipboardManager.remove_item","Function:core/clipboard.py:ClipboardManager._item_key","CALLS",0.85,"global",0
"Function:core/clipboard.py:ClipboardManager.remove_item","Function:core/clipboard.py:ClipboardManager._save_history","CALLS",0.85,"global",0
"Function:core/clipboard.py:ClipboardManager.clear_history","Function:core/clipboard.py:ClipboardManager._save_history","CALLS",0.85,"global",0
"Function:core/clipboard.py:ClipboardManager.set_history","Function:core/clipboard.py:ClipboardManager._dedupe_history","CALLS",0.85,"global",0
"Function:core/clipboard.py:ClipboardManager.set_history","Function:core/clipboard.py:ClipboardManager._normalize_history","CALLS",0.85,"global",0
"Function:core/clipboard.py:ClipboardManager.set_history","Function:core/clipboard.py:ClipboardManager._save_history","CALLS",0.85,"global",0
"Function:core/clipboard.py:ClipboardManager.get_history","Function:core/clipboard.py:ClipboardManager.clean_missing_files","CALLS",0.85,"global",0
"Function:core/clipboard.py:ClipboardManager.clean_missing_files","Function:core/clipboard.py:ClipboardManager._save_history","CALLS",0.85,"global",0
"Function:core/clipboard.py:ClipboardManager.copy_to_clipboard","Function:core/clipboard.py:ClipboardManager.remove_item","CALLS",0.85,"global",0
"Variable:utils/path_helper.py:CONFIG_FILE","Function:utils/path_helper.py:get_base_dir","CALLS",0.85,"local-call",0
"Variable:utils/config.py:CONFIG_FILE","Function:utils/path_helper.py:get_base_dir","CALLS",0.85,"import-resolved",0
"Function:utils/config.py:load_hotkeys","Function:utils/config.py:load_config","CALLS",0.85,"local-call",0
"Function:utils/config.py:load_options","Function:utils/config.py:load_config","CALLS",0.85,"local-call",0
"Function:utils/config.py:save_hotkeys","Function:utils/config.py:load_config","CALLS",0.85,"local-call",0
"Function:utils/config.py:save_hotkeys","Function:utils/config.py:save_config","CALLS",0.85,"local-call",0
"Function:utils/config.py:save_option","Function:utils/config.py:load_config","CALLS",0.85,"local-call",0
"Function:utils/config.py:save_option","Function:utils/config.py:save_config","CALLS",0.85,"local-call",0
"Function:ui/screenshot_mask.py:ScreenshotMask.__init__","Function:core/screenshot.py:get_all_visible_rects","CALLS",0.85,"import-resolved",0
"Function:ui/screenshot_mask.py:ScreenshotMask.find_best_rect","Function:core/screenshot.py:get_uia_rect_at","CALLS",0.85,"import-resolved",0
"Function:core/windows_recent.py:list_recent_lnk_files","Function:core/windows_recent.py:get_recent_dir","CALLS",0.85,"local-call",0
"Function:core/screenshot.py:callback","Function:core/screenshot.py:is_window_valid","CALLS",0.85,"local-call",0
"Function:core/screenshot.py:child_callback","Function:core/screenshot.py:is_window_valid","CALLS",0.85,"local-call",0
"Function:core/screenshot.py:child_callback","Function:core/screenshot.py:get_accurate_window_rect","CALLS",0.85,"local-call",0
"Function:core/screenshot.py:callback","Function:core/screenshot.py:get_accurate_window_rect","CALLS",0.85,"local-call",0
"Variable:core/recent.py:HISTORY_FILE","Function:utils/path_helper.py:get_base_dir","CALLS",0.85,"import-resolved",0
"Function:core/recent.py:RecentManager.__init__","Function:core/windows_recent.py:ensure_windows_recent_tracking_enabled","CALLS",0.85,"import-resolved",0
"Function:core/recent.py:RecentManager.tick_scan","Function:core/windows_recent.py:list_recent_lnk_files","CALLS",0.85,"import-resolved",0
"Function:core/recent.py:RecentManager.tick_scan","Function:core/windows_recent.py:resolve_lnk_target","CALLS",0.85,"import-resolved",0
"Function:core/recent.py:RecentManager.tick_scan","Function:core/windows_recent.py:is_directory_target","CALLS",0.85,"import-resolved",0
"Function:core/hotkey.py:HotkeyManager.cb","Function:core/screenshot.py:get_all_visible_rects","CALLS",0.85,"import-resolved",0
"Variable:core/clipboard.py:HISTORY_FILE","Function:utils/path_helper.py:get_base_dir","CALLS",0.85,"import-resolved",0
"Function:core/clipboard.py:ClipboardManager._make_image_item","Function:utils/path_helper.py:get_base_dir","CALLS",0.85,"import-resolved",0
"Function:桌面人偶_简洁版_Release/_internal/cv2/__init__.py:bootstrap","Function:桌面人偶_简洁版_Release/_internal/cv2/__init__.py:load_first_config","CALLS",0.85,"local-call",0
"Function:桌面人偶_简洁版_Release/_internal/cv2/__init__.py:bootstrap","Function:桌面人偶_简洁版_Release/_internal/cv2/__init__.py:__collect_extra_submodules","CALLS",0.85,"local-call",0
"Function:桌面人偶_简洁版_Release/_internal/cv2/__init__.py:bootstrap","Function:桌面人偶_简洁版_Release/_internal/cv2/__init__.py:__load_extra_py_code_for_module","CALLS",0.85,"local-call",0
"Variable:桌面人偶_简洁版_Release/_internal/cv2/__init__.py:__all__","Function:桌面人偶_简洁版_Release/_internal/cv2/__init__.py:bootstrap","CALLS",0.85,"local-call",0
"Function:桌面人偶_Release/_internal/cv2/__init__.py:bootstrap","Function:桌面人偶_Release/_internal/cv2/__init__.py:load_first_config","CALLS",0.85,"local-call",0
"Function:桌面人偶_Release/_internal/cv2/__init__.py:bootstrap","Function:桌面人偶_Release/_internal/cv2/__init__.py:__collect_extra_submodules","CALLS",0.85,"local-call",0
"Function:桌面人偶_Release/_internal/cv2/__init__.py:bootstrap","Function:桌面人偶_Release/_internal/cv2/__init__.py:__load_extra_py_code_for_module","CALLS",0.85,"local-call",0
"Variable:桌面人偶_Release/_internal/cv2/__init__.py:__all__","Function:桌面人偶_Release/_internal/cv2/__init__.py:bootstrap","CALLS",0.85,"local-call",0
"Variable:桌面人偶_简洁版_Release/_internal/cv2/gapi/__init__.py:__all__","Function:桌面人偶_简洁版_Release/_internal/cv2/gapi/__init__.py:register","CALLS",0.85,"local-call",0
"Variable:桌面人偶_Release/_internal/cv2/gapi/__init__.py:__all__","Function:桌面人偶_Release/_internal/cv2/gapi/__init__.py:register","CALLS",0.85,"local-call",0
"Function:ui/sub_ball.py:SubBall.__init__","Function:ui/sub_ball.py:SubBall.__init__","CALLS",0.53,"scope-resolution: call",0
"Function:ui/sub_ball.py:SubBall.enterEvent","Function:ui/sub_ball.py:SubBall.enterEvent","CALLS",0.53,"scope-resolution: call",0
"Function:ui/sub_ball.py:SubBall.leaveEvent","Function:ui/sub_ball.py:SubBall.leaveEvent","CALLS",0.53,"scope-resolution: call",0
"Function:ui/sub_ball.py:SubBall._resolve_overlap","Function:ui/sub_ball.py:SubBall.update_position_from_main","CALLS",0.53,"scope-resolution: call",0
"Function:ui/sub_ball.py:SubBall._resolve_overlap","Function:ui/sub_ball.py:SubBall._resolve_overlap","CALLS",0.53,"scope-resolution: call",0
"Function:ui/search_box.py:SearchBoxPanel.__init__","Function:ui/search_box.py:SearchBoxPanel.__init__","CALLS",0.53,"scope-resolution: call",0
"Function:ui/search_box.py:SearchBoxPanel.keyPressEvent","Function:ui/search_box.py:SearchBoxPanel.keyPressEvent","CALLS",0.53,"scope-resolution: call",0
"Function:ui/screenshot_mask.py:ScreenshotMask.__init__","Function:ui/screenshot_mask.py:ScreenshotMask.__init__","CALLS",0.53,"scope-resolution: call",0
"Function:ui/screenshot_mask.py:ScreenshotMask.showEvent","Function:ui/screenshot_mask.py:ScreenshotMask.showEvent","CALLS",0.53,"scope-resolution: call",0
"Function:ui/recording_border.py:RecordingBorder.__init__","Function:ui/recording_border.py:RecordingBorder.__init__","CALLS",0.53,"scope-resolution: call",0
"Function:ui/recent_panel.py:RecentListWidget.__init__","Function:ui/recent_panel.py:RecentListWidget.__init__","CALLS",0.53,"scope-resolution: call",0
"Function:ui/recent_panel.py:RecentListWidget.dropEvent","Function:ui/recent_panel.py:RecentListWidget.dropEvent","CALLS",0.53,"scope-resolution: call",0
"Function:ui/recent_panel.py:RecentListWidget.mousePressEvent","Function:ui/recent_panel.py:RecentListWidget.mousePressEvent","CALLS",0.53,"scope-resolution: call",0
"Function:ui/recent_panel.py:RecentItemWidget.__init__","Function:ui/recent_panel.py:RecentItemWidget.__init__","CALLS",0.53,"scope-resolution: call",0
"Function:ui/recent_panel.py:RecentPanel.__init__","Function:ui/recent_panel.py:RecentPanel.__init__","CALLS",0.53,"scope-resolution: call",0
"Function:ui/recent_dialogs.py:ExcludedExtensionsDialog.__init__","Function:ui/recent_dialogs.py:ExcludedExtensionsDialog.__init__","CALLS",0.53,"scope-resolution: call",0
"Function:ui/recent_dialogs.py:ExtensionFilterDialog.__init__","Function:ui/recent_dialogs.py:ExtensionFilterDialog.__init__","CALLS",0.53,"scope-resolution: call",0
"Function:ui/recent_dialogs.py:ExtensionFilterDialog.accept","Function:ui/recent_dialogs.py:ExtensionFilterDialog.accept","CALLS",0.53,"scope-resolution: call",0
"Function:ui/panel.py:PinnedImageDialog.__init__","Function:ui/panel.py:PinnedImageDialog.__init__","CALLS",0.53,"scope-resolution: call",0
"Function:ui/panel.py:DetailsDialog.__init__","Function:ui/panel.py:DetailsDialog.__init__","CALLS",0.53,"scope-resolution: call",0
"Function:ui/panel.py:ClipboardItemWidget.__init__","Function:ui/panel.py:ClipboardItemWidget.__init__","CALLS",0.53,"scope-resolution: call",0
"Function:ui/panel.py:ClipboardItemWidget.enterEvent","Function:ui/panel.py:ClipboardItemWidget.enterEvent","CALLS",0.53,"scope-resolution: call",0
"Function:ui/panel.py:ClipboardItemWidget.leaveEvent","Function:ui/panel.py:ClipboardItemWidget.leaveEvent","CALLS",0.53,"scope-resolution: call",0
"Function:ui/panel.py:ClipboardListWidget.__init__","Function:ui/panel.py:ClipboardListWidget.__init__","CALLS",0.53,"scope-resolution: call",0
"Function:ui/panel.py:ClipboardListWidget.dropEvent","Function:ui/panel.py:ClipboardListWidget.dropEvent","CALLS",0.53,"scope-resolution: call",0
"Function:ui/panel.py:ClipboardListWidget.mousePressEvent","Function:ui/panel.py:ClipboardListWidget.mousePressEvent","CALLS",0.53,"scope-resolution: call",0
"Function:ui/panel.py:Panel.__init__","Function:ui/panel.py:Panel.__init__","CALLS",0.53,"scope-resolution: call",0
"Function:ui/panel.py:Panel._on_item_viewed","Variable:ui/panel.py:item_data","ACCESSES",0.7,"scope-resolution: write",0
"Function:ui/notebook.py:NotebookPanel.__init__","Function:ui/notebook.py:NotebookPanel.__init__","CALLS",0.53,"scope-resolution: call",0
"Function:ui/notebook.py:NotebookPanel.keyPressEvent","Function:ui/notebook.py:NotebookPanel.keyPressEvent","CALLS",0.53,"scope-resolution: call",0
"Function:ui/floating_ball.py:FloatingBall.__init__","Function:ui/floating_ball.py:FloatingBall.__init__","CALLS",0.53,"scope-resolution: call",0
"Function:system/tray.py:TrayIcon.__init__","Function:system/tray.py:TrayIcon.__init__","CALLS",0.53,"scope-resolution: call",0
"Function:system/tray.py:TrayIcon.show","Function:system/tray.py:TrayIcon.show","CALLS",0.53,"scope-resolution: call",0
"Function:system/tray.py:TrayIcon.hide","Function:system/tray.py:TrayIcon.hide","CALLS",0.53,"scope-resolution: call",0
"Function:core/screen_recorder.py:ScreenRecorderThread.__init__","Function:core/screen_recorder.py:ScreenRecorderThread.__init__","CALLS",0.53,"scope-resolution: call",0
"Function:core/recent.py:RecentManager.__init__","Function:core/recent.py:RecentManager.__init__","CALLS",0.53,"scope-resolution: call",0
"Function:core/notebook.py:NotebookManager.__init__","Function:core/notebook.py:NotebookManager.__init__","CALLS",0.53,"scope-resolution: call",0
"Function:core/hotkey.py:HotkeyManager.__init__","Function:core/hotkey.py:HotkeyManager.__init__","CALLS",0.53,"scope-resolution: call",0
"Function:core/clipboard.py:ClipboardManager.__init__","Function:core/clipboard.py:ClipboardManager.__init__","CALLS",0.53,"scope-resolution: call",0
"Function:桌面人偶_简洁版_Release/_internal/cv2/utils/__init__.py:testOverwriteNativeMethod","Function:桌面人偶_简洁版_Release/_internal/cv2/utils/__init__.py:testOverwriteNativeMethod","CALLS",0.53,"scope-resolution: call",0
"Function:桌面人偶_简洁版_Release/_internal/cv2/gapi/__init__.py:op_with_params","Function:桌面人偶_简洁版_Release/_internal/cv2/gapi/__init__.py:on","ACCESSES",0.55,"scope-resolution: write",0
"Variable:桌面人偶_简洁版_Release/_internal/cv2/mat_wrapper/__init__.py:__all__","Class:桌面人偶_简洁版_Release/_internal/cv2/mat_wrapper/__init__.py:Mat","ACCESSES",0.55,"scope-resolution: write",0
"Function:桌面人偶_Release/_internal/cv2/utils/__init__.py:testOverwriteNativeMethod","Function:桌面人偶_Release/_internal/cv2/utils/__init__.py:testOverwriteNativeMethod","CALLS",0.53,"scope-resolution: call",0
"Function:桌面人偶_Release/_internal/cv2/gapi/__init__.py:op_with_params","Function:桌面人偶_Release/_internal/cv2/gapi/__init__.py:on","ACCESSES",0.55,"scope-resolution: write",0
"Variable:桌面人偶_Release/_internal/cv2/mat_wrapper/__init__.py:__all__","Class:桌面人偶_Release/_internal/cv2/mat_wrapper/__init__.py:Mat","ACCESSES",0.55,"scope-resolution: write",0
"File:utils/config.py","File:utils/path_helper.py","IMPORTS",1,"python-scope: import",0
"File:ui/screenshot_mask.py","File:core/screenshot.py","IMPORTS",1,"python-scope: import",0
"File:ui/recent_panel.py","File:ui/recent_dialogs.py","IMPORTS",1,"python-scope: import",0
"File:core/screen_recorder.py","File:桌面人偶_简洁版_Release/_internal/cv2/__init__.py","IMPORTS",1,"python-scope: import",0
"File:core/recent.py","File:core/windows_recent.py","IMPORTS",1,"python-scope: import",0
"File:core/recent.py","File:utils/path_helper.py","IMPORTS",1,"python-scope: import",0
"File:core/hotkey.py","File:core/screenshot.py","IMPORTS",1,"python-scope: import",0
"File:core/clipboard.py","File:utils/path_helper.py","IMPORTS",1,"python-scope: import",0
"File:桌面人偶_简洁版_Release/_internal/cv2/config-3.py","File:桌面人偶_简洁版_Release/_internal/cv2/version.py","IMPORTS",1,"python-scope: import",0
"File:桌面人偶_Release/_internal/cv2/config-3.py","File:桌面人偶_Release/_internal/cv2/version.py","IMPORTS",1,"python-scope: import",0
"File:桌面人偶_简洁版_Release/_internal/cv2/utils/__init__.py","File:桌面人偶_简洁版_Release/_internal/cv2/__init__.py","IMPORTS",1,"python-scope: import",0
"File:桌面人偶_简洁版_Release/_internal/cv2/misc/__init__.py","File:桌面人偶_简洁版_Release/_internal/cv2/misc/version.py","IMPORTS",1,"python-scope: import",0
"File:桌面人偶_简洁版_Release/_internal/cv2/misc/version.py","File:桌面人偶_简洁版_Release/_internal/cv2/__init__.py","IMPORTS",1,"python-scope: import",0
"File:桌面人偶_简洁版_Release/_internal/cv2/typing/__init__.py","File:桌面人偶_简洁版_Release/_internal/cv2/__init__.py","IMPORTS",1,"python-scope: import",0
"File:桌面人偶_简洁版_Release/_internal/cv2/gapi/__init__.py","File:桌面人偶_简洁版_Release/_internal/cv2/__init__.py","IMPORTS",1,"python-scope: import",0
"File:桌面人偶_简洁版_Release/_internal/cv2/mat_wrapper/__init__.py","File:桌面人偶_简洁版_Release/_internal/cv2/__init__.py","IMPORTS",1,"python-scope: import",0
"File:桌面人偶_简洁版_Release/_internal/cv2/mat_wrapper/__init__.py","File:桌面人偶_简洁版_Release/_internal/cv2/typing/__init__.py","IMPORTS",1,"python-scope: import",0
"File:桌面人偶_Release/_internal/cv2/utils/__init__.py","File:桌面人偶_Release/_internal/cv2/__init__.py","IMPORTS",1,"python-scope: import",0
"File:桌面人偶_Release/_internal/cv2/typing/__init__.py","File:桌面人偶_Release/_internal/cv2/__init__.py","IMPORTS",1,"python-scope: import",0
"File:桌面人偶_Release/_internal/cv2/misc/__init__.py","File:桌面人偶_Release/_internal/cv2/misc/version.py","IMPORTS",1,"python-scope: import",0
"File:桌面人偶_Release/_internal/cv2/misc/version.py","File:桌面人偶_Release/_internal/cv2/__init__.py","IMPORTS",1,"python-scope: import",0
"File:桌面人偶_Release/_internal/cv2/gapi/__init__.py","File:桌面人偶_Release/_internal/cv2/__init__.py","IMPORTS",1,"python-scope: import",0
"File:桌面人偶_Release/_internal/cv2/mat_wrapper/__init__.py","File:桌面人偶_Release/_internal/cv2/__init__.py","IMPORTS",1,"python-scope: import",0
"File:桌面人偶_Release/_internal/cv2/mat_wrapper/__init__.py","File:桌面人偶_Release/_internal/cv2/typing/__init__.py","IMPORTS",1,"python-scope: import",0
"Function:utils/path_helper.py:get_base_dir","comm_0","MEMBER_OF",1,"leiden-algorithm",0
"Function:utils/config.py:load_config","comm_1","MEMBER_OF",1,"leiden-algorithm",0
"Function:utils/config.py:save_config","comm_1","MEMBER_OF",1,"leiden-algorithm",0
"Function:utils/config.py:load_hotkeys","comm_1","MEMBER_OF",1,"leiden-algorithm",0
"Function:utils/config.py:load_options","comm_1","MEMBER_OF",1,"leiden-algorithm",0
"Function:utils/config.py:save_hotkeys","comm_1","MEMBER_OF",1,"leiden-algorithm",0
"Function:utils/config.py:save_option","comm_1","MEMBER_OF",1,"leiden-algorithm",0
"Class:ui/sub_ball.py:SubBall","comm_2","MEMBER_OF",1,"leiden-algorithm",0
"Function:ui/sub_ball.py:SubBall.__init__","comm_3","MEMBER_OF",1,"leiden-algorithm",0
"Function:ui/sub_ball.py:SubBall.init_ui","comm_3","MEMBER_OF",1,"leiden-algorithm",0
"Function:ui/sub_ball.py:SubBall.reset_position","comm_4","MEMBER_OF",1,"leiden-algorithm",0
"Function:ui/sub_ball.py:SubBall.update_position_from_main","comm_4","MEMBER_OF",1,"leiden-algorithm",0
"Function:ui/sub_ball.py:SubBall.mouseMoveEvent","comm_4","MEMBER_OF",1,"leiden-algorithm",0
"Function:ui/sub_ball.py:SubBall._resolve_overlap","comm_4","MEMBER_OF",1,"leiden-algorithm",0
"Class:ui/settings.py:HotkeyLineEdit","comm_5","MEMBER_OF",1,"leiden-algorithm",0
"Class:ui/settings.py:HotkeyRow","comm_6","MEMBER_OF",1,"leiden-algorithm",0
"Class:ui/settings.py:SettingsDialog","comm_7","MEMBER_OF",1,"leiden-algorithm",0
"Class:ui/search_box.py:SearchBoxPanel","comm_8","MEMBER_OF",1,"leiden-algorithm",0
"Function:ui/search_box.py:SearchBoxPanel.__init__","comm_9","MEMBER_OF",1,"leiden-algorithm",0
"Function:ui/search_box.py:SearchBoxPanel.init_ui","comm_9","MEMBER_OF",1,"leiden-algorithm",0
"Function:ui/search_box.py:SearchBoxPanel.update_position","comm_10","MEMBER_OF",1,"leiden-algorithm",0
"Function:ui/search_box.py:SearchBoxPanel.toggle_visibility","comm_10","MEMBER_OF",1,"leiden-algorithm",0
"Class:ui/screenshot_mask.py:ScreenshotMask","comm_11","MEMBER_OF",1,"leiden-algorithm",0
"Function:ui/screenshot_mask.py:ScreenshotMask.__init__","comm_12","MEMBER_OF",1,"leiden-algorithm",0
"Function:ui/screenshot_mask.py:ScreenshotMask._get_total_geometry","comm_12","MEMBER_OF",1,"leiden-algorithm",0
"Function:ui/screenshot_mask.py:ScreenshotMask._screen_for_logical_point","comm_13","MEMBER_OF",1,"leiden-algorithm",0
"Function:ui/screenshot_mask.py:ScreenshotMask._screen_for_physical_point","comm_13","MEMBER_OF",1,"leiden-algorithm",0
"Function:ui/screenshot_mask.py:ScreenshotMask._logical_point_to_physical","comm_13","MEMBER_OF",1,"leiden-algorithm",0
"Function:ui/screenshot_mask.py:ScreenshotMask._physical_rect_to_logical","comm_13","MEMBER_OF",1,"leiden-algorithm",0
"Function:ui/screenshot_mask.py:ScreenshotMask._logical_rect_to_physical","comm_13","MEMBER_OF",1,"leiden-algorithm",0
"Function:ui/screenshot_mask.py:ScreenshotMask.find_best_rect","comm_13","MEMBER_OF",1,"leiden-algorithm",0
"Function:ui/screenshot_mask.py:ScreenshotMask.mousePressEvent","comm_14","MEMBER_OF",1,"leiden-algorithm",0
"Function:ui/screenshot_mask.py:ScreenshotMask.mouseMoveEvent","comm_13","MEMBER_OF",1,"leiden-algorithm",0
"Function:ui/screenshot_mask.py:ScreenshotMask.mouseReleaseEvent","comm_14","MEMBER_OF",1,"leiden-algorithm",0
"Function:ui/screenshot_mask.py:ScreenshotMask.keyPressEvent","comm_14","MEMBER_OF",1,"leiden-algorithm",0
"Function:ui/screenshot_mask.py:ScreenshotMask.capture_rect","comm_14","MEMBER_OF",1,"leiden-algorithm",0
"Function:ui/screenshot_mask.py:ScreenshotMask._do_capture","comm_14","MEMBER_OF",1,"leiden-algorithm",0
"Function:ui/screenshot_mask.py:ScreenshotMask.close_mask","comm_14","MEMBER_OF",1,"leiden-algorithm",0
"Class:ui/recording_border.py:RecordingBorder","comm_15","MEMBER_OF",1,"leiden-algorithm",0
"Class:ui/recent_panel.py:RecentListWidget","comm_16","MEMBER_OF",1,"leiden-algorithm",0
"Function:ui/recent_panel.py:RecentListWidget.dropEvent","comm_17","MEMBER_OF",1,"leiden-algorithm",0
"Class:ui/recent_panel.py:RecentItemWidget","comm_18","MEMBER_OF",1,"leiden-algorithm",0
"Class:ui/recent_panel.py:RecentPanel","comm_19","MEMBER_OF",1,"leiden-algorithm",0
"Function:ui/recent_panel.py:RecentPanel.__init__","comm_20","MEMBER_OF",1,"leiden-algorithm",0
"Function:ui/recent_panel.py:RecentPanel.init_ui","comm_20","MEMBER_OF",1,"leiden-algorithm",0
"Function:ui/recent_panel.py:RecentPanel.set_visibility_dict","comm_21","MEMBER_OF",1,"leiden-algorithm",0
"Function:ui/recent_panel.py:RecentPanel._on_excluded_clicked","comm_22","MEMBER_OF",1,"leiden-algorithm",0
"Function:ui/recent_panel.py:RecentPanel._on_filter_clicked","comm_21","MEMBER_OF",1,"leiden-algorithm",0
"Function:ui/recent_panel.py:RecentPanel.update_items","comm_21","MEMBER_OF",1,"leiden-algorithm",0
"Function:ui/recent_panel.py:RecentPanel._apply_filter","comm_21","MEMBER_OF",1,"leiden-algorithm",0
"Function:ui/recent_panel.py:RecentPanel.update_position","comm_23","MEMBER_OF",1,"leiden-algorithm",0
"Function:ui/recent_panel.py:RecentPanel.toggle_visibility","comm_23","MEMBER_OF",1,"leiden-algorithm",0
"Class:ui/recent_dialogs.py:ExcludedExtensionsDialog","comm_24","MEMBER_OF",1,"leiden-algorithm",0
"Function:ui/recent_dialogs.py:ExcludedExtensionsDialog.__init__","comm_25","MEMBER_OF",1,"leiden-algorithm",0
"Function:ui/recent_dialogs.py:ExcludedExtensionsDialog._toggle_select_all","comm_25","MEMBER_OF",1,"leiden-algorithm",0
"Function:ui/recent_dialogs.py:ExcludedExtensionsDialog._normalize_ext","comm_25","MEMBER_OF",1,"leiden-algorithm",0
"Function:ui/recent_dialogs.py:ExcludedExtensionsDialog._add_ext","comm_25","MEMBER_OF",1,"leiden-algorithm",0
"Function:ui/recent_dialogs.py:ExcludedExtensionsDialog._remove_ext","comm_25","MEMBER_OF",1,"leiden-algorithm",0
"Function:ui/recent_dialogs.py:ExcludedExtensionsDialog._on_checkbox_toggled","comm_25","MEMBER_OF",1,"leiden-algorithm",0
"Function:ui/recent_dialogs.py:ExcludedExtensionsDialog._refresh_list","comm_25","MEMBER_OF",1,"leiden-algorithm",0
"Function:ui/recent_dialogs.py:ExcludedExtensionsDialog.get_excluded_extensions","comm_22","MEMBER_OF",1,"leiden-algorithm",0
"Class:ui/recent_dialogs.py:ExtensionFilterDialog","comm_26","MEMBER_OF",1,"leiden-algorithm",0
"Function:ui/recent_dialogs.py:ExtensionFilterDialog.get_visibility_dict","comm_21","MEMBER_OF",1,"leiden-algorithm",0
"Class:ui/panel.py:PinnedImageDialog","comm_27","MEMBER_OF",1,"leiden-algorithm",0
"Class:ui/panel.py:DetailsDialog","comm_28","MEMBER_OF",1,"leiden-algorithm",0
"Class:ui/panel.py:ClipboardItemWidget","comm_29","MEMBER_OF",1,"leiden-algorithm",0
"Class:ui/panel.py:ClipboardListWidget","comm_30","MEMBER_OF",1,"leiden-algorithm",0
"Function:ui/panel.py:ClipboardListWidget.dropEvent","comm_31","MEMBER_OF",1,"leiden-algorithm",0
"Class:ui/panel.py:Panel","comm_32","MEMBER_OF",1,"leiden-algorithm",0
"Function:ui/panel.py:Panel.__init__","comm_33","MEMBER_OF",1,"leiden-algorithm",0
"Function:ui/panel.py:Panel.init_ui","comm_33","MEMBER_OF",1,"leiden-algorithm",0
"Function:ui/panel.py:Panel.update_history","comm_34","MEMBER_OF",1,"leiden-algorithm",0
"Function:ui/panel.py:Panel._sync_open_image_dialogs","comm_34","MEMBER_OF",1,"leiden-algorithm",0
"Function:ui/panel.py:Panel._apply_filter","comm_34","MEMBER_OF",1,"leiden-algorithm",0
"Function:ui/panel.py:Panel.update_position","comm_35","MEMBER_OF",1,"leiden-algorithm",0
"Function:ui/panel.py:Panel.toggle_visibility","comm_35","MEMBER_OF",1,"leiden-algorithm",0
"Class:ui/notebook.py:NotebookPanel","comm_36","MEMBER_OF",1,"leiden-algorithm",0
"Function:ui/notebook.py:NotebookPanel.__init__","comm_37","MEMBER_OF",1,"leiden-algorithm",0
"Function:ui/notebook.py:NotebookPanel.init_ui","comm_37","MEMBER_OF",1,"leiden-algorithm",0
"Function:ui/notebook.py:NotebookPanel.update_position","comm_38","MEMBER_OF",1,"leiden-algorithm",0
"Function:ui/notebook.py:NotebookPanel.toggle_visibility","comm_38","MEMBER_OF",1,"leiden-algorithm",0
"Class:ui/floating_ball.py:FloatingBall","comm_39","MEMBER_OF",1,"leiden-algorithm",0
"Function:ui/floating_ball.py:FloatingBall.__init__","comm_40","MEMBER_OF",1,"leiden-algorithm",0
"Function:ui/floating_ball.py:FloatingBall.init_ui","comm_40","MEMBER_OF",1,"leiden-algorithm",0
"Function:ui/floating_ball.py:FloatingBall.mouseMoveEvent","comm_41","MEMBER_OF",1,"leiden-algorithm",0
"Function:ui/floating_ball.py:FloatingBall.move_to_bottom_right","comm_42","MEMBER_OF",1,"leiden-algorithm",0
"Class:system/tray.py:TrayIcon","comm_43","MEMBER_OF",1,"leiden-algorithm",0
"Function:system/tray.py:TrayIcon.__init__","comm_44","MEMBER_OF",1,"leiden-algorithm",0
"Function:system/tray.py:TrayIcon._create_dummy_icon","comm_44","MEMBER_OF",1,"leiden-algorithm",0
"Function:core/windows_recent.py:ensure_windows_recent_tracking_enabled","comm_45","MEMBER_OF",1,"leiden-algorithm",0
"Function:core/windows_recent.py:get_recent_dir","comm_46","MEMBER_OF",1,"leiden-algorithm",0
"Function:core/windows_recent.py:list_recent_lnk_files","comm_46","MEMBER_OF",1,"leiden-algorithm",0
"Function:core/windows_recent.py:resolve_lnk_target","comm_46","MEMBER_OF",1,"leiden-algorithm",0
"Function:core/windows_recent.py:is_directory_target","comm_46","MEMBER_OF",1,"leiden-algorithm",0
"Class:core/screen_recorder.py:ScreenRecorderThread","comm_47","MEMBER_OF",1,"leiden-algorithm",0
"Function:core/screenshot.py:get_accurate_window_rect","comm_48","MEMBER_OF",1,"leiden-algorithm",0
"Function:core/screenshot.py:is_window_valid","comm_48","MEMBER_OF",1,"leiden-algorithm",0
"Function:core/screenshot.py:get_all_visible_rects","comm_12","MEMBER_OF",1,"leiden-algorithm",0
"Function:core/screenshot.py:callback","comm_48","MEMBER_OF",1,"leiden-algorithm",0
"Function:core/screenshot.py:child_callback","comm_48","MEMBER_OF",1,"leiden-algorithm",0
"Function:core/screenshot.py:get_uia_rect_at","comm_13","MEMBER_OF",1,"leiden-algorithm",0
"Class:core/recent.py:RecentManager","comm_49","MEMBER_OF",1,"leiden-algorithm",0
"Function:core/recent.py:RecentManager.__init__","comm_45","MEMBER_OF",1,"leiden-algorithm",0
"Function:core/recent.py:RecentManager.set_tracking_enabled","comm_46","MEMBER_OF",1,"leiden-algorithm",0
"Function:core/recent.py:RecentManager.set_excluded_extensions","comm_50","MEMBER_OF",1,"leiden-algorithm",0
"Function:core/recent.py:RecentManager._normalize_ext","comm_50","MEMBER_OF",1,"leiden-algorithm",0
"Function:core/recent.py:RecentManager._purge_excluded","comm_50","MEMBER_OF",1,"leiden-algorithm",0
"Function:core/recent.py:RecentManager._load_history","comm_45","MEMBER_OF",1,"leiden-algorithm",0
"Function:core/recent.py:RecentManager._save_history","comm_50","MEMBER_OF",1,"leiden-algorithm",0
"Function:core/recent.py:RecentManager.tick_scan","comm_46","MEMBER_OF",1,"leiden-algorithm",0
"Function:core/recent.py:RecentManager.clean_missing_files","comm_50","MEMBER_OF",1,"leiden-algorithm",0
"Function:core/recent.py:RecentManager.clear_history","comm_50","MEMBER_OF",1,"leiden-algorithm",0
"Function:core/recent.py:RecentManager.remove_item","comm_50","MEMBER_OF",1,"leiden-algorithm",0
"Function:core/recent.py:RecentManager.set_history","comm_50","MEMBER_OF",1,"leiden-algorithm",0
"Function:core/recent.py:RecentManager.get_items","comm_50","MEMBER_OF",1,"leiden-algorithm",0
"Class:core/notebook.py:NotebookManager","comm_51","MEMBER_OF",1,"leiden-algorithm",0
"Function:core/notebook.py:NotebookManager.__init__","comm_52","MEMBER_OF",1,"leiden-algorithm",0
"Function:core/notebook.py:NotebookManager.load_content","comm_52","MEMBER_OF",1,"leiden-algorithm",0
"Class:core/hotkey.py:HotkeyManager","comm_53","MEMBER_OF",1,"leiden-algorithm",0
"Function:core/hotkey.py:HotkeyManager.__init__","comm_54","MEMBER_OF",1,"leiden-algorithm",0
"Function:core/hotkey.py:HotkeyManager.register_hotkey","comm_54","MEMBER_OF",1,"leiden-algorithm",0
"Function:core/hotkey.py:HotkeyManager.cb","comm_12","MEMBER_OF",1,"leiden-algorithm",0
"Function:core/hotkey.py:HotkeyManager.update_hotkey","comm_54","MEMBER_OF",1,"leiden-algorithm",0
"Class:core/clipboard.py:ClipboardManager","comm_55","MEMBER_OF",1,"leiden-algorithm",0
"Function:core/clipboard.py:ClipboardManager.__init__","comm_56","MEMBER_OF",1,"leiden-algorithm",0
"Function:core/clipboard.py:ClipboardManager._load_history","comm_56","MEMBER_OF",1,"leiden-algorithm",0
"Function:core/clipboard.py:ClipboardManager._normalize_text_key","comm_0","MEMBER_OF",1,"leiden-algorithm",0
"Function:core/clipboard.py:ClipboardManager._dedupe_history","comm_56","MEMBER_OF",1,"leiden-algorithm",0
"Function:core/clipboard.py:ClipboardManager._normalize_history","comm_56","MEMBER_OF",1,"leiden-algorithm",0
"Function:core/clipboard.py:ClipboardManager._save_history","comm_0","MEMBER_OF",1,"leiden-algorithm",0
"Function:core/clipboard.py:ClipboardManager._process_clipboard","comm_0","MEMBER_OF",1,"leiden-algorithm",0
"Function:core/clipboard.py:ClipboardManager._make_text_item","comm_0","MEMBER_OF",1,"leiden-algorithm",0
"Function:core/clipboard.py:ClipboardManager._make_image_item","comm_0","MEMBER_OF",1,"leiden-algorithm",0
"Function:core/clipboard.py:ClipboardManager._manage_image_cache","comm_0","MEMBER_OF",1,"leiden-algorithm",0
"Function:core/clipboard.py:ClipboardManager._item_key","comm_0","MEMBER_OF",1,"leiden-algorithm",0
"Function:core/clipboard.py:ClipboardManager._trim_history","comm_0","MEMBER_OF",1,"leiden-algorithm",0
"Function:core/clipboard.py:ClipboardManager.add_text_item","comm_0","MEMBER_OF",1,"leiden-algorithm",0
"Function:core/clipboard.py:ClipboardManager.add_image_item","comm_0","MEMBER_OF",1,"leiden-algorithm",0
"Function:core/clipboard.py:ClipboardManager.remove_item","comm_0","MEMBER_OF",1,"leiden-algorithm",0
"Function:core/clipboard.py:ClipboardManager.clear_history","comm_0","MEMBER_OF",1,"leiden-algorithm",0
"Function:core/clipboard.py:ClipboardManager.set_history","comm_56","MEMBER_OF",1,"leiden-algorithm",0
"Function:core/clipboard.py:ClipboardManager.get_history","comm_0","MEMBER_OF",1,"leiden-algorithm",0
"Function:core/clipboard.py:ClipboardManager.clean_missing_files","comm_0","MEMBER_OF",1,"leiden-algorithm",0
"Function:core/clipboard.py:ClipboardManager.copy_to_clipboard","comm_0","MEMBER_OF",1,"leiden-algorithm",0
"Function:桌面人偶_简洁版_Release/_internal/cv2/__init__.py:__load_extra_py_code_for_module","comm_57","MEMBER_OF",1,"leiden-algorithm",0
"Function:桌面人偶_简洁版_Release/_internal/cv2/__init__.py:__collect_extra_submodules","comm_57","MEMBER_OF",1,"leiden-algorithm",0
"Function:桌面人偶_简洁版_Release/_internal/cv2/__init__.py:bootstrap","comm_57","MEMBER_OF",1,"leiden-algorithm",0
"Function:桌面人偶_简洁版_Release/_internal/cv2/__init__.py:load_first_config","comm_57","MEMBER_OF",1,"leiden-algorithm",0
"Function:桌面人偶_Release/_internal/cv2/__init__.py:__load_extra_py_code_for_module","comm_58","MEMBER_OF",1,"leiden-algorithm",0
"Function:桌面人偶_Release/_internal/cv2/__init__.py:__collect_extra_submodules","comm_58","MEMBER_OF",1,"leiden-algorithm",0
"Function:桌面人偶_Release/_internal/cv2/__init__.py:bootstrap","comm_58","MEMBER_OF",1,"leiden-algorithm",0
"Function:桌面人偶_Release/_internal/cv2/__init__.py:load_first_config","comm_58","MEMBER_OF",1,"leiden-algorithm",0
"Function:桌面人偶_简洁版_Release/_internal/cv2/gapi/__init__.py:register","comm_59","MEMBER_OF",1,"leiden-algorithm",0
"Class:桌面人偶_简洁版_Release/_internal/cv2/mat_wrapper/__init__.py:Mat","comm_60","MEMBER_OF",1,"leiden-algorithm",0
"Function:桌面人偶_Release/_internal/cv2/gapi/__init__.py:register","comm_61","MEMBER_OF",1,"leiden-algorithm",0
"Class:桌面人偶_Release/_internal/cv2/mat_wrapper/__init__.py:Mat","comm_62","MEMBER_OF",1,"leiden-algorithm",0
"Function:ui/screenshot_mask.py:ScreenshotMask.mouseMoveEvent","proc_0_mousemoveevent","STEP_IN_PROCESS",1,"trace-detection",1
"Function:ui/screenshot_mask.py:ScreenshotMask.find_best_rect","proc_0_mousemoveevent","STEP_IN_PROCESS",1,"trace-detection",2
"Function:ui/screenshot_mask.py:ScreenshotMask._logical_point_to_physical","proc_0_mousemoveevent","STEP_IN_PROCESS",1,"trace-detection",3
"Function:ui/screenshot_mask.py:ScreenshotMask._screen_for_logical_point","proc_0_mousemoveevent","STEP_IN_PROCESS",1,"trace-detection",4
"Function:core/recent.py:RecentManager.set_tracking_enabled","proc_1_set_tracking_enabled","STEP_IN_PROCESS",1,"trace-detection",1
"Function:core/recent.py:RecentManager.tick_scan","proc_1_set_tracking_enabled","STEP_IN_PROCESS",1,"trace-detection",2
"Function:core/windows_recent.py:list_recent_lnk_files","proc_1_set_tracking_enabled","STEP_IN_PROCESS",1,"trace-detection",3
"Function:core/windows_recent.py:get_recent_dir","proc_1_set_tracking_enabled","STEP_IN_PROCESS",1,"trace-detection",4
"Function:core/clipboard.py:ClipboardManager._process_clipboard","proc_2__process_clipboard","STEP_IN_PROCESS",1,"trace-detection",1
"Function:core/clipboard.py:ClipboardManager.add_image_item","proc_2__process_clipboard","STEP_IN_PROCESS",1,"trace-detection",2
"Function:core/clipboard.py:ClipboardManager._make_image_item","proc_2__process_clipboard","STEP_IN_PROCESS",1,"trace-detection",3
"Function:core/clipboard.py:ClipboardManager._manage_image_cache","proc_2__process_clipboard","STEP_IN_PROCESS",1,"trace-detection",4
"Function:core/clipboard.py:ClipboardManager._process_clipboard","proc_3__process_clipboard","STEP_IN_PROCESS",1,"trace-detection",1
"Function:core/clipboard.py:ClipboardManager.add_image_item","proc_3__process_clipboard","STEP_IN_PROCESS",1,"trace-detection",2
"Function:core/clipboard.py:ClipboardManager._make_image_item","proc_3__process_clipboard","STEP_IN_PROCESS",1,"trace-detection",3
"Function:utils/path_helper.py:get_base_dir","proc_3__process_clipboard","STEP_IN_PROCESS",1,"trace-detection",4
"Function:core/clipboard.py:ClipboardManager.__init__","proc_4___init__","STEP_IN_PROCESS",1,"trace-detection",1
"Function:core/clipboard.py:ClipboardManager._load_history","proc_4___init__","STEP_IN_PROCESS",1,"trace-detection",2
"Function:core/clipboard.py:ClipboardManager._dedupe_history","proc_4___init__","STEP_IN_PROCESS",1,"trace-detection",3
"Function:core/clipboard.py:ClipboardManager._normalize_text_key","proc_4___init__","STEP_IN_PROCESS",1,"trace-detection",4
"Function:ui/screenshot_mask.py:ScreenshotMask.mouseReleaseEvent","proc_5_mousereleaseevent","STEP_IN_PROCESS",1,"trace-detection",1
"Function:ui/screenshot_mask.py:ScreenshotMask.capture_rect","proc_5_mousereleaseevent","STEP_IN_PROCESS",1,"trace-detection",2
"Function:ui/screenshot_mask.py:ScreenshotMask.close_mask","proc_5_mousereleaseevent","STEP_IN_PROCESS",1,"trace-detection",3
"Function:ui/screenshot_mask.py:ScreenshotMask.mouseReleaseEvent","proc_6_mousereleaseevent","STEP_IN_PROCESS",1,"trace-detection",1
"Function:ui/screenshot_mask.py:ScreenshotMask.capture_rect","proc_6_mousereleaseevent","STEP_IN_PROCESS",1,"trace-detection",2
"Function:ui/screenshot_mask.py:ScreenshotMask._do_capture","proc_6_mousereleaseevent","STEP_IN_PROCESS",1,"trace-detection",3
"Function:ui/screenshot_mask.py:ScreenshotMask.mouseReleaseEvent","proc_7_mousereleaseevent","STEP_IN_PROCESS",1,"trace-detection",1
"Function:ui/screenshot_mask.py:ScreenshotMask._logical_rect_to_physical","proc_7_mousereleaseevent","STEP_IN_PROCESS",1,"trace-detection",2
"Function:ui/screenshot_mask.py:ScreenshotMask._screen_for_logical_point","proc_7_mousereleaseevent","STEP_IN_PROCESS",1,"trace-detection",3
"Function:core/recent.py:RecentManager.set_excluded_extensions","proc_8_set_excluded_extensi","STEP_IN_PROCESS",1,"trace-detection",1
"Function:core/recent.py:RecentManager._purge_excluded","proc_8_set_excluded_extensi","STEP_IN_PROCESS",1,"trace-detection",2
"Function:core/recent.py:RecentManager._save_history","proc_8_set_excluded_extensi","STEP_IN_PROCESS",1,"trace-detection",3
"Function:core/clipboard.py:ClipboardManager.set_history","proc_9_set_history","STEP_IN_PROCESS",1,"trace-detection",1
"Function:core/clipboard.py:ClipboardManager._dedupe_history","proc_9_set_history","STEP_IN_PROCESS",1,"trace-detection",2
"Function:core/clipboard.py:ClipboardManager._normalize_text_key","proc_9_set_history","STEP_IN_PROCESS",1,"trace-detection",3
"Function:ui/sub_ball.py:SubBall.mouseMoveEvent","proc_10_mousemoveevent","STEP_IN_PROCESS",1,"trace-detection",1
"Function:ui/sub_ball.py:SubBall._resolve_overlap","proc_10_mousemoveevent","STEP_IN_PROCESS",1,"trace-detection",2
"Function:ui/sub_ball.py:SubBall.update_position_from_main","proc_10_mousemoveevent","STEP_IN_PROCESS",1,"trace-detection",3
"Function:ui/screenshot_mask.py:ScreenshotMask.mouseMoveEvent","proc_11_mousemoveevent","STEP_IN_PROCESS",1,"trace-detection",1
"Function:ui/screenshot_mask.py:ScreenshotMask.find_best_rect","proc_11_mousemoveevent","STEP_IN_PROCESS",1,"trace-detection",2
"Function:core/screenshot.py:get_uia_rect_at","proc_11_mousemoveevent","STEP_IN_PROCESS",1,"trace-detection",3
"Function:ui/screenshot_mask.py:ScreenshotMask.mouseMoveEvent","proc_12_mousemoveevent","STEP_IN_PROCESS",1,"trace-detection",1
"Function:ui/screenshot_mask.py:ScreenshotMask._physical_rect_to_logical","proc_12_mousemoveevent","STEP_IN_PROCESS",1,"trace-detection",2
"Function:ui/screenshot_mask.py:ScreenshotMask._screen_for_physical_point","proc_12_mousemoveevent","STEP_IN_PROCESS",1,"trace-detection",3
"Function:core/recent.py:RecentManager.get_items","proc_13_get_items","STEP_IN_PROCESS",1,"trace-detection",1
"Function:core/recent.py:RecentManager.clean_missing_files","proc_13_get_items","STEP_IN_PROCESS",1,"trace-detection",2
"Function:core/recent.py:RecentManager._save_history","proc_13_get_items","STEP_IN_PROCESS",1,"trace-detection",3
"Function:core/clipboard.py:ClipboardManager.get_history","proc_14_get_history","STEP_IN_PROCESS",1,"trace-detection",1
"Function:core/clipboard.py:ClipboardManager.clean_missing_files","proc_14_get_history","STEP_IN_PROCESS",1,"trace-detection",2
"Function:core/clipboard.py:ClipboardManager._save_history","proc_14_get_history","STEP_IN_PROCESS",1,"trace-detection",3
"Function:core/recent.py:RecentManager.set_tracking_enabled","proc_15_set_tracking_enabled","STEP_IN_PROCESS",1,"trace-detection",1
"Function:core/recent.py:RecentManager.tick_scan","proc_15_set_tracking_enabled","STEP_IN_PROCESS",1,"trace-detection",2
"Function:core/recent.py:RecentManager._normalize_ext","proc_15_set_tracking_enabled","STEP_IN_PROCESS",1,"trace-detection",3
"Function:core/recent.py:RecentManager.set_tracking_enabled","proc_16_set_tracking_enabled","STEP_IN_PROCESS",1,"trace-detection",1
"Function:core/recent.py:RecentManager.tick_scan","proc_16_set_tracking_enabled","STEP_IN_PROCESS",1,"trace-detection",2
"Function:core/recent.py:RecentManager._save_history","proc_16_set_tracking_enabled","STEP_IN_PROCESS",1,"trace-detection",3
"Function:core/recent.py:RecentManager.set_tracking_enabled","proc_17_set_tracking_enabled","STEP_IN_PROCESS",1,"trace-detection",1
"Function:core/recent.py:RecentManager.tick_scan","proc_17_set_tracking_enabled","STEP_IN_PROCESS",1,"trace-detection",2
"Function:core/windows_recent.py:resolve_lnk_target","proc_17_set_tracking_enabled","STEP_IN_PROCESS",1,"trace-detection",3
"Function:core/clipboard.py:ClipboardManager._process_clipboard","proc_18__process_clipboard","STEP_IN_PROCESS",1,"trace-detection",1
"Function:core/clipboard.py:ClipboardManager.add_image_item","proc_18__process_clipboard","STEP_IN_PROCESS",1,"trace-detection",2
"Function:core/clipboard.py:ClipboardManager._item_key","proc_18__process_clipboard","STEP_IN_PROCESS",1,"trace-detection",3
"Function:core/clipboard.py:ClipboardManager._process_clipboard","proc_19__process_clipboard","STEP_IN_PROCESS",1,"trace-detection",1
"Function:core/clipboard.py:ClipboardManager.add_image_item","proc_19__process_clipboard","STEP_IN_PROCESS",1,"trace-detection",2
"Function:core/clipboard.py:ClipboardManager._trim_history","proc_19__process_clipboard","STEP_IN_PROCESS",1,"trace-detection",3
"Function:core/clipboard.py:ClipboardManager._process_clipboard","proc_20__process_clipboard","STEP_IN_PROCESS",1,"trace-detection",1
"Function:core/clipboard.py:ClipboardManager.add_text_item","proc_20__process_clipboard","STEP_IN_PROCESS",1,"trace-detection",2
"Function:core/clipboard.py:ClipboardManager._normalize_text_key","proc_20__process_clipboard","STEP_IN_PROCESS",1,"trace-detection",3
"Function:core/clipboard.py:ClipboardManager._process_clipboard","proc_21__process_clipboard","STEP_IN_PROCESS",1,"trace-detection",1
"Function:core/clipboard.py:ClipboardManager.add_text_item","proc_21__process_clipboard","STEP_IN_PROCESS",1,"trace-detection",2
"Function:core/clipboard.py:ClipboardManager._make_text_item","proc_21__process_clipboard","STEP_IN_PROCESS",1,"trace-detection",3
"Function:ui/recent_dialogs.py:ExcludedExtensionsDialog._add_ext","proc_22__add_ext","STEP_IN_PROCESS",1,"trace-detection",1
"Function:ui/recent_dialogs.py:ExcludedExtensionsDialog._refresh_list","proc_22__add_ext","STEP_IN_PROCESS",1,"trace-detection",2
"Function:ui/recent_dialogs.py:ExcludedExtensionsDialog._on_checkbox_toggled","proc_22__add_ext","STEP_IN_PROCESS",1,"trace-detection",3
"Function:ui/recent_dialogs.py:ExcludedExtensionsDialog._add_ext","proc_23__add_ext","STEP_IN_PROCESS",1,"trace-detection",1
"Function:ui/recent_dialogs.py:ExcludedExtensionsDialog._refresh_list","proc_23__add_ext","STEP_IN_PROCESS",1,"trace-detection",2
"Function:ui/recent_dialogs.py:ExcludedExtensionsDialog._remove_ext","proc_23__add_ext","STEP_IN_PROCESS",1,"trace-detection",3
"Function:core/clipboard.py:ClipboardManager.copy_to_clipboard","proc_24_copy_to_clipboard","STEP_IN_PROCESS",1,"trace-detection",1
"Function:core/clipboard.py:ClipboardManager.remove_item","proc_24_copy_to_clipboard","STEP_IN_PROCESS",1,"trace-detection",2
"Function:core/clipboard.py:ClipboardManager._make_text_item","proc_24_copy_to_clipboard","STEP_IN_PROCESS",1,"trace-detection",3
"Function:core/clipboard.py:ClipboardManager.copy_to_clipboard","proc_25_copy_to_clipboard","STEP_IN_PROCESS",1,"trace-detection",1
"Function:core/clipboard.py:ClipboardManager.remove_item","proc_25_copy_to_clipboard","STEP_IN_PROCESS",1,"trace-detection",2
"Function:core/clipboard.py:ClipboardManager._item_key","proc_25_copy_to_clipboard","STEP_IN_PROCESS",1,"trace-detection",3
"Function:core/clipboard.py:ClipboardManager.copy_to_clipboard","proc_26_copy_to_clipboard","STEP_IN_PROCESS",1,"trace-detection",1
"Function:core/clipboard.py:ClipboardManager.remove_item","proc_26_copy_to_clipboard","STEP_IN_PROCESS",1,"trace-detection",2
"Function:core/clipboard.py:ClipboardManager._save_history","proc_26_copy_to_clipboard","STEP_IN_PROCESS",1,"trace-detection",3
"Function:ui/recent_dialogs.py:ExcludedExtensionsDialog.__init__","proc_27___init__","STEP_IN_PROCESS",1,"trace-detection",1
"Function:ui/recent_dialogs.py:ExcludedExtensionsDialog._refresh_list","proc_27___init__","STEP_IN_PROCESS",1,"trace-detection",2
"Function:ui/recent_dialogs.py:ExcludedExtensionsDialog._on_checkbox_toggled","proc_27___init__","STEP_IN_PROCESS",1,"trace-detection",3
"Function:ui/recent_dialogs.py:ExcludedExtensionsDialog.__init__","proc_28___init__","STEP_IN_PROCESS",1,"trace-detection",1
"Function:ui/recent_dialogs.py:ExcludedExtensionsDialog._refresh_list","proc_28___init__","STEP_IN_PROCESS",1,"trace-detection",2
"Function:ui/recent_dialogs.py:ExcludedExtensionsDialog._remove_ext","proc_28___init__","STEP_IN_PROCESS",1,"trace-detection",3
"Function:ui/recent_dialogs.py:ExcludedExtensionsDialog._toggle_select_all","proc_29__toggle_select_all","STEP_IN_PROCESS",1,"trace-detection",1
"Function:ui/recent_dialogs.py:ExcludedExtensionsDialog._refresh_list","proc_29__toggle_select_all","STEP_IN_PROCESS",1,"trace-detection",2
"Function:ui/recent_dialogs.py:ExcludedExtensionsDialog._on_checkbox_toggled","proc_29__toggle_select_all","STEP_IN_PROCESS",1,"trace-detection",3
"Function:ui/recent_dialogs.py:ExcludedExtensionsDialog._toggle_select_all","proc_30__toggle_select_all","STEP_IN_PROCESS",1,"trace-detection",1
"Function:ui/recent_dialogs.py:ExcludedExtensionsDialog._refresh_list","proc_30__toggle_select_all","STEP_IN_PROCESS",1,"trace-detection",2
"Function:ui/recent_dialogs.py:ExcludedExtensionsDialog._remove_ext","proc_30__toggle_select_all","STEP_IN_PROCESS",1,"trace-detection",3
"Function:core/clipboard.py:ClipboardManager.__init__","proc_31___init__","STEP_IN_PROCESS",1,"trace-detection",1
"Function:core/clipboard.py:ClipboardManager._load_history","proc_31___init__","STEP_IN_PROCESS",1,"trace-detection",2
"Function:core/clipboard.py:ClipboardManager._normalize_history","proc_31___init__","STEP_IN_PROCESS",1,"trace-detection",3
"Function:ui/recent_dialogs.py:ExcludedExtensionsDialog._remove_ext","proc_32__remove_ext","STEP_IN_PROCESS",1,"trace-detection",1
"Function:ui/recent_dialogs.py:ExcludedExtensionsDialog._refresh_list","proc_32__remove_ext","STEP_IN_PROCESS",1,"trace-detection",2
"Function:ui/recent_dialogs.py:ExcludedExtensionsDialog._on_checkbox_toggled","proc_32__remove_ext","STEP_IN_PROCESS",1,"trace-detection",3
