id,name,filePath,startLine,endLine,content,description
"Variable:main.py:plugins_path","plugins_path","main.py",20,20,"# Fix Qt platform plugin error when running from a copied pythonw.exe
import PySide6
plugins_path = os.path.join(os.path.dirname(PySide6.__file__), 'plugins')
os.environ['QT_PLUGIN_PATH'] = plugins_path
os.environ['QT_QPA_PLATFORM_PLUGIN_PATH'] = os.path.join(plugins_path, 'platforms')
",""
"Variable:main.py:myappid","myappid","main.py",61,61,"        try:
            import ctypes
            myappid = 'shuwe.desktop.assistant.1.0' # arbitrary string
            ctypes.windll.shell32.SetCurrentProcessExplicitAppUserModelID(myappid)
        except Exception:
",""
"Variable:main.py:icon_path","icon_path","main.py",71,71,"        import os
        from PySide6.QtGui import QIcon
        icon_path = os.path.join(get_base_dir(), ""app_icon.ico"")
        if os.path.exists(icon_path):
            self.app.setWindowIcon(QIcon(icon_path))
",""
"Variable:main.py:custom_apps","custom_apps","main.py",107,107,"
        # --- Load custom apps ---
        custom_apps = self.options.get(""custom_apps"", [])
        from PySide6.QtWidgets import QFileIconProvider
        from PySide6.QtCore import QFileInfo
",""
"Variable:main.py:icon","icon","main.py",113,113,"            if not app.get('enabled', True):
                continue
            icon = QFileIconProvider().icon(QFileInfo(app[""path""]))
            ball = SubBall(self.ball, text="""", radius=80, angle=0, tooltip=app[""name""], bg_color=QColor(100, 100, 100, 230), icon=icon)
            ball.custom_app_path = app[""path""]
",""
"Variable:main.py:ball","ball","main.py",114,114,"                continue
            icon = QFileIconProvider().icon(QFileInfo(app[""path""]))
            ball = SubBall(self.ball, text="""", radius=80, angle=0, tooltip=app[""name""], bg_color=QColor(100, 100, 100, 230), icon=icon)
            ball.custom_app_path = app[""path""]
            ball.clicked.connect(lambda p=app[""path""]: os.startfile(p) if hasattr(os, ""startfile"") else None)
",""
"Variable:main.py:pic_path","pic_path","main.py",222,222,"        
        # Apply picture path
        pic_path = self.options.get(""picture_save_path"", """")
        if not pic_path:
            import os
",""
"Variable:main.py:total_balls","total_balls","main.py",234,234,"    def _update_balls_layout(self):
        # Concentric circles layout algorithm
        total_balls = len(self.sub_balls)
        import math
        # 初始内圈半径设置紧凑（主球半径30 + 子球半径18 + 间隙）= 55
",""
"Variable:main.py:current_circle_radius","current_circle_radius","main.py",237,237,"        import math
        # 初始内圈半径设置紧凑（主球半径30 + 子球半径18 + 间隙）= 55
        current_circle_radius = 55
        balls_placed = 0
        
",""
"Variable:main.py:balls_placed","balls_placed","main.py",238,238,"        # 初始内圈半径设置紧凑（主球半径30 + 子球半径18 + 间隙）= 55
        current_circle_radius = 55
        balls_placed = 0
        
        while balls_placed < total_balls:
",""
"Variable:main.py:max_in_circle","max_in_circle","main.py",243,243,"            # Calculate max balls that can fit in the current circle
            # Assuming ball diameter + gap = ~45 pixels
            max_in_circle = max(1, int(2 * math.pi * current_circle_radius / 45))
            balls_in_this_circle = min(max_in_circle, total_balls - balls_placed)
            
",""
"Variable:main.py:balls_in_this_circle","balls_in_this_circle","main.py",244,244,"            # Assuming ball diameter + gap = ~45 pixels
            max_in_circle = max(1, int(2 * math.pi * current_circle_radius / 45))
            balls_in_this_circle = min(max_in_circle, total_balls - balls_placed)
            
            for i in range(balls_in_this_circle):
",""
"Variable:main.py:b","b","main.py",247,247,"            
            for i in range(balls_in_this_circle):
                b = self.sub_balls[balls_placed + i]
                b.default_radius = current_circle_radius
                b.radius = b.default_radius
",""
"Variable:main.py:any_visible","any_visible","main.py",260,260,"    def toggle_sub_balls(self):
        # When main ball is clicked, show/hide the surrounding sub balls
        any_visible = any(sb.isVisible() for sb in self.sub_balls)
        if any_visible:
            # Hide all sub balls and panels
",""
"Variable:main.py:ball_pos","ball_pos","main.py",312,312,"        self.clipboard_mgr.clean_missing_files()
        # Toggle clipboard panel near the sub-ball
        ball_pos = self.clipboard_ball.geometry()
        self.panel.toggle_visibility(ball_pos.x(), ball_pos.y())

",""
"Variable:main.py:val","val","main.py",322,322,"            import os
            import subprocess
            val = item.get(""value"", """")
            if item.get(""is_path"", False) or (os.path.exists(val) and val.endswith('.png')):
                if os.path.exists(val):
",""
"Variable:main.py:search_url","search_url","main.py",363,363,"        
        # Use Bing as default search engine
        search_url = ""https://www.bing.com/search?q="" + urllib.parse.quote(query)
        webbrowser.open(search_url)

",""
"Variable:main.py:fmt","fmt","main.py",392,392,"        self.record_ball.bg_color = QColor(50, 200, 50, 230) # Green indicating recording
        self.record_ball.update()
        fmt = self.options.get(""video_save_format"", ""mp4"")
        self.recorder_thread = ScreenRecorderThread(rect, self.video_save_path, save_format=fmt)
        self.recorder_thread.finished_recording.connect(self._on_recording_saved)
",""
"Variable:main.py:msg","msg","main.py",413,413,"        from PySide6.QtCore import QTimer
        # Show success toast or message, no blocking
        msg = QMessageBox(self.ball)
        msg.setWindowTitle(""\u5f55\u5c4f\u5b8c\u6210"") # 录屏完成
        msg.setText(f""\u89c6\u9891\u5df2\u4fdd\u5b58\u81f3:\n{path}"")
",""
"Variable:main.py:popup","popup","main.py",433,433,"        self._smart_screenshot_pending = True

        popup = QApplication.activePopupWidget()
        if popup:
            popup.close()
",""
"Variable:main.py:all_rects_global","all_rects_global","main.py",442,442,"                return

            all_rects_global = None
            virtual_left = 0
            virtual_top = 0
",""
"Variable:main.py:virtual_left","virtual_left","main.py",443,443,"
            all_rects_global = None
            virtual_left = 0
            virtual_top = 0
            try:
",""
"Variable:main.py:virtual_top","virtual_top","main.py",444,444,"            all_rects_global = None
            virtual_left = 0
            virtual_top = 0
            try:
                import win32api
",""
"Variable:main.py:background_image","background_image","main.py",450,450,"                nonlocal background_image
                if background_image is None:
                    background_image = ImageGrab.grab(all_screens=True)
                if pre_captured_rects is not None:
                    all_rects_global = pre_captured_rects
",""
"Variable:main.py:current","current","main.py",517,517,"
    def toggle_hide_ball_when_screenshot(self):
        current = self.options.get(""hide_ball_when_screenshot"", True)
        self.options[""hide_ball_when_screenshot""] = not current
        save_option(""hide_ball_when_screenshot"", self.options[""hide_ball_when_screenshot""])
",""
"Variable:main.py:new_val","new_val","main.py",556,556,"    def toggle_record_text(self):
        current = self.options.get(""record_text"", True)
        new_val = not current
        self.options[""record_text""] = new_val
        save_option(""record_text"", new_val)
",""
"Variable:main.py:old_custom_balls","old_custom_balls","main.py",653,653,"        
        # Delete old custom balls
        old_custom_balls = [sb for sb in self.sub_balls if hasattr(sb, 'custom_app_path')]
        for sb in old_custom_balls:
            if sb.isVisible():
",""
"Variable:main.py:cursor_pos","cursor_pos","main.py",741,741,"            # Open panel relative to current cursor position
            from PySide6.QtGui import QCursor
            cursor_pos = QCursor.pos()
            self.panel.toggle_visibility(cursor_pos.x(), cursor_pos.y())
        elif action_name == ""screenshot"":
",""
"Variable:main.py:mutex_name","mutex_name","main.py",780,780,"    import win32event
    import winerror
    mutex_name = ""DesktopAssistantUniqueMutex_1_0""
    mutex = win32event.CreateMutex(None, 1, mutex_name)
    if win32api.GetLastError() == winerror.ERROR_ALREADY_EXISTS:
",""
"Variable:main.py:mutex","mutex","main.py",781,781,"    import winerror
    mutex_name = ""DesktopAssistantUniqueMutex_1_0""
    mutex = win32event.CreateMutex(None, 1, mutex_name)
    if win32api.GetLastError() == winerror.ERROR_ALREADY_EXISTS:
        import ctypes
",""
"Variable:main.py:assistant","assistant","main.py",787,787,"        sys.exit(0)

    assistant = FloatingAssistant()
    sys.exit(assistant.run())

",""
"Variable:utils/path_helper.py:CONFIG_FILE","CONFIG_FILE","utils/path_helper.py",12,12,"        return os.path.dirname(os.path.dirname(os.path.abspath(__file__)))

CONFIG_FILE = os.path.join(get_base_dir(), ""config.json"")
",""
"Variable:utils/config.py:CONFIG_FILE","CONFIG_FILE","utils/config.py",4,4,"
from utils.path_helper import get_base_dir
CONFIG_FILE = os.path.join(get_base_dir(), ""config.json"")

DEFAULT_HOTKEYS = {
",""
"Variable:utils/config.py:DEFAULT_HOTKEYS","DEFAULT_HOTKEYS","utils/config.py",6,15,"CONFIG_FILE = os.path.join(get_base_dir(), ""config.json"")

DEFAULT_HOTKEYS = {
    ""clipboard"": ""ctrl+shift+v"",
    ""screenshot"": ""win+shift+s"",
    ""smart_screenshot"": ""ctrl+shift+s"",
    ""notebook"": ""ctrl+shift+n"",
    ""toggle_ball"": ""ctrl+shift+b"",
    ""record"": ""ctrl+shift+r"",
    ""search"": ""ctrl+shift+f"",
    ""recent"": """"
}

DEFAULT_OPTIONS = {
",""
"Variable:utils/config.py:DEFAULT_OPTIONS","DEFAULT_OPTIONS","utils/config.py",17,47,"}

DEFAULT_OPTIONS = {
    ""hide_ball_when_screenshot"": True,
    ""clipboard_max_items"": 20,
    ""clipboard_tracking_enabled"": True,
    ""video_save_path"": """",
    ""picture_save_path"": """",
    ""clipboard_max_images"": 20,
    ""clipboard_content_type"": ""both"",
    ""browser_path"": ""msedge"",
    ""enable_clipboard_ball"": True,
    ""enable_screenshot_ball"": True,
    ""enable_notebook_ball"": True,
    ""enable_smart_screenshot_ball"": True,
    ""enable_record_ball"": True,
    ""enable_search_ball"": True,
    ""enable_recent_ball"": True,
    ""clipboard_tracking_enabled"": True,
    ""clipboard_max_items"": 20,
    ""clipboard_max_images"": 20,
    ""record_text"": True,
    ""record_image"": True,
    ""hide_ball_when_screenshot"": True,
    ""video_save_path"": """",
    ""video_save_format"": ""mp4"",
    ""picture_save_path"": """",
    ""custom_apps"": [],
    ""recent_tracking_enabled"": True,
    ""recent_max_items"": 30,
    ""recent_excluded_extensions"": {},
    ""recent_extension_visibility"": {}
}

def load_config():
",""
"Variable:utils/config.py:config","config","utils/config.py",55,55,"    try:
        with open(CONFIG_FILE, ""r"", encoding=""utf-8"") as f:
            config = json.load(f)
            
            # Merge with defaults in case new keys were added in later versions
",""
"Variable:utils/config.py:hotkeys","hotkeys","utils/config.py",58,58,"            
            # Merge with defaults in case new keys were added in later versions
            hotkeys = config.get(""hotkeys"", {})
            for k, v in DEFAULT_HOTKEYS.items():
                if k not in hotkeys:
",""
"Variable:utils/config.py:options","options","utils/config.py",63,63,"                    hotkeys[k] = v

            options = config.get(""options"", {})
            for k, v in DEFAULT_OPTIONS.items():
                if k not in options:
",""
"Variable:ui/sub_ball.py:clicked","clicked","ui/sub_ball.py",6,6,"
class SubBall(QWidget):
    clicked = Signal()
    position_changed = Signal(int, int)

",""
"Variable:ui/sub_ball.py:position_changed","position_changed","ui/sub_ball.py",7,7,"class SubBall(QWidget):
    clicked = Signal()
    position_changed = Signal(int, int)

    def __init__(self, main_ball, text="""", radius=80, angle=math.pi * 1.25, tooltip=""Clipboard"", bg_color=None, icon=None):
",""
"Variable:ui/sub_ball.py:painter","painter","ui/sub_ball.py",40,40,"    def paintEvent(self, event):
        from PySide6.QtGui import QRadialGradient
        painter = QPainter(self)
        painter.setRenderHint(QPainter.Antialiasing)
        
",""
"Variable:ui/sub_ball.py:lighter","lighter","ui/sub_ball.py",47,47,"        
        # Lighter top-left
        lighter = QColor(min(255, r + 40), min(255, g + 40), min(255, b + 40), a)
        # Darker bottom-right
        darker = QColor(max(0, r - 20), max(0, g - 20), max(0, b - 20), a)
",""
"Variable:ui/sub_ball.py:darker","darker","ui/sub_ball.py",49,49,"        lighter = QColor(min(255, r + 40), min(255, g + 40), min(255, b + 40), a)
        # Darker bottom-right
        darker = QColor(max(0, r - 20), max(0, g - 20), max(0, b - 20), a)
        
        gradient = QRadialGradient(self.width() / 3, self.height() / 3, self.width() * 0.8)
",""
"Variable:ui/sub_ball.py:gradient","gradient","ui/sub_ball.py",51,51,"        darker = QColor(max(0, r - 20), max(0, g - 20), max(0, b - 20), a)
        
        gradient = QRadialGradient(self.width() / 3, self.height() / 3, self.width() * 0.8)
        gradient.setColorAt(0, lighter)
        gradient.setColorAt(1, darker)
",""
"Variable:ui/sub_ball.py:font","font","ui/sub_ball.py",61,61,"        # Draw icon/text
        painter.setPen(Qt.white)
        font = QFont()
        font.setPointSize(10) # 稍微调小字体以适应更小的球
        font.setBold(True)
",""
"Variable:ui/sub_ball.py:pixmap","pixmap","ui/sub_ball.py",66,66,"        painter.setFont(font)
        if hasattr(self, 'icon') and self.icon and not self.icon.isNull():
            pixmap = self.icon.pixmap(20, 20)
            if not pixmap.isNull():
                painter.drawPixmap((self.width() - 20) // 2, (self.height() - 20) // 2, pixmap)
",""
"Variable:ui/sub_ball.py:mx","mx","ui/sub_ball.py",81,81,"    def update_position_from_main(self):
        # Calculate center of main ball
        mx = self.main_ball.x() + self.main_ball.width() / 2
        my = self.main_ball.y() + self.main_ball.height() / 2
        
",""
"Variable:ui/sub_ball.py:my","my","ui/sub_ball.py",82,82,"        # Calculate center of main ball
        mx = self.main_ball.x() + self.main_ball.width() / 2
        my = self.main_ball.y() + self.main_ball.height() / 2
        
        # Calculate my center based on angle and radius
",""
"Variable:ui/sub_ball.py:cx","cx","ui/sub_ball.py",85,85,"        
        # Calculate my center based on angle and radius
        cx = mx + self.radius * math.cos(self.angle)
        cy = my + self.radius * math.sin(self.angle)
        
",""
"Variable:ui/sub_ball.py:cy","cy","ui/sub_ball.py",86,86,"        # Calculate my center based on angle and radius
        cx = mx + self.radius * math.cos(self.angle)
        cy = my + self.radius * math.sin(self.angle)
        
        # Set top-left position
",""
"Variable:ui/sub_ball.py:new_global_pos","new_global_pos","ui/sub_ball.py",112,112,"        if self._is_dragging and event.buttons() & Qt.LeftButton:
            self._has_moved = True
            new_global_pos = event.globalPos() - self._drag_start_pos
            
            # My new center
",""
"Variable:ui/sub_ball.py:scx","scx","ui/sub_ball.py",115,115,"            
            # My new center
            scx = new_global_pos.x() + self.width() / 2
            scy = new_global_pos.y() + self.height() / 2
            
",""
"Variable:ui/sub_ball.py:scy","scy","ui/sub_ball.py",116,116,"            # My new center
            scx = new_global_pos.x() + self.width() / 2
            scy = new_global_pos.y() + self.height() / 2
            
            # Main ball center
",""
"Variable:ui/sub_ball.py:dx","dx","ui/sub_ball.py",123,123,"            
            # Calculate new angle and radius
            dx = scx - mx
            dy = scy - my
            dist = math.hypot(dx, dy)
",""
"Variable:ui/sub_ball.py:dy","dy","ui/sub_ball.py",124,124,"            # Calculate new angle and radius
            dx = scx - mx
            dy = scy - my
            dist = math.hypot(dx, dy)
            
",""
"Variable:ui/sub_ball.py:dist","dist","ui/sub_ball.py",125,125,"            dx = scx - mx
            dy = scy - my
            dist = math.hypot(dx, dy)
            
            # Clamp distance (keep it around the main ball)
",""
"Variable:ui/sub_ball.py:min_radius","min_radius","ui/sub_ball.py",130,130,"            # Main ball is 60x60, Sub ball is 36x36
            # 最小半径 = 30 + 18 + 5 = 53 (紧挨着+5像素间隙)
            min_radius = self.main_ball.width() / 2 + self.width() / 2 + 5 
            # 最大半径 = 缩小为 120，防止脱离太远
            max_radius = 150 
",""
"Variable:ui/sub_ball.py:max_radius","max_radius","ui/sub_ball.py",132,132,"            min_radius = self.main_ball.width() / 2 + self.width() / 2 + 5 
            # 最大半径 = 缩小为 120，防止脱离太远
            max_radius = 150 
            clamped_dist = max(min_radius, min(dist, max_radius))
            
",""
"Variable:ui/sub_ball.py:clamped_dist","clamped_dist","ui/sub_ball.py",133,133,"            # 最大半径 = 缩小为 120，防止脱离太远
            max_radius = 150 
            clamped_dist = max(min_radius, min(dist, max_radius))
            
            if dist != 0:
",""
"Variable:ui/sub_ball.py:min_dist_between","min_dist_between","ui/sub_ball.py",140,140,"                
                if hasattr(self, 'siblings'):
                    min_dist_between = self.width() + 5
                    self._resolve_overlap(mx, my, min_dist_between)
                
",""
"Variable:ui/sub_ball.py:visited","visited","ui/sub_ball.py",148,148,"    def _resolve_overlap(self, mx, my, min_dist, visited=None):
        if visited is None:
            visited = set()
        visited.add(self)
        
",""
"Variable:ui/sub_ball.py:my_cx","my_cx","ui/sub_ball.py",155,155,"                continue
            
            my_cx = mx + self.radius * math.cos(self.angle)
            my_cy = my + self.radius * math.sin(self.angle)
            
",""
"Variable:ui/sub_ball.py:my_cy","my_cy","ui/sub_ball.py",156,156,"            
            my_cx = mx + self.radius * math.cos(self.angle)
            my_cy = my + self.radius * math.sin(self.angle)
            
            sib_cx = mx + sib.radius * math.cos(sib.angle)
",""
"Variable:ui/sub_ball.py:sib_cx","sib_cx","ui/sub_ball.py",158,158,"            my_cy = my + self.radius * math.sin(self.angle)
            
            sib_cx = mx + sib.radius * math.cos(sib.angle)
            sib_cy = my + sib.radius * math.sin(sib.angle)
            
",""
"Variable:ui/sub_ball.py:sib_cy","sib_cy","ui/sub_ball.py",159,159,"            
            sib_cx = mx + sib.radius * math.cos(sib.angle)
            sib_cy = my + sib.radius * math.sin(sib.angle)
            
            actual_dist = math.hypot(sib_cx - my_cx, sib_cy - my_cy)
",""
"Variable:ui/sub_ball.py:actual_dist","actual_dist","ui/sub_ball.py",161,161,"            sib_cy = my + sib.radius * math.sin(sib.angle)
            
            actual_dist = math.hypot(sib_cx - my_cx, sib_cy - my_cy)
            if actual_dist < min_dist:
                angle_diff = sib.angle - self.angle
",""
"Variable:ui/sub_ball.py:angle_diff","angle_diff","ui/sub_ball.py",163,163,"            actual_dist = math.hypot(sib_cx - my_cx, sib_cy - my_cy)
            if actual_dist < min_dist:
                angle_diff = sib.angle - self.angle
                # Normalize between -pi and pi
                angle_diff = (angle_diff + math.pi) % (2 * math.pi) - math.pi
",""
"Variable:ui/sub_ball.py:push_dir","push_dir","ui/sub_ball.py",169,169,"                    angle_diff = 0.01
                
                push_dir = 1 if angle_diff >= 0 else -1
                
                # Approximate the angle shift needed based on arc length = r * theta
",""
"Variable:ui/sub_ball.py:angle_needed","angle_needed","ui/sub_ball.py",173,173,"                # Approximate the angle shift needed based on arc length = r * theta
                # min_dist is the chord, angle_needed ~ min_dist / radius
                angle_needed = (min_dist / max(sib.radius, 1)) * 1.1 # 增加10%余量防止精度问题
                
                sib.angle = self.angle + push_dir * angle_needed
",""
"Variable:ui/settings.py:focus_in","focus_in","ui/settings.py",9,9,"
class HotkeyLineEdit(QLineEdit):
    focus_in = Signal()
    focus_out = Signal()
    
",""
"Variable:ui/settings.py:focus_out","focus_out","ui/settings.py",10,10,"class HotkeyLineEdit(QLineEdit):
    focus_in = Signal()
    focus_out = Signal()
    
    def __init__(self, parent=None):
",""
"Variable:ui/settings.py:key","key","ui/settings.py",37,37,"        
    def keyPressEvent(self, event: QKeyEvent):
        key = event.key()
        modifiers = event.modifiers()
        if key == Qt.Key_unknown: return
",""
"Variable:ui/settings.py:modifiers","modifiers","ui/settings.py",38,38,"    def keyPressEvent(self, event: QKeyEvent):
        key = event.key()
        modifiers = event.modifiers()
        if key == Qt.Key_unknown: return

",""
"Variable:ui/settings.py:mods","mods","ui/settings.py",41,41,"        if key == Qt.Key_unknown: return

        mods = []
        if modifiers & Qt.ControlModifier: mods.append(""ctrl"")
        if modifiers & Qt.AltModifier: mods.append(""alt"")
",""
"Variable:ui/settings.py:key_str","key_str","ui/settings.py",47,47,"        if modifiers & Qt.MetaModifier: mods.append(""windows"")

        key_str = """"
        if Qt.Key_A <= key <= Qt.Key_Z: key_str = chr(key).lower()
        elif Qt.Key_0 <= key <= Qt.Key_9: key_str = chr(key)
",""
"Variable:ui/settings.py:hotkey_text","hotkey_text","ui/settings.py",73,73,"        if key_str: mods.append(key_str)
            
        hotkey_text = ""+"".join(mods)
        if key_str:
            self.setText(hotkey_text)
",""
"Variable:ui/settings.py:text_changed","text_changed","ui/settings.py",86,86,"
class HotkeyRow(QWidget):
    text_changed = Signal(str, str)
    focus_in = Signal()
    focus_out = Signal()
",""
"Variable:ui/settings.py:settings_saved","settings_saved","ui/settings.py",157,157,"
class SettingsDialog(QDialog):
    settings_saved = Signal(dict) # Emits updated options

    def __init__(self, options, hotkey_mgr, clipboard_mgr=None, recent_mgr=None, parent=None):
",""
"Variable:ui/settings.py:main_layout","main_layout","ui/settings.py",242,242,"        
    def init_ui(self):
        main_layout = QVBoxLayout(self)
        main_layout.setContentsMargins(15, 15, 15, 15)
        
",""
"Variable:ui/settings.py:btn","btn","ui/settings.py",249,249,"        # Helper for Restore Default Buttons
        def create_restore_btn(callback):
            btn = QPushButton(""恢复默认"") # 恢复默认设置
            btn.setStyleSheet(""padding: 6px 16px; font-size: 13px; border: 1px solid #cbd5e1; background-color: #f8fafc; color: #475569; border-radius: 6px; font-weight: bold;"")
            btn.setCursor(Qt.PointingHandCursor)
",""
"Variable:ui/settings.py:layout","layout","ui/settings.py",254,254,"            btn.clicked.connect(callback)
            
            layout = QHBoxLayout()
            layout.addStretch()
            layout.addWidget(btn)
",""
"Variable:ui/settings.py:gen_layout","gen_layout","ui/settings.py",261,261,"        # --- Tab 1: General ---
        self.tab_general = QWidget()
        gen_layout = QVBoxLayout(self.tab_general)
        gen_layout.setSpacing(15)
        
",""
"Variable:ui/settings.py:clip_layout","clip_layout","ui/settings.py",275,275,"        # --- Tab 2: Clipboard ---
        self.tab_clipboard = QWidget()
        clip_layout = QVBoxLayout(self.tab_clipboard)
        clip_layout.setSpacing(15)
        
",""
"Variable:ui/settings.py:limit_layout","limit_layout","ui/settings.py",283,283,"        clip_layout.addWidget(self.chk_clip_tracking)
        
        limit_layout = QHBoxLayout()
        limit_label = QLabel(""最大条数:"") # 剪贴板历史最大条数:
        self.spin_limit = QSpinBox()
",""
"Variable:ui/settings.py:limit_label","limit_label","ui/settings.py",284,284,"        
        limit_layout = QHBoxLayout()
        limit_label = QLabel(""最大条数:"") # 剪贴板历史最大条数:
        self.spin_limit = QSpinBox()
        self.spin_limit.setRange(1, 999)
",""
"Variable:ui/settings.py:pic_layout","pic_layout","ui/settings.py",295,295,"        clip_layout.addLayout(limit_layout)
        
        pic_layout = QHBoxLayout()
        pic_label = QLabel(""图片缓存目录:"") # 图片缓存目录:
        self.pic_path_input = QLineEdit(self.current_options.get(""picture_save_path"", """"))
",""
"Variable:ui/settings.py:pic_label","pic_label","ui/settings.py",296,296,"        
        pic_layout = QHBoxLayout()
        pic_label = QLabel(""图片缓存目录:"") # 图片缓存目录:
        self.pic_path_input = QLineEdit(self.current_options.get(""picture_save_path"", """"))
        self.pic_path_input.setReadOnly(True)
",""
"Variable:ui/settings.py:btn_browse_pic","btn_browse_pic","ui/settings.py",300,300,"        self.pic_path_input.setReadOnly(True)
        self.pic_path_input.setStyleSheet(""padding: 6px 10px; border: 1px solid #cbd5e1; border-radius: 6px; background-color: #f8fafc; color: #64748b;"")
        btn_browse_pic = QPushButton(""浏览..."") # 浏览...
        btn_browse_pic.setStyleSheet(""padding: 6px 14px; background-color: #e2e8f0; color: #334155; border: 1px solid #cbd5e1; border-radius: 6px; font-weight: bold;"")
        btn_browse_pic.clicked.connect(self._browse_pic_path)
",""
"Variable:ui/settings.py:pic_limit_layout","pic_limit_layout","ui/settings.py",308,308,"        clip_layout.addLayout(pic_layout)
        
        pic_limit_layout = QHBoxLayout()
        pic_limit_label = QLabel(""图片缓存最大张数:"") # 图片缓存最大张数:
        self.spin_pic_limit = QSpinBox()
",""
"Variable:ui/settings.py:pic_limit_label","pic_limit_label","ui/settings.py",309,309,"        
        pic_limit_layout = QHBoxLayout()
        pic_limit_label = QLabel(""图片缓存最大张数:"") # 图片缓存最大张数:
        self.spin_pic_limit = QSpinBox()
        self.spin_pic_limit.setRange(1, 999)
",""
"Variable:ui/settings.py:video_tab_layout","video_tab_layout","ui/settings.py",325,325,"        # --- Tab 3: Video ---
        self.tab_video = QWidget()
        video_tab_layout = QVBoxLayout(self.tab_video)
        video_tab_layout.setSpacing(15)
        
",""
"Variable:ui/settings.py:video_layout","video_layout","ui/settings.py",328,328,"        video_tab_layout.setSpacing(15)
        
        video_layout = QHBoxLayout()
        video_label = QLabel(""保存目录:"") # 录屏保存目录:
        self.video_path_input = QLineEdit(self.current_options.get(""video_save_path"", """"))
",""
"Variable:ui/settings.py:video_label","video_label","ui/settings.py",329,329,"        
        video_layout = QHBoxLayout()
        video_label = QLabel(""保存目录:"") # 录屏保存目录:
        self.video_path_input = QLineEdit(self.current_options.get(""video_save_path"", """"))
        self.video_path_input.setReadOnly(True)
",""
"Variable:ui/settings.py:btn_browse_video","btn_browse_video","ui/settings.py",333,333,"        self.video_path_input.setReadOnly(True)
        self.video_path_input.setStyleSheet(""padding: 6px 10px; border: 1px solid #cbd5e1; border-radius: 6px; background-color: #f8fafc; color: #64748b;"")
        btn_browse_video = QPushButton(""浏览..."") # 浏览...
        btn_browse_video.setStyleSheet(""padding: 6px 14px; background-color: #e2e8f0; color: #334155; border: 1px solid #cbd5e1; border-radius: 6px; font-weight: bold;"")
        btn_browse_video.clicked.connect(self._browse_video_path)
",""
"Variable:ui/settings.py:format_layout","format_layout","ui/settings.py",341,341,"        video_tab_layout.addLayout(video_layout)
        
        format_layout = QHBoxLayout()
        format_label = QLabel(""保存格式:"")
        self.combo_video_format = QComboBox()
",""
"Variable:ui/settings.py:format_label","format_label","ui/settings.py",342,342,"        
        format_layout = QHBoxLayout()
        format_label = QLabel(""保存格式:"")
        self.combo_video_format = QComboBox()
        self.combo_video_format.addItems([""mp4"", ""webm""])
",""
"Variable:ui/settings.py:current_fmt","current_fmt","ui/settings.py",345,345,"        self.combo_video_format = QComboBox()
        self.combo_video_format.addItems([""mp4"", ""webm""])
        current_fmt = self.current_options.get(""video_save_format"", ""mp4"").lower()
        if current_fmt in [""mp4"", ""webm""]:
            self.combo_video_format.setCurrentText(current_fmt)
",""
"Variable:ui/settings.py:recent_layout","recent_layout","ui/settings.py",364,364,"        # --- Tab 4: Recent Files ---
        self.tab_recent = QWidget()
        recent_layout = QVBoxLayout(self.tab_recent)
        recent_layout.setSpacing(15)
        
",""
"Variable:ui/settings.py:recent_limit_layout","recent_limit_layout","ui/settings.py",372,372,"        recent_layout.addWidget(self.chk_recent_tracking)
        
        recent_limit_layout = QHBoxLayout()
        recent_limit_label = QLabel(""最大条数:"") # 最近使用最大条数:
        self.spin_recent_limit = QSpinBox()
",""
"Variable:ui/settings.py:recent_limit_label","recent_limit_label","ui/settings.py",373,373,"        
        recent_limit_layout = QHBoxLayout()
        recent_limit_label = QLabel(""最大条数:"") # 最近使用最大条数:
        self.spin_recent_limit = QSpinBox()
        self.spin_recent_limit.setRange(1, 999)
",""
"Variable:ui/settings.py:recent_btn_layout","recent_btn_layout","ui/settings.py",384,384,"        recent_layout.addLayout(recent_limit_layout)
        
        recent_btn_layout = QHBoxLayout()
        btn_manage_excluded = QPushButton(""禁止记录管理"") # 管理禁止记录...
        btn_manage_excluded.setStyleSheet(""padding: 6px 14px; background-color: #ef4444; color: white; border-radius: 6px; font-weight: bold;"")
",""
"Variable:ui/settings.py:btn_manage_excluded","btn_manage_excluded","ui/settings.py",385,385,"        
        recent_btn_layout = QHBoxLayout()
        btn_manage_excluded = QPushButton(""禁止记录管理"") # 管理禁止记录...
        btn_manage_excluded.setStyleSheet(""padding: 6px 14px; background-color: #ef4444; color: white; border-radius: 6px; font-weight: bold;"")
        btn_manage_excluded.clicked.connect(self._open_recent_excluded_dialog)
",""
"Variable:ui/settings.py:hk_layout","hk_layout","ui/settings.py",399,399,"        # --- Tab 5: Hotkeys ---
        self.tab_hotkeys = QWidget()
        hk_layout = QVBoxLayout(self.tab_hotkeys)
        hk_layout.setSpacing(5)
        
",""
"Variable:ui/settings.py:feat_main_layout","feat_main_layout","ui/settings.py",424,424,"        # --- Tab 6: Features ---
        self.tab_features = QWidget()
        feat_main_layout = QHBoxLayout(self.tab_features)
        feat_main_layout.setSpacing(15)
        
",""
"Variable:ui/settings.py:left_panel","left_panel","ui/settings.py",428,428,"        
        # Left Panel (System Features)
        left_panel = QWidget()
        left_layout = QVBoxLayout(left_panel)
        left_layout.setContentsMargins(0, 0, 0, 0)
",""
"Variable:ui/settings.py:left_layout","left_layout","ui/settings.py",429,429,"        # Left Panel (System Features)
        left_panel = QWidget()
        left_layout = QVBoxLayout(left_panel)
        left_layout.setContentsMargins(0, 0, 0, 0)
        
",""
"Variable:ui/settings.py:lbl_sys","lbl_sys","ui/settings.py",432,432,"        left_layout.setContentsMargins(0, 0, 0, 0)
        
        lbl_sys = QLabel(""系统功能"") # 系统功能
        lbl_sys.setStyleSheet(""font-weight: bold; font-size: 14px;"")
        
",""
"Variable:ui/settings.py:sys_scroll","sys_scroll","ui/settings.py",441,441,"        
        from PySide6.QtWidgets import QScrollArea
        sys_scroll = QScrollArea()
        sys_scroll.setWidgetResizable(True)
        sys_scroll.setStyleSheet(""QScrollArea { border: 1px solid #e2e8f0; border-radius: 6px; background: white; }"")
",""
"Variable:ui/settings.py:chk","chk","ui/settings.py",463,463,"        self.sys_feature_widgets = []
        for key, name in self.features_map:
            chk = QCheckBox(f""{name}"") 
            chk.setChecked(self.current_options.get(key, True))
            chk.stateChanged.connect(self._on_feature_changed)
",""
"Variable:ui/settings.py:right_panel","right_panel","ui/settings.py",478,478,"
        # Right Panel (Custom Features)
        right_panel = QWidget()
        right_layout = QVBoxLayout(right_panel)
        right_layout.setContentsMargins(0, 0, 0, 0)
",""
"Variable:ui/settings.py:right_layout","right_layout","ui/settings.py",479,479,"        # Right Panel (Custom Features)
        right_panel = QWidget()
        right_layout = QVBoxLayout(right_panel)
        right_layout.setContentsMargins(0, 0, 0, 0)
        
",""
"Variable:ui/settings.py:lbl_custom","lbl_custom","ui/settings.py",482,482,"        right_layout.setContentsMargins(0, 0, 0, 0)
        
        lbl_custom = QLabel(""自定义软件快捷启动"") # 自定义软件快捷启动
        lbl_custom.setStyleSheet(""font-weight: bold; font-size: 14px;"")
        
",""
"Variable:ui/settings.py:custom_scroll","custom_scroll","ui/settings.py",490,490,"        self.custom_search.textChanged.connect(self._filter_custom_features)
        
        custom_scroll = QScrollArea()
        custom_scroll.setWidgetResizable(True)
        custom_scroll.setStyleSheet(""QScrollArea { border: 1px solid #e2e8f0; border-radius: 6px; background: white; }"")
",""
"Variable:ui/settings.py:btn_add_app","btn_add_app","ui/settings.py",504,504,"        custom_scroll.setWidget(self.custom_content)
        
        btn_add_app = QPushButton(""添加新功能"") # 添加新功能
        btn_add_app.setStyleSheet(""padding: 6px 14px; background-color: #3b82f6; color: white; border-radius: 6px; font-weight: bold;"")
        btn_add_app.clicked.connect(self._add_custom_app_dialog)
",""
"Variable:ui/settings.py:item","item","ui/settings.py",531,531,"        # Clear layout
        while self.custom_content_layout.count():
            item = self.custom_content_layout.takeAt(0)
            if item.widget():
                item.widget().deleteLater()
",""
"Variable:ui/settings.py:custom_apps","custom_apps","ui/settings.py",536,536,"        self.custom_feature_widgets.clear()
        
        custom_apps = self.current_options.get(""custom_apps"", [])
        for i, app in enumerate(custom_apps):
            row = QWidget()
",""
"Variable:ui/settings.py:row","row","ui/settings.py",538,538,"        custom_apps = self.current_options.get(""custom_apps"", [])
        for i, app in enumerate(custom_apps):
            row = QWidget()
            row_layout = QHBoxLayout(row)
            row_layout.setContentsMargins(5, 5, 5, 5)
",""
"Variable:ui/settings.py:row_layout","row_layout","ui/settings.py",539,539,"        for i, app in enumerate(custom_apps):
            row = QWidget()
            row_layout = QHBoxLayout(row)
            row_layout.setContentsMargins(5, 5, 5, 5)
            
",""
"Variable:ui/settings.py:btn_del","btn_del","ui/settings.py",548,548,"            chk.stateChanged.connect(lambda state, idx=i: self._on_custom_app_toggled(idx, state))
            
            btn_del = QPushButton(""×"")
            btn_del.setFixedSize(20, 20)
            btn_del.setStyleSheet(""QPushButton { border-radius: 10px; background-color: #f87171; color: white; font-weight: bold; } QPushButton:hover { background-color: #ef4444; }"")
",""
"Variable:ui/settings.py:dialog","dialog","ui/settings.py",570,570,"
    def _add_custom_app_dialog(self):
        dialog = QDialog(self)
        dialog.setWindowTitle(""添加快捷启动软件"") # 添加自定义软件
        dialog.setFixedSize(400, 180)
",""
"Variable:ui/settings.py:name_layout","name_layout","ui/settings.py",577,577,"        layout = QVBoxLayout(dialog)
        
        name_layout = QHBoxLayout()
        name_layout.addWidget(QLabel(""软件名称:"")) # 程序名称:
        input_name = QLineEdit()
",""
"Variable:ui/settings.py:input_name","input_name","ui/settings.py",579,579,"        name_layout = QHBoxLayout()
        name_layout.addWidget(QLabel(""软件名称:"")) # 程序名称:
        input_name = QLineEdit()
        input_name.setStyleSheet(""padding: 6px; border: 1px solid #cbd5e1; border-radius: 4px; background-color: #f8fafc; color: #0f172a;"")
        name_layout.addWidget(input_name)
",""
"Variable:ui/settings.py:path_layout","path_layout","ui/settings.py",584,584,"        layout.addLayout(name_layout)
        
        path_layout = QHBoxLayout()
        path_layout.addWidget(QLabel(""软件路径:"")) # 程序路径:
        input_path = QLineEdit()
",""
"Variable:ui/settings.py:input_path","input_path","ui/settings.py",586,586,"        path_layout = QHBoxLayout()
        path_layout.addWidget(QLabel(""软件路径:"")) # 程序路径:
        input_path = QLineEdit()
        input_path.setStyleSheet(""padding: 6px; border: 1px solid #cbd5e1; border-radius: 4px; background-color: #f8fafc; color: #0f172a;"")
        btn_browse = QPushButton(""浏览..."") # 浏览...
",""
"Variable:ui/settings.py:btn_browse","btn_browse","ui/settings.py",588,588,"        input_path = QLineEdit()
        input_path.setStyleSheet(""padding: 6px; border: 1px solid #cbd5e1; border-radius: 4px; background-color: #f8fafc; color: #0f172a;"")
        btn_browse = QPushButton(""浏览..."") # 浏览...
        btn_browse.setStyleSheet(""padding: 6px 12px; background: #f1f5f9; border: 1px solid #cbd5e1; border-radius: 4px; color: #0f172a;"")
        
",""
"Variable:ui/settings.py:btn_layout","btn_layout","ui/settings.py",606,606,"        layout.addStretch()
        
        btn_layout = QHBoxLayout()
        btn_ok = QPushButton(""确定"") # 确定
        btn_ok.setStyleSheet(""padding: 8px 20px; background: #3b82f6; color: white; border-radius: 4px; font-weight: bold;"")
",""
"Variable:ui/settings.py:btn_ok","btn_ok","ui/settings.py",607,607,"        
        btn_layout = QHBoxLayout()
        btn_ok = QPushButton(""确定"") # 确定
        btn_ok.setStyleSheet(""padding: 8px 20px; background: #3b82f6; color: white; border-radius: 4px; font-weight: bold;"")
        btn_cancel = QPushButton(""取消"") # 取消
",""
"Variable:ui/settings.py:btn_cancel","btn_cancel","ui/settings.py",609,609,"        btn_ok = QPushButton(""确定"") # 确定
        btn_ok.setStyleSheet(""padding: 8px 20px; background: #3b82f6; color: white; border-radius: 4px; font-weight: bold;"")
        btn_cancel = QPushButton(""取消"") # 取消
        btn_cancel.setStyleSheet(""padding: 8px 20px; background: #e2e8f0; color: #334155; border-radius: 4px; font-weight: bold;"")
        
",""
"Variable:ui/settings.py:name","name","ui/settings.py",621,621,"        
        if dialog.exec() == QDialog.Accepted:
            name = input_name.text().strip()
            path = input_path.text().strip()
            if name and path:
",""
"Variable:ui/settings.py:path","path","ui/settings.py",622,622,"        if dialog.exec() == QDialog.Accepted:
            name = input_name.text().strip()
            path = input_path.text().strip()
            if name and path:
                custom_apps = self.current_options.get(""custom_apps"", [])
",""
"Variable:ui/settings.py:old_path","old_path","ui/settings.py",651,651,"        import os
        import shutil
        old_path = self.current_options.get(""picture_save_path"", """")
        if not old_path:
            from utils.path_helper import get_base_dir
",""
"Variable:ui/settings.py:reply","reply","ui/settings.py",660,660,"            if os.path.normpath(path) != os.path.normpath(old_path):
                if os.path.exists(old_path) and os.path.isdir(old_path) and os.listdir(old_path):
                    reply = QMessageBox.question(self, ""\u6e05\u7406\u65e7\u76ee\u5f55"", f""\u662f\u5426\u5220\u9664\u65e7\u76ee\u5f55\u4e0b\u7684\u6240\u6709\u6587\u4ef6\uff1f\n({old_path})"", QMessageBox.Yes | QMessageBox.No, QMessageBox.No)
                    if reply == QMessageBox.Yes:
                        for filename in os.listdir(old_path):
",""
"Variable:ui/settings.py:filepath","filepath","ui/settings.py",663,663,"                    if reply == QMessageBox.Yes:
                        for filename in os.listdir(old_path):
                            filepath = os.path.join(old_path, filename)
                            try:
                                if os.path.isfile(filepath):
",""
"Variable:ui/settings.py:default_video_path","default_video_path","ui/settings.py",714,714,"        from utils.path_helper import get_base_dir
        
        default_video_path = os.path.join(get_base_dir(), ""video"")
        self.video_path_input.setText(default_video_path)
        self.current_options[""video_save_path""] = default_video_path
",""
"Variable:ui/settings.py:new_val","new_val","ui/settings.py",726,726,"
    def _on_clipboard_limit_editing_finished(self):
        new_val = self.spin_limit.value()
        old_val = self.current_options.get(""clipboard_max_items"", 20)
        
",""
"Variable:ui/settings.py:old_val","old_val","ui/settings.py",727,727,"    def _on_clipboard_limit_editing_finished(self):
        new_val = self.spin_limit.value()
        old_val = self.current_options.get(""clipboard_max_items"", 20)
        
        if new_val == old_val:
",""
"Variable:ui/settings.py:current_history_len","current_history_len","ui/settings.py",733,733,"            
        if getattr(self, 'clipboard_mgr', None) is not None:
            current_history_len = len(self.clipboard_mgr.get_history())
            if new_val < current_history_len:
                reply = QMessageBox.question(self, ""确认修改"", 
",""
"Variable:ui/settings.py:val_tracking","val_tracking","ui/settings.py",760,760,"        self.spin_pic_limit.blockSignals(True)
        
        val_tracking = DEFAULT_OPTIONS.get(""clipboard_tracking_enabled"", True)
        val_max = DEFAULT_OPTIONS.get(""clipboard_max_items"", 20)
        val_pic_max = DEFAULT_OPTIONS.get(""clipboard_max_images"", 20)
",""
"Variable:ui/settings.py:val_max","val_max","ui/settings.py",761,761,"        
        val_tracking = DEFAULT_OPTIONS.get(""clipboard_tracking_enabled"", True)
        val_max = DEFAULT_OPTIONS.get(""clipboard_max_items"", 20)
        val_pic_max = DEFAULT_OPTIONS.get(""clipboard_max_images"", 20)
        default_pic_path = os.path.join(get_base_dir(), ""picture"")
",""
"Variable:ui/settings.py:val_pic_max","val_pic_max","ui/settings.py",762,762,"        val_tracking = DEFAULT_OPTIONS.get(""clipboard_tracking_enabled"", True)
        val_max = DEFAULT_OPTIONS.get(""clipboard_max_items"", 20)
        val_pic_max = DEFAULT_OPTIONS.get(""clipboard_max_images"", 20)
        default_pic_path = os.path.join(get_base_dir(), ""picture"")
        
",""
"Variable:ui/settings.py:default_pic_path","default_pic_path","ui/settings.py",763,763,"        val_max = DEFAULT_OPTIONS.get(""clipboard_max_items"", 20)
        val_pic_max = DEFAULT_OPTIONS.get(""clipboard_max_images"", 20)
        default_pic_path = os.path.join(get_base_dir(), ""picture"")
        
        self.chk_clip_tracking.setChecked(val_tracking)
",""
"Variable:ui/settings.py:current_excluded","current_excluded","ui/settings.py",809,809,"    def _open_recent_excluded_dialog(self):
        from ui.recent_dialogs import ExcludedExtensionsDialog
        current_excluded = self.current_options.get(""recent_excluded_extensions"", {})
        dialog = ExcludedExtensionsDialog(current_excluded, self)
        if dialog.exec() == ExcludedExtensionsDialog.Accepted:
",""
"Variable:ui/settings.py:new_excluded","new_excluded","ui/settings.py",812,812,"        dialog = ExcludedExtensionsDialog(current_excluded, self)
        if dialog.exec() == ExcludedExtensionsDialog.Accepted:
            new_excluded = dialog.get_excluded_extensions()
            self.current_options[""recent_excluded_extensions""] = new_excluded
            self._auto_save_options()
",""
"Variable:ui/settings.py:val_excl","val_excl","ui/settings.py",824,824,"        val_tracking = DEFAULT_OPTIONS.get(""recent_tracking_enabled"", True)
        val_max = DEFAULT_OPTIONS.get(""recent_max_items"", 30)
        val_excl = DEFAULT_OPTIONS.get(""recent_excluded_extensions"", {})
        
        self.chk_recent_tracking.setChecked(val_tracking)
",""
"Variable:ui/settings.py:success","success","ui/settings.py",854,854,"    def on_hotkey_changed(self, name, new_text):
        if new_text != self.current_hotkeys.get(name):
            success = self.hotkey_mgr.update_hotkey(name, new_text)
            if success:
                self.current_hotkeys[name] = new_text
",""
"Variable:ui/settings.py:row_map","row_map","ui/settings.py",862,871,"                QMessageBox.warning(self, ""\u5feb\u6377\u952e\u51b2\u7a81"", f""\u65e0\u6cd5\u6ce8\u518c\u5feb\u6377\u952e: {new_text}\n\u53ef\u80fd\u88ab\u5176\u4ed6\u7a0b\u5e8f\u5360\u7528\u3002"")
                # Revert UI
                row_map = {
                    ""screenshot"": self.screenshot_row,
                    ""smart_screenshot"": self.smart_screenshot_row,
                    ""record"": self.record_row,
                    ""search"": self.search_row,
                    ""notebook"": self.notebook_row,
                    ""clipboard"": self.clipboard_row,
                    ""recent"": self.recent_row,
                    ""toggle_ball"": self.toggle_ball_row
                }
                row_map[name].set_hotkey(self.current_hotkeys.get(name, """"))

",""
"Variable:ui/settings.py:failed","failed","ui/settings.py",886,886,"        }
        
        failed = []
        for name, default_key in DEFAULT_HOTKEYS.items():
            if name in row_map:
",""
"Variable:ui/search_box.py:search_requested","search_requested","ui/search_box.py",6,6,"
class SearchBoxPanel(QWidget):
    search_requested = Signal(str)

    def __init__(self):",""
"Variable:ui/search_box.py:layout","layout","ui/search_box.py",34,34,"        """""")
        
        layout = QHBoxLayout(self.container)
        layout.setContentsMargins(20, 5, 10, 5)
        ",""
"Variable:ui/search_box.py:text","text","ui/search_box.py",69,69,"
    def _on_search(self):
        text = self.input.text().strip()
        if text:
            self.search_requested.emit(text)",""
"Variable:ui/search_box.py:new_x","new_x","ui/search_box.py",76,76,"
    def update_position(self, ball_x, ball_y):
        new_x = ball_x + self._relative_offset[0]
        new_y = ball_y + self._relative_offset[1]
        ",""
"Variable:ui/search_box.py:new_y","new_y","ui/search_box.py",77,77,"    def update_position(self, ball_x, ball_y):
        new_x = ball_x + self._relative_offset[0]
        new_y = ball_y + self._relative_offset[1]
        
        from PySide6.QtWidgets import QApplication",""
"Variable:ui/search_box.py:screen_geo","screen_geo","ui/search_box.py",80,80,"        
        from PySide6.QtWidgets import QApplication
        screen_geo = QApplication.primaryScreen().availableGeometry()
        new_x = max(screen_geo.left(), min(new_x, screen_geo.right() - self.width()))
        new_y = max(screen_geo.top(), min(new_y, screen_geo.bottom() - self.height()))",""
"Variable:ui/screenshot_mask.py:finished","finished","ui/screenshot_mask.py",11,11,"
class ScreenshotMask(QWidget):
    finished = Signal()
    rect_selected = Signal(object)

",""
"Variable:ui/screenshot_mask.py:rect_selected","rect_selected","ui/screenshot_mask.py",12,12,"class ScreenshotMask(QWidget):
    finished = Signal()
    rect_selected = Signal(object)

    def __init__(self, mode=""screenshot"", background_image=None, all_rects_global=None, virtual_screen_left=None, virtual_screen_top=None):",""
"Variable:ui/screenshot_mask.py:total_rect","total_rect","ui/screenshot_mask.py",43,43,"
    def _get_total_geometry(self):
        total_rect = QRect()
        for screen in QGuiApplication.screens():
            total_rect = total_rect.united(screen.geometry())
",""
"Variable:ui/screenshot_mask.py:screen","screen","ui/screenshot_mask.py",49,49,"
    def _screen_for_logical_point(self, point):
        screen = QGuiApplication.screenAt(point)
        return screen or QGuiApplication.primaryScreen()

",""
"Variable:ui/screenshot_mask.py:geom","geom","ui/screenshot_mask.py",54,54,"    def _screen_for_physical_point(self, point):
        for screen in QGuiApplication.screens():
            geom = screen.geometry()
            ratio = screen.devicePixelRatio()
            left = int(round(geom.x() * ratio))
",""
"Variable:ui/screenshot_mask.py:ratio","ratio","ui/screenshot_mask.py",55,55,"        for screen in QGuiApplication.screens():
            geom = screen.geometry()
            ratio = screen.devicePixelRatio()
            left = int(round(geom.x() * ratio))
            top = int(round(geom.y() * ratio))
",""
"Variable:ui/screenshot_mask.py:left","left","ui/screenshot_mask.py",56,56,"            geom = screen.geometry()
            ratio = screen.devicePixelRatio()
            left = int(round(geom.x() * ratio))
            top = int(round(geom.y() * ratio))
            right = int(round((geom.x() + geom.width()) * ratio))
",""
"Variable:ui/screenshot_mask.py:top","top","ui/screenshot_mask.py",57,57,"            ratio = screen.devicePixelRatio()
            left = int(round(geom.x() * ratio))
            top = int(round(geom.y() * ratio))
            right = int(round((geom.x() + geom.width()) * ratio))
            bottom = int(round((geom.y() + geom.height()) * ratio))
",""
"Variable:ui/screenshot_mask.py:right","right","ui/screenshot_mask.py",58,58,"            left = int(round(geom.x() * ratio))
            top = int(round(geom.y() * ratio))
            right = int(round((geom.x() + geom.width()) * ratio))
            bottom = int(round((geom.y() + geom.height()) * ratio))
            if left <= point.x() <= right and top <= point.y() <= bottom:
",""
"Variable:ui/screenshot_mask.py:bottom","bottom","ui/screenshot_mask.py",59,59,"            top = int(round(geom.y() * ratio))
            right = int(round((geom.x() + geom.width()) * ratio))
            bottom = int(round((geom.y() + geom.height()) * ratio))
            if left <= point.x() <= right and top <= point.y() <= bottom:
                return screen
",""
"Variable:ui/screenshot_mask.py:center","center","ui/screenshot_mask.py",74,74,"
    def _physical_rect_to_logical(self, rect):
        center = rect.center()
        screen = self._screen_for_physical_point(center)
        ratio = screen.devicePixelRatio()
",""
"Variable:ui/screenshot_mask.py:physical_pos","physical_pos","ui/screenshot_mask.py",98,98,"
    def find_best_rect(self, global_pos):
        physical_pos = self._logical_point_to_physical(global_pos)
        screen_area = self.total_geometry.width() * self.total_geometry.height()
        best_rect = None
",""
"Variable:ui/screenshot_mask.py:screen_area","screen_area","ui/screenshot_mask.py",99,99,"    def find_best_rect(self, global_pos):
        physical_pos = self._logical_point_to_physical(global_pos)
        screen_area = self.total_geometry.width() * self.total_geometry.height()
        best_rect = None
        min_area = float('inf')
",""
"Variable:ui/screenshot_mask.py:best_rect","best_rect","ui/screenshot_mask.py",100,100,"        physical_pos = self._logical_point_to_physical(global_pos)
        screen_area = self.total_geometry.width() * self.total_geometry.height()
        best_rect = None
        min_area = float('inf')

",""
"Variable:ui/screenshot_mask.py:min_area","min_area","ui/screenshot_mask.py",101,101,"        screen_area = self.total_geometry.width() * self.total_geometry.height()
        best_rect = None
        min_area = float('inf')

        try:
",""
"Variable:ui/screenshot_mask.py:uia_rect","uia_rect","ui/screenshot_mask.py",104,104,"
        try:
            uia_rect = get_uia_rect_at(physical_pos.x(), physical_pos.y())
            if uia_rect:
                area = uia_rect.width() * uia_rect.height()
",""
"Variable:ui/screenshot_mask.py:area","area","ui/screenshot_mask.py",106,106,"            uia_rect = get_uia_rect_at(physical_pos.x(), physical_pos.y())
            if uia_rect:
                area = uia_rect.width() * uia_rect.height()
                if 20 < area < screen_area * 0.95:
                    best_rect = uia_rect
",""
"Variable:ui/screenshot_mask.py:painter","painter","ui/screenshot_mask.py",123,123,"
    def paintEvent(self, event):
        painter = QPainter(self)
        painter.setRenderHint(QPainter.Antialiasing)
        offset = self.total_geometry.topLeft()
",""
"Variable:ui/screenshot_mask.py:offset","offset","ui/screenshot_mask.py",125,125,"        painter = QPainter(self)
        painter.setRenderHint(QPainter.Antialiasing)
        offset = self.total_geometry.topLeft()

        if self.background_image is not None and not hasattr(self, '_bg_pixmap'):
",""
"Variable:ui/screenshot_mask.py:byte_io","byte_io","ui/screenshot_mask.py",129,129,"        if self.background_image is not None and not hasattr(self, '_bg_pixmap'):
            try:
                byte_io = io.BytesIO()
                self.background_image.save(byte_io, format='PNG')
                self._bg_pixmap = QPixmap()
",""
"Variable:ui/screenshot_mask.py:local_rect","local_rect","ui/screenshot_mask.py",141,141,"            painter.fillRect(self.rect(), QColor(0, 0, 0, 100))

        local_rect = None
        local_drag_rect = None

",""
"Variable:ui/screenshot_mask.py:local_drag_rect","local_drag_rect","ui/screenshot_mask.py",142,142,"
        local_rect = None
        local_drag_rect = None

        if self.smart_rect_global and not self.is_dragging:
",""
"Variable:ui/screenshot_mask.py:drag_rect_global","drag_rect_global","ui/screenshot_mask.py",148,148,"
        if self.is_dragging and self.start_pos_global and self.current_pos_global:
            drag_rect_global = QRect(self.start_pos_global, self.current_pos_global).normalized()
            local_drag_rect = drag_rect_global.translated(-offset)

",""
"Variable:ui/screenshot_mask.py:clip_region","clip_region","ui/screenshot_mask.py",152,152,"
        from PySide6.QtGui import QRegion
        clip_region = QRegion(self.rect())
        if local_rect:
            clip_region = clip_region.subtracted(QRegion(local_rect))
",""
"Variable:ui/screenshot_mask.py:final_rect_global","final_rect_global","ui/screenshot_mask.py",194,194,"        if event.button() == Qt.LeftButton:
            if self.is_dragging:
                final_rect_global = QRect(self.start_pos_global, event.globalPos()).normalized()
                self.capture_rect(self._logical_rect_to_physical(final_rect_global))
            else:
",""
"Variable:ui/screenshot_mask.py:v_left","v_left","ui/screenshot_mask.py",227,227,"    def _do_capture(self, qrect_global):
        try:
            v_left = self.virtual_screen_left
            v_top = self.virtual_screen_top
",""
"Variable:ui/screenshot_mask.py:v_top","v_top","ui/screenshot_mask.py",228,228,"        try:
            v_left = self.virtual_screen_left
            v_top = self.virtual_screen_top

            left = qrect_global.x() - v_left",""
"Variable:ui/screenshot_mask.py:img","img","ui/screenshot_mask.py",236,236,"
            if self.background_image is not None:
                img = self.background_image.crop((left, top, right, bottom))
            else:
                img = ImageGrab.grab(bbox=(left, top, right, bottom), all_screens=True)",""
"Variable:ui/screenshot_mask.py:pixmap","pixmap","ui/screenshot_mask.py",242,242,"            byte_io = io.BytesIO()
            img.save(byte_io, format='PNG')
            pixmap = QPixmap()
            pixmap.loadFromData(byte_io.getvalue())

",""
"Variable:ui/recording_border.py:countdown_finished","countdown_finished","ui/recording_border.py",6,6,"
class RecordingBorder(QWidget):
    countdown_finished = Signal()

    def __init__(self, target_rect_physical: QRect):",""
"Variable:ui/recording_border.py:center","center","ui/recording_border.py",23,23,"
        # Convert physical target rect back to logical rect for drawing
        center = target_rect_physical.center()
        screen = QGuiApplication.primaryScreen()
        for s in QGuiApplication.screens():",""
"Variable:ui/recording_border.py:screen","screen","ui/recording_border.py",24,24,"        # Convert physical target rect back to logical rect for drawing
        center = target_rect_physical.center()
        screen = QGuiApplication.primaryScreen()
        for s in QGuiApplication.screens():
            geom = s.geometry()",""
"Variable:ui/recording_border.py:geom","geom","ui/recording_border.py",26,26,"        screen = QGuiApplication.primaryScreen()
        for s in QGuiApplication.screens():
            geom = s.geometry()
            ratio = s.devicePixelRatio()
            left = int(round(geom.x() * ratio))",""
"Variable:ui/recording_border.py:ratio","ratio","ui/recording_border.py",27,27,"        for s in QGuiApplication.screens():
            geom = s.geometry()
            ratio = s.devicePixelRatio()
            left = int(round(geom.x() * ratio))
            top = int(round(geom.y() * ratio))",""
"Variable:ui/recording_border.py:left","left","ui/recording_border.py",28,28,"            geom = s.geometry()
            ratio = s.devicePixelRatio()
            left = int(round(geom.x() * ratio))
            top = int(round(geom.y() * ratio))
            right = int(round((geom.x() + geom.width()) * ratio))",""
"Variable:ui/recording_border.py:top","top","ui/recording_border.py",29,29,"            ratio = s.devicePixelRatio()
            left = int(round(geom.x() * ratio))
            top = int(round(geom.y() * ratio))
            right = int(round((geom.x() + geom.width()) * ratio))
            bottom = int(round((geom.y() + geom.height()) * ratio))",""
"Variable:ui/recording_border.py:right","right","ui/recording_border.py",30,30,"            left = int(round(geom.x() * ratio))
            top = int(round(geom.y() * ratio))
            right = int(round((geom.x() + geom.width()) * ratio))
            bottom = int(round((geom.y() + geom.height()) * ratio))
            if left <= center.x() <= right and top <= center.y() <= bottom:",""
"Variable:ui/recording_border.py:bottom","bottom","ui/recording_border.py",31,31,"            top = int(round(geom.y() * ratio))
            right = int(round((geom.x() + geom.width()) * ratio))
            bottom = int(round((geom.y() + geom.height()) * ratio))
            if left <= center.x() <= right and top <= center.y() <= bottom:
                screen = s",""
"Variable:ui/recording_border.py:lx","lx","ui/recording_border.py",39,39,"        geom = screen.geometry()
        
        lx = int(round((target_rect_physical.x() - geom.x() * ratio) / ratio + geom.x()))
        ly = int(round((target_rect_physical.y() - geom.y() * ratio) / ratio + geom.y()))
        lw = max(1, int(round(target_rect_physical.width() / ratio)))",""
"Variable:ui/recording_border.py:ly","ly","ui/recording_border.py",40,40,"        
        lx = int(round((target_rect_physical.x() - geom.x() * ratio) / ratio + geom.x()))
        ly = int(round((target_rect_physical.y() - geom.y() * ratio) / ratio + geom.y()))
        lw = max(1, int(round(target_rect_physical.width() / ratio)))
        lh = max(1, int(round(target_rect_physical.height() / ratio)))",""
"Variable:ui/recording_border.py:lw","lw","ui/recording_border.py",41,41,"        lx = int(round((target_rect_physical.x() - geom.x() * ratio) / ratio + geom.x()))
        ly = int(round((target_rect_physical.y() - geom.y() * ratio) / ratio + geom.y()))
        lw = max(1, int(round(target_rect_physical.width() / ratio)))
        lh = max(1, int(round(target_rect_physical.height() / ratio)))
        ",""
"Variable:ui/recording_border.py:lh","lh","ui/recording_border.py",42,42,"        ly = int(round((target_rect_physical.y() - geom.y() * ratio) / ratio + geom.y()))
        lw = max(1, int(round(target_rect_physical.width() / ratio)))
        lh = max(1, int(round(target_rect_physical.height() / ratio)))
        
        self.logical_rect = QRect(lx, ly, lw, lh)",""
"Variable:ui/recording_border.py:painter","painter","ui/recording_border.py",58,58,"
    def paintEvent(self, event):
        painter = QPainter(self)
        painter.setRenderHint(QPainter.Antialiasing)
        ",""
"Variable:ui/recording_border.py:pen","pen","ui/recording_border.py",62,62,"        
        # Draw red border
        pen = QPen(QColor(255, 0, 0, 200), 4) # 4 logical pixels thick
        pen.setJoinStyle(Qt.MiterJoin)
        painter.setPen(pen)",""
"Variable:ui/recording_border.py:font","font","ui/recording_border.py",72,72,"        
        # Draw countdown or recording indicator
        font = QFont(""Arial"", 48, QFont.Bold)
        painter.setFont(font)
        painter.setPen(QColor(255, 0, 0, 220))",""
"Variable:ui/recent_panel.py:item_right_clicked","item_right_clicked","ui/recent_panel.py",9,9,"
class RecentListWidget(QListWidget):
    item_right_clicked = Signal(object)
    order_changed = Signal(list)
    ",""
"Variable:ui/recent_panel.py:order_changed","order_changed","ui/recent_panel.py",10,10,"class RecentListWidget(QListWidget):
    item_right_clicked = Signal(object)
    order_changed = Signal(list)
    
    def __init__(self, parent=None):",""
"Variable:ui/recent_panel.py:new_order","new_order","ui/recent_panel.py",21,21,"    def dropEvent(self, event):
        super().dropEvent(event)
        new_order = [self.item(i).data(Qt.UserRole) for i in range(self.count())]
        self.order_changed.emit(new_order)
",""
"Variable:ui/recent_panel.py:item","item","ui/recent_panel.py",26,26,"    def mousePressEvent(self, event):
        super().mousePressEvent(event)
        item = self.itemAt(event.pos())
        if item and event.button() == Qt.RightButton:
            self.item_right_clicked.emit(item)",""
"Variable:ui/recent_panel.py:deleted","deleted","ui/recent_panel.py",31,31,"
class RecentItemWidget(QWidget):
    deleted = Signal(object)

    def __init__(self, item_data, parent=None):",""
"Variable:ui/recent_panel.py:layout","layout","ui/recent_panel.py",40,40,"        self.setStyleSheet(""RecentItemWidget { background-color: #ffffff; border: 1px solid #e2e8f0; border-radius: 8px; } RecentItemWidget:hover { border: 1px solid #3b82f6; }"")
        
        layout = QHBoxLayout(self)
        layout.setContentsMargins(5, 5, 5, 5)
        ",""
"Variable:ui/recent_panel.py:path","path","ui/recent_panel.py",56,56,"        from PySide6.QtCore import QFileInfo
        
        path = item_data.get(""path"", """")
        name = item_data.get(""name"", """")
        ",""
"Variable:ui/recent_panel.py:name","name","ui/recent_panel.py",57,57,"        
        path = item_data.get(""path"", """")
        name = item_data.get(""name"", """")
        
        icon = QFileIconProvider().icon(QFileInfo(path))",""
"Variable:ui/recent_panel.py:icon","icon","ui/recent_panel.py",59,59,"        name = item_data.get(""name"", """")
        
        icon = QFileIconProvider().icon(QFileInfo(path))
        
        icon_label = QLabel()",""
"Variable:ui/recent_panel.py:icon_label","icon_label","ui/recent_panel.py",61,61,"        icon = QFileIconProvider().icon(QFileInfo(path))
        
        icon_label = QLabel()
        icon_label.setPixmap(icon.pixmap(24, 24))
        layout.addWidget(icon_label)",""
"Variable:ui/recent_panel.py:text_layout","text_layout","ui/recent_panel.py",65,65,"        layout.addWidget(icon_label)
        
        text_layout = QVBoxLayout()
        text_layout.setSpacing(2)
        ",""
"Variable:ui/recent_panel.py:name_label","name_label","ui/recent_panel.py",68,68,"        text_layout.setSpacing(2)
        
        name_label = QLabel()
        name_label.setStyleSheet(""color: #000000; font-size: 13px; font-weight: bold; background: transparent;"")
        ",""
"Variable:ui/recent_panel.py:path_label","path_label","ui/recent_panel.py",71,71,"        name_label.setStyleSheet(""color: #000000; font-size: 13px; font-weight: bold; background: transparent;"")
        
        path_label = QLabel()
        path_label.setStyleSheet(""color: #666666; font-size: 11px; background: transparent;"")
        path_label.setToolTip(path)",""
"Variable:ui/recent_panel.py:name_fm","name_fm","ui/recent_panel.py",76,76,"        
        from PySide6.QtGui import QFontMetrics
        name_fm = QFontMetrics(name_label.font())
        path_fm = QFontMetrics(path_label.font())
        ",""
"Variable:ui/recent_panel.py:path_fm","path_fm","ui/recent_panel.py",77,77,"        from PySide6.QtGui import QFontMetrics
        name_fm = QFontMetrics(name_label.font())
        path_fm = QFontMetrics(path_label.font())
        
        # Max width 190 to account for delete button and icon",""
"Variable:ui/recent_panel.py:elided_name","elided_name","ui/recent_panel.py",80,80,"        
        # Max width 190 to account for delete button and icon
        elided_name = name_fm.elidedText(name, Qt.ElideRight, 190)
        elided_path = path_fm.elidedText(path, Qt.ElideRight, 190)
        ",""
"Variable:ui/recent_panel.py:elided_path","elided_path","ui/recent_panel.py",81,81,"        # Max width 190 to account for delete button and icon
        elided_name = name_fm.elidedText(name, Qt.ElideRight, 190)
        elided_path = path_fm.elidedText(path, Qt.ElideRight, 190)
        
        name_label.setText(elided_name)",""
"Variable:ui/recent_panel.py:item_clicked","item_clicked","ui/recent_panel.py",95,95,"
class RecentPanel(QWidget):
    item_clicked = Signal(object)
    item_right_clicked = Signal(object)
    item_deleted = Signal(object)",""
"Variable:ui/recent_panel.py:item_deleted","item_deleted","ui/recent_panel.py",97,97,"    item_clicked = Signal(object)
    item_right_clicked = Signal(object)
    item_deleted = Signal(object)
    toggle_tracking_clicked = Signal()
    excluded_extensions_changed = Signal(list)",""
"Variable:ui/recent_panel.py:toggle_tracking_clicked","toggle_tracking_clicked","ui/recent_panel.py",98,98,"    item_right_clicked = Signal(object)
    item_deleted = Signal(object)
    toggle_tracking_clicked = Signal()
    excluded_extensions_changed = Signal(list)
    visibility_dict_changed = Signal(dict)",""
"Variable:ui/recent_panel.py:excluded_extensions_changed","excluded_extensions_changed","ui/recent_panel.py",99,99,"    item_deleted = Signal(object)
    toggle_tracking_clicked = Signal()
    excluded_extensions_changed = Signal(list)
    visibility_dict_changed = Signal(dict)
    history_cleared = Signal()",""
"Variable:ui/recent_panel.py:visibility_dict_changed","visibility_dict_changed","ui/recent_panel.py",100,100,"    toggle_tracking_clicked = Signal()
    excluded_extensions_changed = Signal(list)
    visibility_dict_changed = Signal(dict)
    history_cleared = Signal()
    history_reordered = Signal(list)",""
"Variable:ui/recent_panel.py:history_cleared","history_cleared","ui/recent_panel.py",101,101,"    excluded_extensions_changed = Signal(list)
    visibility_dict_changed = Signal(dict)
    history_cleared = Signal()
    history_reordered = Signal(list)
",""
"Variable:ui/recent_panel.py:history_reordered","history_reordered","ui/recent_panel.py",102,102,"    visibility_dict_changed = Signal(dict)
    history_cleared = Signal()
    history_reordered = Signal(list)

    def __init__(self):",""
"Variable:ui/recent_panel.py:title_layout","title_layout","ui/recent_panel.py",145,145,"        layout.setContentsMargins(10, 10, 10, 10)
        
        title_layout = QHBoxLayout()
        
        self.btn_excluded = QPushButton(""禁止记录"")",""
"Variable:ui/recent_panel.py:title","title","ui/recent_panel.py",153,153,"        self.btn_excluded.clicked.connect(self._on_excluded_clicked)
        
        title = QLabel(""最近使用"")
        title.setStyleSheet(""font-weight: bold; font-size: 14px; color: #333;"")
        ",""
"Variable:ui/recent_panel.py:btn_close","btn_close","ui/recent_panel.py",156,156,"        title.setStyleSheet(""font-weight: bold; font-size: 14px; color: #333;"")
        
        btn_close = QPushButton(""×"")
        btn_close.setFixedSize(24, 24)
        btn_close.setStyleSheet(""QPushButton { background-color: transparent; border: none; color: #777; font-weight: bold; font-size: 18px; } QPushButton:hover { color: #ff0000; }"")",""
"Variable:ui/recent_panel.py:bottom_layout","bottom_layout","ui/recent_panel.py",174,174,"        self.list_widget.order_changed.connect(self.history_reordered.emit)
        
        bottom_layout = QHBoxLayout()
        bottom_layout.setContentsMargins(0, 0, 0, 0)
        ",""
"Variable:ui/recent_panel.py:dialog","dialog","ui/recent_panel.py",217,217,"
    def _on_excluded_clicked(self):
        dialog = ExcludedExtensionsDialog(self._excluded_extensions, self)
        if dialog.exec() == ExcludedExtensionsDialog.Accepted:
            new_exts = dialog.get_excluded_extensions()",""
"Variable:ui/recent_panel.py:new_exts","new_exts","ui/recent_panel.py",219,219,"        dialog = ExcludedExtensionsDialog(self._excluded_extensions, self)
        if dialog.exec() == ExcludedExtensionsDialog.Accepted:
            new_exts = dialog.get_excluded_extensions()
            self._excluded_extensions = new_exts
            self.excluded_extensions_changed.emit(new_exts)",""
"Variable:ui/recent_panel.py:unique_exts","unique_exts","ui/recent_panel.py",224,224,"
    def _on_filter_clicked(self):
        unique_exts = set(item.get(""ext"", """") for item in self._current_items)
        dialog = ExtensionFilterDialog(unique_exts, self._visibility_dict)
        if dialog.exec() == ExtensionFilterDialog.Accepted:",""
"Variable:ui/recent_panel.py:new_dict","new_dict","ui/recent_panel.py",227,227,"        dialog = ExtensionFilterDialog(unique_exts, self._visibility_dict)
        if dialog.exec() == ExtensionFilterDialog.Accepted:
            new_dict = dialog.get_visibility_dict()
            self._visibility_dict = new_dict
            self.visibility_dict_changed.emit(new_dict)",""
"Variable:ui/recent_panel.py:reply","reply","ui/recent_panel.py",234,236,"    def _on_clear_clicked(self):
        from PySide6.QtWidgets import QMessageBox
        reply = QMessageBox.question(self, ""确认清空"", 
            ""确定要清空所有的最近使用记录吗？"",
            QMessageBox.Yes | QMessageBox.No, QMessageBox.No)
        if reply == QMessageBox.Yes:
            self.history_cleared.emit()",""
"Variable:ui/recent_panel.py:v_scroll","v_scroll","ui/recent_panel.py",245,245,"
    def _apply_filter(self):
        v_scroll = self.list_widget.verticalScrollBar().value()
        self.list_widget.clear()
        ",""
"Variable:ui/recent_panel.py:ext","ext","ui/recent_panel.py",249,249,"        
        for item_data in self._current_items:
            ext = item_data.get(""ext"", """")
            is_visible = self._visibility_dict.get(ext, True)
            if not is_visible:",""
"Variable:ui/recent_panel.py:is_visible","is_visible","ui/recent_panel.py",250,250,"        for item_data in self._current_items:
            ext = item_data.get(""ext"", """")
            is_visible = self._visibility_dict.get(ext, True)
            if not is_visible:
                continue",""
"Variable:ui/recent_panel.py:list_item","list_item","ui/recent_panel.py",254,254,"                continue
                
            list_item = QListWidgetItem()
            list_item.setData(Qt.UserRole, item_data)
            self.list_widget.addItem(list_item)",""
"Variable:ui/recent_panel.py:widget","widget","ui/recent_panel.py",258,258,"            self.list_widget.addItem(list_item)
            
            widget = RecentItemWidget(item_data)
            widget.deleted.connect(self.item_deleted.emit)
            list_item.setSizeHint(widget.sizeHint())",""
"Variable:ui/recent_panel.py:full_item","full_item","ui/recent_panel.py",266,266,"
    def _on_item_clicked(self, item):
        full_item = item.data(Qt.UserRole)
        QTimer.singleShot(10, lambda: self.item_clicked.emit(full_item))
",""
"Variable:ui/recent_panel.py:new_x","new_x","ui/recent_panel.py",277,277,"            self._relative_offset = (-310, -200)
        
        new_x = ball_x + self._relative_offset[0]
        new_y = ball_y + self._relative_offset[1]
        ",""
"Variable:ui/recent_panel.py:new_y","new_y","ui/recent_panel.py",278,278,"        
        new_x = ball_x + self._relative_offset[0]
        new_y = ball_y + self._relative_offset[1]
        
        screen_geo = QApplication.primaryScreen().availableGeometry()",""
"Variable:ui/recent_panel.py:screen_geo","screen_geo","ui/recent_panel.py",280,280,"        new_y = ball_y + self._relative_offset[1]
        
        screen_geo = QApplication.primaryScreen().availableGeometry()
        new_x = max(screen_geo.left(), min(new_x, screen_geo.right() - self.width()))
        new_y = max(screen_geo.top(), min(new_y, screen_geo.bottom() - self.height()))",""
"Variable:ui/recent_dialogs.py:layout","layout","ui/recent_dialogs.py",17,17,"            self.excluded = dict(excluded_extensions)
        
        layout = QVBoxLayout(self)
        
        desc = QLabel(""勾选左侧选框表示禁止记录\n(例如: .tmp, .dat)"")",""
"Variable:ui/recent_dialogs.py:desc","desc","ui/recent_dialogs.py",19,19,"        layout = QVBoxLayout(self)
        
        desc = QLabel(""勾选左侧选框表示禁止记录\n(例如: .tmp, .dat)"")
        layout.addWidget(desc)
        ",""
"Variable:ui/recent_dialogs.py:input_layout","input_layout","ui/recent_dialogs.py",22,22,"        layout.addWidget(desc)
        
        input_layout = QHBoxLayout()
        self.input_ext = QLineEdit()
        self.input_ext.setPlaceholderText(""输入后缀，例如 .txt"")",""
"Variable:ui/recent_dialogs.py:btn_add","btn_add","ui/recent_dialogs.py",27,27,"        self.input_ext.setStyleSheet(""padding: 6px; border: 1px solid #cbd5e1; border-radius: 4px; background-color: #f8fafc; color: #0f172a;"")
        
        btn_add = QPushButton(""添加"")
        btn_add.setStyleSheet(""padding: 6px 12px; background: #3b82f6; color: white; border-radius: 4px; font-weight: bold;"")
        btn_add.clicked.connect(self._add_ext)",""
"Variable:ui/recent_dialogs.py:btn_select_all","btn_select_all","ui/recent_dialogs.py",36,36,"        
        # Add Select All button
        btn_select_all = QPushButton(""全选 / 取消全选"")
        btn_select_all.setStyleSheet(""padding: 6px; background: #e2e8f0; color: #334155; border-radius: 4px; font-weight: bold;"")
        btn_select_all.clicked.connect(self._toggle_select_all)",""
"Variable:ui/recent_dialogs.py:btn_layout","btn_layout","ui/recent_dialogs.py",45,45,"        layout.addWidget(self.list_widget)
        
        btn_layout = QHBoxLayout()
        btn_ok = QPushButton(""确定"")
        btn_ok.setStyleSheet(""padding: 8px 20px; background: #3b82f6; color: white; border-radius: 4px; font-weight: bold;"")",""
"Variable:ui/recent_dialogs.py:btn_ok","btn_ok","ui/recent_dialogs.py",46,46,"        
        btn_layout = QHBoxLayout()
        btn_ok = QPushButton(""确定"")
        btn_ok.setStyleSheet(""padding: 8px 20px; background: #3b82f6; color: white; border-radius: 4px; font-weight: bold;"")
        btn_cancel = QPushButton(""取消"")",""
"Variable:ui/recent_dialogs.py:btn_cancel","btn_cancel","ui/recent_dialogs.py",48,48,"        btn_ok = QPushButton(""确定"")
        btn_ok.setStyleSheet(""padding: 8px 20px; background: #3b82f6; color: white; border-radius: 4px; font-weight: bold;"")
        btn_cancel = QPushButton(""取消"")
        btn_cancel.setStyleSheet(""padding: 8px 20px; background: #e2e8f0; color: #334155; border-radius: 4px; font-weight: bold;"")
        ",""
"Variable:ui/recent_dialogs.py:all_checked","all_checked","ui/recent_dialogs.py",62,62,"
    def _toggle_select_all(self):
        all_checked = all(self.excluded.values()) if self.excluded else False
        for ext in self.excluded:
            self.excluded[ext] = not all_checked",""
"Variable:ui/recent_dialogs.py:ext","ext","ui/recent_dialogs.py",68,68,"
    def _normalize_ext(self, ext):
        ext = ext.strip().lower()
        if ext and not ext.startswith('.'):
            ext = '.' + ext",""
"Variable:ui/recent_dialogs.py:item","item","ui/recent_dialogs.py",91,91,"        self.list_widget.clear()
        for ext in sorted(list(self.excluded.keys())):
            item = QListWidgetItem()
            self.list_widget.addItem(item)
            ",""
"Variable:ui/recent_dialogs.py:row_widget","row_widget","ui/recent_dialogs.py",94,94,"            self.list_widget.addItem(item)
            
            row_widget = QWidget()
            row_layout = QHBoxLayout(row_widget)
            row_layout.setContentsMargins(5, 2, 5, 2)",""
"Variable:ui/recent_dialogs.py:row_layout","row_layout","ui/recent_dialogs.py",95,95,"            
            row_widget = QWidget()
            row_layout = QHBoxLayout(row_widget)
            row_layout.setContentsMargins(5, 2, 5, 2)
            ",""
"Variable:ui/recent_dialogs.py:chk","chk","ui/recent_dialogs.py",98,98,"            row_layout.setContentsMargins(5, 2, 5, 2)
            
            chk = QCheckBox(ext)
            chk.setChecked(self.excluded[ext])
            chk.toggled.connect(lambda state, e=ext: self._on_checkbox_toggled(e, state))",""
"Variable:ui/recent_dialogs.py:btn_del","btn_del","ui/recent_dialogs.py",102,102,"            chk.toggled.connect(lambda state, e=ext: self._on_checkbox_toggled(e, state))
            
            btn_del = QPushButton(""删除"")
            btn_del.setStyleSheet(""background-color: #ef4444; color: white; border-radius: 4px; padding: 4px 8px; font-weight: bold;"")
            btn_del.setCursor(Qt.PointingHandCursor)",""
"Variable:ui/recent_dialogs.py:is_visible","is_visible","ui/recent_dialogs.py",148,148,"            chk = QCheckBox(ext if ext else ""未知后缀"")
            # If not explicitly false in dict, it's visible (default true)
            is_visible = self.result_dict.get(ext, True)
            chk.setChecked(is_visible)
            ",""
"Variable:ui/panel.py:screen","screen","ui/panel.py",23,23,"        self.setFixedSize(pixmap.size())

        screen = QApplication.primaryScreen()
        if screen:
            ratio = screen.devicePixelRatio()",""
"Variable:ui/panel.py:ratio","ratio","ui/panel.py",25,25,"        screen = QApplication.primaryScreen()
        if screen:
            ratio = screen.devicePixelRatio()
            if ratio and ratio > 1.0:
                self.scale_factor = 1.0 / ratio",""
"Variable:ui/panel.py:painter","painter","ui/panel.py",39,39,"    def paintEvent(self, event):
        from PySide6.QtGui import QPainter
        painter = QPainter(self)
        painter.setRenderHint(QPainter.Antialiasing)
        painter.setRenderHint(QPainter.SmoothPixmapTransform)
",""
"Variable:ui/panel.py:scaled_width","scaled_width","ui/panel.py",43,43,"        painter.setRenderHint(QPainter.SmoothPixmapTransform)
        
        scaled_width = int(self.original_pixmap.width() * self.scale_factor)
        scaled_height = int(self.original_pixmap.height() * self.scale_factor)
        
",""
"Variable:ui/panel.py:scaled_height","scaled_height","ui/panel.py",44,44,"        
        scaled_width = int(self.original_pixmap.width() * self.scale_factor)
        scaled_height = int(self.original_pixmap.height() * self.scale_factor)
        
        painter.drawPixmap(0, 0, scaled_width, scaled_height, self.original_pixmap)
",""
"Variable:ui/panel.py:angle","angle","ui/panel.py",49,49,"
    def wheelEvent(self, event):
        angle = event.angleDelta().y()
        
        # Calculate cursor position relative to the image before scaling
",""
"Variable:ui/panel.py:cursor_x","cursor_x","ui/panel.py",52,52,"        
        # Calculate cursor position relative to the image before scaling
        cursor_x = event.position().x()
        cursor_y = event.position().y()
        
",""
"Variable:ui/panel.py:cursor_y","cursor_y","ui/panel.py",53,53,"        # Calculate cursor position relative to the image before scaling
        cursor_x = event.position().x()
        cursor_y = event.position().y()
        
        old_scale = self.scale_factor
",""
"Variable:ui/panel.py:old_scale","old_scale","ui/panel.py",55,55,"        cursor_y = event.position().y()
        
        old_scale = self.scale_factor
        
        if angle > 0:
",""
"Variable:ui/panel.py:new_x","new_x","ui/panel.py",72,72,"            # Adjust window position so zoom focuses on mouse cursor
            # new_x = old_window_x - (cursor_x * (new_scale/old_scale) - cursor_x)
            new_x = self.x() - int(cursor_x * (self.scale_factor / old_scale) - cursor_x)
            new_y = self.y() - int(cursor_y * (self.scale_factor / old_scale) - cursor_y)
            self.move(new_x, new_y)
",""
"Variable:ui/panel.py:new_y","new_y","ui/panel.py",73,73,"            # new_x = old_window_x - (cursor_x * (new_scale/old_scale) - cursor_x)
            new_x = self.x() - int(cursor_x * (self.scale_factor / old_scale) - cursor_x)
            new_y = self.y() - int(cursor_y * (self.scale_factor / old_scale) - cursor_y)
            self.move(new_x, new_y)
            
",""
"Variable:ui/panel.py:layout","layout","ui/panel.py",109,109,"        self.setWindowFlags(Qt.Window | Qt.WindowCloseButtonHint | Qt.WindowStaysOnTopHint)
        self.resize(500, 400)
        layout = QVBoxLayout(self)
        
        text = item_data.get(""value"", """") if isinstance(item_data, dict) else str(item_data)
",""
"Variable:ui/panel.py:text","text","ui/panel.py",111,111,"        layout = QVBoxLayout(self)
        
        text = item_data.get(""value"", """") if isinstance(item_data, dict) else str(item_data)
        text_edit = QPlainTextEdit()
        text_edit.setReadOnly(True)
",""
"Variable:ui/panel.py:text_edit","text_edit","ui/panel.py",112,112,"        
        text = item_data.get(""value"", """") if isinstance(item_data, dict) else str(item_data)
        text_edit = QPlainTextEdit()
        text_edit.setReadOnly(True)
        text_edit.setPlainText(text)
",""
"Variable:ui/panel.py:deleted","deleted","ui/panel.py",119,119,"
class ClipboardItemWidget(QWidget):
    deleted = Signal(object)
    viewed = Signal(object)
    
",""
"Variable:ui/panel.py:viewed","viewed","ui/panel.py",120,120,"class ClipboardItemWidget(QWidget):
    deleted = Signal(object)
    viewed = Signal(object)
    
    def __init__(self, text, full_item, parent=None):
",""
"Variable:ui/panel.py:val","val","ui/panel.py",159,159,"        
        if isinstance(full_item, dict) and full_item.get(""type"") == ""image"":
            val = full_item.get(""value"", """")
            image = QImage()
            import os
",""
"Variable:ui/panel.py:image","image","ui/panel.py",160,160,"        if isinstance(full_item, dict) and full_item.get(""type"") == ""image"":
            val = full_item.get(""value"", """")
            image = QImage()
            import os
            if full_item.get(""is_path"", False) or (os.path.exists(val) and val.endswith('.png')):
",""
"Variable:ui/panel.py:data","data","ui/panel.py",170,170,"            else:
                try:
                    data = base64.b64decode(val)
                    image.loadFromData(data, ""PNG"")
                except:
",""
"Variable:ui/panel.py:pixmap","pixmap","ui/panel.py",174,174,"                except:
                    pass
            pixmap = QPixmap.fromImage(image)
            # 缩放至最大高度 60 像素，保持比例
            pixmap = pixmap.scaledToHeight(60, Qt.SmoothTransformation)
",""
"Variable:ui/panel.py:img_container","img_container","ui/panel.py",182,182,"            self.label.setStyleSheet(""background: transparent;"")
            
            img_container = QWidget()
            img_container.setStyleSheet(""background: transparent;"")
            img_layout = QHBoxLayout(img_container)
",""
"Variable:ui/panel.py:img_layout","img_layout","ui/panel.py",184,184,"            img_container = QWidget()
            img_container.setStyleSheet(""background: transparent;"")
            img_layout = QHBoxLayout(img_container)
            img_layout.setContentsMargins(0, 0, 0, 0)
            img_layout.addStretch()
",""
"Variable:ui/panel.py:display_text","display_text","ui/panel.py",197,197,"            self.label.setStyleSheet(""color: #000000; font-size: 13px; background: transparent;"")
            
            display_text = text.strip().replace('\r\n', '\n').replace('\r', '\n')
            display_text = display_text.replace('\n', '  ')
            
",""
"Variable:ui/panel.py:fm","fm","ui/panel.py",200,200,"            display_text = display_text.replace('\n', '  ')
            
            fm = QFontMetrics(self.label.font())
            max_width = 190
            
",""
"Variable:ui/panel.py:max_width","max_width","ui/panel.py",201,201,"            
            fm = QFontMetrics(self.label.font())
            max_width = 190
            
            if fm.horizontalAdvance(display_text) <= max_width:
",""
"Variable:ui/panel.py:final_text","final_text","ui/panel.py",204,204,"            
            if fm.horizontalAdvance(display_text) <= max_width:
                final_text = display_text
            else:
                line1 = """"
",""
"Variable:ui/panel.py:line1","line1","ui/panel.py",206,206,"                final_text = display_text
            else:
                line1 = """"
                rem = """"
                for i in range(len(display_text), 0, -1):
",""
"Variable:ui/panel.py:rem","rem","ui/panel.py",207,207,"            else:
                line1 = """"
                rem = """"
                for i in range(len(display_text), 0, -1):
                    if fm.horizontalAdvance(display_text[:i]) <= max_width:
",""
"Variable:ui/panel.py:line2","line2","ui/panel.py",221,221,"                    final_text = line1 + ""\n"" + rem
                else:
                    line2 = fm.elidedText(rem, Qt.ElideRight, max_width)
                    final_text = line1 + ""\n"" + line2
                    
",""
"Variable:ui/panel.py:order_changed","order_changed","ui/panel.py",249,249,"
class ClipboardListWidget(QListWidget):
    order_changed = Signal(list)
    item_right_clicked = Signal(object)
    def __init__(self, parent=None):
",""
"Variable:ui/panel.py:item_right_clicked","item_right_clicked","ui/panel.py",250,250,"class ClipboardListWidget(QListWidget):
    order_changed = Signal(list)
    item_right_clicked = Signal(object)
    def __init__(self, parent=None):
        super().__init__(parent)
",""
"Variable:ui/panel.py:new_order","new_order","ui/panel.py",260,260,"    def dropEvent(self, event):
        super().dropEvent(event)
        new_order = [self.item(i).data(Qt.UserRole) for i in range(self.count())]
        self.order_changed.emit(new_order)

",""
"Variable:ui/panel.py:item","item","ui/panel.py",265,265,"    def mousePressEvent(self, event):
        super().mousePressEvent(event)
        item = self.itemAt(event.pos())
        if item and event.button() == Qt.RightButton:
            self.item_right_clicked.emit(item)
",""
"Variable:ui/panel.py:item_clicked","item_clicked","ui/panel.py",270,270,"
class Panel(QWidget):
    item_clicked = Signal(object)
    item_right_clicked = Signal(object)
    item_deleted = Signal(object)
",""
"Variable:ui/panel.py:item_deleted","item_deleted","ui/panel.py",272,272,"    item_clicked = Signal(object)
    item_right_clicked = Signal(object)
    item_deleted = Signal(object)
    viewed = Signal(object)
    history_cleared = Signal(str)
",""
"Variable:ui/panel.py:history_cleared","history_cleared","ui/panel.py",274,274,"    item_deleted = Signal(object)
    viewed = Signal(object)
    history_cleared = Signal(str)
    history_reordered = Signal(list)
    toggle_tracking_clicked = Signal()
",""
"Variable:ui/panel.py:history_reordered","history_reordered","ui/panel.py",275,275,"    viewed = Signal(object)
    history_cleared = Signal(str)
    history_reordered = Signal(list)
    toggle_tracking_clicked = Signal()
    toggle_text_tracking_clicked = Signal()
",""
"Variable:ui/panel.py:toggle_tracking_clicked","toggle_tracking_clicked","ui/panel.py",276,276,"    history_cleared = Signal(str)
    history_reordered = Signal(list)
    toggle_tracking_clicked = Signal()
    toggle_text_tracking_clicked = Signal()
    toggle_image_tracking_clicked = Signal()
",""
"Variable:ui/panel.py:toggle_text_tracking_clicked","toggle_text_tracking_clicked","ui/panel.py",277,277,"    history_reordered = Signal(list)
    toggle_tracking_clicked = Signal()
    toggle_text_tracking_clicked = Signal()
    toggle_image_tracking_clicked = Signal()

",""
"Variable:ui/panel.py:toggle_image_tracking_clicked","toggle_image_tracking_clicked","ui/panel.py",278,278,"    toggle_tracking_clicked = Signal()
    toggle_text_tracking_clicked = Signal()
    toggle_image_tracking_clicked = Signal()

    def __init__(self):
",""
"Variable:ui/panel.py:title_layout","title_layout","ui/panel.py",319,319,"        layout.setContentsMargins(10, 10, 10, 10)
        
        title_layout = QHBoxLayout()
        
        # Tracking Toggle Buttons (Text/Image)
",""
"Variable:ui/panel.py:title","title","ui/panel.py",338,338,"        self.btn_track_image.clicked.connect(self.toggle_image_tracking_clicked.emit)
        
        title = QLabel(""剪贴板历史"")
        title.setStyleSheet(""font-weight: bold; font-size: 14px; color: #333;"")
        
",""
"Variable:ui/panel.py:btn_close","btn_close","ui/panel.py",341,341,"        title.setStyleSheet(""font-weight: bold; font-size: 14px; color: #333;"")
        
        btn_close = QPushButton(""×"")
        btn_close.setFixedSize(24, 24)
        btn_close.setStyleSheet(""QPushButton { background-color: transparent; border: none; color: #777; font-weight: bold; font-size: 18px; } QPushButton:hover { color: #ff0000; }"")
",""
"Variable:ui/panel.py:bottom_layout","bottom_layout","ui/panel.py",359,359,"        self.list_widget.order_changed.connect(self.history_reordered.emit)
        
        bottom_layout = QHBoxLayout()
        bottom_layout.setContentsMargins(0, 0, 0, 0)
        
",""
"Variable:ui/panel.py:has_text","has_text","ui/panel.py",409,409,"            return
            
        has_text = False
        has_image = False
        for item in self._current_history:
",""
"Variable:ui/panel.py:has_image","has_image","ui/panel.py",410,410,"            
        has_text = False
        has_image = False
        for item in self._current_history:
            if item.get(""type"") == ""image"":
",""
"Variable:ui/panel.py:msg_box","msg_box","ui/panel.py",419,419,"                break
                
        msg_box = QMessageBox(self)
        msg_box.setStyleSheet(""QMessageBox { background-color: #ffffff; color: #000000; } QLabel { color: #000000; } QPushButton { color: #000000; padding: 6px 12px; }"")
        
",""
"Variable:ui/panel.py:btn_text","btn_text","ui/panel.py",426,426,"            msg_box.setText(""请选择要清空的剪贴板内容："")
            
            btn_text = msg_box.addButton(""仅清空文字"", QMessageBox.ActionRole)
            btn_image = msg_box.addButton(""仅清空图片"", QMessageBox.ActionRole)
            btn_all = msg_box.addButton(""文字和图片"", QMessageBox.ActionRole)
",""
"Variable:ui/panel.py:btn_image","btn_image","ui/panel.py",427,427,"            
            btn_text = msg_box.addButton(""仅清空文字"", QMessageBox.ActionRole)
            btn_image = msg_box.addButton(""仅清空图片"", QMessageBox.ActionRole)
            btn_all = msg_box.addButton(""文字和图片"", QMessageBox.ActionRole)
            btn_cancel = msg_box.addButton(""取消"", QMessageBox.RejectRole)
",""
"Variable:ui/panel.py:btn_all","btn_all","ui/panel.py",428,428,"            btn_text = msg_box.addButton(""仅清空文字"", QMessageBox.ActionRole)
            btn_image = msg_box.addButton(""仅清空图片"", QMessageBox.ActionRole)
            btn_all = msg_box.addButton(""文字和图片"", QMessageBox.ActionRole)
            btn_cancel = msg_box.addButton(""取消"", QMessageBox.RejectRole)
            
",""
"Variable:ui/panel.py:btn_cancel","btn_cancel","ui/panel.py",429,429,"            btn_image = msg_box.addButton(""仅清空图片"", QMessageBox.ActionRole)
            btn_all = msg_box.addButton(""文字和图片"", QMessageBox.ActionRole)
            btn_cancel = msg_box.addButton(""取消"", QMessageBox.RejectRole)
            
            msg_box.exec()
",""
"Variable:ui/panel.py:clicked","clicked","ui/panel.py",432,432,"            
            msg_box.exec()
            clicked = msg_box.clickedButton()
            
            if clicked == btn_text:
",""
"Variable:ui/panel.py:content_type","content_type","ui/panel.py",442,442,"        else:
            msg_box.setWindowTitle(""确认清空"")
            content_type = ""图片"" if has_image else ""文字""
            msg_box.setText(f""确定要清空所有的{content_type}记录吗？"")
            btn_yes = msg_box.addButton(""是"", QMessageBox.YesRole)
",""
"Variable:ui/panel.py:btn_yes","btn_yes","ui/panel.py",444,444,"            content_type = ""图片"" if has_image else ""文字""
            msg_box.setText(f""确定要清空所有的{content_type}记录吗？"")
            btn_yes = msg_box.addButton(""是"", QMessageBox.YesRole)
            btn_no = msg_box.addButton(""否"", QMessageBox.NoRole)
            msg_box.exec()
",""
"Variable:ui/panel.py:btn_no","btn_no","ui/panel.py",445,445,"            msg_box.setText(f""确定要清空所有的{content_type}记录吗？"")
            btn_yes = msg_box.addButton(""是"", QMessageBox.YesRole)
            btn_no = msg_box.addButton(""否"", QMessageBox.NoRole)
            msg_box.exec()
            if msg_box.clickedButton() == btn_yes:
",""
"Variable:ui/panel.py:current_keys","current_keys","ui/panel.py",459,459,"            return

        current_keys = set()
        for item in self._current_history:
            if isinstance(item, dict):",""
"Variable:ui/panel.py:still_open","still_open","ui/panel.py",464,464,"                current_keys.add((item.get(""type""), item.get(""value"", """")))

        still_open = []
        for dialog in self._pinned_images:
            item_data = getattr(dialog, 'item_data', None)",""
"Variable:ui/panel.py:item_data","item_data","ui/panel.py",466,466,"        still_open = []
        for dialog in self._pinned_images:
            item_data = getattr(dialog, 'item_data', None)
            item_key = None
            if isinstance(item_data, dict):",""
"Variable:ui/panel.py:item_key","item_key","ui/panel.py",467,467,"        for dialog in self._pinned_images:
            item_data = getattr(dialog, 'item_data', None)
            item_key = None
            if isinstance(item_data, dict):
                item_key = (item_data.get(""type""), item_data.get(""value"", """"))",""
"Variable:ui/panel.py:show_text","show_text","ui/panel.py",479,479,"
    def _apply_filter(self):
        show_text = self.btn_filter_text.isChecked()
        show_image = self.btn_filter_image.isChecked()
        
",""
"Variable:ui/panel.py:show_image","show_image","ui/panel.py",480,480,"    def _apply_filter(self):
        show_text = self.btn_filter_text.isChecked()
        show_image = self.btn_filter_image.isChecked()
        
        v_scroll = self.list_widget.verticalScrollBar().value()
",""
"Variable:ui/panel.py:v_scroll","v_scroll","ui/panel.py",482,482,"        show_image = self.btn_filter_image.isChecked()
        
        v_scroll = self.list_widget.verticalScrollBar().value()
        
        self.list_widget.clear()
",""
"Variable:ui/panel.py:is_image","is_image","ui/panel.py",486,486,"        self.list_widget.clear()
        for item_data in self._current_history:
            is_image = isinstance(item_data, dict) and item_data.get(""type"") == ""image""
            
            if is_image and not show_image:
",""
"Variable:ui/panel.py:preview","preview","ui/panel.py",494,494,"                
            if is_image:
                preview = ""[图片]""
            else:
                text = item_data.get(""value"", """") if isinstance(item_data, dict) else str(item_data)
",""
"Variable:ui/panel.py:list_item","list_item","ui/panel.py",499,499,"                preview = text
                
            list_item = QListWidgetItem()
            list_item.setData(Qt.UserRole, item_data)
            self.list_widget.addItem(list_item)
",""
"Variable:ui/panel.py:widget","widget","ui/panel.py",502,502,"            list_item.setData(Qt.UserRole, item_data)
            self.list_widget.addItem(list_item)
            widget = ClipboardItemWidget(preview, item_data)
            widget.deleted.connect(self.item_deleted.emit)
            widget.viewed.connect(self._on_item_viewed)
",""
"Variable:ui/panel.py:full_item","full_item","ui/panel.py",512,512,"
    def _on_item_clicked(self, item):
        full_item = item.data(Qt.UserRole)
        QTimer.singleShot(10, lambda: self.item_clicked.emit(full_item))

",""
"Variable:ui/panel.py:screen_geo","screen_geo","ui/panel.py",526,526,"        new_y = ball_y + self._relative_offset[1]
        
        screen_geo = QApplication.primaryScreen().availableGeometry()
        new_x = max(screen_geo.left(), min(new_x, screen_geo.right() - self.width()))
        new_y = max(screen_geo.top(), min(new_y, screen_geo.bottom() - self.height()))
",""
"Variable:ui/panel.py:pinned","pinned","ui/panel.py",562,562,"            self._pinned_images = [p for p in self._pinned_images if p.isVisible()]
            
            pinned = PinnedImageDialog(pixmap, item_data)
            
            # Center it on screen",""
"Variable:ui/notebook.py:content_changed","content_changed","ui/notebook.py",7,7,"
class NotebookPanel(QWidget):
    content_changed = Signal(str)

    def __init__(self):
",""
"Variable:ui/notebook.py:layout","layout","ui/notebook.py",45,45,"        self.setStyleSheet(""background-color: #f6f7fb; border: 1px solid #d8dbe6; border-radius: 12px; color: #000000;"")
        
        layout = QVBoxLayout(self)
        layout.setContentsMargins(12, 12, 12, 12)
        layout.setSpacing(10)
",""
"Variable:ui/notebook.py:title_layout","title_layout","ui/notebook.py",49,49,"        layout.setSpacing(10)
        
        title_layout = QHBoxLayout()
        title = QLabel(""悬浮记事本"")
        title.setStyleSheet(""font-weight: bold; font-size: 14px; color: #111827;"")
",""
"Variable:ui/notebook.py:title","title","ui/notebook.py",50,50,"        
        title_layout = QHBoxLayout()
        title = QLabel(""悬浮记事本"")
        title.setStyleSheet(""font-weight: bold; font-size: 14px; color: #111827;"")
        btn_close = QPushButton(""✖"")
",""
"Variable:ui/notebook.py:btn_close","btn_close","ui/notebook.py",52,52,"        title = QLabel(""悬浮记事本"")
        title.setStyleSheet(""font-weight: bold; font-size: 14px; color: #111827;"")
        btn_close = QPushButton(""✖"")
        btn_close.setFixedSize(20, 20)
        btn_close.setStyleSheet(""QPushButton { background-color: transparent; border: none; color: #6b7280; font-weight: bold; font-size: 14px; } QPushButton:hover { color: #ef4444; }"")
",""
"Variable:ui/notebook.py:btn_layout","btn_layout","ui/notebook.py",71,71,"        layout.addWidget(self.text_edit)
        
        btn_layout = QHBoxLayout()
        self.btn_copy = QPushButton(""复制全部"")
        self.btn_copy.setStyleSheet(""QPushButton { background-color: #2563eb; color: white; border-radius: 6px; padding: 8px; font-weight: bold; } QPushButton:hover { background-color: #1d4ed8; }"")
",""
"Variable:ui/notebook.py:msg_box","msg_box","ui/notebook.py",96,96,"
    def _on_clear_clicked(self):
        msg_box = QMessageBox(self)
        msg_box.setWindowTitle(""确认"")
        msg_box.setText(""确定要清空记事本吗？"")
",""
"Variable:ui/notebook.py:btn_yes","btn_yes","ui/notebook.py",100,100,"        msg_box.setText(""确定要清空记事本吗？"")
        msg_box.setStyleSheet(""QMessageBox { background-color: #ffffff; color: #000000; } QLabel { color: #000000; } QPushButton { color: #000000; }"")
        btn_yes = msg_box.addButton(""是"", QMessageBox.YesRole)
        msg_box.addButton(""否"", QMessageBox.NoRole)
        msg_box.exec()
",""
"Variable:ui/notebook.py:new_x","new_x","ui/notebook.py",116,116,"            self._relative_offset = (-310, -200)
        
        new_x = ball_x + self._relative_offset[0]
        new_y = ball_y + self._relative_offset[1]
        
",""
"Variable:ui/notebook.py:new_y","new_y","ui/notebook.py",117,117,"        
        new_x = ball_x + self._relative_offset[0]
        new_y = ball_y + self._relative_offset[1]
        
        screen_geo = QApplication.primaryScreen().availableGeometry()
",""
"Variable:ui/notebook.py:screen_geo","screen_geo","ui/notebook.py",119,119,"        new_y = ball_y + self._relative_offset[1]
        
        screen_geo = QApplication.primaryScreen().availableGeometry()
        new_x = max(screen_geo.left(), min(new_x, screen_geo.right() - self.width()))
        new_y = max(screen_geo.top(), min(new_y, screen_geo.bottom() - self.height()))
",""
"Variable:ui/floating_ball.py:clicked","clicked","ui/floating_ball.py",7,7,"class FloatingBall(QWidget):
    # Signal emitted when the ball is clicked
    clicked = Signal()
    right_clicked = Signal()
    position_changed = Signal(int, int)
",""
"Variable:ui/floating_ball.py:right_clicked","right_clicked","ui/floating_ball.py",8,8,"    # Signal emitted when the ball is clicked
    clicked = Signal()
    right_clicked = Signal()
    position_changed = Signal(int, int)

",""
"Variable:ui/floating_ball.py:position_changed","position_changed","ui/floating_ball.py",9,9,"    clicked = Signal()
    right_clicked = Signal()
    position_changed = Signal(int, int)

    def __init__(self):
",""
"Variable:ui/floating_ball.py:painter","painter","ui/floating_ball.py",38,38,"    def paintEvent(self, event):
        from PySide6.QtGui import QRadialGradient
        painter = QPainter(self)
        painter.setRenderHint(QPainter.Antialiasing)
        
",""
"Variable:ui/floating_ball.py:gradient","gradient","ui/floating_ball.py",42,42,"        
        # Create a modern 3D-like radial gradient
        gradient = QRadialGradient(self.width() / 3, self.height() / 3, self.width())
        gradient.setColorAt(0, QColor(100, 180, 255, 230))
        gradient.setColorAt(1, QColor(20, 100, 220, 210))
",""
"Variable:ui/floating_ball.py:screen_geo","screen_geo","ui/floating_ball.py",76,76,"
    def move_to_bottom_right(self):
        screen_geo = QApplication.primaryScreen().availableGeometry()
        x = screen_geo.width() - self.width() - 50
        y = screen_geo.height() - self.height() - 50
",""
"Variable:ui/floating_ball.py:x","x","ui/floating_ball.py",77,77,"    def move_to_bottom_right(self):
        screen_geo = QApplication.primaryScreen().availableGeometry()
        x = screen_geo.width() - self.width() - 50
        y = screen_geo.height() - self.height() - 50
        self.move(x, y)
",""
"Variable:ui/floating_ball.py:y","y","ui/floating_ball.py",78,78,"        screen_geo = QApplication.primaryScreen().availableGeometry()
        x = screen_geo.width() - self.width() - 50
        y = screen_geo.height() - self.height() - 50
        self.move(x, y)

",""
"Variable:ui/floating_ball.py:app","app","ui/floating_ball.py",82,82,"
if __name__ == ""__main__"":
    app = QApplication(sys.argv)
    ball = FloatingBall()
    ball.move_to_bottom_right()
",""
"Variable:ui/floating_ball.py:ball","ball","ui/floating_ball.py",83,83,"if __name__ == ""__main__"":
    app = QApplication(sys.argv)
    ball = FloatingBall()
    ball.move_to_bottom_right()
    ball.show()
",""
"Variable:system/tray.py:quit_requested","quit_requested","system/tray.py",5,5,"
class TrayIcon(QObject):
    quit_requested = Signal()
    toggle_requested = Signal()
    settings_requested = Signal()
",""
"Variable:system/tray.py:toggle_requested","toggle_requested","system/tray.py",6,6,"class TrayIcon(QObject):
    quit_requested = Signal()
    toggle_requested = Signal()
    settings_requested = Signal()
    about_requested = Signal()
",""
"Variable:system/tray.py:settings_requested","settings_requested","system/tray.py",7,7,"    quit_requested = Signal()
    toggle_requested = Signal()
    settings_requested = Signal()
    about_requested = Signal()
    toggle_hide_ball_when_screenshot_requested = Signal()
",""
"Variable:system/tray.py:about_requested","about_requested","system/tray.py",8,8,"    toggle_requested = Signal()
    settings_requested = Signal()
    about_requested = Signal()
    toggle_hide_ball_when_screenshot_requested = Signal()
    change_clipboard_max_items_requested = Signal(int)
",""
"Variable:system/tray.py:toggle_hide_ball_when_screenshot_requested","toggle_hide_ball_when_screenshot_requested","system/tray.py",9,9,"    settings_requested = Signal()
    about_requested = Signal()
    toggle_hide_ball_when_screenshot_requested = Signal()
    change_clipboard_max_items_requested = Signal(int)
    toggle_clipboard_tracking_requested = Signal()
",""
"Variable:system/tray.py:change_clipboard_max_items_requested","change_clipboard_max_items_requested","system/tray.py",10,10,"    about_requested = Signal()
    toggle_hide_ball_when_screenshot_requested = Signal()
    change_clipboard_max_items_requested = Signal(int)
    toggle_clipboard_tracking_requested = Signal()
    change_recent_max_items_requested = Signal(int)
",""
"Variable:system/tray.py:toggle_clipboard_tracking_requested","toggle_clipboard_tracking_requested","system/tray.py",11,11,"    toggle_hide_ball_when_screenshot_requested = Signal()
    change_clipboard_max_items_requested = Signal(int)
    toggle_clipboard_tracking_requested = Signal()
    change_recent_max_items_requested = Signal(int)
    toggle_recent_tracking_requested = Signal()
",""
"Variable:system/tray.py:change_recent_max_items_requested","change_recent_max_items_requested","system/tray.py",12,12,"    change_clipboard_max_items_requested = Signal(int)
    toggle_clipboard_tracking_requested = Signal()
    change_recent_max_items_requested = Signal(int)
    toggle_recent_tracking_requested = Signal()
    change_clipboard_record_text_requested = Signal(bool)
",""
"Variable:system/tray.py:toggle_recent_tracking_requested","toggle_recent_tracking_requested","system/tray.py",13,13,"    toggle_clipboard_tracking_requested = Signal()
    change_recent_max_items_requested = Signal(int)
    toggle_recent_tracking_requested = Signal()
    change_clipboard_record_text_requested = Signal(bool)
    change_clipboard_record_image_requested = Signal(bool)
",""
"Variable:system/tray.py:change_clipboard_record_text_requested","change_clipboard_record_text_requested","system/tray.py",14,14,"    change_recent_max_items_requested = Signal(int)
    toggle_recent_tracking_requested = Signal()
    change_clipboard_record_text_requested = Signal(bool)
    change_clipboard_record_image_requested = Signal(bool)
    change_browser_path_requested = Signal(str)
",""
"Variable:system/tray.py:change_clipboard_record_image_requested","change_clipboard_record_image_requested","system/tray.py",15,15,"    toggle_recent_tracking_requested = Signal()
    change_clipboard_record_text_requested = Signal(bool)
    change_clipboard_record_image_requested = Signal(bool)
    change_browser_path_requested = Signal(str)

",""
"Variable:system/tray.py:change_browser_path_requested","change_browser_path_requested","system/tray.py",16,16,"    change_clipboard_record_text_requested = Signal(bool)
    change_clipboard_record_image_requested = Signal(bool)
    change_browser_path_requested = Signal(str)

    def __init__(self, parent=None):
",""
"Variable:system/tray.py:current","current","system/tray.py",105,105,"    def _on_change_clipboard_limit(self):
        # We need the current limit value. Fallback to 20 if not set as instance var
        current = getattr(self, 'clipboard_max_items', 20)
        value, ok = QInputDialog.getInt(None, ""\u8bbe\u7f6e\u526a\u8d34\u677f\u6700\u5927\u6761\u6570"", ""\u8bf7\u8f93\u5165\u6700\u591a\u4fdd\u5b58\u6761\u6570\uff1a"", current, 1, 999, 1)
        if ok:
",""
"Variable:system/tray.py:pixmap","pixmap","system/tray.py",146,146,"    def _create_dummy_icon(self):
        from PySide6.QtGui import QPixmap, QPainter, QColor, QIcon
        pixmap = QPixmap(32, 32)
        pixmap.fill(Qt.transparent)
        painter = QPainter(pixmap)
",""
"Variable:system/tray.py:painter","painter","system/tray.py",148,148,"        pixmap = QPixmap(32, 32)
        pixmap.fill(Qt.transparent)
        painter = QPainter(pixmap)
        painter.setBrush(QColor(50, 150, 250))
        painter.drawEllipse(0, 0, 32, 32)
",""
"Variable:core/windows_recent.py:key","key","core/windows_recent.py",6,6,"def ensure_windows_recent_tracking_enabled():
    try:
        key = winreg.OpenKey(winreg.HKEY_CURRENT_USER, r""Software\Microsoft\Windows\CurrentVersion\Explorer\Advanced"", 0, winreg.KEY_SET_VALUE | winreg.KEY_QUERY_VALUE)
        try:
            value, _ = winreg.QueryValueEx(key, ""Start_TrackDocs"")",""
"Variable:core/windows_recent.py:recent_dir","recent_dir","core/windows_recent.py",21,21,"
def list_recent_lnk_files():
    recent_dir = get_recent_dir()
    if not os.path.exists(recent_dir):
        return []",""
"Variable:core/windows_recent.py:lnk_files","lnk_files","core/windows_recent.py",25,25,"        return []
    
    lnk_files = []
    try:
        for entry in os.scandir(recent_dir):",""
"Variable:core/windows_recent.py:shell","shell","core/windows_recent.py",39,39,"def resolve_lnk_target(lnk_path):
    try:
        shell = win32com.client.Dispatch(""WScript.Shell"")
        shortcut = shell.CreateShortCut(lnk_path)
        target = shortcut.Targetpath",""
"Variable:core/windows_recent.py:shortcut","shortcut","core/windows_recent.py",40,40,"    try:
        shell = win32com.client.Dispatch(""WScript.Shell"")
        shortcut = shell.CreateShortCut(lnk_path)
        target = shortcut.Targetpath
        return target",""
"Variable:core/windows_recent.py:target","target","core/windows_recent.py",41,41,"        shell = win32com.client.Dispatch(""WScript.Shell"")
        shortcut = shell.CreateShortCut(lnk_path)
        target = shortcut.Targetpath
        return target
    except Exception:",""
"Variable:core/screen_recorder.py:finished_recording","finished_recording","core/screen_recorder.py",11,11,"
class ScreenRecorderThread(QThread):
    finished_recording = Signal(str)
    error_occurred = Signal(str)
    ",""
"Variable:core/screen_recorder.py:error_occurred","error_occurred","core/screen_recorder.py",12,12,"class ScreenRecorderThread(QThread):
    finished_recording = Signal(str)
    error_occurred = Signal(str)
    
    def __init__(self, rect: QRect, save_dir: str, save_format: str = ""mp4""):",""
"Variable:core/screen_recorder.py:ext","ext","core/screen_recorder.py",30,30,"                os.makedirs(self.save_dir, exist_ok=True)
                
            ext = self.save_format
            if ext not in [""mp4"", ""webm""]:
                ext = ""mp4""",""
"Variable:core/screen_recorder.py:filename","filename","core/screen_recorder.py",34,34,"                ext = ""mp4""
                
            filename = datetime.now().strftime(f""录屏_%Y%m%d_%H%M%S.{ext}"")
            filepath = os.path.join(self.save_dir, filename)
            ",""
"Variable:core/screen_recorder.py:filepath","filepath","core/screen_recorder.py",35,35,"                
            filename = datetime.now().strftime(f""录屏_%Y%m%d_%H%M%S.{ext}"")
            filepath = os.path.join(self.save_dir, filename)
            
            v_left = win32api.GetSystemMetrics(win32con.SM_XVIRTUALSCREEN)",""
"Variable:core/screen_recorder.py:v_left","v_left","core/screen_recorder.py",37,37,"            filepath = os.path.join(self.save_dir, filename)
            
            v_left = win32api.GetSystemMetrics(win32con.SM_XVIRTUALSCREEN)
            v_top = win32api.GetSystemMetrics(win32con.SM_YVIRTUALSCREEN)
            ",""
"Variable:core/screen_recorder.py:v_top","v_top","core/screen_recorder.py",38,38,"            
            v_left = win32api.GetSystemMetrics(win32con.SM_XVIRTUALSCREEN)
            v_top = win32api.GetSystemMetrics(win32con.SM_YVIRTUALSCREEN)
            
            # self.rect is in global physical coordinates",""
"Variable:core/screen_recorder.py:left","left","core/screen_recorder.py",41,41,"            
            # self.rect is in global physical coordinates
            left = self.rect.x() - v_left
            top = self.rect.y() - v_top
            width = self.rect.width()",""
"Variable:core/screen_recorder.py:top","top","core/screen_recorder.py",42,42,"            # self.rect is in global physical coordinates
            left = self.rect.x() - v_left
            top = self.rect.y() - v_top
            width = self.rect.width()
            height = self.rect.height()",""
"Variable:core/screen_recorder.py:width","width","core/screen_recorder.py",43,43,"            left = self.rect.x() - v_left
            top = self.rect.y() - v_top
            width = self.rect.width()
            height = self.rect.height()
            ",""
"Variable:core/screen_recorder.py:height","height","core/screen_recorder.py",44,44,"            top = self.rect.y() - v_top
            width = self.rect.width()
            height = self.rect.height()
            
            # Ensure even dimensions for cv2",""
"Variable:core/screen_recorder.py:monitor","monitor","core/screen_recorder.py",52,57,"                height -= 1
                
            monitor = {
                ""left"": left,
                ""top"": top,
                ""width"": width,
                ""height"": height
            }
            
            if ext == ""webm"":",""
"Variable:core/screen_recorder.py:fourcc","fourcc","core/screen_recorder.py",60,60,"            
            if ext == ""webm"":
                fourcc = cv2.VideoWriter_fourcc(*'VP80')
                fps = 20.0
                out = cv2.VideoWriter(filepath, fourcc, fps, (width, height))",""
"Variable:core/screen_recorder.py:fps","fps","core/screen_recorder.py",61,61,"            if ext == ""webm"":
                fourcc = cv2.VideoWriter_fourcc(*'VP80')
                fps = 20.0
                out = cv2.VideoWriter(filepath, fourcc, fps, (width, height))
            else:",""
"Variable:core/screen_recorder.py:out","out","core/screen_recorder.py",62,62,"                fourcc = cv2.VideoWriter_fourcc(*'VP80')
                fps = 20.0
                out = cv2.VideoWriter(filepath, fourcc, fps, (width, height))
            else:
                # Try H264 via Media Foundation backend",""
"Variable:core/screen_recorder.py:sct","sct","core/screen_recorder.py",78,78,"                return
                
            sct = mss.mss()
            frame_time = 1.0 / fps
            ",""
"Variable:core/screen_recorder.py:frame_time","frame_time","core/screen_recorder.py",79,79,"                
            sct = mss.mss()
            frame_time = 1.0 / fps
            
            while self._running:",""
"Variable:core/screen_recorder.py:start_time","start_time","core/screen_recorder.py",82,82,"            
            while self._running:
                start_time = time.time()
                
                sct_img = sct.grab(monitor)",""
"Variable:core/screen_recorder.py:sct_img","sct_img","core/screen_recorder.py",84,84,"                start_time = time.time()
                
                sct_img = sct.grab(monitor)
                img = np.array(sct_img)
                # Convert BGRA to BGR",""
"Variable:core/screen_recorder.py:img","img","core/screen_recorder.py",85,85,"                
                sct_img = sct.grab(monitor)
                img = np.array(sct_img)
                # Convert BGRA to BGR
                img = cv2.cvtColor(img, cv2.COLOR_BGRA2BGR)",""
"Variable:core/screen_recorder.py:elapsed","elapsed","core/screen_recorder.py",90,90,"                out.write(img)
                
                elapsed = time.time() - start_time
                sleep_time = frame_time - elapsed
                if sleep_time > 0:",""
"Variable:core/screen_recorder.py:sleep_time","sleep_time","core/screen_recorder.py",91,91,"                
                elapsed = time.time() - start_time
                sleep_time = frame_time - elapsed
                if sleep_time > 0:
                    time.sleep(sleep_time)",""
"Variable:core/screenshot.py:DWMWA_EXTENDED_FRAME_BOUNDS","DWMWA_EXTENDED_FRAME_BOUNDS","core/screenshot.py",12,12,"
# DWM 相关常量
DWMWA_EXTENDED_FRAME_BOUNDS = 9

def get_accurate_window_rect(hwnd):",""
"Variable:core/screenshot.py:rect","rect","core/screenshot.py",16,16,"def get_accurate_window_rect(hwnd):
    """"""使用 DWM 获取精确的窗口边界（去掉阴影）""""""
    rect = wintypes.RECT()
    try:
        # 尝试获取 DWM 扩展框架边界",""
"Variable:core/screenshot.py:result","result","core/screenshot.py",19,24,"    try:
        # 尝试获取 DWM 扩展框架边界
        result = ctypes.windll.dwmapi.DwmGetWindowAttribute(
            hwnd, 
            DWMWA_EXTENDED_FRAME_BOUNDS, 
            ctypes.byref(rect), 
            ctypes.sizeof(rect)
        )
        if result == 0:
            return QRect(rect.left, rect.top, rect.right - rect.left, rect.bottom - rect.top)",""
"Variable:core/screenshot.py:r","r","core/screenshot.py",31,31,"    
    # 回退到标准 API
    r = win32gui.GetWindowRect(hwnd)
    return QRect(r[0], r[1], r[2] - r[0], r[3] - r[1])
",""
"Variable:core/screenshot.py:title","title","core/screenshot.py",40,40,"    
    # 排除托盘、桌面等特殊窗口（可选）
    title = win32gui.GetWindowText(hwnd)
    cls = win32gui.GetClassName(hwnd)
    if cls in [""Progman"", ""Shell_TrayWnd""]:",""
"Variable:core/screenshot.py:cls","cls","core/screenshot.py",41,41,"    # 排除托盘、桌面等特殊窗口（可选）
    title = win32gui.GetWindowText(hwnd)
    cls = win32gui.GetClassName(hwnd)
    if cls in [""Progman"", ""Shell_TrayWnd""]:
        return False",""
"Variable:core/screenshot.py:rects","rects","core/screenshot.py",52,52,"def get_all_visible_rects():
    """"""获取当前屏幕所有有效窗口和可见子控件的矩形""""""
    rects = []
    
    def callback(hwnd, _):",""
"Variable:core/screenshot.py:child_rects","child_rects","core/screenshot.py",56,56,"    def callback(hwnd, _):
        if is_window_valid(hwnd):
            child_rects = []
            
            def child_callback(chwnd, _):",""
"Variable:core/screenshot.py:screen_w","screen_w","core/screenshot.py",80,80,"    
    # 屏幕范围作为保底
    screen_w = win32api.GetSystemMetrics(win32con.SM_CXSCREEN)
    screen_h = win32api.GetSystemMetrics(win32con.SM_CYSCREEN)
    rects.append(QRect(0, 0, screen_w, screen_h))",""
"Variable:core/screenshot.py:screen_h","screen_h","core/screenshot.py",81,81,"    # 屏幕范围作为保底
    screen_w = win32api.GetSystemMetrics(win32con.SM_CXSCREEN)
    screen_h = win32api.GetSystemMetrics(win32con.SM_CYSCREEN)
    rects.append(QRect(0, 0, screen_w, screen_h))
    ",""
"Variable:core/screenshot.py:unique_rects","unique_rects","core/screenshot.py",85,85,"    
    # 去重并排序（从小到大，方便 find_best_rect 匹配）
    unique_rects = []
    seen = set()
    for r in rects:",""
"Variable:core/screenshot.py:seen","seen","core/screenshot.py",86,86,"    # 去重并排序（从小到大，方便 find_best_rect 匹配）
    unique_rects = []
    seen = set()
    for r in rects:
        t = (r.x(), r.y(), r.width(), r.height())",""
"Variable:core/screenshot.py:t","t","core/screenshot.py",88,88,"    seen = set()
    for r in rects:
        t = (r.x(), r.y(), r.width(), r.height())
        if t not in seen:
            unique_rects.append(r)",""
"Variable:core/screenshot.py:control","control","core/screenshot.py",98,98,"    """"""使用 UIAutomation 获取无句柄控件的精确边界 (用于现代应用如Electron, WinUI, Chrome等)""""""
    try:
        control = auto.ControlFromPoint(x, y)
        if control:
            rect = control.BoundingRectangle",""
"Variable:core/screenshot.py:w","w","core/screenshot.py",102,102,"            rect = control.BoundingRectangle
            # (left, top, right, bottom)
            w = rect.right - rect.left
            h = rect.bottom - rect.top
            if w > 0 and h > 0:",""
"Variable:core/screenshot.py:h","h","core/screenshot.py",103,103,"            # (left, top, right, bottom)
            w = rect.right - rect.left
            h = rect.bottom - rect.top
            if w > 0 and h > 0:
                return QRect(rect.left, rect.top, w, h)",""
"Variable:core/recent.py:HISTORY_FILE","HISTORY_FILE","core/recent.py",7,7,"from utils.path_helper import get_base_dir

HISTORY_FILE = os.path.join(get_base_dir(), ""recent_history.json"")

class RecentManager(QObject):",""
"Variable:core/recent.py:items_changed","items_changed","core/recent.py",10,10,"
class RecentManager(QObject):
    items_changed = Signal(list)

    def __init__(self, max_items=30, parent=None):",""
"Variable:core/recent.py:was_enabled","was_enabled","core/recent.py",29,29,"
    def set_tracking_enabled(self, enabled):
        was_enabled = self.tracking_enabled
        self.tracking_enabled = enabled
        if enabled and not was_enabled:",""
"Variable:core/recent.py:ext","ext","core/recent.py",42,42,"
    def _normalize_ext(self, ext):
        ext = ext.strip().lower()
        if ext and not ext.startswith('.'):
            ext = '.' + ext",""
"Variable:core/recent.py:changed","changed","core/recent.py",48,48,"
    def _purge_excluded(self):
        changed = False
        new_history = []
        for item in self.history:",""
"Variable:core/recent.py:new_history","new_history","core/recent.py",49,49,"    def _purge_excluded(self):
        changed = False
        new_history = []
        for item in self.history:
            if not self.excluded_extensions.get(item.get(""ext""), False):",""
"Variable:core/recent.py:lnk_paths","lnk_paths","core/recent.py",83,83,"        
        try:
            lnk_paths = list_recent_lnk_files()
        except Exception:
            lnk_paths = []",""
"Variable:core/recent.py:mtime","mtime","core/recent.py",90,90,"        for lnk in lnk_paths[:50]:
            try:
                mtime = os.path.getmtime(lnk)
            except Exception:
                continue",""
"Variable:core/recent.py:target","target","core/recent.py",101,101,"                continue
            
            target = resolve_lnk_target(lnk)
            if not target or not os.path.exists(target):
                continue",""
"Variable:core/recent.py:name","name","core/recent.py",115,115,"                
            # Add to history
            name = os.path.basename(target)
            
            # Deduplicate",""
"Variable:core/recent.py:existing_idx","existing_idx","core/recent.py",118,118,"            
            # Deduplicate
            existing_idx = -1
            for i, item in enumerate(self.history):
                if item.get(""path"") == target:",""
"Variable:core/recent.py:new_item","new_item","core/recent.py",124,130,"                    break
                    
            new_item = {
                ""path"": target,
                ""name"": name,
                ""ext"": ext,
                ""is_app"": ext == "".exe"",
                ""last_seen"": time.time()
            }
            
            if existing_idx >= 0:",""
"Variable:core/recent.py:path","path","core/recent.py",165,165,"
    def remove_item(self, item_to_remove):
        path = item_to_remove.get(""path"") if isinstance(item_to_remove, dict) else str(item_to_remove)
        for i, item in enumerate(self.history):
            if item.get(""path"") == path:",""
"Variable:core/notebook.py:NOTEBOOK_FILE","NOTEBOOK_FILE","core/notebook.py",4,4,"from PySide6.QtCore import QObject, Signal, QTimer

NOTEBOOK_FILE = ""notebook.json""

class NotebookManager(QObject):",""
"Variable:core/notebook.py:content_loaded","content_loaded","core/notebook.py",7,7,"
class NotebookManager(QObject):
    content_loaded = Signal(str)

    def __init__(self, parent=None):",""
"Variable:core/notebook.py:data","data","core/notebook.py",25,25,"            try:
                with open(NOTEBOOK_FILE, ""r"", encoding=""utf-8"") as f:
                    data = json.load(f)
                    self.content = data.get(""content"", """")
            except Exception as e:",""
"Variable:core/hotkey.py:action_triggered","action_triggered","core/hotkey.py",6,6,"
class HotkeyManager(QObject):
    action_triggered = Signal(str, object, object)

    def __init__(self, hotkeys=None, parent=None):
",""
"Variable:core/hotkey.py:payload_img","payload_img","core/hotkey.py",26,26,"                if getattr(self, 'paused', False):
                    return
                payload_img = None
                payload_rects = None
                if n == ""smart_screenshot"":
",""
"Variable:core/hotkey.py:payload_rects","payload_rects","core/hotkey.py",27,27,"                    return
                payload_img = None
                payload_rects = None
                if n == ""smart_screenshot"":
                    try:
",""
"Variable:core/hotkey.py:old_key","old_key","core/hotkey.py",46,46,"    def update_hotkey(self, name, new_key):
        # unregister old
        old_key = self._registered_hotkeys.get(name)
        if old_key:
            try:
",""
"Variable:core/clipboard.py:HISTORY_FILE","HISTORY_FILE","core/clipboard.py",10,10,"
from utils.path_helper import get_base_dir
HISTORY_FILE = os.path.join(get_base_dir(), ""history.json"")

class ClipboardManager(QObject):
",""
"Variable:core/clipboard.py:history_changed","history_changed","core/clipboard.py",14,14,"class ClipboardManager(QObject):
    # Emits when a new valid text is added to the history
    history_changed = Signal(list)

    def __init__(self, max_items=20, parent=None):
",""
"Variable:core/clipboard.py:raw","raw","core/clipboard.py",47,47,"        try:
            with open(HISTORY_FILE, ""r"", encoding=""utf-8"") as f:
                raw = json.load(f)
                return self._dedupe_history(self._normalize_history(raw))
        except Exception as e:",""
"Variable:core/clipboard.py:text","text","core/clipboard.py",56,56,"        import unicodedata
        import re
        text = text or """"
        # 剥离行首的常见序号和列表符号 (如 ""1. "", ""(一)"", ""- "", ""* "")
        pattern = r'(?m)^\s*(?:[\(（]?(?:[\d]+|[a-zA-Z]|[一二三四五六七八九十百千万]+)[.\)）\]、](?!\d)\s*|[•·*+\-]\s*)'
",""
"Variable:core/clipboard.py:pattern","pattern","core/clipboard.py",58,58,"        text = text or """"
        # 剥离行首的常见序号和列表符号 (如 ""1. "", ""(一)"", ""- "", ""* "")
        pattern = r'(?m)^\s*(?:[\(（]?(?:[\d]+|[a-zA-Z]|[一二三四五六七八九十百千万]+)[.\)）\]、](?!\d)\s*|[•·*+\-]\s*)'
        text = re.sub(pattern, '', text)
        
",""
"Variable:core/clipboard.py:deduped","deduped","core/clipboard.py",65,65,"
    def _dedupe_history(self, history):
        deduped = []
        seen_text = set()
        seen_image = set()",""
"Variable:core/clipboard.py:seen_text","seen_text","core/clipboard.py",66,66,"    def _dedupe_history(self, history):
        deduped = []
        seen_text = set()
        seen_image = set()
        for item in history:",""
"Variable:core/clipboard.py:seen_image","seen_image","core/clipboard.py",67,67,"        deduped = []
        seen_text = set()
        seen_image = set()
        for item in history:
            if not isinstance(item, dict):",""
"Variable:core/clipboard.py:key","key","core/clipboard.py",72,72,"                continue
            if item.get(""type"") == ""text"":
                key = self._normalize_text_key(item.get(""value"", """"))
                if key in seen_text:
                    continue",""
"Variable:core/clipboard.py:normalized","normalized","core/clipboard.py",89,89,"            return []

        normalized = []
        for item in raw_history:
            if isinstance(item, dict) and item.get(""type"") in {""text"", ""image""}:
",""
"Variable:core/clipboard.py:mime_data","mime_data","core/clipboard.py",120,120,"
    def _process_clipboard(self):
        mime_data = self._clipboard.mimeData()
        if mime_data.hasUrls():
            # Windows Explorer file copy often exposes file URLs and may also
",""
"Variable:core/clipboard.py:image","image","core/clipboard.py",127,127,"            return
        if mime_data.hasImage() and self.record_image:
            image = self._clipboard.image()
            if not image.isNull():
                import hashlib
",""
"Variable:core/clipboard.py:img_data","img_data","core/clipboard.py",130,130,"            if not image.isNull():
                import hashlib
                img_data = image.bits().tobytes()
                img_hash = hashlib.md5(img_data).hexdigest()
                if getattr(self, ""last_image_hash"", None) == img_hash:
",""
"Variable:core/clipboard.py:img_hash","img_hash","core/clipboard.py",131,131,"                import hashlib
                img_data = image.bits().tobytes()
                img_hash = hashlib.md5(img_data).hexdigest()
                if getattr(self, ""last_image_hash"", None) == img_hash:
                    return
",""
"Variable:core/clipboard.py:html","html","core/clipboard.py",138,138,"        elif mime_data.hasText() and self.record_text:
            text = mime_data.text().strip().replace('\r\n', '\n').replace('\r', '\n')
            html = mime_data.html() if mime_data.hasHtml() else None
            if text:
                normalized_text = self._normalize_text_key(text)",""
"Variable:core/clipboard.py:normalized_text","normalized_text","core/clipboard.py",140,140,"            html = mime_data.html() if mime_data.hasHtml() else None
            if text:
                normalized_text = self._normalize_text_key(text)
                now = time.monotonic()
                if getattr(self, ""last_normalized_text"", None) == normalized_text and (now - self.last_text_at) < self.text_dedupe_window:",""
"Variable:core/clipboard.py:now","now","core/clipboard.py",141,141,"            if text:
                normalized_text = self._normalize_text_key(text)
                now = time.monotonic()
                if getattr(self, ""last_normalized_text"", None) == normalized_text and (now - self.last_text_at) < self.text_dedupe_window:
                    return",""
"Variable:core/clipboard.py:item","item","core/clipboard.py",149,149,"
    def _make_text_item(self, text, html=None):
        item = {""type"": ""text"", ""value"": text}
        if html:
            item[""html""] = html
",""
"Variable:core/clipboard.py:filename","filename","core/clipboard.py",163,163,"            
        from datetime import datetime
        filename = datetime.now().strftime(""IMG_%Y%m%d_%H%M%S_%f.png"")
        filepath = os.path.join(self.picture_save_path, filename)
        
",""
"Variable:core/clipboard.py:filepath","filepath","core/clipboard.py",164,164,"        from datetime import datetime
        filename = datetime.now().strftime(""IMG_%Y%m%d_%H%M%S_%f.png"")
        filepath = os.path.join(self.picture_save_path, filename)
        
        image.save(filepath, ""PNG"")
",""
"Variable:core/clipboard.py:files","files","core/clipboard.py",180,180,"            return
            
        files = []
        for f in os.listdir(self.picture_save_path):
            p = os.path.join(self.picture_save_path, f)
",""
"Variable:core/clipboard.py:p","p","core/clipboard.py",182,182,"        files = []
        for f in os.listdir(self.picture_save_path):
            p = os.path.join(self.picture_save_path, f)
            if os.path.isfile(p):
                files.append((p, os.path.getmtime(p)))
",""
"Variable:core/clipboard.py:limit","limit","core/clipboard.py",186,186,"                files.append((p, os.path.getmtime(p)))
                
        limit = getattr(self, ""max_images"", 20)
        if len(files) > limit:
            files.sort(key=lambda x: x[1]) # oldest first
",""
"Variable:core/clipboard.py:val","val","core/clipboard.py",201,201,"        
        import re
        val = item.get(""value"", """")
        normalized_val = re.sub(r'\s+', '', val)
        return (""text"", normalized_val)
",""
"Variable:core/clipboard.py:normalized_val","normalized_val","core/clipboard.py",202,202,"        import re
        val = item.get(""value"", """")
        normalized_val = re.sub(r'\s+', '', val)
        return (""text"", normalized_val)

",""
"Variable:core/clipboard.py:valid_history","valid_history","core/clipboard.py",229,229,"        
        # Clean missing files before emitting to prevent showing blank entries
        valid_history = []
        for it in self.history:
            if it.get(""type"") == ""image"":
",""
"Variable:core/clipboard.py:item_to_remove","item_to_remove","core/clipboard.py",244,244,"    def remove_item(self, item_to_remove):
        if isinstance(item_to_remove, str):
            item_to_remove = self._make_text_item(item_to_remove)
            
        key = self._item_key(item_to_remove)
",""
"Variable:core/clipboard.py:changed","changed","core/clipboard.py",277,277,"
    def clean_missing_files(self):
        changed = False
        valid_history = []
        for item in self.history:
",""
"Variable:core/clipboard.py:data","data","core/clipboard.py",303,303,"            else:
                try:
                    data = base64.b64decode(val)
                    image.loadFromData(data, ""PNG"")
                except:
",""
"Variable:core/clipboard.py:mime","mime","core/clipboard.py",317,317,"            
            from PySide6.QtCore import QMimeData
            mime = QMimeData()
            mime.setText(text)
            if html and not as_plain_text:
",""
"Variable:桌面人偶_简洁版_Release/_internal/cv2/__init__.py:__all__","__all__","桌面人偶_简洁版_Release/_internal/cv2/__init__.py",7,7,"import sys

__all__ = []

try:
",""
"Variable:桌面人偶_简洁版_Release/_internal/cv2/__init__.py:module_name","module_name","桌面人偶_简洁版_Release/_internal/cv2/__init__.py",23,23,"
def __load_extra_py_code_for_module(base, name, enable_debug_print=False):
    module_name = ""{}.{}"".format(__name__, name)
    export_module_name = ""{}.{}"".format(base, name)
    native_module = sys.modules.pop(module_name, None)
",""
"Variable:桌面人偶_简洁版_Release/_internal/cv2/__init__.py:export_module_name","export_module_name","桌面人偶_简洁版_Release/_internal/cv2/__init__.py",24,24,"def __load_extra_py_code_for_module(base, name, enable_debug_print=False):
    module_name = ""{}.{}"".format(__name__, name)
    export_module_name = ""{}.{}"".format(base, name)
    native_module = sys.modules.pop(module_name, None)
    try:
",""
"Variable:桌面人偶_简洁版_Release/_internal/cv2/__init__.py:native_module","native_module","桌面人偶_简洁版_Release/_internal/cv2/__init__.py",25,25,"    module_name = ""{}.{}"".format(__name__, name)
    export_module_name = ""{}.{}"".format(base, name)
    native_module = sys.modules.pop(module_name, None)
    try:
        py_module = importlib.import_module(module_name)
",""
"Variable:桌面人偶_简洁版_Release/_internal/cv2/__init__.py:py_module","py_module","桌面人偶_简洁版_Release/_internal/cv2/__init__.py",27,27,"    native_module = sys.modules.pop(module_name, None)
    try:
        py_module = importlib.import_module(module_name)
    except ImportError as err:
        if enable_debug_print:
",""
"Variable:桌面人偶_简洁版_Release/_internal/cv2/__init__.py:__INIT_FILE_PATH","__INIT_FILE_PATH","桌面人偶_简洁版_Release/_internal/cv2/__init__.py",62,62,"        return []

    __INIT_FILE_PATH = os.path.abspath(__file__)
    _extra_submodules_init_path = os.path.dirname(__INIT_FILE_PATH)
    return filter(modules_filter, os.listdir(_extra_submodules_init_path))
",""
"Variable:桌面人偶_简洁版_Release/_internal/cv2/__init__.py:_extra_submodules_init_path","_extra_submodules_init_path","桌面人偶_简洁版_Release/_internal/cv2/__init__.py",63,63,"
    __INIT_FILE_PATH = os.path.abspath(__file__)
    _extra_submodules_init_path = os.path.dirname(__INIT_FILE_PATH)
    return filter(modules_filter, os.listdir(_extra_submodules_init_path))

",""
"Variable:桌面人偶_简洁版_Release/_internal/cv2/__init__.py:save_sys_path","save_sys_path","桌面人偶_简洁版_Release/_internal/cv2/__init__.py",71,71,"
    import copy
    save_sys_path = copy.copy(sys.path)

    if hasattr(sys, 'OpenCV_LOADER'):
",""
"Variable:桌面人偶_简洁版_Release/_internal/cv2/__init__.py:DEBUG","DEBUG","桌面人偶_简洁版_Release/_internal/cv2/__init__.py",78,78,"    sys.OpenCV_LOADER = True

    DEBUG = False
    if hasattr(sys, 'OpenCV_LOADER_DEBUG'):
        DEBUG = True
",""
"Variable:桌面人偶_简洁版_Release/_internal/cv2/__init__.py:LOADER_DIR","LOADER_DIR","桌面人偶_简洁版_Release/_internal/cv2/__init__.py",85,85,"    if DEBUG: print('OpenCV loader: os.name=""{}""  platform.system()=""{}""'.format(os.name, str(platform.system())))

    LOADER_DIR = os.path.dirname(os.path.abspath(os.path.realpath(__file__)))

    PYTHON_EXTENSIONS_PATHS = []
",""
"Variable:桌面人偶_简洁版_Release/_internal/cv2/__init__.py:PYTHON_EXTENSIONS_PATHS","PYTHON_EXTENSIONS_PATHS","桌面人偶_简洁版_Release/_internal/cv2/__init__.py",87,87,"    LOADER_DIR = os.path.dirname(os.path.abspath(os.path.realpath(__file__)))

    PYTHON_EXTENSIONS_PATHS = []
    BINARIES_PATHS = []

",""
"Variable:桌面人偶_简洁版_Release/_internal/cv2/__init__.py:BINARIES_PATHS","BINARIES_PATHS","桌面人偶_简洁版_Release/_internal/cv2/__init__.py",88,88,"
    PYTHON_EXTENSIONS_PATHS = []
    BINARIES_PATHS = []

    g_vars = globals()
",""
"Variable:桌面人偶_简洁版_Release/_internal/cv2/__init__.py:g_vars","g_vars","桌面人偶_简洁版_Release/_internal/cv2/__init__.py",90,90,"    BINARIES_PATHS = []

    g_vars = globals()
    l_vars = locals().copy()

",""
"Variable:桌面人偶_简洁版_Release/_internal/cv2/__init__.py:l_vars","l_vars","桌面人偶_简洁版_Release/_internal/cv2/__init__.py",91,91,"
    g_vars = globals()
    l_vars = locals().copy()

    if sys.version_info[:2] < (3, 0):
",""
"Variable:桌面人偶_简洁版_Release/_internal/cv2/__init__.py:fpath","fpath","桌面人偶_简洁版_Release/_internal/cv2/__init__.py",100,100,"    def load_first_config(fnames, required=True):
        for fname in fnames:
            fpath = os.path.join(LOADER_DIR, fname)
            if not os.path.exists(fpath):
                if DEBUG: print('OpenCV loader: config not found, skip: {}'.format(fpath))
",""
"Variable:桌面人偶_简洁版_Release/_internal/cv2/__init__.py:applySysPathWorkaround","applySysPathWorkaround","桌面人偶_简洁版_Release/_internal/cv2/__init__.py",119,119,"    if DEBUG: print('OpenCV loader: BINARIES_PATHS={}'.format(str(l_vars['BINARIES_PATHS'])))

    applySysPathWorkaround = False
    if hasattr(sys, 'OpenCV_REPLACE_SYS_PATH_0'):
        applySysPathWorkaround = True
",""
"Variable:桌面人偶_简洁版_Release/_internal/cv2/__init__.py:BASE_DIR","BASE_DIR","桌面人偶_简洁版_Release/_internal/cv2/__init__.py",124,124,"    else:
        try:
            BASE_DIR = os.path.dirname(LOADER_DIR)
            if sys.path[0] == BASE_DIR or os.path.realpath(sys.path[0]) == BASE_DIR:
                applySysPathWorkaround = True
",""
"Variable:桌面人偶_简洁版_Release/_internal/cv2/version.py:opencv_version","opencv_version","桌面人偶_简洁版_Release/_internal/cv2/version.py",0,0,"opencv_version = ""4.13.0.92""
contrib = False
headless = False
",""
"Variable:桌面人偶_简洁版_Release/_internal/cv2/version.py:contrib","contrib","桌面人偶_简洁版_Release/_internal/cv2/version.py",1,1,"opencv_version = ""4.13.0.92""
contrib = False
headless = False
rolling = False
",""
"Variable:桌面人偶_简洁版_Release/_internal/cv2/version.py:headless","headless","桌面人偶_简洁版_Release/_internal/cv2/version.py",2,2,"opencv_version = ""4.13.0.92""
contrib = False
headless = False
rolling = False
ci_build = True",""
"Variable:桌面人偶_简洁版_Release/_internal/cv2/version.py:rolling","rolling","桌面人偶_简洁版_Release/_internal/cv2/version.py",3,3,"contrib = False
headless = False
rolling = False
ci_build = True",""
"Variable:桌面人偶_简洁版_Release/_internal/cv2/version.py:ci_build","ci_build","桌面人偶_简洁版_Release/_internal/cv2/version.py",4,4,"headless = False
rolling = False
ci_build = True",""
"Variable:桌面人偶_简洁版_Release/_internal/cv2/load_config_py3.py:code","code","桌面人偶_简洁版_Release/_internal/cv2/load_config_py3.py",7,7,"    def exec_file_wrapper(fpath, g_vars, l_vars):
        with open(fpath) as f:
            code = compile(f.read(), fpath, 'exec')
            exec(code, g_vars, l_vars)
",""
"Variable:桌面人偶_简洁版_Release/_internal/cv2/config.py:BINARIES_PATHS","BINARIES_PATHS","桌面人偶_简洁版_Release/_internal/cv2/config.py",2,4,"import os

BINARIES_PATHS = [
    os.path.join(os.path.join(LOADER_DIR, '../../'), 'x64/vc17/bin')
] + BINARIES_PATHS
",""
"Variable:桌面人偶_简洁版_Release/_internal/cv2/config-3.py:PYTHON_EXTENSIONS_PATHS","PYTHON_EXTENSIONS_PATHS","桌面人偶_简洁版_Release/_internal/cv2/config-3.py",0,2,"PYTHON_EXTENSIONS_PATHS = [
    LOADER_DIR
] + PYTHON_EXTENSIONS_PATHS

ci_and_not_headless = False
",""
"Variable:桌面人偶_简洁版_Release/_internal/cv2/config-3.py:ci_and_not_headless","ci_and_not_headless","桌面人偶_简洁版_Release/_internal/cv2/config-3.py",4,4,"] + PYTHON_EXTENSIONS_PATHS

ci_and_not_headless = False

try:
",""
"Variable:桌面人偶_Release/_internal/cv2/__init__.py:__all__","__all__","桌面人偶_Release/_internal/cv2/__init__.py",7,7,"import sys

__all__ = []

try:
",""
"Variable:桌面人偶_Release/_internal/cv2/__init__.py:module_name","module_name","桌面人偶_Release/_internal/cv2/__init__.py",23,23,"
def __load_extra_py_code_for_module(base, name, enable_debug_print=False):
    module_name = ""{}.{}"".format(__name__, name)
    export_module_name = ""{}.{}"".format(base, name)
    native_module = sys.modules.pop(module_name, None)
",""
"Variable:桌面人偶_Release/_internal/cv2/__init__.py:export_module_name","export_module_name","桌面人偶_Release/_internal/cv2/__init__.py",24,24,"def __load_extra_py_code_for_module(base, name, enable_debug_print=False):
    module_name = ""{}.{}"".format(__name__, name)
    export_module_name = ""{}.{}"".format(base, name)
    native_module = sys.modules.pop(module_name, None)
    try:
",""
"Variable:桌面人偶_Release/_internal/cv2/__init__.py:native_module","native_module","桌面人偶_Release/_internal/cv2/__init__.py",25,25,"    module_name = ""{}.{}"".format(__name__, name)
    export_module_name = ""{}.{}"".format(base, name)
    native_module = sys.modules.pop(module_name, None)
    try:
        py_module = importlib.import_module(module_name)
",""
"Variable:桌面人偶_Release/_internal/cv2/__init__.py:py_module","py_module","桌面人偶_Release/_internal/cv2/__init__.py",27,27,"    native_module = sys.modules.pop(module_name, None)
    try:
        py_module = importlib.import_module(module_name)
    except ImportError as err:
        if enable_debug_print:
",""
"Variable:桌面人偶_Release/_internal/cv2/__init__.py:__INIT_FILE_PATH","__INIT_FILE_PATH","桌面人偶_Release/_internal/cv2/__init__.py",62,62,"        return []

    __INIT_FILE_PATH = os.path.abspath(__file__)
    _extra_submodules_init_path = os.path.dirname(__INIT_FILE_PATH)
    return filter(modules_filter, os.listdir(_extra_submodules_init_path))
",""
"Variable:桌面人偶_Release/_internal/cv2/__init__.py:_extra_submodules_init_path","_extra_submodules_init_path","桌面人偶_Release/_internal/cv2/__init__.py",63,63,"
    __INIT_FILE_PATH = os.path.abspath(__file__)
    _extra_submodules_init_path = os.path.dirname(__INIT_FILE_PATH)
    return filter(modules_filter, os.listdir(_extra_submodules_init_path))

",""
"Variable:桌面人偶_Release/_internal/cv2/__init__.py:save_sys_path","save_sys_path","桌面人偶_Release/_internal/cv2/__init__.py",71,71,"
    import copy
    save_sys_path = copy.copy(sys.path)

    if hasattr(sys, 'OpenCV_LOADER'):
",""
"Variable:桌面人偶_Release/_internal/cv2/__init__.py:DEBUG","DEBUG","桌面人偶_Release/_internal/cv2/__init__.py",78,78,"    sys.OpenCV_LOADER = True

    DEBUG = False
    if hasattr(sys, 'OpenCV_LOADER_DEBUG'):
        DEBUG = True
",""
"Variable:桌面人偶_Release/_internal/cv2/__init__.py:LOADER_DIR","LOADER_DIR","桌面人偶_Release/_internal/cv2/__init__.py",85,85,"    if DEBUG: print('OpenCV loader: os.name=""{}""  platform.system()=""{}""'.format(os.name, str(platform.system())))

    LOADER_DIR = os.path.dirname(os.path.abspath(os.path.realpath(__file__)))

    PYTHON_EXTENSIONS_PATHS = []
",""
"Variable:桌面人偶_Release/_internal/cv2/__init__.py:PYTHON_EXTENSIONS_PATHS","PYTHON_EXTENSIONS_PATHS","桌面人偶_Release/_internal/cv2/__init__.py",87,87,"    LOADER_DIR = os.path.dirname(os.path.abspath(os.path.realpath(__file__)))

    PYTHON_EXTENSIONS_PATHS = []
    BINARIES_PATHS = []

",""
"Variable:桌面人偶_Release/_internal/cv2/__init__.py:BINARIES_PATHS","BINARIES_PATHS","桌面人偶_Release/_internal/cv2/__init__.py",88,88,"
    PYTHON_EXTENSIONS_PATHS = []
    BINARIES_PATHS = []

    g_vars = globals()
",""
"Variable:桌面人偶_Release/_internal/cv2/__init__.py:g_vars","g_vars","桌面人偶_Release/_internal/cv2/__init__.py",90,90,"    BINARIES_PATHS = []

    g_vars = globals()
    l_vars = locals().copy()

",""
"Variable:桌面人偶_Release/_internal/cv2/__init__.py:l_vars","l_vars","桌面人偶_Release/_internal/cv2/__init__.py",91,91,"
    g_vars = globals()
    l_vars = locals().copy()

    if sys.version_info[:2] < (3, 0):
",""
"Variable:桌面人偶_Release/_internal/cv2/__init__.py:fpath","fpath","桌面人偶_Release/_internal/cv2/__init__.py",100,100,"    def load_first_config(fnames, required=True):
        for fname in fnames:
            fpath = os.path.join(LOADER_DIR, fname)
            if not os.path.exists(fpath):
                if DEBUG: print('OpenCV loader: config not found, skip: {}'.format(fpath))
",""
"Variable:桌面人偶_Release/_internal/cv2/__init__.py:applySysPathWorkaround","applySysPathWorkaround","桌面人偶_Release/_internal/cv2/__init__.py",119,119,"    if DEBUG: print('OpenCV loader: BINARIES_PATHS={}'.format(str(l_vars['BINARIES_PATHS'])))

    applySysPathWorkaround = False
    if hasattr(sys, 'OpenCV_REPLACE_SYS_PATH_0'):
        applySysPathWorkaround = True
",""
"Variable:桌面人偶_Release/_internal/cv2/__init__.py:BASE_DIR","BASE_DIR","桌面人偶_Release/_internal/cv2/__init__.py",124,124,"    else:
        try:
            BASE_DIR = os.path.dirname(LOADER_DIR)
            if sys.path[0] == BASE_DIR or os.path.realpath(sys.path[0]) == BASE_DIR:
                applySysPathWorkaround = True
",""
"Variable:桌面人偶_Release/_internal/cv2/version.py:opencv_version","opencv_version","桌面人偶_Release/_internal/cv2/version.py",0,0,"opencv_version = ""4.13.0.92""
contrib = False
headless = False
",""
"Variable:桌面人偶_Release/_internal/cv2/version.py:contrib","contrib","桌面人偶_Release/_internal/cv2/version.py",1,1,"opencv_version = ""4.13.0.92""
contrib = False
headless = False
rolling = False
",""
"Variable:桌面人偶_Release/_internal/cv2/version.py:headless","headless","桌面人偶_Release/_internal/cv2/version.py",2,2,"opencv_version = ""4.13.0.92""
contrib = False
headless = False
rolling = False
ci_build = True",""
"Variable:桌面人偶_Release/_internal/cv2/version.py:rolling","rolling","桌面人偶_Release/_internal/cv2/version.py",3,3,"contrib = False
headless = False
rolling = False
ci_build = True",""
"Variable:桌面人偶_Release/_internal/cv2/version.py:ci_build","ci_build","桌面人偶_Release/_internal/cv2/version.py",4,4,"headless = False
rolling = False
ci_build = True",""
"Variable:桌面人偶_Release/_internal/cv2/load_config_py3.py:code","code","桌面人偶_Release/_internal/cv2/load_config_py3.py",7,7,"    def exec_file_wrapper(fpath, g_vars, l_vars):
        with open(fpath) as f:
            code = compile(f.read(), fpath, 'exec')
            exec(code, g_vars, l_vars)
",""
"Variable:桌面人偶_Release/_internal/cv2/config.py:BINARIES_PATHS","BINARIES_PATHS","桌面人偶_Release/_internal/cv2/config.py",2,4,"import os

BINARIES_PATHS = [
    os.path.join(os.path.join(LOADER_DIR, '../../'), 'x64/vc17/bin')
] + BINARIES_PATHS
",""
"Variable:桌面人偶_Release/_internal/cv2/config-3.py:PYTHON_EXTENSIONS_PATHS","PYTHON_EXTENSIONS_PATHS","桌面人偶_Release/_internal/cv2/config-3.py",0,2,"PYTHON_EXTENSIONS_PATHS = [
    LOADER_DIR
] + PYTHON_EXTENSIONS_PATHS

ci_and_not_headless = False
",""
"Variable:桌面人偶_Release/_internal/cv2/config-3.py:ci_and_not_headless","ci_and_not_headless","桌面人偶_Release/_internal/cv2/config-3.py",4,4,"] + PYTHON_EXTENSIONS_PATHS

ci_and_not_headless = False

try:
",""
"Variable:桌面人偶_简洁版_Release/_internal/cv2/utils/__init__.py:NativeMethodPatchedResult","NativeMethodPatchedResult","桌面人偶_简洁版_Release/_internal/cv2/utils/__init__.py",5,6,"

NativeMethodPatchedResult = namedtuple(""NativeMethodPatchedResult"",
                                       (""py"", ""native""))


",""
"Variable:桌面人偶_简洁版_Release/_internal/cv2/typing/__init__.py:__all__","__all__","桌面人偶_简洁版_Release/_internal/cv2/typing/__init__.py",0,58,"__all__ = [
    ""IntPointer"",
    ""MatLike"",
    ""MatShape"",
    ""Size"",
    ""Size2f"",
    ""Scalar"",
    ""Point"",
    ""Point2i"",
    ""Point2f"",
    ""Point2d"",
    ""Point3i"",
    ""Point3f"",
    ""Point3d"",
    ""Range"",
    ""Rect"",
    ""Rect2i"",
    ""Rect2f"",
    ""Rect2d"",
    ""Moments"",
    ""RotatedRect"",
    ""TermCriteria"",
    ""Vec2i"",
    ""Vec2f"",
    ""Vec2d"",
    ""Vec3i"",
    ""Vec3f"",
    ""Vec3d"",
    ""Vec4i"",
    ""Vec4f"",
    ""Vec4d"",
    ""Vec6f"",
    ""FeatureDetector"",
    ""DescriptorExtractor"",
    ""FeatureExtractor"",
    ""Matx33f"",
    ""Matx33d"",
    ""Matx44f"",
    ""Matx44d"",
    ""LayerId"",
    ""LayerParams"",
    ""IndexParams"",
    ""SearchParams"",
    ""map_string_and_string"",
    ""map_string_and_int"",
    ""map_string_and_vector_size_t"",
    ""map_string_and_vector_float"",
    ""map_int_and_double"",
    ""GProtoArg"",
    ""GProtoInputArgs"",
    ""GProtoOutputArgs"",
    ""GRunArg"",
    ""GOptRunArg"",
    ""GMetaArg"",
    ""Prim"",
    ""GTypeInfo"",
    ""ExtractArgsCallback"",
    ""ExtractMetaCallback"",
]

import cv2.mat_wrapper
",""
"Variable:桌面人偶_简洁版_Release/_internal/cv2/typing/__init__.py:NumPyArrayNumeric","NumPyArrayNumeric","桌面人偶_简洁版_Release/_internal/cv2/typing/__init__.py",69,69,"
if _typing.TYPE_CHECKING:
    NumPyArrayNumeric = numpy.ndarray[_typing.Any, numpy.dtype[numpy.integer[_typing.Any] | numpy.floating[_typing.Any]]]
else:
    NumPyArrayNumeric = numpy.ndarray
",""
"Variable:桌面人偶_简洁版_Release/_internal/cv2/typing/__init__.py:NumPyArrayFloat32","NumPyArrayFloat32","桌面人偶_简洁版_Release/_internal/cv2/typing/__init__.py",75,75,"
if _typing.TYPE_CHECKING:
    NumPyArrayFloat32 = numpy.ndarray[_typing.Any, numpy.dtype[numpy.float32]]
else:
    NumPyArrayFloat32 = numpy.ndarray
",""
"Variable:桌面人偶_简洁版_Release/_internal/cv2/typing/__init__.py:NumPyArrayFloat64","NumPyArrayFloat64","桌面人偶_简洁版_Release/_internal/cv2/typing/__init__.py",81,81,"
if _typing.TYPE_CHECKING:
    NumPyArrayFloat64 = numpy.ndarray[_typing.Any, numpy.dtype[numpy.float64]]
else:
    NumPyArrayFloat64 = numpy.ndarray
",""
"Variable:桌面人偶_简洁版_Release/_internal/cv2/typing/__init__.py:TermCriteria_Type","TermCriteria_Type","桌面人偶_简洁版_Release/_internal/cv2/typing/__init__.py",87,87,"
if _typing.TYPE_CHECKING:
    TermCriteria_Type = cv2.TermCriteria_Type
else:
    TermCriteria_Type = int
",""
"Variable:桌面人偶_简洁版_Release/_internal/cv2/typing/__init__.py:IntPointer","IntPointer","桌面人偶_简洁版_Release/_internal/cv2/typing/__init__.py",92,92,"

IntPointer = int
""""""Represents an arbitrary pointer""""""
MatLike = _typing.Union[cv2.mat_wrapper.Mat, NumPyArrayNumeric]
",""
"Variable:桌面人偶_简洁版_Release/_internal/cv2/typing/__init__.py:MatLike","MatLike","桌面人偶_简洁版_Release/_internal/cv2/typing/__init__.py",94,94,"IntPointer = int
""""""Represents an arbitrary pointer""""""
MatLike = _typing.Union[cv2.mat_wrapper.Mat, NumPyArrayNumeric]
MatShape = _typing.Sequence[int]
Size = _typing.Sequence[int]
",""
"Variable:桌面人偶_简洁版_Release/_internal/cv2/typing/__init__.py:MatShape","MatShape","桌面人偶_简洁版_Release/_internal/cv2/typing/__init__.py",95,95,"""""""Represents an arbitrary pointer""""""
MatLike = _typing.Union[cv2.mat_wrapper.Mat, NumPyArrayNumeric]
MatShape = _typing.Sequence[int]
Size = _typing.Sequence[int]
""""""Required length is 2""""""
",""
"Variable:桌面人偶_简洁版_Release/_internal/cv2/typing/__init__.py:Size","Size","桌面人偶_简洁版_Release/_internal/cv2/typing/__init__.py",96,96,"MatLike = _typing.Union[cv2.mat_wrapper.Mat, NumPyArrayNumeric]
MatShape = _typing.Sequence[int]
Size = _typing.Sequence[int]
""""""Required length is 2""""""
Size2f = _typing.Sequence[float]
",""
"Variable:桌面人偶_简洁版_Release/_internal/cv2/typing/__init__.py:Size2f","Size2f","桌面人偶_简洁版_Release/_internal/cv2/typing/__init__.py",98,98,"Size = _typing.Sequence[int]
""""""Required length is 2""""""
Size2f = _typing.Sequence[float]
""""""Required length is 2""""""
Scalar = _typing.Union[_typing.Sequence[float], float]
",""
"Variable:桌面人偶_简洁版_Release/_internal/cv2/typing/__init__.py:Scalar","Scalar","桌面人偶_简洁版_Release/_internal/cv2/typing/__init__.py",100,100,"Size2f = _typing.Sequence[float]
""""""Required length is 2""""""
Scalar = _typing.Union[_typing.Sequence[float], float]
""""""Max sequence length is at most 4""""""
Point = _typing.Sequence[int]
",""
"Variable:桌面人偶_简洁版_Release/_internal/cv2/typing/__init__.py:Point","Point","桌面人偶_简洁版_Release/_internal/cv2/typing/__init__.py",102,102,"Scalar = _typing.Union[_typing.Sequence[float], float]
""""""Max sequence length is at most 4""""""
Point = _typing.Sequence[int]
""""""Required length is 2""""""
Point2i = Point
",""
"Variable:桌面人偶_简洁版_Release/_internal/cv2/typing/__init__.py:Point2i","Point2i","桌面人偶_简洁版_Release/_internal/cv2/typing/__init__.py",104,104,"Point = _typing.Sequence[int]
""""""Required length is 2""""""
Point2i = Point
Point2f = _typing.Sequence[float]
""""""Required length is 2""""""
",""
"Variable:桌面人偶_简洁版_Release/_internal/cv2/typing/__init__.py:Point2f","Point2f","桌面人偶_简洁版_Release/_internal/cv2/typing/__init__.py",105,105,"""""""Required length is 2""""""
Point2i = Point
Point2f = _typing.Sequence[float]
""""""Required length is 2""""""
Point2d = _typing.Sequence[float]
",""
"Variable:桌面人偶_简洁版_Release/_internal/cv2/typing/__init__.py:Point2d","Point2d","桌面人偶_简洁版_Release/_internal/cv2/typing/__init__.py",107,107,"Point2f = _typing.Sequence[float]
""""""Required length is 2""""""
Point2d = _typing.Sequence[float]
""""""Required length is 2""""""
Point3i = _typing.Sequence[int]
",""
"Variable:桌面人偶_简洁版_Release/_internal/cv2/typing/__init__.py:Point3i","Point3i","桌面人偶_简洁版_Release/_internal/cv2/typing/__init__.py",109,109,"Point2d = _typing.Sequence[float]
""""""Required length is 2""""""
Point3i = _typing.Sequence[int]
""""""Required length is 3""""""
Point3f = _typing.Sequence[float]
",""
"Variable:桌面人偶_简洁版_Release/_internal/cv2/typing/__init__.py:Point3f","Point3f","桌面人偶_简洁版_Release/_internal/cv2/typing/__init__.py",111,111,"Point3i = _typing.Sequence[int]
""""""Required length is 3""""""
Point3f = _typing.Sequence[float]
""""""Required length is 3""""""
Point3d = _typing.Sequence[float]
",""
"Variable:桌面人偶_简洁版_Release/_internal/cv2/typing/__init__.py:Point3d","Point3d","桌面人偶_简洁版_Release/_internal/cv2/typing/__init__.py",113,113,"Point3f = _typing.Sequence[float]
""""""Required length is 3""""""
Point3d = _typing.Sequence[float]
""""""Required length is 3""""""
Range = _typing.Sequence[int]
",""
"Variable:桌面人偶_简洁版_Release/_internal/cv2/typing/__init__.py:Range","Range","桌面人偶_简洁版_Release/_internal/cv2/typing/__init__.py",115,115,"Point3d = _typing.Sequence[float]
""""""Required length is 3""""""
Range = _typing.Sequence[int]
""""""Required length is 2""""""
Rect = _typing.Sequence[int]
",""
"Variable:桌面人偶_简洁版_Release/_internal/cv2/typing/__init__.py:Rect","Rect","桌面人偶_简洁版_Release/_internal/cv2/typing/__init__.py",117,117,"Range = _typing.Sequence[int]
""""""Required length is 2""""""
Rect = _typing.Sequence[int]
""""""Required length is 4""""""
Rect2i = _typing.Sequence[int]
",""
"Variable:桌面人偶_简洁版_Release/_internal/cv2/typing/__init__.py:Rect2i","Rect2i","桌面人偶_简洁版_Release/_internal/cv2/typing/__init__.py",119,119,"Rect = _typing.Sequence[int]
""""""Required length is 4""""""
Rect2i = _typing.Sequence[int]
""""""Required length is 4""""""
Rect2f = _typing.Sequence[float]
",""
"Variable:桌面人偶_简洁版_Release/_internal/cv2/typing/__init__.py:Rect2f","Rect2f","桌面人偶_简洁版_Release/_internal/cv2/typing/__init__.py",121,121,"Rect2i = _typing.Sequence[int]
""""""Required length is 4""""""
Rect2f = _typing.Sequence[float]
""""""Required length is 4""""""
Rect2d = _typing.Sequence[float]
",""
"Variable:桌面人偶_简洁版_Release/_internal/cv2/typing/__init__.py:Rect2d","Rect2d","桌面人偶_简洁版_Release/_internal/cv2/typing/__init__.py",123,123,"Rect2f = _typing.Sequence[float]
""""""Required length is 4""""""
Rect2d = _typing.Sequence[float]
""""""Required length is 4""""""
Moments = _typing.Dict[str, float]
",""
"Variable:桌面人偶_简洁版_Release/_internal/cv2/typing/__init__.py:Moments","Moments","桌面人偶_简洁版_Release/_internal/cv2/typing/__init__.py",125,125,"Rect2d = _typing.Sequence[float]
""""""Required length is 4""""""
Moments = _typing.Dict[str, float]
RotatedRect = _typing.Tuple[Point2f, Size2f, float]
""""""Any type providing sequence protocol is supported""""""
",""
"Variable:桌面人偶_简洁版_Release/_internal/cv2/typing/__init__.py:RotatedRect","RotatedRect","桌面人偶_简洁版_Release/_internal/cv2/typing/__init__.py",126,126,"""""""Required length is 4""""""
Moments = _typing.Dict[str, float]
RotatedRect = _typing.Tuple[Point2f, Size2f, float]
""""""Any type providing sequence protocol is supported""""""
TermCriteria = _typing.Tuple[TermCriteria_Type, int, float]
",""
"Variable:桌面人偶_简洁版_Release/_internal/cv2/typing/__init__.py:TermCriteria","TermCriteria","桌面人偶_简洁版_Release/_internal/cv2/typing/__init__.py",128,128,"RotatedRect = _typing.Tuple[Point2f, Size2f, float]
""""""Any type providing sequence protocol is supported""""""
TermCriteria = _typing.Tuple[TermCriteria_Type, int, float]
""""""Any type providing sequence protocol is supported""""""
Vec2i = _typing.Sequence[int]
",""
"Variable:桌面人偶_简洁版_Release/_internal/cv2/typing/__init__.py:Vec2i","Vec2i","桌面人偶_简洁版_Release/_internal/cv2/typing/__init__.py",130,130,"TermCriteria = _typing.Tuple[TermCriteria_Type, int, float]
""""""Any type providing sequence protocol is supported""""""
Vec2i = _typing.Sequence[int]
""""""Required length is 2""""""
Vec2f = _typing.Sequence[float]
",""
"Variable:桌面人偶_简洁版_Release/_internal/cv2/typing/__init__.py:Vec2f","Vec2f","桌面人偶_简洁版_Release/_internal/cv2/typing/__init__.py",132,132,"Vec2i = _typing.Sequence[int]
""""""Required length is 2""""""
Vec2f = _typing.Sequence[float]
""""""Required length is 2""""""
Vec2d = _typing.Sequence[float]
",""
"Variable:桌面人偶_简洁版_Release/_internal/cv2/typing/__init__.py:Vec2d","Vec2d","桌面人偶_简洁版_Release/_internal/cv2/typing/__init__.py",134,134,"Vec2f = _typing.Sequence[float]
""""""Required length is 2""""""
Vec2d = _typing.Sequence[float]
""""""Required length is 2""""""
Vec3i = _typing.Sequence[int]
",""
"Variable:桌面人偶_简洁版_Release/_internal/cv2/typing/__init__.py:Vec3i","Vec3i","桌面人偶_简洁版_Release/_internal/cv2/typing/__init__.py",136,136,"Vec2d = _typing.Sequence[float]
""""""Required length is 2""""""
Vec3i = _typing.Sequence[int]
""""""Required length is 3""""""
Vec3f = _typing.Sequence[float]
",""
"Variable:桌面人偶_简洁版_Release/_internal/cv2/typing/__init__.py:Vec3f","Vec3f","桌面人偶_简洁版_Release/_internal/cv2/typing/__init__.py",138,138,"Vec3i = _typing.Sequence[int]
""""""Required length is 3""""""
Vec3f = _typing.Sequence[float]
""""""Required length is 3""""""
Vec3d = _typing.Sequence[float]
",""
"Variable:桌面人偶_简洁版_Release/_internal/cv2/typing/__init__.py:Vec3d","Vec3d","桌面人偶_简洁版_Release/_internal/cv2/typing/__init__.py",140,140,"Vec3f = _typing.Sequence[float]
""""""Required length is 3""""""
Vec3d = _typing.Sequence[float]
""""""Required length is 3""""""
Vec4i = _typing.Sequence[int]
",""
"Variable:桌面人偶_简洁版_Release/_internal/cv2/typing/__init__.py:Vec4i","Vec4i","桌面人偶_简洁版_Release/_internal/cv2/typing/__init__.py",142,142,"Vec3d = _typing.Sequence[float]
""""""Required length is 3""""""
Vec4i = _typing.Sequence[int]
""""""Required length is 4""""""
Vec4f = _typing.Sequence[float]
",""
"Variable:桌面人偶_简洁版_Release/_internal/cv2/typing/__init__.py:Vec4f","Vec4f","桌面人偶_简洁版_Release/_internal/cv2/typing/__init__.py",144,144,"Vec4i = _typing.Sequence[int]
""""""Required length is 4""""""
Vec4f = _typing.Sequence[float]
""""""Required length is 4""""""
Vec4d = _typing.Sequence[float]
",""
"Variable:桌面人偶_简洁版_Release/_internal/cv2/typing/__init__.py:Vec4d","Vec4d","桌面人偶_简洁版_Release/_internal/cv2/typing/__init__.py",146,146,"Vec4f = _typing.Sequence[float]
""""""Required length is 4""""""
Vec4d = _typing.Sequence[float]
""""""Required length is 4""""""
Vec6f = _typing.Sequence[float]
",""
"Variable:桌面人偶_简洁版_Release/_internal/cv2/typing/__init__.py:Vec6f","Vec6f","桌面人偶_简洁版_Release/_internal/cv2/typing/__init__.py",148,148,"Vec4d = _typing.Sequence[float]
""""""Required length is 4""""""
Vec6f = _typing.Sequence[float]
""""""Required length is 6""""""
FeatureDetector = cv2.Feature2D
",""
"Variable:桌面人偶_简洁版_Release/_internal/cv2/typing/__init__.py:FeatureDetector","FeatureDetector","桌面人偶_简洁版_Release/_internal/cv2/typing/__init__.py",150,150,"Vec6f = _typing.Sequence[float]
""""""Required length is 6""""""
FeatureDetector = cv2.Feature2D
DescriptorExtractor = cv2.Feature2D
FeatureExtractor = cv2.Feature2D
",""
"Variable:桌面人偶_简洁版_Release/_internal/cv2/typing/__init__.py:DescriptorExtractor","DescriptorExtractor","桌面人偶_简洁版_Release/_internal/cv2/typing/__init__.py",151,151,"""""""Required length is 6""""""
FeatureDetector = cv2.Feature2D
DescriptorExtractor = cv2.Feature2D
FeatureExtractor = cv2.Feature2D
Matx33f = NumPyArrayFloat32
",""
"Variable:桌面人偶_简洁版_Release/_internal/cv2/typing/__init__.py:FeatureExtractor","FeatureExtractor","桌面人偶_简洁版_Release/_internal/cv2/typing/__init__.py",152,152,"FeatureDetector = cv2.Feature2D
DescriptorExtractor = cv2.Feature2D
FeatureExtractor = cv2.Feature2D
Matx33f = NumPyArrayFloat32
""""""NDArray(shape=(3, 3), dtype=numpy.float32)""""""
",""
"Variable:桌面人偶_简洁版_Release/_internal/cv2/typing/__init__.py:Matx33f","Matx33f","桌面人偶_简洁版_Release/_internal/cv2/typing/__init__.py",153,153,"DescriptorExtractor = cv2.Feature2D
FeatureExtractor = cv2.Feature2D
Matx33f = NumPyArrayFloat32
""""""NDArray(shape=(3, 3), dtype=numpy.float32)""""""
Matx33d = NumPyArrayFloat64
",""
"Variable:桌面人偶_简洁版_Release/_internal/cv2/typing/__init__.py:Matx33d","Matx33d","桌面人偶_简洁版_Release/_internal/cv2/typing/__init__.py",155,155,"Matx33f = NumPyArrayFloat32
""""""NDArray(shape=(3, 3), dtype=numpy.float32)""""""
Matx33d = NumPyArrayFloat64
""""""NDArray(shape=(3, 3), dtype=numpy.float64)""""""
Matx44f = NumPyArrayFloat32
",""
"Variable:桌面人偶_简洁版_Release/_internal/cv2/typing/__init__.py:Matx44f","Matx44f","桌面人偶_简洁版_Release/_internal/cv2/typing/__init__.py",157,157,"Matx33d = NumPyArrayFloat64
""""""NDArray(shape=(3, 3), dtype=numpy.float64)""""""
Matx44f = NumPyArrayFloat32
""""""NDArray(shape=(4, 4), dtype=numpy.float32)""""""
Matx44d = NumPyArrayFloat64
",""
"Variable:桌面人偶_简洁版_Release/_internal/cv2/typing/__init__.py:Matx44d","Matx44d","桌面人偶_简洁版_Release/_internal/cv2/typing/__init__.py",159,159,"Matx44f = NumPyArrayFloat32
""""""NDArray(shape=(4, 4), dtype=numpy.float32)""""""
Matx44d = NumPyArrayFloat64
""""""NDArray(shape=(4, 4), dtype=numpy.float64)""""""
LayerId = cv2.dnn.DictValue
",""
"Variable:桌面人偶_简洁版_Release/_internal/cv2/typing/__init__.py:LayerId","LayerId","桌面人偶_简洁版_Release/_internal/cv2/typing/__init__.py",161,161,"Matx44d = NumPyArrayFloat64
""""""NDArray(shape=(4, 4), dtype=numpy.float64)""""""
LayerId = cv2.dnn.DictValue
LayerParams = _typing.Dict[str, _typing.Union[int, float, str]]
IndexParams = _typing.Dict[str, _typing.Union[bool, int, float, str]]
",""
"Variable:桌面人偶_简洁版_Release/_internal/cv2/typing/__init__.py:LayerParams","LayerParams","桌面人偶_简洁版_Release/_internal/cv2/typing/__init__.py",162,162,"""""""NDArray(shape=(4, 4), dtype=numpy.float64)""""""
LayerId = cv2.dnn.DictValue
LayerParams = _typing.Dict[str, _typing.Union[int, float, str]]
IndexParams = _typing.Dict[str, _typing.Union[bool, int, float, str]]
SearchParams = _typing.Dict[str, _typing.Union[bool, int, float, str]]
",""
"Variable:桌面人偶_简洁版_Release/_internal/cv2/typing/__init__.py:IndexParams","IndexParams","桌面人偶_简洁版_Release/_internal/cv2/typing/__init__.py",163,163,"LayerId = cv2.dnn.DictValue
LayerParams = _typing.Dict[str, _typing.Union[int, float, str]]
IndexParams = _typing.Dict[str, _typing.Union[bool, int, float, str]]
SearchParams = _typing.Dict[str, _typing.Union[bool, int, float, str]]
map_string_and_string = _typing.Dict[str, str]
",""
"Variable:桌面人偶_简洁版_Release/_internal/cv2/typing/__init__.py:SearchParams","SearchParams","桌面人偶_简洁版_Release/_internal/cv2/typing/__init__.py",164,164,"LayerParams = _typing.Dict[str, _typing.Union[int, float, str]]
IndexParams = _typing.Dict[str, _typing.Union[bool, int, float, str]]
SearchParams = _typing.Dict[str, _typing.Union[bool, int, float, str]]
map_string_and_string = _typing.Dict[str, str]
map_string_and_int = _typing.Dict[str, int]
",""
"Variable:桌面人偶_简洁版_Release/_internal/cv2/typing/__init__.py:map_string_and_string","map_string_and_string","桌面人偶_简洁版_Release/_internal/cv2/typing/__init__.py",165,165,"IndexParams = _typing.Dict[str, _typing.Union[bool, int, float, str]]
SearchParams = _typing.Dict[str, _typing.Union[bool, int, float, str]]
map_string_and_string = _typing.Dict[str, str]
map_string_and_int = _typing.Dict[str, int]
map_string_and_vector_size_t = _typing.Dict[str, _typing.Sequence[int]]
",""
"Variable:桌面人偶_简洁版_Release/_internal/cv2/typing/__init__.py:map_string_and_int","map_string_and_int","桌面人偶_简洁版_Release/_internal/cv2/typing/__init__.py",166,166,"SearchParams = _typing.Dict[str, _typing.Union[bool, int, float, str]]
map_string_and_string = _typing.Dict[str, str]
map_string_and_int = _typing.Dict[str, int]
map_string_and_vector_size_t = _typing.Dict[str, _typing.Sequence[int]]
map_string_and_vector_float = _typing.Dict[str, _typing.Sequence[float]]
",""
"Variable:桌面人偶_简洁版_Release/_internal/cv2/typing/__init__.py:map_string_and_vector_size_t","map_string_and_vector_size_t","桌面人偶_简洁版_Release/_internal/cv2/typing/__init__.py",167,167,"map_string_and_string = _typing.Dict[str, str]
map_string_and_int = _typing.Dict[str, int]
map_string_and_vector_size_t = _typing.Dict[str, _typing.Sequence[int]]
map_string_and_vector_float = _typing.Dict[str, _typing.Sequence[float]]
map_int_and_double = _typing.Dict[int, float]
",""
"Variable:桌面人偶_简洁版_Release/_internal/cv2/typing/__init__.py:map_string_and_vector_float","map_string_and_vector_float","桌面人偶_简洁版_Release/_internal/cv2/typing/__init__.py",168,168,"map_string_and_int = _typing.Dict[str, int]
map_string_and_vector_size_t = _typing.Dict[str, _typing.Sequence[int]]
map_string_and_vector_float = _typing.Dict[str, _typing.Sequence[float]]
map_int_and_double = _typing.Dict[int, float]
GProtoArg = _typing.Union[Scalar, cv2.GMat, cv2.GOpaqueT, cv2.GArrayT]
",""
"Variable:桌面人偶_简洁版_Release/_internal/cv2/typing/__init__.py:map_int_and_double","map_int_and_double","桌面人偶_简洁版_Release/_internal/cv2/typing/__init__.py",169,169,"map_string_and_vector_size_t = _typing.Dict[str, _typing.Sequence[int]]
map_string_and_vector_float = _typing.Dict[str, _typing.Sequence[float]]
map_int_and_double = _typing.Dict[int, float]
GProtoArg = _typing.Union[Scalar, cv2.GMat, cv2.GOpaqueT, cv2.GArrayT]
GProtoInputArgs = _typing.Sequence[GProtoArg]
",""
"Variable:桌面人偶_简洁版_Release/_internal/cv2/typing/__init__.py:GProtoArg","GProtoArg","桌面人偶_简洁版_Release/_internal/cv2/typing/__init__.py",170,170,"map_string_and_vector_float = _typing.Dict[str, _typing.Sequence[float]]
map_int_and_double = _typing.Dict[int, float]
GProtoArg = _typing.Union[Scalar, cv2.GMat, cv2.GOpaqueT, cv2.GArrayT]
GProtoInputArgs = _typing.Sequence[GProtoArg]
GProtoOutputArgs = _typing.Sequence[GProtoArg]
",""
"Variable:桌面人偶_简洁版_Release/_internal/cv2/typing/__init__.py:GProtoInputArgs","GProtoInputArgs","桌面人偶_简洁版_Release/_internal/cv2/typing/__init__.py",171,171,"map_int_and_double = _typing.Dict[int, float]
GProtoArg = _typing.Union[Scalar, cv2.GMat, cv2.GOpaqueT, cv2.GArrayT]
GProtoInputArgs = _typing.Sequence[GProtoArg]
GProtoOutputArgs = _typing.Sequence[GProtoArg]
GRunArg = _typing.Union[MatLike, Scalar, cv2.GOpaqueT, cv2.GArrayT, _typing.Sequence[_typing.Any], None]
",""
"Variable:桌面人偶_简洁版_Release/_internal/cv2/typing/__init__.py:GProtoOutputArgs","GProtoOutputArgs","桌面人偶_简洁版_Release/_internal/cv2/typing/__init__.py",172,172,"GProtoArg = _typing.Union[Scalar, cv2.GMat, cv2.GOpaqueT, cv2.GArrayT]
GProtoInputArgs = _typing.Sequence[GProtoArg]
GProtoOutputArgs = _typing.Sequence[GProtoArg]
GRunArg = _typing.Union[MatLike, Scalar, cv2.GOpaqueT, cv2.GArrayT, _typing.Sequence[_typing.Any], None]
GOptRunArg = _typing.Optional[GRunArg]
",""
"Variable:桌面人偶_简洁版_Release/_internal/cv2/typing/__init__.py:GRunArg","GRunArg","桌面人偶_简洁版_Release/_internal/cv2/typing/__init__.py",173,173,"GProtoInputArgs = _typing.Sequence[GProtoArg]
GProtoOutputArgs = _typing.Sequence[GProtoArg]
GRunArg = _typing.Union[MatLike, Scalar, cv2.GOpaqueT, cv2.GArrayT, _typing.Sequence[_typing.Any], None]
GOptRunArg = _typing.Optional[GRunArg]
GMetaArg = _typing.Union[cv2.GMat, Scalar, cv2.GOpaqueT, cv2.GArrayT]
",""
"Variable:桌面人偶_简洁版_Release/_internal/cv2/typing/__init__.py:GOptRunArg","GOptRunArg","桌面人偶_简洁版_Release/_internal/cv2/typing/__init__.py",174,174,"GProtoOutputArgs = _typing.Sequence[GProtoArg]
GRunArg = _typing.Union[MatLike, Scalar, cv2.GOpaqueT, cv2.GArrayT, _typing.Sequence[_typing.Any], None]
GOptRunArg = _typing.Optional[GRunArg]
GMetaArg = _typing.Union[cv2.GMat, Scalar, cv2.GOpaqueT, cv2.GArrayT]
Prim = _typing.Union[cv2.gapi.wip.draw.Text, cv2.gapi.wip.draw.Circle, cv2.gapi.wip.draw.Image, cv2.gapi.wip.draw.Line, cv2.gapi.wip.draw.Rect, cv2.gapi.wip.draw.Mosaic, cv2.gapi.wip.draw.Poly]
",""
"Variable:桌面人偶_简洁版_Release/_internal/cv2/typing/__init__.py:GMetaArg","GMetaArg","桌面人偶_简洁版_Release/_internal/cv2/typing/__init__.py",175,175,"GRunArg = _typing.Union[MatLike, Scalar, cv2.GOpaqueT, cv2.GArrayT, _typing.Sequence[_typing.Any], None]
GOptRunArg = _typing.Optional[GRunArg]
GMetaArg = _typing.Union[cv2.GMat, Scalar, cv2.GOpaqueT, cv2.GArrayT]
Prim = _typing.Union[cv2.gapi.wip.draw.Text, cv2.gapi.wip.draw.Circle, cv2.gapi.wip.draw.Image, cv2.gapi.wip.draw.Line, cv2.gapi.wip.draw.Rect, cv2.gapi.wip.draw.Mosaic, cv2.gapi.wip.draw.Poly]
GTypeInfo = _typing.Union[cv2.GMat, Scalar, cv2.GOpaqueT, cv2.GArrayT]
",""
"Variable:桌面人偶_简洁版_Release/_internal/cv2/typing/__init__.py:Prim","Prim","桌面人偶_简洁版_Release/_internal/cv2/typing/__init__.py",176,176,"GOptRunArg = _typing.Optional[GRunArg]
GMetaArg = _typing.Union[cv2.GMat, Scalar, cv2.GOpaqueT, cv2.GArrayT]
Prim = _typing.Union[cv2.gapi.wip.draw.Text, cv2.gapi.wip.draw.Circle, cv2.gapi.wip.draw.Image, cv2.gapi.wip.draw.Line, cv2.gapi.wip.draw.Rect, cv2.gapi.wip.draw.Mosaic, cv2.gapi.wip.draw.Poly]
GTypeInfo = _typing.Union[cv2.GMat, Scalar, cv2.GOpaqueT, cv2.GArrayT]
ExtractArgsCallback = _typing.Callable[[_typing.Sequence[GTypeInfo]], _typing.Sequence[GRunArg]]
",""
"Variable:桌面人偶_简洁版_Release/_internal/cv2/typing/__init__.py:GTypeInfo","GTypeInfo","桌面人偶_简洁版_Release/_internal/cv2/typing/__init__.py",177,177,"GMetaArg = _typing.Union[cv2.GMat, Scalar, cv2.GOpaqueT, cv2.GArrayT]
Prim = _typing.Union[cv2.gapi.wip.draw.Text, cv2.gapi.wip.draw.Circle, cv2.gapi.wip.draw.Image, cv2.gapi.wip.draw.Line, cv2.gapi.wip.draw.Rect, cv2.gapi.wip.draw.Mosaic, cv2.gapi.wip.draw.Poly]
GTypeInfo = _typing.Union[cv2.GMat, Scalar, cv2.GOpaqueT, cv2.GArrayT]
ExtractArgsCallback = _typing.Callable[[_typing.Sequence[GTypeInfo]], _typing.Sequence[GRunArg]]
ExtractMetaCallback = _typing.Callable[[_typing.Sequence[GTypeInfo]], _typing.Sequence[GMetaArg]]
",""
"Variable:桌面人偶_简洁版_Release/_internal/cv2/typing/__init__.py:ExtractArgsCallback","ExtractArgsCallback","桌面人偶_简洁版_Release/_internal/cv2/typing/__init__.py",178,178,"Prim = _typing.Union[cv2.gapi.wip.draw.Text, cv2.gapi.wip.draw.Circle, cv2.gapi.wip.draw.Image, cv2.gapi.wip.draw.Line, cv2.gapi.wip.draw.Rect, cv2.gapi.wip.draw.Mosaic, cv2.gapi.wip.draw.Poly]
GTypeInfo = _typing.Union[cv2.GMat, Scalar, cv2.GOpaqueT, cv2.GArrayT]
ExtractArgsCallback = _typing.Callable[[_typing.Sequence[GTypeInfo]], _typing.Sequence[GRunArg]]
ExtractMetaCallback = _typing.Callable[[_typing.Sequence[GTypeInfo]], _typing.Sequence[GMetaArg]]
",""
"Variable:桌面人偶_简洁版_Release/_internal/cv2/typing/__init__.py:ExtractMetaCallback","ExtractMetaCallback","桌面人偶_简洁版_Release/_internal/cv2/typing/__init__.py",179,179,"GTypeInfo = _typing.Union[cv2.GMat, Scalar, cv2.GOpaqueT, cv2.GArrayT]
ExtractArgsCallback = _typing.Callable[[_typing.Sequence[GTypeInfo]], _typing.Sequence[GRunArg]]
ExtractMetaCallback = _typing.Callable[[_typing.Sequence[GTypeInfo]], _typing.Sequence[GMetaArg]]
",""
"Variable:桌面人偶_简洁版_Release/_internal/cv2/gapi/__init__.py:__all__","__all__","桌面人偶_简洁版_Release/_internal/cv2/gapi/__init__.py",0,0,"__all__ = ['op', 'kernel']

import sys
",""
"Variable:桌面人偶_简洁版_Release/_internal/cv2/gapi/__init__.py:garray_types","garray_types","桌面人偶_简洁版_Release/_internal/cv2/gapi/__init__.py",185,203,"def op(op_id, in_types, out_types):

    garray_types= {
            cv.GArray.Bool:    cv.gapi.CV_BOOL,
            cv.GArray.Int:     cv.gapi.CV_INT,
            cv.GArray.Int64:   cv.gapi.CV_INT64,
            cv.GArray.UInt64:  cv.gapi.CV_UINT64,
            cv.GArray.Double:  cv.gapi.CV_DOUBLE,
            cv.GArray.Float:   cv.gapi.CV_FLOAT,
            cv.GArray.String:  cv.gapi.CV_STRING,
            cv.GArray.Point:   cv.gapi.CV_POINT,
            cv.GArray.Point2f: cv.gapi.CV_POINT2F,
            cv.GArray.Point3f: cv.gapi.CV_POINT3F,
            cv.GArray.Size:    cv.gapi.CV_SIZE,
            cv.GArray.Rect:    cv.gapi.CV_RECT,
            cv.GArray.Scalar:  cv.gapi.CV_SCALAR,
            cv.GArray.Mat:     cv.gapi.CV_MAT,
            cv.GArray.GMat:    cv.gapi.CV_GMAT,
            cv.GArray.Prim:    cv.gapi.CV_DRAW_PRIM,
            cv.GArray.Any:     cv.gapi.CV_ANY
    }

    gopaque_types= {
",""
"Variable:桌面人偶_简洁版_Release/_internal/cv2/gapi/__init__.py:gopaque_types","gopaque_types","桌面人偶_简洁版_Release/_internal/cv2/gapi/__init__.py",205,222,"    }

    gopaque_types= {
            cv.GOpaque.Size:    cv.gapi.CV_SIZE,
            cv.GOpaque.Rect:    cv.gapi.CV_RECT,
            cv.GOpaque.Bool:    cv.gapi.CV_BOOL,
            cv.GOpaque.Int:     cv.gapi.CV_INT,
            cv.GOpaque.Int64:   cv.gapi.CV_INT64,
            cv.GOpaque.UInt64:  cv.gapi.CV_UINT64,
            cv.GOpaque.Double:  cv.gapi.CV_DOUBLE,
            cv.GOpaque.Float:   cv.gapi.CV_FLOAT,
            cv.GOpaque.String:  cv.gapi.CV_STRING,
            cv.GOpaque.Point:   cv.gapi.CV_POINT,
            cv.GOpaque.Point2f: cv.gapi.CV_POINT2F,
            cv.GOpaque.Point3f: cv.gapi.CV_POINT3F,
            cv.GOpaque.Size:    cv.gapi.CV_SIZE,
            cv.GOpaque.Rect:    cv.gapi.CV_RECT,
            cv.GOpaque.Prim:    cv.gapi.CV_DRAW_PRIM,
            cv.GOpaque.Any:     cv.gapi.CV_ANY
    }

    type2str = {
",""
"Variable:桌面人偶_简洁版_Release/_internal/cv2/gapi/__init__.py:type2str","type2str","桌面人偶_简洁版_Release/_internal/cv2/gapi/__init__.py",224,241,"    }

    type2str = {
        cv.gapi.CV_BOOL:      'cv.gapi.CV_BOOL' ,
        cv.gapi.CV_INT:       'cv.gapi.CV_INT' ,
        cv.gapi.CV_INT64:     'cv.gapi.CV_INT64' ,
        cv.gapi.CV_UINT64:    'cv.gapi.CV_UINT64' ,
        cv.gapi.CV_DOUBLE:    'cv.gapi.CV_DOUBLE' ,
        cv.gapi.CV_FLOAT:     'cv.gapi.CV_FLOAT' ,
        cv.gapi.CV_STRING:    'cv.gapi.CV_STRING' ,
        cv.gapi.CV_POINT:     'cv.gapi.CV_POINT' ,
        cv.gapi.CV_POINT2F:   'cv.gapi.CV_POINT2F' ,
        cv.gapi.CV_POINT3F:   'cv.gapi.CV_POINT3F' ,
        cv.gapi.CV_SIZE:      'cv.gapi.CV_SIZE',
        cv.gapi.CV_RECT:      'cv.gapi.CV_RECT',
        cv.gapi.CV_SCALAR:    'cv.gapi.CV_SCALAR',
        cv.gapi.CV_MAT:       'cv.gapi.CV_MAT',
        cv.gapi.CV_GMAT:      'cv.gapi.CV_GMAT',
        cv.gapi.CV_DRAW_PRIM: 'cv.gapi.CV_DRAW_PRIM'
    }

    # NB: Second lvl decorator takes class to decorate
",""
"Variable:桌面人偶_简洁版_Release/_internal/cv2/gapi/__init__.py:op","op","桌面人偶_简洁版_Release/_internal/cv2/gapi/__init__.py",285,285,"                                .format(cls.__name__, i, t.__name__, type(a).__name__))

            op = cv.gapi.__op(op_id, cls.outMeta, *args)

            out_protos = []
",""
"Variable:桌面人偶_简洁版_Release/_internal/cv2/gapi/__init__.py:out_protos","out_protos","桌面人偶_简洁版_Release/_internal/cv2/gapi/__init__.py",287,287,"            op = cv.gapi.__op(op_id, cls.outMeta, *args)

            out_protos = []
            for i, out_type in enumerate(out_types):
                if out_type == cv.GMat:
",""
"Variable:桌面人偶_简洁版_Release/_internal/cv2/mat_wrapper/__init__.py:__all__","__all__","桌面人偶_简洁版_Release/_internal/cv2/mat_wrapper/__init__.py",0,0,"__all__ = []

import numpy as np
",""
"Variable:桌面人偶_简洁版_Release/_internal/cv2/mat_wrapper/__init__.py:_NumPyArrayNumeric","_NumPyArrayNumeric","桌面人偶_简洁版_Release/_internal/cv2/mat_wrapper/__init__.py",8,8,"# Same as cv2.typing.NumPyArrayNumeric, but avoids circular dependencies
if TYPE_CHECKING:
    _NumPyArrayNumeric = np.ndarray[Any, np.dtype[np.integer[Any] | np.floating[Any]]]
else:
    _NumPyArrayNumeric = np.ndarray
",""
"Variable:桌面人偶_简洁版_Release/_internal/cv2/mat_wrapper/__init__.py:obj","obj","桌面人偶_简洁版_Release/_internal/cv2/mat_wrapper/__init__.py",23,23,"
    def __new__(cls, arr, **kwargs):
        obj = arr.view(Mat)
        return obj

",""
"Variable:桌面人偶_简洁版_Release/_internal/cv2/data/__init__.py:haarcascades","haarcascades","桌面人偶_简洁版_Release/_internal/cv2/data/__init__.py",2,2,"import os

haarcascades = os.path.join(os.path.dirname(__file__), """")
",""
"Variable:桌面人偶_Release/_internal/cv2/utils/__init__.py:NativeMethodPatchedResult","NativeMethodPatchedResult","桌面人偶_Release/_internal/cv2/utils/__init__.py",5,6,"

NativeMethodPatchedResult = namedtuple(""NativeMethodPatchedResult"",
                                       (""py"", ""native""))


",""
"Variable:桌面人偶_Release/_internal/cv2/typing/__init__.py:__all__","__all__","桌面人偶_Release/_internal/cv2/typing/__init__.py",0,58,"__all__ = [
    ""IntPointer"",
    ""MatLike"",
    ""MatShape"",
    ""Size"",
    ""Size2f"",
    ""Scalar"",
    ""Point"",
    ""Point2i"",
    ""Point2f"",
    ""Point2d"",
    ""Point3i"",
    ""Point3f"",
    ""Point3d"",
    ""Range"",
    ""Rect"",
    ""Rect2i"",
    ""Rect2f"",
    ""Rect2d"",
    ""Moments"",
    ""RotatedRect"",
    ""TermCriteria"",
    ""Vec2i"",
    ""Vec2f"",
    ""Vec2d"",
    ""Vec3i"",
    ""Vec3f"",
    ""Vec3d"",
    ""Vec4i"",
    ""Vec4f"",
    ""Vec4d"",
    ""Vec6f"",
    ""FeatureDetector"",
    ""DescriptorExtractor"",
    ""FeatureExtractor"",
    ""Matx33f"",
    ""Matx33d"",
    ""Matx44f"",
    ""Matx44d"",
    ""LayerId"",
    ""LayerParams"",
    ""IndexParams"",
    ""SearchParams"",
    ""map_string_and_string"",
    ""map_string_and_int"",
    ""map_string_and_vector_size_t"",
    ""map_string_and_vector_float"",
    ""map_int_and_double"",
    ""GProtoArg"",
    ""GProtoInputArgs"",
    ""GProtoOutputArgs"",
    ""GRunArg"",
    ""GOptRunArg"",
    ""GMetaArg"",
    ""Prim"",
    ""GTypeInfo"",
    ""ExtractArgsCallback"",
    ""ExtractMetaCallback"",
]

import cv2.mat_wrapper
",""
"Variable:桌面人偶_Release/_internal/cv2/typing/__init__.py:NumPyArrayNumeric","NumPyArrayNumeric","桌面人偶_Release/_internal/cv2/typing/__init__.py",69,69,"
if _typing.TYPE_CHECKING:
    NumPyArrayNumeric = numpy.ndarray[_typing.Any, numpy.dtype[numpy.integer[_typing.Any] | numpy.floating[_typing.Any]]]
else:
    NumPyArrayNumeric = numpy.ndarray
",""
"Variable:桌面人偶_Release/_internal/cv2/typing/__init__.py:NumPyArrayFloat32","NumPyArrayFloat32","桌面人偶_Release/_internal/cv2/typing/__init__.py",75,75,"
if _typing.TYPE_CHECKING:
    NumPyArrayFloat32 = numpy.ndarray[_typing.Any, numpy.dtype[numpy.float32]]
else:
    NumPyArrayFloat32 = numpy.ndarray
",""
"Variable:桌面人偶_Release/_internal/cv2/typing/__init__.py:NumPyArrayFloat64","NumPyArrayFloat64","桌面人偶_Release/_internal/cv2/typing/__init__.py",81,81,"
if _typing.TYPE_CHECKING:
    NumPyArrayFloat64 = numpy.ndarray[_typing.Any, numpy.dtype[numpy.float64]]
else:
    NumPyArrayFloat64 = numpy.ndarray
",""
"Variable:桌面人偶_Release/_internal/cv2/typing/__init__.py:TermCriteria_Type","TermCriteria_Type","桌面人偶_Release/_internal/cv2/typing/__init__.py",87,87,"
if _typing.TYPE_CHECKING:
    TermCriteria_Type = cv2.TermCriteria_Type
else:
    TermCriteria_Type = int
",""
"Variable:桌面人偶_Release/_internal/cv2/typing/__init__.py:IntPointer","IntPointer","桌面人偶_Release/_internal/cv2/typing/__init__.py",92,92,"

IntPointer = int
""""""Represents an arbitrary pointer""""""
MatLike = _typing.Union[cv2.mat_wrapper.Mat, NumPyArrayNumeric]
",""
"Variable:桌面人偶_Release/_internal/cv2/typing/__init__.py:MatLike","MatLike","桌面人偶_Release/_internal/cv2/typing/__init__.py",94,94,"IntPointer = int
""""""Represents an arbitrary pointer""""""
MatLike = _typing.Union[cv2.mat_wrapper.Mat, NumPyArrayNumeric]
MatShape = _typing.Sequence[int]
Size = _typing.Sequence[int]
",""
"Variable:桌面人偶_Release/_internal/cv2/typing/__init__.py:MatShape","MatShape","桌面人偶_Release/_internal/cv2/typing/__init__.py",95,95,"""""""Represents an arbitrary pointer""""""
MatLike = _typing.Union[cv2.mat_wrapper.Mat, NumPyArrayNumeric]
MatShape = _typing.Sequence[int]
Size = _typing.Sequence[int]
""""""Required length is 2""""""
",""
"Variable:桌面人偶_Release/_internal/cv2/typing/__init__.py:Size","Size","桌面人偶_Release/_internal/cv2/typing/__init__.py",96,96,"MatLike = _typing.Union[cv2.mat_wrapper.Mat, NumPyArrayNumeric]
MatShape = _typing.Sequence[int]
Size = _typing.Sequence[int]
""""""Required length is 2""""""
Size2f = _typing.Sequence[float]
",""
"Variable:桌面人偶_Release/_internal/cv2/typing/__init__.py:Size2f","Size2f","桌面人偶_Release/_internal/cv2/typing/__init__.py",98,98,"Size = _typing.Sequence[int]
""""""Required length is 2""""""
Size2f = _typing.Sequence[float]
""""""Required length is 2""""""
Scalar = _typing.Union[_typing.Sequence[float], float]
",""
"Variable:桌面人偶_Release/_internal/cv2/typing/__init__.py:Scalar","Scalar","桌面人偶_Release/_internal/cv2/typing/__init__.py",100,100,"Size2f = _typing.Sequence[float]
""""""Required length is 2""""""
Scalar = _typing.Union[_typing.Sequence[float], float]
""""""Max sequence length is at most 4""""""
Point = _typing.Sequence[int]
",""
"Variable:桌面人偶_Release/_internal/cv2/typing/__init__.py:Point","Point","桌面人偶_Release/_internal/cv2/typing/__init__.py",102,102,"Scalar = _typing.Union[_typing.Sequence[float], float]
""""""Max sequence length is at most 4""""""
Point = _typing.Sequence[int]
""""""Required length is 2""""""
Point2i = Point
",""
"Variable:桌面人偶_Release/_internal/cv2/typing/__init__.py:Point2i","Point2i","桌面人偶_Release/_internal/cv2/typing/__init__.py",104,104,"Point = _typing.Sequence[int]
""""""Required length is 2""""""
Point2i = Point
Point2f = _typing.Sequence[float]
""""""Required length is 2""""""
",""
"Variable:桌面人偶_Release/_internal/cv2/typing/__init__.py:Point2f","Point2f","桌面人偶_Release/_internal/cv2/typing/__init__.py",105,105,"""""""Required length is 2""""""
Point2i = Point
Point2f = _typing.Sequence[float]
""""""Required length is 2""""""
Point2d = _typing.Sequence[float]
",""
"Variable:桌面人偶_Release/_internal/cv2/typing/__init__.py:Point2d","Point2d","桌面人偶_Release/_internal/cv2/typing/__init__.py",107,107,"Point2f = _typing.Sequence[float]
""""""Required length is 2""""""
Point2d = _typing.Sequence[float]
""""""Required length is 2""""""
Point3i = _typing.Sequence[int]
",""
"Variable:桌面人偶_Release/_internal/cv2/typing/__init__.py:Point3i","Point3i","桌面人偶_Release/_internal/cv2/typing/__init__.py",109,109,"Point2d = _typing.Sequence[float]
""""""Required length is 2""""""
Point3i = _typing.Sequence[int]
""""""Required length is 3""""""
Point3f = _typing.Sequence[float]
",""
"Variable:桌面人偶_Release/_internal/cv2/typing/__init__.py:Point3f","Point3f","桌面人偶_Release/_internal/cv2/typing/__init__.py",111,111,"Point3i = _typing.Sequence[int]
""""""Required length is 3""""""
Point3f = _typing.Sequence[float]
""""""Required length is 3""""""
Point3d = _typing.Sequence[float]
",""
"Variable:桌面人偶_Release/_internal/cv2/typing/__init__.py:Point3d","Point3d","桌面人偶_Release/_internal/cv2/typing/__init__.py",113,113,"Point3f = _typing.Sequence[float]
""""""Required length is 3""""""
Point3d = _typing.Sequence[float]
""""""Required length is 3""""""
Range = _typing.Sequence[int]
",""
"Variable:桌面人偶_Release/_internal/cv2/typing/__init__.py:Range","Range","桌面人偶_Release/_internal/cv2/typing/__init__.py",115,115,"Point3d = _typing.Sequence[float]
""""""Required length is 3""""""
Range = _typing.Sequence[int]
""""""Required length is 2""""""
Rect = _typing.Sequence[int]
",""
"Variable:桌面人偶_Release/_internal/cv2/typing/__init__.py:Rect","Rect","桌面人偶_Release/_internal/cv2/typing/__init__.py",117,117,"Range = _typing.Sequence[int]
""""""Required length is 2""""""
Rect = _typing.Sequence[int]
""""""Required length is 4""""""
Rect2i = _typing.Sequence[int]
",""
"Variable:桌面人偶_Release/_internal/cv2/typing/__init__.py:Rect2i","Rect2i","桌面人偶_Release/_internal/cv2/typing/__init__.py",119,119,"Rect = _typing.Sequence[int]
""""""Required length is 4""""""
Rect2i = _typing.Sequence[int]
""""""Required length is 4""""""
Rect2f = _typing.Sequence[float]
",""
"Variable:桌面人偶_Release/_internal/cv2/typing/__init__.py:Rect2f","Rect2f","桌面人偶_Release/_internal/cv2/typing/__init__.py",121,121,"Rect2i = _typing.Sequence[int]
""""""Required length is 4""""""
Rect2f = _typing.Sequence[float]
""""""Required length is 4""""""
Rect2d = _typing.Sequence[float]
",""
"Variable:桌面人偶_Release/_internal/cv2/typing/__init__.py:Rect2d","Rect2d","桌面人偶_Release/_internal/cv2/typing/__init__.py",123,123,"Rect2f = _typing.Sequence[float]
""""""Required length is 4""""""
Rect2d = _typing.Sequence[float]
""""""Required length is 4""""""
Moments = _typing.Dict[str, float]
",""
"Variable:桌面人偶_Release/_internal/cv2/typing/__init__.py:Moments","Moments","桌面人偶_Release/_internal/cv2/typing/__init__.py",125,125,"Rect2d = _typing.Sequence[float]
""""""Required length is 4""""""
Moments = _typing.Dict[str, float]
RotatedRect = _typing.Tuple[Point2f, Size2f, float]
""""""Any type providing sequence protocol is supported""""""
",""
"Variable:桌面人偶_Release/_internal/cv2/typing/__init__.py:RotatedRect","RotatedRect","桌面人偶_Release/_internal/cv2/typing/__init__.py",126,126,"""""""Required length is 4""""""
Moments = _typing.Dict[str, float]
RotatedRect = _typing.Tuple[Point2f, Size2f, float]
""""""Any type providing sequence protocol is supported""""""
TermCriteria = _typing.Tuple[TermCriteria_Type, int, float]
",""
"Variable:桌面人偶_Release/_internal/cv2/typing/__init__.py:TermCriteria","TermCriteria","桌面人偶_Release/_internal/cv2/typing/__init__.py",128,128,"RotatedRect = _typing.Tuple[Point2f, Size2f, float]
""""""Any type providing sequence protocol is supported""""""
TermCriteria = _typing.Tuple[TermCriteria_Type, int, float]
""""""Any type providing sequence protocol is supported""""""
Vec2i = _typing.Sequence[int]
",""
"Variable:桌面人偶_Release/_internal/cv2/typing/__init__.py:Vec2i","Vec2i","桌面人偶_Release/_internal/cv2/typing/__init__.py",130,130,"TermCriteria = _typing.Tuple[TermCriteria_Type, int, float]
""""""Any type providing sequence protocol is supported""""""
Vec2i = _typing.Sequence[int]
""""""Required length is 2""""""
Vec2f = _typing.Sequence[float]
",""
"Variable:桌面人偶_Release/_internal/cv2/typing/__init__.py:Vec2f","Vec2f","桌面人偶_Release/_internal/cv2/typing/__init__.py",132,132,"Vec2i = _typing.Sequence[int]
""""""Required length is 2""""""
Vec2f = _typing.Sequence[float]
""""""Required length is 2""""""
Vec2d = _typing.Sequence[float]
",""
"Variable:桌面人偶_Release/_internal/cv2/typing/__init__.py:Vec2d","Vec2d","桌面人偶_Release/_internal/cv2/typing/__init__.py",134,134,"Vec2f = _typing.Sequence[float]
""""""Required length is 2""""""
Vec2d = _typing.Sequence[float]
""""""Required length is 2""""""
Vec3i = _typing.Sequence[int]
",""
"Variable:桌面人偶_Release/_internal/cv2/typing/__init__.py:Vec3i","Vec3i","桌面人偶_Release/_internal/cv2/typing/__init__.py",136,136,"Vec2d = _typing.Sequence[float]
""""""Required length is 2""""""
Vec3i = _typing.Sequence[int]
""""""Required length is 3""""""
Vec3f = _typing.Sequence[float]
",""
"Variable:桌面人偶_Release/_internal/cv2/typing/__init__.py:Vec3f","Vec3f","桌面人偶_Release/_internal/cv2/typing/__init__.py",138,138,"Vec3i = _typing.Sequence[int]
""""""Required length is 3""""""
Vec3f = _typing.Sequence[float]
""""""Required length is 3""""""
Vec3d = _typing.Sequence[float]
",""
"Variable:桌面人偶_Release/_internal/cv2/typing/__init__.py:Vec3d","Vec3d","桌面人偶_Release/_internal/cv2/typing/__init__.py",140,140,"Vec3f = _typing.Sequence[float]
""""""Required length is 3""""""
Vec3d = _typing.Sequence[float]
""""""Required length is 3""""""
Vec4i = _typing.Sequence[int]
",""
"Variable:桌面人偶_Release/_internal/cv2/typing/__init__.py:Vec4i","Vec4i","桌面人偶_Release/_internal/cv2/typing/__init__.py",142,142,"Vec3d = _typing.Sequence[float]
""""""Required length is 3""""""
Vec4i = _typing.Sequence[int]
""""""Required length is 4""""""
Vec4f = _typing.Sequence[float]
",""
"Variable:桌面人偶_Release/_internal/cv2/typing/__init__.py:Vec4f","Vec4f","桌面人偶_Release/_internal/cv2/typing/__init__.py",144,144,"Vec4i = _typing.Sequence[int]
""""""Required length is 4""""""
Vec4f = _typing.Sequence[float]
""""""Required length is 4""""""
Vec4d = _typing.Sequence[float]
",""
"Variable:桌面人偶_Release/_internal/cv2/typing/__init__.py:Vec4d","Vec4d","桌面人偶_Release/_internal/cv2/typing/__init__.py",146,146,"Vec4f = _typing.Sequence[float]
""""""Required length is 4""""""
Vec4d = _typing.Sequence[float]
""""""Required length is 4""""""
Vec6f = _typing.Sequence[float]
",""
"Variable:桌面人偶_Release/_internal/cv2/typing/__init__.py:Vec6f","Vec6f","桌面人偶_Release/_internal/cv2/typing/__init__.py",148,148,"Vec4d = _typing.Sequence[float]
""""""Required length is 4""""""
Vec6f = _typing.Sequence[float]
""""""Required length is 6""""""
FeatureDetector = cv2.Feature2D
",""
"Variable:桌面人偶_Release/_internal/cv2/typing/__init__.py:FeatureDetector","FeatureDetector","桌面人偶_Release/_internal/cv2/typing/__init__.py",150,150,"Vec6f = _typing.Sequence[float]
""""""Required length is 6""""""
FeatureDetector = cv2.Feature2D
DescriptorExtractor = cv2.Feature2D
FeatureExtractor = cv2.Feature2D
",""
"Variable:桌面人偶_Release/_internal/cv2/typing/__init__.py:DescriptorExtractor","DescriptorExtractor","桌面人偶_Release/_internal/cv2/typing/__init__.py",151,151,"""""""Required length is 6""""""
FeatureDetector = cv2.Feature2D
DescriptorExtractor = cv2.Feature2D
FeatureExtractor = cv2.Feature2D
Matx33f = NumPyArrayFloat32
",""
"Variable:桌面人偶_Release/_internal/cv2/typing/__init__.py:FeatureExtractor","FeatureExtractor","桌面人偶_Release/_internal/cv2/typing/__init__.py",152,152,"FeatureDetector = cv2.Feature2D
DescriptorExtractor = cv2.Feature2D
FeatureExtractor = cv2.Feature2D
Matx33f = NumPyArrayFloat32
""""""NDArray(shape=(3, 3), dtype=numpy.float32)""""""
",""
"Variable:桌面人偶_Release/_internal/cv2/typing/__init__.py:Matx33f","Matx33f","桌面人偶_Release/_internal/cv2/typing/__init__.py",153,153,"DescriptorExtractor = cv2.Feature2D
FeatureExtractor = cv2.Feature2D
Matx33f = NumPyArrayFloat32
""""""NDArray(shape=(3, 3), dtype=numpy.float32)""""""
Matx33d = NumPyArrayFloat64
",""
"Variable:桌面人偶_Release/_internal/cv2/typing/__init__.py:Matx33d","Matx33d","桌面人偶_Release/_internal/cv2/typing/__init__.py",155,155,"Matx33f = NumPyArrayFloat32
""""""NDArray(shape=(3, 3), dtype=numpy.float32)""""""
Matx33d = NumPyArrayFloat64
""""""NDArray(shape=(3, 3), dtype=numpy.float64)""""""
Matx44f = NumPyArrayFloat32
",""
"Variable:桌面人偶_Release/_internal/cv2/typing/__init__.py:Matx44f","Matx44f","桌面人偶_Release/_internal/cv2/typing/__init__.py",157,157,"Matx33d = NumPyArrayFloat64
""""""NDArray(shape=(3, 3), dtype=numpy.float64)""""""
Matx44f = NumPyArrayFloat32
""""""NDArray(shape=(4, 4), dtype=numpy.float32)""""""
Matx44d = NumPyArrayFloat64
",""
"Variable:桌面人偶_Release/_internal/cv2/typing/__init__.py:Matx44d","Matx44d","桌面人偶_Release/_internal/cv2/typing/__init__.py",159,159,"Matx44f = NumPyArrayFloat32
""""""NDArray(shape=(4, 4), dtype=numpy.float32)""""""
Matx44d = NumPyArrayFloat64
""""""NDArray(shape=(4, 4), dtype=numpy.float64)""""""
LayerId = cv2.dnn.DictValue
",""
"Variable:桌面人偶_Release/_internal/cv2/typing/__init__.py:LayerId","LayerId","桌面人偶_Release/_internal/cv2/typing/__init__.py",161,161,"Matx44d = NumPyArrayFloat64
""""""NDArray(shape=(4, 4), dtype=numpy.float64)""""""
LayerId = cv2.dnn.DictValue
LayerParams = _typing.Dict[str, _typing.Union[int, float, str]]
IndexParams = _typing.Dict[str, _typing.Union[bool, int, float, str]]
",""
"Variable:桌面人偶_Release/_internal/cv2/typing/__init__.py:LayerParams","LayerParams","桌面人偶_Release/_internal/cv2/typing/__init__.py",162,162,"""""""NDArray(shape=(4, 4), dtype=numpy.float64)""""""
LayerId = cv2.dnn.DictValue
LayerParams = _typing.Dict[str, _typing.Union[int, float, str]]
IndexParams = _typing.Dict[str, _typing.Union[bool, int, float, str]]
SearchParams = _typing.Dict[str, _typing.Union[bool, int, float, str]]
",""
"Variable:桌面人偶_Release/_internal/cv2/typing/__init__.py:IndexParams","IndexParams","桌面人偶_Release/_internal/cv2/typing/__init__.py",163,163,"LayerId = cv2.dnn.DictValue
LayerParams = _typing.Dict[str, _typing.Union[int, float, str]]
IndexParams = _typing.Dict[str, _typing.Union[bool, int, float, str]]
SearchParams = _typing.Dict[str, _typing.Union[bool, int, float, str]]
map_string_and_string = _typing.Dict[str, str]
",""
"Variable:桌面人偶_Release/_internal/cv2/typing/__init__.py:SearchParams","SearchParams","桌面人偶_Release/_internal/cv2/typing/__init__.py",164,164,"LayerParams = _typing.Dict[str, _typing.Union[int, float, str]]
IndexParams = _typing.Dict[str, _typing.Union[bool, int, float, str]]
SearchParams = _typing.Dict[str, _typing.Union[bool, int, float, str]]
map_string_and_string = _typing.Dict[str, str]
map_string_and_int = _typing.Dict[str, int]
",""
"Variable:桌面人偶_Release/_internal/cv2/typing/__init__.py:map_string_and_string","map_string_and_string","桌面人偶_Release/_internal/cv2/typing/__init__.py",165,165,"IndexParams = _typing.Dict[str, _typing.Union[bool, int, float, str]]
SearchParams = _typing.Dict[str, _typing.Union[bool, int, float, str]]
map_string_and_string = _typing.Dict[str, str]
map_string_and_int = _typing.Dict[str, int]
map_string_and_vector_size_t = _typing.Dict[str, _typing.Sequence[int]]
",""
"Variable:桌面人偶_Release/_internal/cv2/typing/__init__.py:map_string_and_int","map_string_and_int","桌面人偶_Release/_internal/cv2/typing/__init__.py",166,166,"SearchParams = _typing.Dict[str, _typing.Union[bool, int, float, str]]
map_string_and_string = _typing.Dict[str, str]
map_string_and_int = _typing.Dict[str, int]
map_string_and_vector_size_t = _typing.Dict[str, _typing.Sequence[int]]
map_string_and_vector_float = _typing.Dict[str, _typing.Sequence[float]]
",""
"Variable:桌面人偶_Release/_internal/cv2/typing/__init__.py:map_string_and_vector_size_t","map_string_and_vector_size_t","桌面人偶_Release/_internal/cv2/typing/__init__.py",167,167,"map_string_and_string = _typing.Dict[str, str]
map_string_and_int = _typing.Dict[str, int]
map_string_and_vector_size_t = _typing.Dict[str, _typing.Sequence[int]]
map_string_and_vector_float = _typing.Dict[str, _typing.Sequence[float]]
map_int_and_double = _typing.Dict[int, float]
",""
"Variable:桌面人偶_Release/_internal/cv2/typing/__init__.py:map_string_and_vector_float","map_string_and_vector_float","桌面人偶_Release/_internal/cv2/typing/__init__.py",168,168,"map_string_and_int = _typing.Dict[str, int]
map_string_and_vector_size_t = _typing.Dict[str, _typing.Sequence[int]]
map_string_and_vector_float = _typing.Dict[str, _typing.Sequence[float]]
map_int_and_double = _typing.Dict[int, float]
GProtoArg = _typing.Union[Scalar, cv2.GMat, cv2.GOpaqueT, cv2.GArrayT]
",""
"Variable:桌面人偶_Release/_internal/cv2/typing/__init__.py:map_int_and_double","map_int_and_double","桌面人偶_Release/_internal/cv2/typing/__init__.py",169,169,"map_string_and_vector_size_t = _typing.Dict[str, _typing.Sequence[int]]
map_string_and_vector_float = _typing.Dict[str, _typing.Sequence[float]]
map_int_and_double = _typing.Dict[int, float]
GProtoArg = _typing.Union[Scalar, cv2.GMat, cv2.GOpaqueT, cv2.GArrayT]
GProtoInputArgs = _typing.Sequence[GProtoArg]
",""
"Variable:桌面人偶_Release/_internal/cv2/typing/__init__.py:GProtoArg","GProtoArg","桌面人偶_Release/_internal/cv2/typing/__init__.py",170,170,"map_string_and_vector_float = _typing.Dict[str, _typing.Sequence[float]]
map_int_and_double = _typing.Dict[int, float]
GProtoArg = _typing.Union[Scalar, cv2.GMat, cv2.GOpaqueT, cv2.GArrayT]
GProtoInputArgs = _typing.Sequence[GProtoArg]
GProtoOutputArgs = _typing.Sequence[GProtoArg]
",""
"Variable:桌面人偶_Release/_internal/cv2/typing/__init__.py:GProtoInputArgs","GProtoInputArgs","桌面人偶_Release/_internal/cv2/typing/__init__.py",171,171,"map_int_and_double = _typing.Dict[int, float]
GProtoArg = _typing.Union[Scalar, cv2.GMat, cv2.GOpaqueT, cv2.GArrayT]
GProtoInputArgs = _typing.Sequence[GProtoArg]
GProtoOutputArgs = _typing.Sequence[GProtoArg]
GRunArg = _typing.Union[MatLike, Scalar, cv2.GOpaqueT, cv2.GArrayT, _typing.Sequence[_typing.Any], None]
",""
"Variable:桌面人偶_Release/_internal/cv2/typing/__init__.py:GProtoOutputArgs","GProtoOutputArgs","桌面人偶_Release/_internal/cv2/typing/__init__.py",172,172,"GProtoArg = _typing.Union[Scalar, cv2.GMat, cv2.GOpaqueT, cv2.GArrayT]
GProtoInputArgs = _typing.Sequence[GProtoArg]
GProtoOutputArgs = _typing.Sequence[GProtoArg]
GRunArg = _typing.Union[MatLike, Scalar, cv2.GOpaqueT, cv2.GArrayT, _typing.Sequence[_typing.Any], None]
GOptRunArg = _typing.Optional[GRunArg]
",""
"Variable:桌面人偶_Release/_internal/cv2/typing/__init__.py:GRunArg","GRunArg","桌面人偶_Release/_internal/cv2/typing/__init__.py",173,173,"GProtoInputArgs = _typing.Sequence[GProtoArg]
GProtoOutputArgs = _typing.Sequence[GProtoArg]
GRunArg = _typing.Union[MatLike, Scalar, cv2.GOpaqueT, cv2.GArrayT, _typing.Sequence[_typing.Any], None]
GOptRunArg = _typing.Optional[GRunArg]
GMetaArg = _typing.Union[cv2.GMat, Scalar, cv2.GOpaqueT, cv2.GArrayT]
",""
"Variable:桌面人偶_Release/_internal/cv2/typing/__init__.py:GOptRunArg","GOptRunArg","桌面人偶_Release/_internal/cv2/typing/__init__.py",174,174,"GProtoOutputArgs = _typing.Sequence[GProtoArg]
GRunArg = _typing.Union[MatLike, Scalar, cv2.GOpaqueT, cv2.GArrayT, _typing.Sequence[_typing.Any], None]
GOptRunArg = _typing.Optional[GRunArg]
GMetaArg = _typing.Union[cv2.GMat, Scalar, cv2.GOpaqueT, cv2.GArrayT]
Prim = _typing.Union[cv2.gapi.wip.draw.Text, cv2.gapi.wip.draw.Circle, cv2.gapi.wip.draw.Image, cv2.gapi.wip.draw.Line, cv2.gapi.wip.draw.Rect, cv2.gapi.wip.draw.Mosaic, cv2.gapi.wip.draw.Poly]
",""
"Variable:桌面人偶_Release/_internal/cv2/typing/__init__.py:GMetaArg","GMetaArg","桌面人偶_Release/_internal/cv2/typing/__init__.py",175,175,"GRunArg = _typing.Union[MatLike, Scalar, cv2.GOpaqueT, cv2.GArrayT, _typing.Sequence[_typing.Any], None]
GOptRunArg = _typing.Optional[GRunArg]
GMetaArg = _typing.Union[cv2.GMat, Scalar, cv2.GOpaqueT, cv2.GArrayT]
Prim = _typing.Union[cv2.gapi.wip.draw.Text, cv2.gapi.wip.draw.Circle, cv2.gapi.wip.draw.Image, cv2.gapi.wip.draw.Line, cv2.gapi.wip.draw.Rect, cv2.gapi.wip.draw.Mosaic, cv2.gapi.wip.draw.Poly]
GTypeInfo = _typing.Union[cv2.GMat, Scalar, cv2.GOpaqueT, cv2.GArrayT]
",""
"Variable:桌面人偶_Release/_internal/cv2/typing/__init__.py:Prim","Prim","桌面人偶_Release/_internal/cv2/typing/__init__.py",176,176,"GOptRunArg = _typing.Optional[GRunArg]
GMetaArg = _typing.Union[cv2.GMat, Scalar, cv2.GOpaqueT, cv2.GArrayT]
Prim = _typing.Union[cv2.gapi.wip.draw.Text, cv2.gapi.wip.draw.Circle, cv2.gapi.wip.draw.Image, cv2.gapi.wip.draw.Line, cv2.gapi.wip.draw.Rect, cv2.gapi.wip.draw.Mosaic, cv2.gapi.wip.draw.Poly]
GTypeInfo = _typing.Union[cv2.GMat, Scalar, cv2.GOpaqueT, cv2.GArrayT]
ExtractArgsCallback = _typing.Callable[[_typing.Sequence[GTypeInfo]], _typing.Sequence[GRunArg]]
",""
"Variable:桌面人偶_Release/_internal/cv2/typing/__init__.py:GTypeInfo","GTypeInfo","桌面人偶_Release/_internal/cv2/typing/__init__.py",177,177,"GMetaArg = _typing.Union[cv2.GMat, Scalar, cv2.GOpaqueT, cv2.GArrayT]
Prim = _typing.Union[cv2.gapi.wip.draw.Text, cv2.gapi.wip.draw.Circle, cv2.gapi.wip.draw.Image, cv2.gapi.wip.draw.Line, cv2.gapi.wip.draw.Rect, cv2.gapi.wip.draw.Mosaic, cv2.gapi.wip.draw.Poly]
GTypeInfo = _typing.Union[cv2.GMat, Scalar, cv2.GOpaqueT, cv2.GArrayT]
ExtractArgsCallback = _typing.Callable[[_typing.Sequence[GTypeInfo]], _typing.Sequence[GRunArg]]
ExtractMetaCallback = _typing.Callable[[_typing.Sequence[GTypeInfo]], _typing.Sequence[GMetaArg]]
",""
"Variable:桌面人偶_Release/_internal/cv2/typing/__init__.py:ExtractArgsCallback","ExtractArgsCallback","桌面人偶_Release/_internal/cv2/typing/__init__.py",178,178,"Prim = _typing.Union[cv2.gapi.wip.draw.Text, cv2.gapi.wip.draw.Circle, cv2.gapi.wip.draw.Image, cv2.gapi.wip.draw.Line, cv2.gapi.wip.draw.Rect, cv2.gapi.wip.draw.Mosaic, cv2.gapi.wip.draw.Poly]
GTypeInfo = _typing.Union[cv2.GMat, Scalar, cv2.GOpaqueT, cv2.GArrayT]
ExtractArgsCallback = _typing.Callable[[_typing.Sequence[GTypeInfo]], _typing.Sequence[GRunArg]]
ExtractMetaCallback = _typing.Callable[[_typing.Sequence[GTypeInfo]], _typing.Sequence[GMetaArg]]
",""
"Variable:桌面人偶_Release/_internal/cv2/typing/__init__.py:ExtractMetaCallback","ExtractMetaCallback","桌面人偶_Release/_internal/cv2/typing/__init__.py",179,179,"GTypeInfo = _typing.Union[cv2.GMat, Scalar, cv2.GOpaqueT, cv2.GArrayT]
ExtractArgsCallback = _typing.Callable[[_typing.Sequence[GTypeInfo]], _typing.Sequence[GRunArg]]
ExtractMetaCallback = _typing.Callable[[_typing.Sequence[GTypeInfo]], _typing.Sequence[GMetaArg]]
",""
"Variable:桌面人偶_Release/_internal/cv2/gapi/__init__.py:__all__","__all__","桌面人偶_Release/_internal/cv2/gapi/__init__.py",0,0,"__all__ = ['op', 'kernel']

import sys
",""
"Variable:桌面人偶_Release/_internal/cv2/gapi/__init__.py:garray_types","garray_types","桌面人偶_Release/_internal/cv2/gapi/__init__.py",185,203,"def op(op_id, in_types, out_types):

    garray_types= {
            cv.GArray.Bool:    cv.gapi.CV_BOOL,
            cv.GArray.Int:     cv.gapi.CV_INT,
            cv.GArray.Int64:   cv.gapi.CV_INT64,
            cv.GArray.UInt64:  cv.gapi.CV_UINT64,
            cv.GArray.Double:  cv.gapi.CV_DOUBLE,
            cv.GArray.Float:   cv.gapi.CV_FLOAT,
            cv.GArray.String:  cv.gapi.CV_STRING,
            cv.GArray.Point:   cv.gapi.CV_POINT,
            cv.GArray.Point2f: cv.gapi.CV_POINT2F,
            cv.GArray.Point3f: cv.gapi.CV_POINT3F,
            cv.GArray.Size:    cv.gapi.CV_SIZE,
            cv.GArray.Rect:    cv.gapi.CV_RECT,
            cv.GArray.Scalar:  cv.gapi.CV_SCALAR,
            cv.GArray.Mat:     cv.gapi.CV_MAT,
            cv.GArray.GMat:    cv.gapi.CV_GMAT,
            cv.GArray.Prim:    cv.gapi.CV_DRAW_PRIM,
            cv.GArray.Any:     cv.gapi.CV_ANY
    }

    gopaque_types= {
",""
"Variable:桌面人偶_Release/_internal/cv2/gapi/__init__.py:gopaque_types","gopaque_types","桌面人偶_Release/_internal/cv2/gapi/__init__.py",205,222,"    }

    gopaque_types= {
            cv.GOpaque.Size:    cv.gapi.CV_SIZE,
            cv.GOpaque.Rect:    cv.gapi.CV_RECT,
            cv.GOpaque.Bool:    cv.gapi.CV_BOOL,
            cv.GOpaque.Int:     cv.gapi.CV_INT,
            cv.GOpaque.Int64:   cv.gapi.CV_INT64,
            cv.GOpaque.UInt64:  cv.gapi.CV_UINT64,
            cv.GOpaque.Double:  cv.gapi.CV_DOUBLE,
            cv.GOpaque.Float:   cv.gapi.CV_FLOAT,
            cv.GOpaque.String:  cv.gapi.CV_STRING,
            cv.GOpaque.Point:   cv.gapi.CV_POINT,
            cv.GOpaque.Point2f: cv.gapi.CV_POINT2F,
            cv.GOpaque.Point3f: cv.gapi.CV_POINT3F,
            cv.GOpaque.Size:    cv.gapi.CV_SIZE,
            cv.GOpaque.Rect:    cv.gapi.CV_RECT,
            cv.GOpaque.Prim:    cv.gapi.CV_DRAW_PRIM,
            cv.GOpaque.Any:     cv.gapi.CV_ANY
    }

    type2str = {
",""
"Variable:桌面人偶_Release/_internal/cv2/gapi/__init__.py:type2str","type2str","桌面人偶_Release/_internal/cv2/gapi/__init__.py",224,241,"    }

    type2str = {
        cv.gapi.CV_BOOL:      'cv.gapi.CV_BOOL' ,
        cv.gapi.CV_INT:       'cv.gapi.CV_INT' ,
        cv.gapi.CV_INT64:     'cv.gapi.CV_INT64' ,
        cv.gapi.CV_UINT64:    'cv.gapi.CV_UINT64' ,
        cv.gapi.CV_DOUBLE:    'cv.gapi.CV_DOUBLE' ,
        cv.gapi.CV_FLOAT:     'cv.gapi.CV_FLOAT' ,
        cv.gapi.CV_STRING:    'cv.gapi.CV_STRING' ,
        cv.gapi.CV_POINT:     'cv.gapi.CV_POINT' ,
        cv.gapi.CV_POINT2F:   'cv.gapi.CV_POINT2F' ,
        cv.gapi.CV_POINT3F:   'cv.gapi.CV_POINT3F' ,
        cv.gapi.CV_SIZE:      'cv.gapi.CV_SIZE',
        cv.gapi.CV_RECT:      'cv.gapi.CV_RECT',
        cv.gapi.CV_SCALAR:    'cv.gapi.CV_SCALAR',
        cv.gapi.CV_MAT:       'cv.gapi.CV_MAT',
        cv.gapi.CV_GMAT:      'cv.gapi.CV_GMAT',
        cv.gapi.CV_DRAW_PRIM: 'cv.gapi.CV_DRAW_PRIM'
    }

    # NB: Second lvl decorator takes class to decorate
",""
"Variable:桌面人偶_Release/_internal/cv2/gapi/__init__.py:op","op","桌面人偶_Release/_internal/cv2/gapi/__init__.py",285,285,"                                .format(cls.__name__, i, t.__name__, type(a).__name__))

            op = cv.gapi.__op(op_id, cls.outMeta, *args)

            out_protos = []
",""
"Variable:桌面人偶_Release/_internal/cv2/gapi/__init__.py:out_protos","out_protos","桌面人偶_Release/_internal/cv2/gapi/__init__.py",287,287,"            op = cv.gapi.__op(op_id, cls.outMeta, *args)

            out_protos = []
            for i, out_type in enumerate(out_types):
                if out_type == cv.GMat:
",""
"Variable:桌面人偶_Release/_internal/cv2/data/__init__.py:haarcascades","haarcascades","桌面人偶_Release/_internal/cv2/data/__init__.py",2,2,"import os

haarcascades = os.path.join(os.path.dirname(__file__), """")
",""
"Variable:桌面人偶_Release/_internal/cv2/mat_wrapper/__init__.py:__all__","__all__","桌面人偶_Release/_internal/cv2/mat_wrapper/__init__.py",0,0,"__all__ = []

import numpy as np
",""
"Variable:桌面人偶_Release/_internal/cv2/mat_wrapper/__init__.py:_NumPyArrayNumeric","_NumPyArrayNumeric","桌面人偶_Release/_internal/cv2/mat_wrapper/__init__.py",8,8,"# Same as cv2.typing.NumPyArrayNumeric, but avoids circular dependencies
if TYPE_CHECKING:
    _NumPyArrayNumeric = np.ndarray[Any, np.dtype[np.integer[Any] | np.floating[Any]]]
else:
    _NumPyArrayNumeric = np.ndarray
",""
"Variable:桌面人偶_Release/_internal/cv2/mat_wrapper/__init__.py:obj","obj","桌面人偶_Release/_internal/cv2/mat_wrapper/__init__.py",23,23,"
    def __new__(cls, arr, **kwargs):
        obj = arr.view(Mat)
        return obj

",""
